{
	"__comment": "Designed by Ling_Meng with Cubik Studio - https://cubik.studio",
	"textures": {
		"dj": "blocks/dj"
	},
	"elements": [ 	 
		{
			"__comment": "Voxels",
			"from": [ 5, 1, 7.5 ],
			"to": [ 7, 1.5, 8.5 ],
			"faces": {
				"down": { "uv": [ 11, 15, 13, 16 ], "texture": "#dj" },
				"up": { "uv": [ 9, 15, 11, 14 ], "texture": "#dj" },
				"north": { "uv": [ 5, 11.5, 3, 12 ], "texture": "#dj" },
				"south": { "uv": [ 5, 11.5, 7, 12 ], "texture": "#dj" },
				"west": { "uv": [ 15, 11.5, 16, 12 ], "texture": "#dj" },
				"east": { "uv": [ 16, 11, 15, 11.5 ], "texture": "#dj" }
			}
		},
		{
			"__comment": "Voxels",
			"from": [ 5.5, 0.5, 7.5 ],
			"to": [ 6, 1, 8.5 ],
			"faces": {
				"down": { "uv": [ 15.5, 13, 16, 14 ], "texture": "#dj" },
				"up": { "uv": [ 15.5, 13, 16, 12 ], "texture": "#dj" },
				"north": { "uv": [ 5.5, 10.5, 5, 11 ], "texture": "#dj" },
				"south": { "uv": [ 10.5, 10.5, 11, 11 ], "texture": "#dj" },
				"west": { "uv": [ 4, 0.5, 5, 1 ], "texture": "#dj" },
				"east": { "uv": [ 5, 3, 4, 3.5 ], "texture": "#dj" }
			}
		},
		{
			"__comment": "Voxels",
			"from": [ 6.5, 1.5, 7.5 ],
			"to": [ 9.5, 2, 8.5 ],
			"faces": {
				"down": { "uv": [ 5, 15, 8, 16 ], "texture": "#dj" },
				"up": { "uv": [ 8, 16, 11, 15 ], "texture": "#dj" },
				"north": { "uv": [ 16, 15.5, 13, 16 ], "texture": "#dj" },
				"south": { "uv": [ 13, 15, 16, 15.5 ], "texture": "#dj" },
				"west": { "uv": [ 4, 3.5, 5, 4 ], "texture": "#dj" },
				"east": { "uv": [ 5, 4, 4, 4.5 ], "texture": "#dj" }
			}
		},
		{
			"__comment": "Voxels",
			"from": [ 7, 1.5, 7 ],
			"to": [ 9, 2, 7.5 ],
			"faces": {
				"down": { "uv": [ 11, 11.5, 13, 12 ], "texture": "#dj" },
				"up": { "uv": [ 13, 12, 15, 11.5 ], "texture": "#dj" },
				"north": { "uv": [ 5, 11, 3, 11.5 ], "texture": "#dj" },
				"south": { "uv": [ 5, 11, 7, 11.5 ], "texture": "#dj" },
				"west": { "uv": [ 7.5, 10.5, 8, 11 ], "texture": "#dj" },
				"east": { "uv": [ 7, 10.5, 6.5, 11 ], "texture": "#dj" }
			}
		},
		{
			"__comment": "Voxels",
			"from": [ 7, 1.5, 8.5 ],
			"to": [ 9, 2, 9 ],
			"faces": {
				"down": { "uv": [ 7, 11, 9, 11.5 ], "texture": "#dj" },
				"up": { "uv": [ 9, 11.5, 11, 11 ], "texture": "#dj" },
				"north": { "uv": [ 13, 11, 11, 11.5 ], "texture": "#dj" },
				"south": { "uv": [ 13, 11, 15, 11.5 ], "texture": "#dj" },
				"west": { "uv": [ 6, 10.5, 6.5, 11 ], "texture": "#dj" },
				"east": { "uv": [ 6, 10.5, 5.5, 11 ], "texture": "#dj" }
			}
		},
		{
			"__comment": "Voxels",
			"from": [ 7.5, -4.5, 7.5 ],
			"to": [ 8.5, 1.5, 8.5 ],
			"faces": {
				"down": { "uv": [ 14.5, 12, 15.5, 13 ], "texture": "#dj" },
				"up": { "uv": [ 3, 11, 4, 10 ], "texture": "#dj" },
				"north": { "uv": [ 1, 10, 0, 16 ], "texture": "#dj" },
				"south": { "uv": [ 0, 4, 1, 10 ], "texture": "#dj" },
				"west": { "uv": [ 1, 10, 2, 16 ], "texture": "#dj" },
				"east": { "uv": [ 2, 4, 1, 10 ], "texture": "#dj" }
			}
		},
		{
			"__comment": "Voxels",
			"from": [ 7.5, 1, 7 ],
			"to": [ 8.5, 1.5, 7.5 ],
			"faces": {
				"down": { "uv": [ 4, 0, 5, 0.5 ], "texture": "#dj" },
				"up": { "uv": [ 4, 10, 5, 9.5 ], "texture": "#dj" },
				"north": { "uv": [ 5, 10, 4, 10.5 ], "texture": "#dj" },
				"south": { "uv": [ 4, 10.5, 5, 11 ], "texture": "#dj" },
				"west": { "uv": [ 10, 10.5, 10.5, 11 ], "texture": "#dj" },
				"east": { "uv": [ 7.5, 10.5, 7, 11 ], "texture": "#dj" }
			}
		},
		{
			"__comment": "Voxels",
			"from": [ 7.5, 1, 8.5 ],
			"to": [ 8.5, 1.5, 9 ],
			"faces": {
				"down": { "uv": [ 4, 5.5, 5, 6 ], "texture": "#dj" },
				"up": { "uv": [ 4, 7.5, 5, 7 ], "texture": "#dj" },
				"north": { "uv": [ 5, 7.5, 4, 8 ], "texture": "#dj" },
				"south": { "uv": [ 3, 0, 4, 0.5 ], "texture": "#dj" },
				"west": { "uv": [ 8, 10.5, 8.5, 11 ], "texture": "#dj" },
				"east": { "uv": [ 9, 10.5, 8.5, 11 ], "texture": "#dj" }
			}
		},
		{
			"__comment": "Voxels",
			"from": [ 7.5, 2, 7.5 ],
			"to": [ 8.5, 5, 8.5 ],
			"faces": {
				"down": { "uv": [ 3, 9, 4, 10 ], "texture": "#dj" },
				"up": { "uv": [ 3, 8, 4, 7 ], "texture": "#dj" },
				"north": { "uv": [ 8, 12, 7, 15 ], "texture": "#dj" },
				"south": { "uv": [ 6, 12, 7, 15 ], "texture": "#dj" },
				"west": { "uv": [ 5, 12, 6, 15 ], "texture": "#dj" },
				"east": { "uv": [ 9, 12, 8, 15 ], "texture": "#dj" }
			}
		},
		{
			"__comment": "Voxels",
			"from": [ 7.5, 9, 7.5 ],
			"to": [ 9, 10, 8.5 ],
			"faces": {
				"down": { "uv": [ 13, 12, 14.5, 13 ], "texture": "#dj" },
				"up": { "uv": [ 13, 14, 14.5, 13 ], "texture": "#dj" },
				"north": { "uv": [ 16, 14, 14.5, 15 ], "texture": "#dj" },
				"south": { "uv": [ 13, 14, 14.5, 15 ], "texture": "#dj" },
				"west": { "uv": [ 3, 6, 4, 7 ], "texture": "#dj" },
				"east": { "uv": [ 4, 5, 3, 6 ], "texture": "#dj" }
			}
		},
		{
			"__comment": "Voxels",
			"from": [ 7.5, 10, 7.5 ],
			"to": [ 8.5, 14, 8.5 ],
			"faces": {
				"down": { "uv": [ 3, 8, 4, 9 ], "texture": "#dj" },
				"up": { "uv": [ 3, 5, 4, 4 ], "texture": "#dj" },
				"north": { "uv": [ 3, 0, 2, 4 ], "texture": "#dj" },
				"south": { "uv": [ 2, 4, 3, 8 ], "texture": "#dj" },
				"west": { "uv": [ 2, 8, 3, 12 ], "texture": "#dj" },
				"east": { "uv": [ 5, 12, 4, 16 ], "texture": "#dj" }
			}
		},
		{
			"__comment": "Voxels",
			"from": [ 7.5, 14, 7.5 ],
			"to": [ 8, 16, 8.5 ],
			"faces": {
				"down": { "uv": [ 4, 8, 4.5, 9 ], "texture": "#dj" },
				"up": { "uv": [ 4.5, 9, 5, 8 ], "texture": "#dj" },
				"north": { "uv": [ 3.5, 2, 3, 4 ], "texture": "#dj" },
				"south": { "uv": [ 3.5, 2, 4, 4 ], "texture": "#dj" },
				"west": { "uv": [ 12, 13, 13, 15 ], "texture": "#dj" },
				"east": { "uv": [ 12, 13, 11, 15 ], "texture": "#dj" }
			}
		},
		{
			"__comment": "Voxels",
			"from": [ 8, 5, 7.5 ],
			"to": [ 9, 9, 8.5 ],
			"faces": {
				"down": { "uv": [ 3, 1, 4, 2 ], "texture": "#dj" },
				"up": { "uv": [ 11, 13, 12, 12 ], "texture": "#dj" },
				"north": { "uv": [ 4, 12, 3, 16 ], "texture": "#dj" },
				"south": { "uv": [ 2, 12, 3, 16 ], "texture": "#dj" },
				"west": { "uv": [ 1, 0, 2, 4 ], "texture": "#dj" },
				"east": { "uv": [ 1, 0, 0, 4 ], "texture": "#dj" }
			}
		},
		{
			"__comment": "Voxels",
			"from": [ 8.5, 4, 7.5 ],
			"to": [ 9, 5, 8.5 ],
			"faces": {
				"down": { "uv": [ 4, 2, 4.5, 3 ], "texture": "#dj" },
				"up": { "uv": [ 4.5, 3, 5, 2 ], "texture": "#dj" },
				"north": { "uv": [ 4.5, 1, 4, 2 ], "texture": "#dj" },
				"south": { "uv": [ 4.5, 1, 5, 2 ], "texture": "#dj" },
				"west": { "uv": [ 12, 12, 13, 13 ], "texture": "#dj" },
				"east": { "uv": [ 15.5, 13, 14.5, 14 ], "texture": "#dj" }
			}
		},
		{
			"__comment": "Voxels",
			"from": [ 9, 1, 7.5 ],
			"to": [ 11, 1.5, 8.5 ],
			"faces": {
				"down": { "uv": [ 9, 12, 11, 13 ], "texture": "#dj" },
				"up": { "uv": [ 9, 14, 11, 13 ], "texture": "#dj" },
				"north": { "uv": [ 9, 11.5, 7, 12 ], "texture": "#dj" },
				"south": { "uv": [ 9, 11.5, 11, 12 ], "texture": "#dj" },
				"west": { "uv": [ 3, 0.5, 4, 1 ], "texture": "#dj" },
				"east": { "uv": [ 5, 9, 4, 9.5 ], "texture": "#dj" }
			}
		},
		{
			"__comment": "Voxels",
			"from": [ 10, 0.5, 7.5 ],
			"to": [ 10.5, 1, 8.5 ],
			"faces": {
				"down": { "uv": [ 4, 6, 4.5, 7 ], "texture": "#dj" },
				"up": { "uv": [ 4.5, 7, 5, 6 ], "texture": "#dj" },
				"north": { "uv": [ 9.5, 10.5, 9, 11 ], "texture": "#dj" },
				"south": { "uv": [ 9.5, 10.5, 10, 11 ], "texture": "#dj" },
				"west": { "uv": [ 4, 5, 5, 5.5 ], "texture": "#dj" },
				"east": { "uv": [ 5, 4.5, 4, 5 ], "texture": "#dj" }
			}
		}
	],
	"display": {
		"thirdperson_righthand": {
			"rotation":  [ 0, 90, 0 ],
			"translation":  [ 0, 6, 1 ],
			"scale":  [ 0.8, 0.8, 0.8 ]
		},
		"thirdperson_lefthand": {
			"rotation":  [ 180, 90, 0 ],
			"translation":  [ 0, -10, 1 ],
			"scale":  [ 0.8, 0.8, 0.8 ]
		},
		"firstperson_righthand": {
			"rotation":  [ 0, 90, 0 ],
			"translation":  [ 0, 6, 1 ],
			"scale":  [ 0.8, 0.8, 0.8 ]
		},
		"firstperson_lefthand": {
			"rotation":  [ 180, 90, 0 ],
			"translation":  [ 0, -10, 1 ],
			"scale":  [ 0.8, 0.8, 0.8 ]
		},
		"gui": {
			"rotation":  [ 0, 0, -45 ],
			"scale":  [ 0.6, 0.6, 0.6 ]
		},
		"ground": {
			"translation":  [ 0, 10, 0 ]
		},
		"fixed": {
			"rotation":  [ 0, 0, 90 ],
			"translation":  [ -2, 0, 0 ]
		}
	}
}