{
	"__comment": "Designed by Ling_Meng with Cubik Studio - https://cubik.studio",
	"textures": {
		"jlgsbh": "blocks/jlgsbh"
	},
	"elements": [ 	 
		{
			"__comment": "Voxels",
			"from": [ 7.375, 4.875, 7.875 ],
			"to": [ 8.75, 5.5, 8.125 ],
			"faces": {
				"down": { "uv": [ 6.8125, 14.5625, 7.5, 14.6875 ], "texture": "#jlgsbh" },
				"up": { "uv": [ 6.8125, 14.5625, 7.5, 14.4375 ], "texture": "#jlgsbh" },
				"north": { "uv": [ 7.375, 15.6875, 6.6875, 16 ], "texture": "#jlgsbh" },
				"south": { "uv": [ 6.6875, 15.375, 7.375, 15.6875 ], "texture": "#jlgsbh" },
				"west": { "uv": [ 3.875, 12.625, 4, 12.9375 ], "texture": "#jlgsbh" },
				"east": { "uv": [ 4.3125, 12.625, 4.1875, 12.9375 ], "texture": "#jlgsbh" }
			}
		},
		{
			"__comment": "Voxels",
			"from": [ 7.375, 9.75, 7.875 ],
			"to": [ 8.75, 17.125, 8.125 ],
			"faces": {
				"down": { "uv": [ 6.8125, 14.8125, 7.5, 14.9375 ], "texture": "#jlgsbh" },
				"up": { "uv": [ 6.8125, 14.8125, 7.5, 14.6875 ], "texture": "#jlgsbh" },
				"north": { "uv": [ 1.375, 12.3125, 0.6875, 16 ], "texture": "#jlgsbh" },
				"south": { "uv": [ 0, 12.3125, 0.6875, 16 ], "texture": "#jlgsbh" },
				"west": { "uv": [ 2.625, 8.625, 2.75, 12.3125 ], "texture": "#jlgsbh" },
				"east": { "uv": [ 2.875, 8.625, 2.75, 12.3125 ], "texture": "#jlgsbh" }
			}
		},
		{
			"__comment": "Voxels",
			"from": [ 7.5, 4.75, 7.875 ],
			"to": [ 8.125, 4.875, 8.125 ],
			"faces": {
				"down": { "uv": [ 3.0625, 12.3125, 3.375, 12.4375 ], "texture": "#jlgsbh" },
				"up": { "uv": [ 3.375, 12.4375, 3.6875, 12.3125 ], "texture": "#jlgsbh" },
				"north": { "uv": [ 7.1875, 12.875, 6.875, 12.9375 ], "texture": "#jlgsbh" },
				"south": { "uv": [ 6.875, 12.9375, 7.1875, 13 ], "texture": "#jlgsbh" },
				"west": { "uv": [ 0.75, 1.375, 0.875, 1.4375 ], "texture": "#jlgsbh" },
				"east": { "uv": [ 4, 12.5625, 3.875, 12.625 ], "texture": "#jlgsbh" }
			}
		},
		{
			"__comment": "Voxels",
			"from": [ 7.5, 5, 7.75 ],
			"to": [ 8.625, 6.75, 7.875 ],
			"faces": {
				"down": { "uv": [ 6.75, 13.6875, 7.3125, 13.75 ], "texture": "#jlgsbh" },
				"up": { "uv": [ 7.375, 15.1875, 7.9375, 15.125 ], "texture": "#jlgsbh" },
				"north": { "uv": [ 1.9375, 13, 1.375, 13.875 ], "texture": "#jlgsbh" },
				"south": { "uv": [ 1.9375, 13, 2.5, 13.875 ], "texture": "#jlgsbh" },
				"west": { "uv": [ 6.3125, 13, 6.375, 13.875 ], "texture": "#jlgsbh" },
				"east": { "uv": [ 6.4375, 13, 6.375, 13.875 ], "texture": "#jlgsbh" }
			}
		},
		{
			"__comment": "Voxels",
			"from": [ 7.5, 5, 8.125 ],
			"to": [ 8.625, 6.75, 8.25 ],
			"faces": {
				"down": { "uv": [ 6.6875, 15.125, 7.25, 15.1875 ], "texture": "#jlgsbh" },
				"up": { "uv": [ 2.5, 12.375, 3.0625, 12.3125 ], "texture": "#jlgsbh" },
				"north": { "uv": [ 6.6875, 15.125, 6.125, 16 ], "texture": "#jlgsbh" },
				"south": { "uv": [ 5.5625, 15.125, 6.125, 16 ], "texture": "#jlgsbh" },
				"west": { "uv": [ 6.5, 13, 6.5625, 13.875 ], "texture": "#jlgsbh" },
				"east": { "uv": [ 6.5, 13, 6.4375, 13.875 ], "texture": "#jlgsbh" }
			}
		},
		{
			"__comment": "Voxels",
			"from": [ 7.5, 5.25, 7.625 ],
			"to": [ 8.625, 5.625, 7.75 ],
			"faces": {
				"down": { "uv": [ 6.5625, 13.5, 7.125, 13.5625 ], "texture": "#jlgsbh" },
				"up": { "uv": [ 6.8125, 14.1875, 7.375, 14.125 ], "texture": "#jlgsbh" },
				"north": { "uv": [ 7.9375, 14.9375, 7.375, 15.125 ], "texture": "#jlgsbh" },
				"south": { "uv": [ 7.375, 15.1875, 7.9375, 15.375 ], "texture": "#jlgsbh" },
				"west": { "uv": [ 3.9375, 12.375, 4, 12.5625 ], "texture": "#jlgsbh" },
				"east": { "uv": [ 4.3125, 12.375, 4.25, 12.5625 ], "texture": "#jlgsbh" }
			}
		},
		{
			"__comment": "Voxels",
			"from": [ 7.5, 5.25, 8.25 ],
			"to": [ 8.625, 5.625, 8.375 ],
			"faces": {
				"down": { "uv": [ 6.75, 13.5625, 7.3125, 13.625 ], "texture": "#jlgsbh" },
				"up": { "uv": [ 6.75, 13.6875, 7.3125, 13.625 ], "texture": "#jlgsbh" },
				"north": { "uv": [ 7.375, 14.9375, 6.8125, 15.125 ], "texture": "#jlgsbh" },
				"south": { "uv": [ 6.6875, 15.1875, 7.25, 15.375 ], "texture": "#jlgsbh" },
				"west": { "uv": [ 4.5625, 12.3125, 4.625, 12.5 ], "texture": "#jlgsbh" },
				"east": { "uv": [ 4.9375, 12.3125, 4.875, 12.5 ], "texture": "#jlgsbh" }
			}
		},
		{
			"__comment": "Voxels",
			"from": [ 7.5, 5.5, 7.875 ],
			"to": [ 8.625, 9.75, 8.125 ],
			"faces": {
				"down": { "uv": [ 6.0625, 13.875, 6.625, 14 ], "texture": "#jlgsbh" },
				"up": { "uv": [ 6.625, 14.125, 7.1875, 14 ], "texture": "#jlgsbh" },
				"north": { "uv": [ 2.5, 13.875, 1.9375, 16 ], "texture": "#jlgsbh" },
				"south": { "uv": [ 1.375, 13.875, 1.9375, 16 ], "texture": "#jlgsbh" },
				"west": { "uv": [ 5.6875, 13, 5.8125, 15.125 ], "texture": "#jlgsbh" },
				"east": { "uv": [ 5.6875, 13, 5.5625, 15.125 ], "texture": "#jlgsbh" }
			}
		},
		{
			"__comment": "Voxels",
			"from": [ 7.5, 6.75, 7.75 ],
			"to": [ 8.125, 8.625, 7.875 ],
			"faces": {
				"down": { "uv": [ 7.1875, 13.25, 7.5, 13.3125 ], "texture": "#jlgsbh" },
				"up": { "uv": [ 7.1875, 13.375, 7.5, 13.3125 ], "texture": "#jlgsbh" },
				"north": { "uv": [ 4.9375, 13.1875, 4.625, 14.125 ], "texture": "#jlgsbh" },
				"south": { "uv": [ 5.25, 13.1875, 5.5625, 14.125 ], "texture": "#jlgsbh" },
				"west": { "uv": [ 6.1875, 12.9375, 6.25, 13.875 ], "texture": "#jlgsbh" },
				"east": { "uv": [ 6.3125, 12.9375, 6.25, 13.875 ], "texture": "#jlgsbh" }
			}
		},
		{
			"__comment": "Voxels",
			"from": [ 7.5, 6.75, 8.125 ],
			"to": [ 8.125, 8.625, 8.25 ],
			"faces": {
				"down": { "uv": [ 7.1875, 13.375, 7.5, 13.4375 ], "texture": "#jlgsbh" },
				"up": { "uv": [ 6.875, 13.4375, 7.1875, 13.375 ], "texture": "#jlgsbh" },
				"north": { "uv": [ 5.25, 13.1875, 4.9375, 14.125 ], "texture": "#jlgsbh" },
				"south": { "uv": [ 4.3125, 13.1875, 4.625, 14.125 ], "texture": "#jlgsbh" },
				"west": { "uv": [ 6.0625, 12.9375, 6.125, 13.875 ], "texture": "#jlgsbh" },
				"east": { "uv": [ 6.1875, 12.9375, 6.125, 13.875 ], "texture": "#jlgsbh" }
			}
		},
		{
			"__comment": "Voxels",
			"from": [ 7.5, 17.125, 7.875 ],
			"to": [ 8.75, 17.75, 8.125 ],
			"faces": {
				"down": { "uv": [ 6.8125, 14.3125, 7.4375, 14.4375 ], "texture": "#jlgsbh" },
				"up": { "uv": [ 6.8125, 14.3125, 7.4375, 14.1875 ], "texture": "#jlgsbh" },
				"north": { "uv": [ 8, 15.375, 7.375, 15.6875 ], "texture": "#jlgsbh" },
				"south": { "uv": [ 7.375, 15.6875, 8, 16 ], "texture": "#jlgsbh" },
				"west": { "uv": [ 5.125, 12.5, 5.25, 12.8125 ], "texture": "#jlgsbh" },
				"east": { "uv": [ 5.25, 12.875, 5.125, 13.1875 ], "texture": "#jlgsbh" }
			}
		},
		{
			"__comment": "Voxels",
			"from": [ 7.5, 17.75, 7.875 ],
			"to": [ 8.625, 21.375, 8.125 ],
			"faces": {
				"down": { "uv": [ 6.0625, 14, 6.625, 14.125 ], "texture": "#jlgsbh" },
				"up": { "uv": [ 7.1875, 14.125, 7.75, 14 ], "texture": "#jlgsbh" },
				"north": { "uv": [ 3.0625, 14.1875, 2.5, 16 ], "texture": "#jlgsbh" },
				"south": { "uv": [ 2.5, 12.375, 3.0625, 14.1875 ], "texture": "#jlgsbh" },
				"west": { "uv": [ 5.8125, 13.3125, 5.9375, 15.125 ], "texture": "#jlgsbh" },
				"east": { "uv": [ 6.0625, 13.3125, 5.9375, 15.125 ], "texture": "#jlgsbh" }
			}
		},
		{
			"__comment": "Voxels",
			"from": [ 7.625, 4.625, 7.875 ],
			"to": [ 8.5, 4.75, 8.125 ],
			"faces": {
				"down": { "uv": [ 7.5, 14.8125, 7.9375, 14.9375 ], "texture": "#jlgsbh" },
				"up": { "uv": [ 7.5, 14.8125, 7.9375, 14.6875 ], "texture": "#jlgsbh" },
				"north": { "uv": [ 8, 13.5, 7.5625, 13.5625 ], "texture": "#jlgsbh" },
				"south": { "uv": [ 7.125, 13.5, 7.5625, 13.5625 ], "texture": "#jlgsbh" },
				"west": { "uv": [ 4.1875, 12.5625, 4.3125, 12.625 ], "texture": "#jlgsbh" },
				"east": { "uv": [ 5.25, 12.8125, 5.125, 12.875 ], "texture": "#jlgsbh" }
			}
		},
		{
			"__comment": "Voxels",
			"from": [ 7.625, 4.875, 7.75 ],
			"to": [ 8.125, 5, 7.875 ],
			"faces": {
				"down": { "uv": [ 6.875, 12.5625, 7.125, 12.625 ], "texture": "#jlgsbh" },
				"up": { "uv": [ 6.875, 12.5625, 7.125, 12.5 ], "texture": "#jlgsbh" },
				"north": { "uv": [ 7.125, 12.4375, 6.875, 12.5 ], "texture": "#jlgsbh" },
				"south": { "uv": [ 6.875, 12.375, 7.125, 12.4375 ], "texture": "#jlgsbh" },
				"west": { "uv": [ 7.9375, 15.125, 8, 15.1875 ], "texture": "#jlgsbh" },
				"east": { "uv": [ 7.1875, 12.5625, 7.125, 12.625 ], "texture": "#jlgsbh" }
			}
		},
		{
			"__comment": "Voxels",
			"from": [ 7.625, 4.875, 8.125 ],
			"to": [ 8.125, 5, 8.25 ],
			"faces": {
				"down": { "uv": [ 7.4375, 13.0625, 7.6875, 13.125 ], "texture": "#jlgsbh" },
				"up": { "uv": [ 7.6875, 13.125, 7.9375, 13.0625 ], "texture": "#jlgsbh" },
				"north": { "uv": [ 7.4375, 13, 7.1875, 13.0625 ], "texture": "#jlgsbh" },
				"south": { "uv": [ 7.4375, 13, 7.6875, 13.0625 ], "texture": "#jlgsbh" },
				"west": { "uv": [ 7.125, 12.5, 7.1875, 12.5625 ], "texture": "#jlgsbh" },
				"east": { "uv": [ 7.1875, 12.4375, 7.125, 12.5 ], "texture": "#jlgsbh" }
			}
		},
		{
			"__comment": "Voxels",
			"from": [ 7.625, 5.125, 7.625 ],
			"to": [ 8.125, 5.25, 7.75 ],
			"faces": {
				"down": { "uv": [ 7.6875, 13, 7.9375, 13.0625 ], "texture": "#jlgsbh" },
				"up": { "uv": [ 7.1875, 13, 7.4375, 12.9375 ], "texture": "#jlgsbh" },
				"north": { "uv": [ 7.6875, 12.9375, 7.4375, 13 ], "texture": "#jlgsbh" },
				"south": { "uv": [ 7.6875, 12.9375, 7.9375, 13 ], "texture": "#jlgsbh" },
				"west": { "uv": [ 7.125, 12.375, 7.1875, 12.4375 ], "texture": "#jlgsbh" },
				"east": { "uv": [ 7.1875, 12.3125, 7.125, 12.375 ], "texture": "#jlgsbh" }
			}
		},
		{
			"__comment": "Voxels",
			"from": [ 7.625, 5.125, 8.25 ],
			"to": [ 8.125, 5.25, 8.375 ],
			"faces": {
				"down": { "uv": [ 7.6875, 12.875, 7.9375, 12.9375 ], "texture": "#jlgsbh" },
				"up": { "uv": [ 7.1875, 12.875, 7.4375, 12.8125 ], "texture": "#jlgsbh" },
				"north": { "uv": [ 7.4375, 12.75, 7.1875, 12.8125 ], "texture": "#jlgsbh" },
				"south": { "uv": [ 7.1875, 12.6875, 7.4375, 12.75 ], "texture": "#jlgsbh" },
				"west": { "uv": [ 7.9375, 13.0625, 8, 13.125 ], "texture": "#jlgsbh" },
				"east": { "uv": [ 8, 13, 7.9375, 13.0625 ], "texture": "#jlgsbh" }
			}
		},
		{
			"__comment": "Voxels",
			"from": [ 7.625, 5.625, 7.625 ],
			"to": [ 8.125, 6, 7.75 ],
			"faces": {
				"down": { "uv": [ 7.1875, 12.5, 7.4375, 12.5625 ], "texture": "#jlgsbh" },
				"up": { "uv": [ 7.1875, 12.5, 7.4375, 12.4375 ], "texture": "#jlgsbh" },
				"north": { "uv": [ 4.875, 12.3125, 4.625, 12.5 ], "texture": "#jlgsbh" },
				"south": { "uv": [ 4.3125, 12.3125, 4.5625, 12.5 ], "texture": "#jlgsbh" },
				"west": { "uv": [ 7.9375, 15.1875, 8, 15.375 ], "texture": "#jlgsbh" },
				"east": { "uv": [ 8, 14.9375, 7.9375, 15.125 ], "texture": "#jlgsbh" }
			}
		},
		{
			"__comment": "Voxels",
			"from": [ 7.625, 5.625, 8.25 ],
			"to": [ 8.125, 6, 8.375 ],
			"faces": {
				"down": { "uv": [ 7.4375, 12.8125, 7.6875, 12.875 ], "texture": "#jlgsbh" },
				"up": { "uv": [ 7.6875, 12.875, 7.9375, 12.8125 ], "texture": "#jlgsbh" },
				"north": { "uv": [ 4.25, 12.375, 4, 12.5625 ], "texture": "#jlgsbh" },
				"south": { "uv": [ 3.6875, 12.375, 3.9375, 12.5625 ], "texture": "#jlgsbh" },
				"west": { "uv": [ 0, 1.125, 0.0625, 1.3125 ], "texture": "#jlgsbh" },
				"east": { "uv": [ 0.125, 1.125, 0.0625, 1.3125 ], "texture": "#jlgsbh" }
			}
		},
		{
			"__comment": "Voxels",
			"from": [ 7.625, 8.625, 7.75 ],
			"to": [ 8.125, 9.25, 7.875 ],
			"faces": {
				"down": { "uv": [ 7.4375, 12.6875, 7.6875, 12.75 ], "texture": "#jlgsbh" },
				"up": { "uv": [ 7.6875, 12.75, 7.9375, 12.6875 ], "texture": "#jlgsbh" },
				"north": { "uv": [ 1.9375, 12.6875, 1.6875, 13 ], "texture": "#jlgsbh" },
				"south": { "uv": [ 1.6875, 12.375, 1.9375, 12.6875 ], "texture": "#jlgsbh" },
				"west": { "uv": [ 6.4375, 12.3125, 6.5, 12.625 ], "texture": "#jlgsbh" },
				"east": { "uv": [ 6.5625, 12.3125, 6.5, 12.625 ], "texture": "#jlgsbh" }
			}
		},
		{
			"__comment": "Voxels",
			"from": [ 7.625, 8.625, 8.125 ],
			"to": [ 8.125, 9.25, 8.25 ],
			"faces": {
				"down": { "uv": [ 7.4375, 12.625, 7.6875, 12.6875 ], "texture": "#jlgsbh" },
				"up": { "uv": [ 7.6875, 12.6875, 7.9375, 12.625 ], "texture": "#jlgsbh" },
				"north": { "uv": [ 2.5, 12.6875, 2.25, 13 ], "texture": "#jlgsbh" },
				"south": { "uv": [ 2.25, 12.375, 2.5, 12.6875 ], "texture": "#jlgsbh" },
				"west": { "uv": [ 6.375, 12.3125, 6.4375, 12.625 ], "texture": "#jlgsbh" },
				"east": { "uv": [ 6.375, 12.3125, 6.3125, 12.625 ], "texture": "#jlgsbh" }
			}
		},
		{
			"__comment": "Voxels",
			"from": [ 7.75, 3.625, 7.625 ],
			"to": [ 8.375, 3.875, 7.75 ],
			"faces": {
				"down": { "uv": [ 7.1875, 13.4375, 7.5, 13.5 ], "texture": "#jlgsbh" },
				"up": { "uv": [ 6.875, 13.5, 7.1875, 13.4375 ], "texture": "#jlgsbh" },
				"north": { "uv": [ 5.25, 12.3125, 4.9375, 12.4375 ], "texture": "#jlgsbh" },
				"south": { "uv": [ 7.6875, 14.25, 8, 14.375 ], "texture": "#jlgsbh" },
				"west": { "uv": [ 7.4375, 14.1875, 7.5, 14.3125 ], "texture": "#jlgsbh" },
				"east": { "uv": [ 8, 13.625, 7.9375, 13.75 ], "texture": "#jlgsbh" }
			}
		},
		{
			"__comment": "Voxels",
			"from": [ 7.75, 3.625, 8.25 ],
			"to": [ 8.375, 3.875, 8.5 ],
			"faces": {
				"down": { "uv": [ 6.625, 13.875, 6.9375, 14 ], "texture": "#jlgsbh" },
				"up": { "uv": [ 6.9375, 14, 7.25, 13.875 ], "texture": "#jlgsbh" },
				"north": { "uv": [ 7.5625, 13.875, 7.25, 14 ], "texture": "#jlgsbh" },
				"south": { "uv": [ 7.5625, 13.875, 7.875, 14 ], "texture": "#jlgsbh" },
				"west": { "uv": [ 7.875, 13.875, 8, 14 ], "texture": "#jlgsbh" },
				"east": { "uv": [ 6.6875, 12.375, 6.5625, 12.5 ], "texture": "#jlgsbh" }
			}
		},
		{
			"__comment": "Voxels",
			"from": [ 7.75, 3.75, 7.5 ],
			"to": [ 8.375, 3.875, 7.625 ],
			"faces": {
				"down": { "uv": [ 7.1875, 13.125, 7.5, 13.1875 ], "texture": "#jlgsbh" },
				"up": { "uv": [ 4, 12.375, 4.3125, 12.3125 ], "texture": "#jlgsbh" },
				"north": { "uv": [ 7.1875, 12.8125, 6.875, 12.875 ], "texture": "#jlgsbh" },
				"south": { "uv": [ 3.6875, 12.3125, 4, 12.375 ], "texture": "#jlgsbh" },
				"west": { "uv": [ 7.9375, 12.9375, 8, 13 ], "texture": "#jlgsbh" },
				"east": { "uv": [ 8, 12.875, 7.9375, 12.9375 ], "texture": "#jlgsbh" }
			}
		},
		{
			"__comment": "Voxels",
			"from": [ 7.75, 4.375, 7.875 ],
			"to": [ 8.375, 4.625, 8.125 ],
			"faces": {
				"down": { "uv": [ 7.1875, 13.75, 7.5, 13.875 ], "texture": "#jlgsbh" },
				"up": { "uv": [ 7.6875, 14.25, 8, 14.125 ], "texture": "#jlgsbh" },
				"north": { "uv": [ 7.1875, 13.75, 6.875, 13.875 ], "texture": "#jlgsbh" },
				"south": { "uv": [ 6.5625, 13.75, 6.875, 13.875 ], "texture": "#jlgsbh" },
				"west": { "uv": [ 7.5625, 12.375, 7.6875, 12.5 ], "texture": "#jlgsbh" },
				"east": { "uv": [ 7.8125, 12.5, 7.6875, 12.625 ], "texture": "#jlgsbh" }
			}
		},
		{
			"__comment": "Voxels",
			"from": [ 7.75, 6, 7.625 ],
			"to": [ 8.125, 6.125, 7.75 ],
			"faces": {
				"down": { "uv": [ 0.125, 1.125, 0.3125, 1.1875 ], "texture": "#jlgsbh" },
				"up": { "uv": [ 0, 1.125, 0.1875, 1.0625 ], "texture": "#jlgsbh" },
				"north": { "uv": [ 0.1875, 1, 0, 1.0625 ], "texture": "#jlgsbh" },
				"south": { "uv": [ 0, 0.9375, 0.1875, 1 ], "texture": "#jlgsbh" },
				"west": { "uv": [ 7.9375, 12.8125, 8, 12.875 ], "texture": "#jlgsbh" },
				"east": { "uv": [ 8, 12.75, 7.9375, 12.8125 ], "texture": "#jlgsbh" }
			}
		},
		{
			"__comment": "Voxels",
			"from": [ 7.75, 6, 8.25 ],
			"to": [ 8.125, 6.125, 8.375 ],
			"faces": {
				"down": { "uv": [ 0, 0.75, 0.1875, 0.8125 ], "texture": "#jlgsbh" },
				"up": { "uv": [ 0, 0.75, 0.1875, 0.6875 ], "texture": "#jlgsbh" },
				"north": { "uv": [ 0.1875, 0.625, 0, 0.6875 ], "texture": "#jlgsbh" },
				"south": { "uv": [ 0, 0.5625, 0.1875, 0.625 ], "texture": "#jlgsbh" },
				"west": { "uv": [ 1.5625, 7.375, 1.625, 7.4375 ], "texture": "#jlgsbh" },
				"east": { "uv": [ 1.625, 7.4375, 1.5625, 7.5 ], "texture": "#jlgsbh" }
			}
		},
		{
			"__comment": "Voxels",
			"from": [ 7.75, 9.25, 7.75 ],
			"to": [ 8.125, 10, 7.875 ],
			"faces": {
				"down": { "uv": [ 0.3125, 0.25, 0.5, 0.3125 ], "texture": "#jlgsbh" },
				"up": { "uv": [ 0.3125, 0.25, 0.5, 0.1875 ], "texture": "#jlgsbh" },
				"north": { "uv": [ 5.125, 12.8125, 4.9375, 13.1875 ], "texture": "#jlgsbh" },
				"south": { "uv": [ 4.9375, 12.4375, 5.125, 12.8125 ], "texture": "#jlgsbh" },
				"west": { "uv": [ 6.0625, 12.5625, 6.125, 12.9375 ], "texture": "#jlgsbh" },
				"east": { "uv": [ 6.6875, 12.875, 6.625, 13.25 ], "texture": "#jlgsbh" }
			}
		},
		{
			"__comment": "Voxels",
			"from": [ 7.75, 9.25, 8.125 ],
			"to": [ 8.125, 10, 8.25 ],
			"faces": {
				"down": { "uv": [ 0.3125, 0.125, 0.5, 0.1875 ], "texture": "#jlgsbh" },
				"up": { "uv": [ 0.3125, 0.125, 0.5, 0.0625 ], "texture": "#jlgsbh" },
				"north": { "uv": [ 3.875, 12.5625, 3.6875, 12.9375 ], "texture": "#jlgsbh" },
				"south": { "uv": [ 4, 12.5625, 4.1875, 12.9375 ], "texture": "#jlgsbh" },
				"west": { "uv": [ 6.25, 12.5625, 6.3125, 12.9375 ], "texture": "#jlgsbh" },
				"east": { "uv": [ 6.375, 12.625, 6.3125, 13 ], "texture": "#jlgsbh" }
			}
		},
		{
			"__comment": "Voxels",
			"from": [ 7.75, 10.75, 7.375 ],
			"to": [ 8.375, 21.375, 7.875 ],
			"faces": {
				"down": { "uv": [ 3.0625, 12.4375, 3.375, 12.6875 ], "texture": "#jlgsbh" },
				"up": { "uv": [ 3.375, 12.9375, 3.6875, 12.6875 ], "texture": "#jlgsbh" },
				"north": { "uv": [ 0.3125, 7, 0, 12.3125 ], "texture": "#jlgsbh" },
				"south": { "uv": [ 0, 1.6875, 0.3125, 7 ], "texture": "#jlgsbh" },
				"west": { "uv": [ 0.875, 7, 1.125, 12.3125 ], "texture": "#jlgsbh" },
				"east": { "uv": [ 1.375, 7, 1.125, 12.3125 ], "texture": "#jlgsbh" }
			}
		},
		{
			"__comment": "Voxels",
			"from": [ 7.75, 10.75, 8.125 ],
			"to": [ 8.375, 21.375, 8.625 ],
			"faces": {
				"down": { "uv": [ 3.375, 12.4375, 3.6875, 12.6875 ], "texture": "#jlgsbh" },
				"up": { "uv": [ 3.0625, 12.9375, 3.375, 12.6875 ], "texture": "#jlgsbh" },
				"north": { "uv": [ 0.625, 7, 0.3125, 12.3125 ], "texture": "#jlgsbh" },
				"south": { "uv": [ 0.3125, 1.6875, 0.625, 7 ], "texture": "#jlgsbh" },
				"west": { "uv": [ 0.625, 1.6875, 0.875, 7 ], "texture": "#jlgsbh" },
				"east": { "uv": [ 0.875, 7, 0.625, 12.3125 ], "texture": "#jlgsbh" }
			}
		},
		{
			"__comment": "Voxels",
			"from": [ 7.75, 13, 7.25 ],
			"to": [ 8.375, 21.375, 7.375 ],
			"faces": {
				"down": { "uv": [ 7.5, 13.3125, 7.8125, 13.375 ], "texture": "#jlgsbh" },
				"up": { "uv": [ 6.875, 13.3125, 7.1875, 13.25 ], "texture": "#jlgsbh" },
				"north": { "uv": [ 1.6875, 8.125, 1.375, 12.3125 ], "texture": "#jlgsbh" },
				"south": { "uv": [ 1.6875, 8.125, 2, 12.3125 ], "texture": "#jlgsbh" },
				"west": { "uv": [ 2.875, 8.125, 2.9375, 12.3125 ], "texture": "#jlgsbh" },
				"east": { "uv": [ 3.0625, 8.125, 3, 12.3125 ], "texture": "#jlgsbh" }
			}
		},
		{
			"__comment": "Voxels",
			"from": [ 7.75, 13, 8.625 ],
			"to": [ 8.375, 21.375, 8.75 ],
			"faces": {
				"down": { "uv": [ 6.875, 12.625, 7.1875, 12.6875 ], "texture": "#jlgsbh" },
				"up": { "uv": [ 7.5, 13.25, 7.8125, 13.1875 ], "texture": "#jlgsbh" },
				"north": { "uv": [ 2.3125, 8.125, 2, 12.3125 ], "texture": "#jlgsbh" },
				"south": { "uv": [ 2.3125, 8.125, 2.625, 12.3125 ], "texture": "#jlgsbh" },
				"west": { "uv": [ 3.0625, 8.125, 3.125, 12.3125 ], "texture": "#jlgsbh" },
				"east": { "uv": [ 3, 8.125, 2.9375, 12.3125 ], "texture": "#jlgsbh" }
			}
		},
		{
			"__comment": "Voxels",
			"from": [ 7.75, 15.25, 7.125 ],
			"to": [ 8.375, 21.375, 7.25 ],
			"faces": {
				"down": { "uv": [ 6.875, 13.0625, 7.1875, 13.125 ], "texture": "#jlgsbh" },
				"up": { "uv": [ 6.875, 13.0625, 7.1875, 13 ], "texture": "#jlgsbh" },
				"north": { "uv": [ 3.375, 12.9375, 3.0625, 16 ], "texture": "#jlgsbh" },
				"south": { "uv": [ 3.375, 12.9375, 3.6875, 16 ], "texture": "#jlgsbh" },
				"west": { "uv": [ 3.25, 9.25, 3.3125, 12.3125 ], "texture": "#jlgsbh" },
				"east": { "uv": [ 3.25, 9.25, 3.1875, 12.3125 ], "texture": "#jlgsbh" }
			}
		},
		{
			"__comment": "Voxels",
			"from": [ 7.75, 15.25, 8.75 ],
			"to": [ 8.375, 21.375, 8.875 ],
			"faces": {
				"down": { "uv": [ 6.875, 12.75, 7.1875, 12.8125 ], "texture": "#jlgsbh" },
				"up": { "uv": [ 6.875, 12.75, 7.1875, 12.6875 ], "texture": "#jlgsbh" },
				"north": { "uv": [ 4, 12.9375, 3.6875, 16 ], "texture": "#jlgsbh" },
				"south": { "uv": [ 4, 12.9375, 4.3125, 16 ], "texture": "#jlgsbh" },
				"west": { "uv": [ 3.125, 9.25, 3.1875, 12.3125 ], "texture": "#jlgsbh" },
				"east": { "uv": [ 3.375, 9.25, 3.3125, 12.3125 ], "texture": "#jlgsbh" }
			}
		},
		{
			"__comment": "Voxels",
			"from": [ 7.75, 17.625, 7 ],
			"to": [ 8.375, 21.375, 7.125 ],
			"faces": {
				"down": { "uv": [ 7.5, 13.125, 7.8125, 13.1875 ], "texture": "#jlgsbh" },
				"up": { "uv": [ 6.875, 13.1875, 7.1875, 13.125 ], "texture": "#jlgsbh" },
				"north": { "uv": [ 5.25, 14.125, 4.9375, 16 ], "texture": "#jlgsbh" },
				"south": { "uv": [ 5.25, 14.125, 5.5625, 16 ], "texture": "#jlgsbh" },
				"west": { "uv": [ 3.125, 7.375, 3.1875, 9.25 ], "texture": "#jlgsbh" },
				"east": { "uv": [ 3.25, 7.375, 3.1875, 9.25 ], "texture": "#jlgsbh" }
			}
		},
		{
			"__comment": "Voxels",
			"from": [ 7.75, 17.625, 8.875 ],
			"to": [ 8.375, 21.375, 9 ],
			"faces": {
				"down": { "uv": [ 7.5, 13.4375, 7.8125, 13.5 ], "texture": "#jlgsbh" },
				"up": { "uv": [ 7.1875, 13.25, 7.5, 13.1875 ], "texture": "#jlgsbh" },
				"north": { "uv": [ 4.625, 14.125, 4.3125, 16 ], "texture": "#jlgsbh" },
				"south": { "uv": [ 4.625, 14.125, 4.9375, 16 ], "texture": "#jlgsbh" },
				"west": { "uv": [ 3.3125, 7.375, 3.375, 9.25 ], "texture": "#jlgsbh" },
				"east": { "uv": [ 3.3125, 7.375, 3.25, 9.25 ], "texture": "#jlgsbh" }
			}
		},
		{
			"__comment": "Voxels",
			"from": [ 7.75, 20, 6.875 ],
			"to": [ 8.375, 21.375, 7 ],
			"faces": {
				"down": { "uv": [ 6.875, 13.1875, 7.1875, 13.25 ], "texture": "#jlgsbh" },
				"up": { "uv": [ 7.5, 13.3125, 7.8125, 13.25 ], "texture": "#jlgsbh" },
				"north": { "uv": [ 4.9375, 12.5, 4.625, 13.1875 ], "texture": "#jlgsbh" },
				"south": { "uv": [ 1.9375, 12.3125, 2.25, 13 ], "texture": "#jlgsbh" },
				"west": { "uv": [ 5.5625, 12.3125, 5.625, 13 ], "texture": "#jlgsbh" },
				"east": { "uv": [ 5.6875, 12.3125, 5.625, 13 ], "texture": "#jlgsbh" }
			}
		},
		{
			"__comment": "Voxels",
			"from": [ 7.75, 20, 9 ],
			"to": [ 8.375, 21.375, 9.125 ],
			"faces": {
				"down": { "uv": [ 6.875, 13.3125, 7.1875, 13.375 ], "texture": "#jlgsbh" },
				"up": { "uv": [ 7.5, 13.4375, 7.8125, 13.375 ], "texture": "#jlgsbh" },
				"north": { "uv": [ 1.6875, 12.3125, 1.375, 13 ], "texture": "#jlgsbh" },
				"south": { "uv": [ 4.3125, 12.5, 4.625, 13.1875 ], "texture": "#jlgsbh" },
				"west": { "uv": [ 5.6875, 12.3125, 5.75, 13 ], "texture": "#jlgsbh" },
				"east": { "uv": [ 5.8125, 12.3125, 5.75, 13 ], "texture": "#jlgsbh" }
			}
		},
		{
			"__comment": "Voxels",
			"from": [ 7.875, 3.5, 7.625 ],
			"to": [ 8.25, 3.625, 7.75 ],
			"faces": {
				"down": { "uv": [ 0.3125, 0, 0.5, 0.0625 ], "texture": "#jlgsbh" },
				"up": { "uv": [ 0.625, 1.6875, 0.8125, 1.625 ], "texture": "#jlgsbh" },
				"north": { "uv": [ 0.8125, 1.5625, 0.625, 1.625 ], "texture": "#jlgsbh" },
				"south": { "uv": [ 0.125, 1.5625, 0.3125, 1.625 ], "texture": "#jlgsbh" },
				"west": { "uv": [ 1.5625, 7.625, 1.625, 7.6875 ], "texture": "#jlgsbh" },
				"east": { "uv": [ 1.625, 7.6875, 1.5625, 7.75 ], "texture": "#jlgsbh" }
			}
		},
		{
			"__comment": "Voxels",
			"from": [ 7.875, 3.5, 8.25 ],
			"to": [ 8.25, 3.625, 8.375 ],
			"faces": {
				"down": { "uv": [ 0.125, 1.5, 0.3125, 1.5625 ], "texture": "#jlgsbh" },
				"up": { "uv": [ 0.125, 1.25, 0.3125, 1.1875 ], "texture": "#jlgsbh" },
				"north": { "uv": [ 0.1875, 0.875, 0, 0.9375 ], "texture": "#jlgsbh" },
				"south": { "uv": [ 0.125, 0.3125, 0.3125, 0.375 ], "texture": "#jlgsbh" },
				"west": { "uv": [ 1.4375, 7.75, 1.5, 7.8125 ], "texture": "#jlgsbh" },
				"east": { "uv": [ 1.625, 7.8125, 1.5625, 7.875 ], "texture": "#jlgsbh" }
			}
		},
		{
			"__comment": "Voxels",
			"from": [ 7.875, 3.625, 7.5 ],
			"to": [ 8.25, 3.75, 7.625 ],
			"faces": {
				"down": { "uv": [ 0.375, 0.625, 0.5625, 0.6875 ], "texture": "#jlgsbh" },
				"up": { "uv": [ 7.8125, 13.25, 8, 13.1875 ], "texture": "#jlgsbh" },
				"north": { "uv": [ 8, 13.125, 7.8125, 13.1875 ], "texture": "#jlgsbh" },
				"south": { "uv": [ 0.3125, 1.3125, 0.5, 1.375 ], "texture": "#jlgsbh" },
				"west": { "uv": [ 1.4375, 8.0625, 1.5, 8.125 ], "texture": "#jlgsbh" },
				"east": { "uv": [ 0.75, 0.375, 0.6875, 0.4375 ], "texture": "#jlgsbh" }
			}
		},
		{
			"__comment": "Voxels",
			"from": [ 7.875, 3.625, 7.75 ],
			"to": [ 8.25, 4.25, 7.875 ],
			"faces": {
				"down": { "uv": [ 0.3125, 1.375, 0.5, 1.4375 ], "texture": "#jlgsbh" },
				"up": { "uv": [ 0.3125, 1.5, 0.5, 1.4375 ], "texture": "#jlgsbh" },
				"north": { "uv": [ 5.4375, 12.5625, 5.25, 12.875 ], "texture": "#jlgsbh" },
				"south": { "uv": [ 7.5, 14.375, 7.6875, 14.6875 ], "texture": "#jlgsbh" },
				"west": { "uv": [ 6.75, 12.8125, 6.8125, 13.125 ], "texture": "#jlgsbh" },
				"east": { "uv": [ 6.75, 12.8125, 6.6875, 13.125 ], "texture": "#jlgsbh" }
			}
		},
		{
			"__comment": "Voxels",
			"from": [ 7.875, 3.625, 8.125 ],
			"to": [ 8.25, 4.25, 8.25 ],
			"faces": {
				"down": { "uv": [ 0.125, 1.4375, 0.3125, 1.5 ], "texture": "#jlgsbh" },
				"up": { "uv": [ 0.125, 1.4375, 0.3125, 1.375 ], "texture": "#jlgsbh" },
				"north": { "uv": [ 5.4375, 12.875, 5.25, 13.1875 ], "texture": "#jlgsbh" },
				"south": { "uv": [ 7.6875, 14.375, 7.875, 14.6875 ], "texture": "#jlgsbh" },
				"west": { "uv": [ 6.8125, 12.8125, 6.875, 13.125 ], "texture": "#jlgsbh" },
				"east": { "uv": [ 6.75, 12.5, 6.6875, 12.8125 ], "texture": "#jlgsbh" }
			}
		},
		{
			"__comment": "Voxels",
			"from": [ 7.875, 3.625, 8.5 ],
			"to": [ 8.25, 4, 8.625 ],
			"faces": {
				"down": { "uv": [ 6.6875, 12.3125, 6.875, 12.375 ], "texture": "#jlgsbh" },
				"up": { "uv": [ 0, 0.5625, 0.1875, 0.5 ], "texture": "#jlgsbh" },
				"north": { "uv": [ 6.75, 13.5625, 6.5625, 13.75 ], "texture": "#jlgsbh" },
				"south": { "uv": [ 7.3125, 13.5625, 7.5, 13.75 ], "texture": "#jlgsbh" },
				"west": { "uv": [ 0.0625, 0.25, 0.125, 0.4375 ], "texture": "#jlgsbh" },
				"east": { "uv": [ 0.0625, 0.25, 0, 0.4375 ], "texture": "#jlgsbh" }
			}
		},
		{
			"__comment": "Voxels",
			"from": [ 7.875, 3.75, 7.375 ],
			"to": [ 8.375, 3.875, 7.5 ],
			"faces": {
				"down": { "uv": [ 1.6875, 12.3125, 1.9375, 12.375 ], "texture": "#jlgsbh" },
				"up": { "uv": [ 2.25, 12.375, 2.5, 12.3125 ], "texture": "#jlgsbh" },
				"north": { "uv": [ 7.75, 13.5625, 7.5, 13.625 ], "texture": "#jlgsbh" },
				"south": { "uv": [ 7.75, 13.5625, 8, 13.625 ], "texture": "#jlgsbh" },
				"west": { "uv": [ 1.5, 7.75, 1.5625, 7.8125 ], "texture": "#jlgsbh" },
				"east": { "uv": [ 1.4375, 7.75, 1.375, 7.8125 ], "texture": "#jlgsbh" }
			}
		},
		{
			"__comment": "Voxels",
			"from": [ 7.875, 3.875, 7.5 ],
			"to": [ 8.375, 4, 7.75 ],
			"faces": {
				"down": { "uv": [ 7.5, 13.625, 7.75, 13.75 ], "texture": "#jlgsbh" },
				"up": { "uv": [ 7.75, 13.875, 8, 13.75 ], "texture": "#jlgsbh" },
				"north": { "uv": [ 7.125, 12.3125, 6.875, 12.375 ], "texture": "#jlgsbh" },
				"south": { "uv": [ 7.1875, 13.0625, 7.4375, 13.125 ], "texture": "#jlgsbh" },
				"west": { "uv": [ 7.4375, 12.3125, 7.5625, 12.375 ], "texture": "#jlgsbh" },
				"east": { "uv": [ 7.6875, 12.3125, 7.5625, 12.375 ], "texture": "#jlgsbh" }
			}
		},
		{
			"__comment": "Voxels",
			"from": [ 7.875, 3.875, 7.875 ],
			"to": [ 8.25, 4.375, 8 ],
			"faces": {
				"down": { "uv": [ 7.8125, 13.25, 8, 13.3125 ], "texture": "#jlgsbh" },
				"up": { "uv": [ 7.8125, 13.375, 8, 13.3125 ], "texture": "#jlgsbh" },
				"north": { "uv": [ 5.4375, 12.3125, 5.25, 12.5625 ], "texture": "#jlgsbh" },
				"south": { "uv": [ 7.5, 14.125, 7.6875, 14.375 ], "texture": "#jlgsbh" },
				"west": { "uv": [ 6.75, 12.5625, 6.8125, 12.8125 ], "texture": "#jlgsbh" },
				"east": { "uv": [ 6.875, 12.5625, 6.8125, 12.8125 ], "texture": "#jlgsbh" }
			}
		},
		{
			"__comment": "Voxels",
			"from": [ 7.875, 3.875, 8.25 ],
			"to": [ 8.375, 4.125, 8.375 ],
			"faces": {
				"down": { "uv": [ 7.1875, 12.875, 7.4375, 12.9375 ], "texture": "#jlgsbh" },
				"up": { "uv": [ 7.4375, 12.9375, 7.6875, 12.875 ], "texture": "#jlgsbh" },
				"north": { "uv": [ 7.75, 13.75, 7.5, 13.875 ], "texture": "#jlgsbh" },
				"south": { "uv": [ 7.75, 14, 8, 14.125 ], "texture": "#jlgsbh" },
				"west": { "uv": [ 7.4375, 14.3125, 7.5, 14.4375 ], "texture": "#jlgsbh" },
				"east": { "uv": [ 6.875, 12.375, 6.8125, 12.5 ], "texture": "#jlgsbh" }
			}
		},
		{
			"__comment": "Voxels",
			"from": [ 7.875, 3.875, 8.375 ],
			"to": [ 8.375, 4, 8.5 ],
			"faces": {
				"down": { "uv": [ 7.1875, 12.625, 7.4375, 12.6875 ], "texture": "#jlgsbh" },
				"up": { "uv": [ 7.1875, 12.625, 7.4375, 12.5625 ], "texture": "#jlgsbh" },
				"north": { "uv": [ 7.4375, 12.375, 7.1875, 12.4375 ], "texture": "#jlgsbh" },
				"south": { "uv": [ 7.1875, 12.3125, 7.4375, 12.375 ], "texture": "#jlgsbh" },
				"west": { "uv": [ 1.4375, 7.375, 1.5, 7.4375 ], "texture": "#jlgsbh" },
				"east": { "uv": [ 1.5625, 7.375, 1.5, 7.4375 ], "texture": "#jlgsbh" }
			}
		},
		{
			"__comment": "Voxels",
			"from": [ 7.875, 4, 7.625 ],
			"to": [ 8.375, 4.125, 7.75 ],
			"faces": {
				"down": { "uv": [ 7.4375, 12.75, 7.6875, 12.8125 ], "texture": "#jlgsbh" },
				"up": { "uv": [ 7.6875, 12.8125, 7.9375, 12.75 ], "texture": "#jlgsbh" },
				"north": { "uv": [ 7.6875, 12.5625, 7.4375, 12.625 ], "texture": "#jlgsbh" },
				"south": { "uv": [ 7.4375, 12.5, 7.6875, 12.5625 ], "texture": "#jlgsbh" },
				"west": { "uv": [ 7.9375, 12.6875, 8, 12.75 ], "texture": "#jlgsbh" },
				"east": { "uv": [ 8, 12.625, 7.9375, 12.6875 ], "texture": "#jlgsbh" }
			}
		},
		{
			"__comment": "Voxels",
			"from": [ 7.875, 4, 8.375 ],
			"to": [ 8.25, 4.125, 8.5 ],
			"faces": {
				"down": { "uv": [ 0.125, 0.25, 0.3125, 0.3125 ], "texture": "#jlgsbh" },
				"up": { "uv": [ 0, 0.25, 0.1875, 0.1875 ], "texture": "#jlgsbh" },
				"north": { "uv": [ 0.1875, 0.125, 0, 0.1875 ], "texture": "#jlgsbh" },
				"south": { "uv": [ 0, 0.0625, 0.1875, 0.125 ], "texture": "#jlgsbh" },
				"west": { "uv": [ 0.5625, 0.875, 0.625, 0.9375 ], "texture": "#jlgsbh" },
				"east": { "uv": [ 0.625, 0.8125, 0.5625, 0.875 ], "texture": "#jlgsbh" }
			}
		},
		{
			"__comment": "Voxels",
			"from": [ 7.875, 4.125, 8 ],
			"to": [ 8.25, 4.375, 8.125 ],
			"faces": {
				"down": { "uv": [ 0.3125, 1.5625, 0.5, 1.625 ], "texture": "#jlgsbh" },
				"up": { "uv": [ 0.3125, 1.5625, 0.5, 1.5 ], "texture": "#jlgsbh" },
				"north": { "uv": [ 6.875, 13.375, 6.6875, 13.5 ], "texture": "#jlgsbh" },
				"south": { "uv": [ 6.6875, 13.125, 6.875, 13.25 ], "texture": "#jlgsbh" },
				"west": { "uv": [ 0.25, 0, 0.3125, 0.125 ], "texture": "#jlgsbh" },
				"east": { "uv": [ 0.5625, 0, 0.5, 0.125 ], "texture": "#jlgsbh" }
			}
		},
		{
			"__comment": "Voxels",
			"from": [ 7.875, 4.125, 8.25 ],
			"to": [ 8.25, 4.25, 8.375 ],
			"faces": {
				"down": { "uv": [ 0.3125, 1.1875, 0.5, 1.25 ], "texture": "#jlgsbh" },
				"up": { "uv": [ 0.3125, 1.1875, 0.5, 1.125 ], "texture": "#jlgsbh" },
				"north": { "uv": [ 0.5, 1.0625, 0.3125, 1.125 ], "texture": "#jlgsbh" },
				"south": { "uv": [ 0.3125, 1, 0.5, 1.0625 ], "texture": "#jlgsbh" },
				"west": { "uv": [ 0.5625, 0.75, 0.625, 0.8125 ], "texture": "#jlgsbh" },
				"east": { "uv": [ 0.625, 0.625, 0.5625, 0.6875 ], "texture": "#jlgsbh" }
			}
		},
		{
			"__comment": "Voxels",
			"from": [ 7.875, 4.375, 7.75 ],
			"to": [ 8.25, 4.5, 7.875 ],
			"faces": {
				"down": { "uv": [ 0.375, 0.875, 0.5625, 0.9375 ], "texture": "#jlgsbh" },
				"up": { "uv": [ 0.375, 0.875, 0.5625, 0.8125 ], "texture": "#jlgsbh" },
				"north": { "uv": [ 0.5625, 0.75, 0.375, 0.8125 ], "texture": "#jlgsbh" },
				"south": { "uv": [ 0.3125, 0.6875, 0.5, 0.75 ], "texture": "#jlgsbh" },
				"west": { "uv": [ 0.5625, 0.5625, 0.625, 0.625 ], "texture": "#jlgsbh" },
				"east": { "uv": [ 0.625, 0.5, 0.5625, 0.5625 ], "texture": "#jlgsbh" }
			}
		},
		{
			"__comment": "Voxels",
			"from": [ 7.875, 4.375, 8.125 ],
			"to": [ 8.25, 4.5, 8.25 ],
			"faces": {
				"down": { "uv": [ 0.375, 0.5625, 0.5625, 0.625 ], "texture": "#jlgsbh" },
				"up": { "uv": [ 0.375, 0.5625, 0.5625, 0.5 ], "texture": "#jlgsbh" },
				"north": { "uv": [ 0.5, 0.4375, 0.3125, 0.5 ], "texture": "#jlgsbh" },
				"south": { "uv": [ 0.3125, 0.375, 0.5, 0.4375 ], "texture": "#jlgsbh" },
				"west": { "uv": [ 0.8125, 1.625, 0.875, 1.6875 ], "texture": "#jlgsbh" },
				"east": { "uv": [ 1.5625, 7.4375, 1.5, 7.5 ], "texture": "#jlgsbh" }
			}
		},
		{
			"__comment": "Voxels",
			"from": [ 8, 3.5, 7.75 ],
			"to": [ 8.125, 3.625, 7.875 ],
			"faces": {
				"down": { "uv": [ 1.4375, 7.4375, 1.5, 7.5 ], "texture": "#jlgsbh" },
				"up": { "uv": [ 1.375, 7.5, 1.4375, 7.4375 ], "texture": "#jlgsbh" },
				"north": { "uv": [ 1.5625, 7.5, 1.5, 7.5625 ], "texture": "#jlgsbh" },
				"south": { "uv": [ 1.4375, 7.5, 1.5, 7.5625 ], "texture": "#jlgsbh" },
				"west": { "uv": [ 1.375, 7.5, 1.4375, 7.5625 ], "texture": "#jlgsbh" },
				"east": { "uv": [ 1.6875, 7.5625, 1.625, 7.625 ], "texture": "#jlgsbh" }
			}
		},
		{
			"__comment": "Voxels",
			"from": [ 8, 3.625, 7.375 ],
			"to": [ 8.25, 3.75, 7.5 ],
			"faces": {
				"down": { "uv": [ 0.1875, 0.9375, 0.3125, 1 ], "texture": "#jlgsbh" },
				"up": { "uv": [ 0.1875, 0.9375, 0.3125, 0.875 ], "texture": "#jlgsbh" },
				"north": { "uv": [ 0.3125, 0.8125, 0.1875, 0.875 ], "texture": "#jlgsbh" },
				"south": { "uv": [ 0.1875, 0.75, 0.3125, 0.8125 ], "texture": "#jlgsbh" },
				"west": { "uv": [ 1.4375, 7.5625, 1.5, 7.625 ], "texture": "#jlgsbh" },
				"east": { "uv": [ 1.4375, 7.5625, 1.375, 7.625 ], "texture": "#jlgsbh" }
			}
		},
		{
			"__comment": "Voxels",
			"from": [ 8, 3.75, 7.875 ],
			"to": [ 8.25, 3.875, 8 ],
			"faces": {
				"down": { "uv": [ 0.1875, 0.6875, 0.3125, 0.75 ], "texture": "#jlgsbh" },
				"up": { "uv": [ 0.1875, 0.6875, 0.3125, 0.625 ], "texture": "#jlgsbh" },
				"north": { "uv": [ 0.3125, 0.5625, 0.1875, 0.625 ], "texture": "#jlgsbh" },
				"south": { "uv": [ 0.1875, 0.5, 0.3125, 0.5625 ], "texture": "#jlgsbh" },
				"west": { "uv": [ 1.625, 7.625, 1.6875, 7.6875 ], "texture": "#jlgsbh" },
				"east": { "uv": [ 1.5625, 7.6875, 1.5, 7.75 ], "texture": "#jlgsbh" }
			}
		},
		{
			"__comment": "Voxels",
			"from": [ 8, 3.875, 7.375 ],
			"to": [ 8.25, 4, 7.5 ],
			"faces": {
				"down": { "uv": [ 0.1875, 0.4375, 0.3125, 0.5 ], "texture": "#jlgsbh" },
				"up": { "uv": [ 0.1875, 0.25, 0.3125, 0.1875 ], "texture": "#jlgsbh" },
				"north": { "uv": [ 0.3125, 0.125, 0.1875, 0.1875 ], "texture": "#jlgsbh" },
				"south": { "uv": [ 0.5, 1.625, 0.625, 1.6875 ], "texture": "#jlgsbh" },
				"west": { "uv": [ 1.625, 7.75, 1.6875, 7.8125 ], "texture": "#jlgsbh" },
				"east": { "uv": [ 1.625, 7.75, 1.5625, 7.8125 ], "texture": "#jlgsbh" }
			}
		},
		{
			"__comment": "Voxels",
			"from": [ 8, 3.875, 8 ],
			"to": [ 8.25, 4.125, 8.125 ],
			"faces": {
				"down": { "uv": [ 0.5, 1.5625, 0.625, 1.625 ], "texture": "#jlgsbh" },
				"up": { "uv": [ 0.5, 1.5625, 0.625, 1.5 ], "texture": "#jlgsbh" },
				"north": { "uv": [ 6.8125, 12.375, 6.6875, 12.5 ], "texture": "#jlgsbh" },
				"south": { "uv": [ 7.4375, 12.375, 7.5625, 12.5 ], "texture": "#jlgsbh" },
				"west": { "uv": [ 0.8125, 1.4375, 0.875, 1.5625 ], "texture": "#jlgsbh" },
				"east": { "uv": [ 0.6875, 1.25, 0.625, 1.375 ], "texture": "#jlgsbh" }
			}
		},
		{
			"__comment": "Voxels",
			"from": [ 8, 4, 7.5 ],
			"to": [ 8.25, 4.125, 7.625 ],
			"faces": {
				"down": { "uv": [ 0.5, 1.4375, 0.625, 1.5 ], "texture": "#jlgsbh" },
				"up": { "uv": [ 0.5, 1.4375, 0.625, 1.375 ], "texture": "#jlgsbh" },
				"north": { "uv": [ 0.625, 1.3125, 0.5, 1.375 ], "texture": "#jlgsbh" },
				"south": { "uv": [ 0.5, 1.25, 0.625, 1.3125 ], "texture": "#jlgsbh" },
				"west": { "uv": [ 1.5, 7.8125, 1.5625, 7.875 ], "texture": "#jlgsbh" },
				"east": { "uv": [ 1.6875, 8.0625, 1.625, 8.125 ], "texture": "#jlgsbh" }
			}
		},
		{
			"__comment": "Voxels",
			"from": [ 8, 4.125, 7.625 ],
			"to": [ 8.25, 4.25, 7.75 ],
			"faces": {
				"down": { "uv": [ 0.5, 1.1875, 0.625, 1.25 ], "texture": "#jlgsbh" },
				"up": { "uv": [ 0.5, 1.1875, 0.625, 1.125 ], "texture": "#jlgsbh" },
				"north": { "uv": [ 0.625, 1.0625, 0.5, 1.125 ], "texture": "#jlgsbh" },
				"south": { "uv": [ 0.5, 1, 0.625, 1.0625 ], "texture": "#jlgsbh" },
				"west": { "uv": [ 1.4375, 7.8125, 1.5, 7.875 ], "texture": "#jlgsbh" },
				"east": { "uv": [ 1.4375, 7.8125, 1.375, 7.875 ], "texture": "#jlgsbh" }
			}
		},
		{
			"__comment": "Voxels",
			"from": [ 8, 4.125, 8.375 ],
			"to": [ 8.125, 4.25, 8.5 ],
			"faces": {
				"down": { "uv": [ 1.625, 7.875, 1.6875, 7.9375 ], "texture": "#jlgsbh" },
				"up": { "uv": [ 1.5625, 7.9375, 1.625, 7.875 ], "texture": "#jlgsbh" },
				"north": { "uv": [ 0.875, 0.0625, 0.8125, 0.125 ], "texture": "#jlgsbh" },
				"south": { "uv": [ 0.75, 0.0625, 0.8125, 0.125 ], "texture": "#jlgsbh" },
				"west": { "uv": [ 0.6875, 0.125, 0.75, 0.1875 ], "texture": "#jlgsbh" },
				"east": { "uv": [ 0.6875, 0, 0.625, 0.0625 ], "texture": "#jlgsbh" }
			}
		},
		{
			"__comment": "Voxels",
			"from": [ 8, 4.25, 7.75 ],
			"to": [ 8.25, 4.375, 7.875 ],
			"faces": {
				"down": { "uv": [ 0.5, 0.9375, 0.625, 1 ], "texture": "#jlgsbh" },
				"up": { "uv": [ 0.5, 0.75, 0.625, 0.6875 ], "texture": "#jlgsbh" },
				"north": { "uv": [ 0.625, 0.4375, 0.5, 0.5 ], "texture": "#jlgsbh" },
				"south": { "uv": [ 0.5, 0.375, 0.625, 0.4375 ], "texture": "#jlgsbh" },
				"west": { "uv": [ 0.625, 0.0625, 0.6875, 0.125 ], "texture": "#jlgsbh" },
				"east": { "uv": [ 0.6875, 0.125, 0.625, 0.1875 ], "texture": "#jlgsbh" }
			}
		},
		{
			"__comment": "Voxels",
			"from": [ 8, 4.25, 8.125 ],
			"to": [ 8.25, 4.375, 8.25 ],
			"faces": {
				"down": { "uv": [ 0.5, 0.3125, 0.625, 0.375 ], "texture": "#jlgsbh" },
				"up": { "uv": [ 0.5, 0.3125, 0.625, 0.25 ], "texture": "#jlgsbh" },
				"north": { "uv": [ 0.625, 0.1875, 0.5, 0.25 ], "texture": "#jlgsbh" },
				"south": { "uv": [ 0.5, 0.125, 0.625, 0.1875 ], "texture": "#jlgsbh" },
				"west": { "uv": [ 0.6875, 0.1875, 0.75, 0.25 ], "texture": "#jlgsbh" },
				"east": { "uv": [ 0.6875, 0.1875, 0.625, 0.25 ], "texture": "#jlgsbh" }
			}
		},
		{
			"__comment": "Voxels",
			"from": [ 8, 4.25, 8.25 ],
			"to": [ 8.125, 4.375, 8.375 ],
			"faces": {
				"down": { "uv": [ 0.8125, 0.25, 0.875, 0.3125 ], "texture": "#jlgsbh" },
				"up": { "uv": [ 0.75, 0.3125, 0.8125, 0.25 ], "texture": "#jlgsbh" },
				"north": { "uv": [ 1.625, 8.0625, 1.5625, 8.125 ], "texture": "#jlgsbh" },
				"south": { "uv": [ 1.5, 8.0625, 1.5625, 8.125 ], "texture": "#jlgsbh" },
				"west": { "uv": [ 0.75, 0.4375, 0.8125, 0.5 ], "texture": "#jlgsbh" },
				"east": { "uv": [ 0.875, 1.5625, 0.8125, 1.625 ], "texture": "#jlgsbh" }
			}
		},
		{
			"__comment": "Voxels",
			"from": [ 8, 4.5, 7.75 ],
			"to": [ 8.125, 4.75, 7.875 ],
			"faces": {
				"down": { "uv": [ 1.625, 7.375, 1.6875, 7.4375 ], "texture": "#jlgsbh" },
				"up": { "uv": [ 1.375, 7.4375, 1.4375, 7.375 ], "texture": "#jlgsbh" },
				"north": { "uv": [ 0.75, 1.25, 0.6875, 1.375 ], "texture": "#jlgsbh" },
				"south": { "uv": [ 0.75, 1.25, 0.8125, 1.375 ], "texture": "#jlgsbh" },
				"west": { "uv": [ 0.1875, 0, 0.25, 0.125 ], "texture": "#jlgsbh" },
				"east": { "uv": [ 0.875, 1.25, 0.8125, 1.375 ], "texture": "#jlgsbh" }
			}
		},
		{
			"__comment": "Voxels",
			"from": [ 8, 4.5, 8.125 ],
			"to": [ 8.25, 4.625, 8.25 ],
			"faces": {
				"down": { "uv": [ 0.625, 1.1875, 0.75, 1.25 ], "texture": "#jlgsbh" },
				"up": { "uv": [ 0.1875, 1.0625, 0.3125, 1 ], "texture": "#jlgsbh" },
				"north": { "uv": [ 0.875, 1.1875, 0.75, 1.25 ], "texture": "#jlgsbh" },
				"south": { "uv": [ 0.625, 1.125, 0.75, 1.1875 ], "texture": "#jlgsbh" },
				"west": { "uv": [ 0.625, 0.3125, 0.6875, 0.375 ], "texture": "#jlgsbh" },
				"east": { "uv": [ 0.75, 0.3125, 0.6875, 0.375 ], "texture": "#jlgsbh" }
			}
		},
		{
			"__comment": "Voxels",
			"from": [ 8, 4.625, 8.125 ],
			"to": [ 8.125, 4.75, 8.25 ],
			"faces": {
				"down": { "uv": [ 0.75, 0.3125, 0.8125, 0.375 ], "texture": "#jlgsbh" },
				"up": { "uv": [ 1.375, 8.0625, 1.4375, 8 ], "texture": "#jlgsbh" },
				"north": { "uv": [ 1.6875, 7.8125, 1.625, 7.875 ], "texture": "#jlgsbh" },
				"south": { "uv": [ 1.375, 7.6875, 1.4375, 7.75 ], "texture": "#jlgsbh" },
				"west": { "uv": [ 1.4375, 7.6875, 1.5, 7.75 ], "texture": "#jlgsbh" },
				"east": { "uv": [ 1.6875, 7.6875, 1.625, 7.75 ], "texture": "#jlgsbh" }
			}
		},
		{
			"__comment": "Voxels",
			"from": [ 8.25, 3.75, 7.75 ],
			"to": [ 8.375, 4.125, 7.875 ],
			"faces": {
				"down": { "uv": [ 1.375, 7.625, 1.4375, 7.6875 ], "texture": "#jlgsbh" },
				"up": { "uv": [ 1.625, 7.5, 1.6875, 7.4375 ], "texture": "#jlgsbh" },
				"north": { "uv": [ 0.75, 1.375, 0.6875, 1.5625 ], "texture": "#jlgsbh" },
				"south": { "uv": [ 0.625, 1.375, 0.6875, 1.5625 ], "texture": "#jlgsbh" },
				"west": { "uv": [ 0.3125, 0.5, 0.375, 0.6875 ], "texture": "#jlgsbh" },
				"east": { "uv": [ 0.375, 0.75, 0.3125, 0.9375 ], "texture": "#jlgsbh" }
			}
		},
		{
			"__comment": "Voxels",
			"from": [ 8.25, 3.75, 8.125 ],
			"to": [ 8.375, 4, 8.25 ],
			"faces": {
				"down": { "uv": [ 0.8125, 0.4375, 0.875, 0.5 ], "texture": "#jlgsbh" },
				"up": { "uv": [ 0.625, 0.4375, 0.6875, 0.375 ], "texture": "#jlgsbh" },
				"north": { "uv": [ 0.6875, 1, 0.625, 1.125 ], "texture": "#jlgsbh" },
				"south": { "uv": [ 0.6875, 1, 0.75, 1.125 ], "texture": "#jlgsbh" },
				"west": { "uv": [ 0.75, 1, 0.8125, 1.125 ], "texture": "#jlgsbh" },
				"east": { "uv": [ 0.875, 1, 0.8125, 1.125 ], "texture": "#jlgsbh" }
			}
		},
		{
			"__comment": "Voxels",
			"from": [ 8.25, 3.75, 8.5 ],
			"to": [ 8.375, 3.875, 8.625 ],
			"faces": {
				"down": { "uv": [ 0.8125, 0.3125, 0.875, 0.375 ], "texture": "#jlgsbh" },
				"up": { "uv": [ 0.6875, 0.125, 0.75, 0.0625 ], "texture": "#jlgsbh" },
				"north": { "uv": [ 0.75, 0, 0.6875, 0.0625 ], "texture": "#jlgsbh" },
				"south": { "uv": [ 0.75, 0, 0.8125, 0.0625 ], "texture": "#jlgsbh" },
				"west": { "uv": [ 0.8125, 0, 0.875, 0.0625 ], "texture": "#jlgsbh" },
				"east": { "uv": [ 1.4375, 8.0625, 1.375, 8.125 ], "texture": "#jlgsbh" }
			}
		},
		{
			"__comment": "Voxels",
			"from": [ 8.25, 4.75, 7.875 ],
			"to": [ 8.625, 4.875, 8.125 ],
			"faces": {
				"down": { "uv": [ 6.6875, 13.25, 6.875, 13.375 ], "texture": "#jlgsbh" },
				"up": { "uv": [ 7.75, 13.75, 7.9375, 13.625 ], "texture": "#jlgsbh" },
				"north": { "uv": [ 0.5, 1.625, 0.3125, 1.6875 ], "texture": "#jlgsbh" },
				"south": { "uv": [ 0.3125, 0.3125, 0.5, 0.375 ], "texture": "#jlgsbh" },
				"west": { "uv": [ 0.75, 1.125, 0.875, 1.1875 ], "texture": "#jlgsbh" },
				"east": { "uv": [ 0.75, 0.9375, 0.625, 1 ], "texture": "#jlgsbh" }
			}
		},
		{
			"__comment": "Voxels",
			"from": [ 8.25, 4.875, 7.75 ],
			"to": [ 8.5, 5, 7.875 ],
			"faces": {
				"down": { "uv": [ 0.75, 0.9375, 0.875, 1 ], "texture": "#jlgsbh" },
				"up": { "uv": [ 0.625, 0.9375, 0.75, 0.875 ], "texture": "#jlgsbh" },
				"north": { "uv": [ 0.875, 0.875, 0.75, 0.9375 ], "texture": "#jlgsbh" },
				"south": { "uv": [ 0.625, 0.8125, 0.75, 0.875 ], "texture": "#jlgsbh" },
				"west": { "uv": [ 1.4375, 7.625, 1.5, 7.6875 ], "texture": "#jlgsbh" },
				"east": { "uv": [ 1.5625, 7.625, 1.5, 7.6875 ], "texture": "#jlgsbh" }
			}
		},
		{
			"__comment": "Voxels",
			"from": [ 8.25, 4.875, 8.125 ],
			"to": [ 8.5, 5, 8.25 ],
			"faces": {
				"down": { "uv": [ 0.75, 0.8125, 0.875, 0.875 ], "texture": "#jlgsbh" },
				"up": { "uv": [ 0.625, 0.8125, 0.75, 0.75 ], "texture": "#jlgsbh" },
				"north": { "uv": [ 0.875, 0.75, 0.75, 0.8125 ], "texture": "#jlgsbh" },
				"south": { "uv": [ 0.625, 0.6875, 0.75, 0.75 ], "texture": "#jlgsbh" },
				"west": { "uv": [ 0.625, 0.4375, 0.6875, 0.5 ], "texture": "#jlgsbh" },
				"east": { "uv": [ 0.75, 0.4375, 0.6875, 0.5 ], "texture": "#jlgsbh" }
			}
		},
		{
			"__comment": "Voxels",
			"from": [ 8.25, 5.125, 7.625 ],
			"to": [ 8.5, 5.25, 7.75 ],
			"faces": {
				"down": { "uv": [ 0.75, 0.6875, 0.875, 0.75 ], "texture": "#jlgsbh" },
				"up": { "uv": [ 0.625, 0.6875, 0.75, 0.625 ], "texture": "#jlgsbh" },
				"north": { "uv": [ 0.875, 0.625, 0.75, 0.6875 ], "texture": "#jlgsbh" },
				"south": { "uv": [ 0.625, 0.5625, 0.75, 0.625 ], "texture": "#jlgsbh" },
				"west": { "uv": [ 0.75, 0.375, 0.8125, 0.4375 ], "texture": "#jlgsbh" },
				"east": { "uv": [ 0.875, 0.375, 0.8125, 0.4375 ], "texture": "#jlgsbh" }
			}
		},
		{
			"__comment": "Voxels",
			"from": [ 8.25, 5.125, 8.25 ],
			"to": [ 8.5, 5.25, 8.375 ],
			"faces": {
				"down": { "uv": [ 0.75, 0.5625, 0.875, 0.625 ], "texture": "#jlgsbh" },
				"up": { "uv": [ 0.625, 0.5625, 0.75, 0.5 ], "texture": "#jlgsbh" },
				"north": { "uv": [ 0.875, 0.5, 0.75, 0.5625 ], "texture": "#jlgsbh" },
				"south": { "uv": [ 5.125, 12.4375, 5.25, 12.5 ], "texture": "#jlgsbh" },
				"west": { "uv": [ 0.625, 0.25, 0.6875, 0.3125 ], "texture": "#jlgsbh" },
				"east": { "uv": [ 0.75, 0.25, 0.6875, 0.3125 ], "texture": "#jlgsbh" }
			}
		},
		{
			"__comment": "Voxels",
			"from": [ 8.25, 5.625, 7.625 ],
			"to": [ 8.625, 5.75, 7.75 ],
			"faces": {
				"down": { "uv": [ 0.125, 0.375, 0.3125, 0.4375 ], "texture": "#jlgsbh" },
				"up": { "uv": [ 0, 0.875, 0.1875, 0.8125 ], "texture": "#jlgsbh" },
				"north": { "uv": [ 8, 13.375, 7.8125, 13.4375 ], "texture": "#jlgsbh" },
				"south": { "uv": [ 7.8125, 13.4375, 8, 13.5 ], "texture": "#jlgsbh" },
				"west": { "uv": [ 0.75, 0.1875, 0.8125, 0.25 ], "texture": "#jlgsbh" },
				"east": { "uv": [ 0.875, 0.1875, 0.8125, 0.25 ], "texture": "#jlgsbh" }
			}
		},
		{
			"__comment": "Voxels",
			"from": [ 8.25, 5.625, 8.25 ],
			"to": [ 8.625, 5.75, 8.375 ],
			"faces": {
				"down": { "uv": [ 0.3125, 0.9375, 0.5, 1 ], "texture": "#jlgsbh" },
				"up": { "uv": [ 0.3125, 1.3125, 0.5, 1.25 ], "texture": "#jlgsbh" },
				"north": { "uv": [ 0.3125, 1.25, 0.125, 1.3125 ], "texture": "#jlgsbh" },
				"south": { "uv": [ 0.125, 1.3125, 0.3125, 1.375 ], "texture": "#jlgsbh" },
				"west": { "uv": [ 0.75, 0.125, 0.8125, 0.1875 ], "texture": "#jlgsbh" },
				"east": { "uv": [ 0.875, 0.125, 0.8125, 0.1875 ], "texture": "#jlgsbh" }
			}
		},
		{
			"__comment": "Voxels",
			"from": [ 8.25, 5.75, 7.625 ],
			"to": [ 8.5, 6, 7.75 ],
			"faces": {
				"down": { "uv": [ 5.4375, 12.875, 5.5625, 12.9375 ], "texture": "#jlgsbh" },
				"up": { "uv": [ 5.4375, 12.625, 5.5625, 12.5625 ], "texture": "#jlgsbh" },
				"north": { "uv": [ 7.9375, 12.5, 7.8125, 12.625 ], "texture": "#jlgsbh" },
				"south": { "uv": [ 7.6875, 12.375, 7.8125, 12.5 ], "texture": "#jlgsbh" },
				"west": { "uv": [ 7.9375, 14.8125, 8, 14.9375 ], "texture": "#jlgsbh" },
				"east": { "uv": [ 8, 14.6875, 7.9375, 14.8125 ], "texture": "#jlgsbh" }
			}
		},
		{
			"__comment": "Voxels",
			"from": [ 8.25, 5.75, 8.25 ],
			"to": [ 8.5, 6, 8.375 ],
			"faces": {
				"down": { "uv": [ 7.375, 14.125, 7.5, 14.1875 ], "texture": "#jlgsbh" },
				"up": { "uv": [ 7.875, 14.4375, 8, 14.375 ], "texture": "#jlgsbh" },
				"north": { "uv": [ 7.9375, 12.375, 7.8125, 12.5 ], "texture": "#jlgsbh" },
				"south": { "uv": [ 0, 1.5625, 0.125, 1.6875 ], "texture": "#jlgsbh" },
				"west": { "uv": [ 7.9375, 12.5, 8, 12.625 ], "texture": "#jlgsbh" },
				"east": { "uv": [ 8, 12.375, 7.9375, 12.5 ], "texture": "#jlgsbh" }
			}
		},
		{
			"__comment": "Voxels",
			"from": [ 8.25, 6, 7.625 ],
			"to": [ 8.375, 6.125, 7.75 ],
			"faces": {
				"down": { "uv": [ 1.4375, 8, 1.5, 8.0625 ], "texture": "#jlgsbh" },
				"up": { "uv": [ 1.5, 8.0625, 1.5625, 8 ], "texture": "#jlgsbh" },
				"north": { "uv": [ 1.625, 8, 1.5625, 8.0625 ], "texture": "#jlgsbh" },
				"south": { "uv": [ 1.625, 8, 1.6875, 8.0625 ], "texture": "#jlgsbh" },
				"west": { "uv": [ 1.375, 7.9375, 1.4375, 8 ], "texture": "#jlgsbh" },
				"east": { "uv": [ 1.5, 7.9375, 1.4375, 8 ], "texture": "#jlgsbh" }
			}
		},
		{
			"__comment": "Voxels",
			"from": [ 8.25, 6, 8.25 ],
			"to": [ 8.375, 6.125, 8.375 ],
			"faces": {
				"down": { "uv": [ 1.5, 7.9375, 1.5625, 8 ], "texture": "#jlgsbh" },
				"up": { "uv": [ 1.5625, 8, 1.625, 7.9375 ], "texture": "#jlgsbh" },
				"north": { "uv": [ 1.6875, 7.9375, 1.625, 8 ], "texture": "#jlgsbh" },
				"south": { "uv": [ 1.375, 7.875, 1.4375, 7.9375 ], "texture": "#jlgsbh" },
				"west": { "uv": [ 1.4375, 7.875, 1.5, 7.9375 ], "texture": "#jlgsbh" },
				"east": { "uv": [ 1.5625, 7.875, 1.5, 7.9375 ], "texture": "#jlgsbh" }
			}
		},
		{
			"__comment": "Voxels",
			"from": [ 8.25, 6.75, 7.75 ],
			"to": [ 8.625, 8.75, 7.875 ],
			"faces": {
				"down": { "uv": [ 0.125, 1.625, 0.3125, 1.6875 ], "texture": "#jlgsbh" },
				"up": { "uv": [ 7.8125, 12.375, 8, 12.3125 ], "texture": "#jlgsbh" },
				"north": { "uv": [ 6.25, 14.125, 6.0625, 15.125 ], "texture": "#jlgsbh" },
				"south": { "uv": [ 6.25, 14.125, 6.4375, 15.125 ], "texture": "#jlgsbh" },
				"west": { "uv": [ 6, 12.3125, 6.0625, 13.3125 ], "texture": "#jlgsbh" },
				"east": { "uv": [ 5.9375, 12.3125, 5.875, 13.3125 ], "texture": "#jlgsbh" }
			}
		},
		{
			"__comment": "Voxels",
			"from": [ 8.25, 6.75, 8.125 ],
			"to": [ 8.625, 8.75, 8.25 ],
			"faces": {
				"down": { "uv": [ 0, 0.4375, 0.1875, 0.5 ], "texture": "#jlgsbh" },
				"up": { "uv": [ 0, 0.0625, 0.1875, 0 ], "texture": "#jlgsbh" },
				"north": { "uv": [ 6.625, 14.125, 6.4375, 15.125 ], "texture": "#jlgsbh" },
				"south": { "uv": [ 6.625, 14.125, 6.8125, 15.125 ], "texture": "#jlgsbh" },
				"west": { "uv": [ 5.9375, 12.3125, 6, 13.3125 ], "texture": "#jlgsbh" },
				"east": { "uv": [ 5.875, 12.3125, 5.8125, 13.3125 ], "texture": "#jlgsbh" }
			}
		},
		{
			"__comment": "Voxels",
			"from": [ 8.25, 8.75, 7.75 ],
			"to": [ 8.5, 9.25, 7.875 ],
			"faces": {
				"down": { "uv": [ 6.5625, 12.3125, 6.6875, 12.375 ], "texture": "#jlgsbh" },
				"up": { "uv": [ 6.75, 12.5625, 6.875, 12.5 ], "texture": "#jlgsbh" },
				"north": { "uv": [ 5.5625, 12.9375, 5.4375, 13.1875 ], "texture": "#jlgsbh" },
				"south": { "uv": [ 7.25, 15.125, 7.375, 15.375 ], "texture": "#jlgsbh" },
				"west": { "uv": [ 0, 1.3125, 0.0625, 1.5625 ], "texture": "#jlgsbh" },
				"east": { "uv": [ 0.125, 1.3125, 0.0625, 1.5625 ], "texture": "#jlgsbh" }
			}
		},
		{
			"__comment": "Voxels",
			"from": [ 8.25, 8.75, 8.125 ],
			"to": [ 8.5, 9.25, 8.25 ],
			"faces": {
				"down": { "uv": [ 7.6875, 12.3125, 7.8125, 12.375 ], "texture": "#jlgsbh" },
				"up": { "uv": [ 0.1875, 1.125, 0.3125, 1.0625 ], "texture": "#jlgsbh" },
				"north": { "uv": [ 8, 14.4375, 7.875, 14.6875 ], "texture": "#jlgsbh" },
				"south": { "uv": [ 5.4375, 12.3125, 5.5625, 12.5625 ], "texture": "#jlgsbh" },
				"west": { "uv": [ 6.0625, 12.3125, 6.125, 12.5625 ], "texture": "#jlgsbh" },
				"east": { "uv": [ 6.1875, 12.3125, 6.125, 12.5625 ], "texture": "#jlgsbh" }
			}
		},
		{
			"__comment": "Voxels",
			"from": [ 8.25, 9.25, 7.75 ],
			"to": [ 8.375, 10, 7.875 ],
			"faces": {
				"down": { "uv": [ 1.5, 7.5625, 1.5625, 7.625 ], "texture": "#jlgsbh" },
				"up": { "uv": [ 1.5625, 7.625, 1.625, 7.5625 ], "texture": "#jlgsbh" },
				"north": { "uv": [ 6.625, 12.875, 6.5625, 13.25 ], "texture": "#jlgsbh" },
				"south": { "uv": [ 6.625, 12.5, 6.6875, 12.875 ], "texture": "#jlgsbh" },
				"west": { "uv": [ 6.1875, 12.5625, 6.25, 12.9375 ], "texture": "#jlgsbh" },
				"east": { "uv": [ 6.1875, 12.5625, 6.125, 12.9375 ], "texture": "#jlgsbh" }
			}
		},
		{
			"__comment": "Voxels",
			"from": [ 8.25, 9.25, 8.125 ],
			"to": [ 8.375, 10, 8.25 ],
			"faces": {
				"down": { "uv": [ 1.5625, 7.5, 1.625, 7.5625 ], "texture": "#jlgsbh" },
				"up": { "uv": [ 1.625, 7.5625, 1.6875, 7.5 ], "texture": "#jlgsbh" },
				"north": { "uv": [ 6.625, 12.5, 6.5625, 12.875 ], "texture": "#jlgsbh" },
				"south": { "uv": [ 6.5, 12.625, 6.5625, 13 ], "texture": "#jlgsbh" },
				"west": { "uv": [ 6.4375, 12.625, 6.5, 13 ], "texture": "#jlgsbh" },
				"east": { "uv": [ 6.4375, 12.625, 6.375, 13 ], "texture": "#jlgsbh" }
			}
		},
		{
			"__comment": "Voxels",
			"from": [ 8.625, 9.25, 7.875 ],
			"to": [ 8.75, 9.75, 8.125 ],
			"faces": {
				"down": { "uv": [ 0.5625, 0, 0.625, 0.125 ], "texture": "#jlgsbh" },
				"up": { "uv": [ 0.75, 1.5625, 0.8125, 1.4375 ], "texture": "#jlgsbh" },
				"north": { "uv": [ 6.25, 12.3125, 6.1875, 12.5625 ], "texture": "#jlgsbh" },
				"south": { "uv": [ 6.25, 12.3125, 6.3125, 12.5625 ], "texture": "#jlgsbh" },
				"west": { "uv": [ 5.4375, 12.625, 5.5625, 12.875 ], "texture": "#jlgsbh" },
				"east": { "uv": [ 6.6875, 13.25, 6.5625, 13.5 ], "texture": "#jlgsbh" }
			}
		}
	],
	"display": {
		"thirdperson_righthand": {
			"translation":  [ 0, -1, 2 ],
			"scale":  [ 0.7, 0.7, 0.7 ]
		},
		"thirdperson_lefthand": {
			"translation":  [ 0, -1, 2 ],
			"scale":  [ 0.7, 0.7, 0.7 ]
		},
		"firstperson_righthand": {
			"translation":  [ 0, -1, 2 ],
			"scale":  [ 0.7, 0.7, 0.7 ]
		},
		"firstperson_lefthand": {
			"translation":  [ 0, -1, 2 ],
			"scale":  [ 0.7, 0.7, 0.7 ]
		},
		"gui": {
			"rotation":  [ 90, -135, 90 ],
			"translation":  [ -1.5, -1.5, 0 ],
			"scale":  [ 0.7, 0.7, 0.7 ]
		},
		"ground": {
			"translation":  [ 0, 2, 0 ]
		},
		"fixed": {
			"rotation":  [ 0, 90, 0 ],
			"translation":  [ 0, -4, 0 ]
		}
	}
}