{
	"__comment": "Designed by Ling_Meng with Cubik Studio - https://cubik.studio",
	"textures": {
		"gj": "blocks/gj"
	},
	"elements": [ 	 
		{
			"__comment": "Voxels",
			"from": [ -2.5, 6, 1.75 ],
			"to": [ -0.5, 6.25, 2.25 ],
			"faces": {
				"down": { "uv": [ 7, 15.75, 8, 16 ], "texture": "#gj" },
				"up": { "uv": [ 7, 15.75, 8, 15.5 ], "texture": "#gj" },
				"north": { "uv": [ 9, 15.875, 8, 16 ], "texture": "#gj" },
				"south": { "uv": [ 9, 15.875, 10, 16 ], "texture": "#gj" },
				"west": { "uv": [ 10, 14.625, 10.25, 14.75 ], "texture": "#gj" },
				"east": { "uv": [ 10.5, 14.625, 10.25, 14.75 ], "texture": "#gj" }
			}
		},
		{
			"__comment": "Voxels",
			"from": [ -2.5, 6.25, 1.5 ],
			"to": [ -0.5, 6.75, 1.75 ],
			"faces": {
				"down": { "uv": [ 10, 15.875, 11, 16 ], "texture": "#gj" },
				"up": { "uv": [ 12, 16, 13, 15.875 ], "texture": "#gj" },
				"north": { "uv": [ 8, 14.75, 7, 15 ], "texture": "#gj" },
				"south": { "uv": [ 7, 14.5, 8, 14.75 ], "texture": "#gj" },
				"west": { "uv": [ 9.125, 13.75, 9.25, 14 ], "texture": "#gj" },
				"east": { "uv": [ 9.25, 13.5, 9.125, 13.75 ], "texture": "#gj" }
			}
		},
		{
			"__comment": "Voxels",
			"from": [ -2.5, 6.25, 1.75 ],
			"to": [ -1, 7, 2.25 ],
			"faces": {
				"down": { "uv": [ 6.25, 11.125, 7, 11.375 ], "texture": "#gj" },
				"up": { "uv": [ 6.25, 11.125, 7, 10.875 ], "texture": "#gj" },
				"north": { "uv": [ 7, 15.625, 6.25, 16 ], "texture": "#gj" },
				"south": { "uv": [ 6.25, 15.25, 7, 15.625 ], "texture": "#gj" },
				"west": { "uv": [ 6.75, 12.125, 7, 12.5 ], "texture": "#gj" },
				"east": { "uv": [ 8, 13, 7.75, 13.375 ], "texture": "#gj" }
			}
		},
		{
			"__comment": "Voxels",
			"from": [ -2.5, 6.25, 2.25 ],
			"to": [ -0.5, 6.75, 2.5 ],
			"faces": {
				"down": { "uv": [ 13, 15.875, 14, 16 ], "texture": "#gj" },
				"up": { "uv": [ 11, 16, 12, 15.875 ], "texture": "#gj" },
				"north": { "uv": [ 8, 15.25, 7, 15.5 ], "texture": "#gj" },
				"south": { "uv": [ 7, 15, 8, 15.25 ], "texture": "#gj" },
				"west": { "uv": [ 9.125, 13.25, 9.25, 13.5 ], "texture": "#gj" },
				"east": { "uv": [ 9.25, 13, 9.125, 13.25 ], "texture": "#gj" }
			}
		},
		{
			"__comment": "Voxels",
			"from": [ -2.25, 5.75, 1.75 ],
			"to": [ -0.75, 6, 2.25 ],
			"faces": {
				"down": { "uv": [ 7, 12.25, 7.75, 12.5 ], "texture": "#gj" },
				"up": { "uv": [ 7, 12.75, 7.75, 12.5 ], "texture": "#gj" },
				"north": { "uv": [ 7, 8, 6.25, 8.125 ], "texture": "#gj" },
				"south": { "uv": [ 14, 15.875, 14.75, 16 ], "texture": "#gj" },
				"west": { "uv": [ 11.25, 14.625, 11.5, 14.75 ], "texture": "#gj" },
				"east": { "uv": [ 12.75, 14.625, 12.5, 14.75 ], "texture": "#gj" }
			}
		},
		{
			"__comment": "Voxels",
			"from": [ -2.25, 6, 1.5 ],
			"to": [ -0.75, 6.25, 1.75 ],
			"faces": {
				"down": { "uv": [ 14.75, 15.875, 15.5, 16 ], "texture": "#gj" },
				"up": { "uv": [ 12, 15.875, 12.75, 15.75 ], "texture": "#gj" },
				"north": { "uv": [ 12.75, 15.625, 12, 15.75 ], "texture": "#gj" },
				"south": { "uv": [ 12.75, 15.75, 13.5, 15.875 ], "texture": "#gj" },
				"west": { "uv": [ 9.375, 14.5, 9.5, 14.625 ], "texture": "#gj" },
				"east": { "uv": [ 9.375, 8, 9.25, 8.125 ], "texture": "#gj" }
			}
		},
		{
			"__comment": "Voxels",
			"from": [ -2.25, 6, 2.25 ],
			"to": [ -0.75, 6.25, 2.5 ],
			"faces": {
				"down": { "uv": [ 12.75, 15.625, 13.5, 15.75 ], "texture": "#gj" },
				"up": { "uv": [ 13.5, 15.875, 14.25, 15.75 ], "texture": "#gj" },
				"north": { "uv": [ 14.25, 15.625, 13.5, 15.75 ], "texture": "#gj" },
				"south": { "uv": [ 14.25, 15.75, 15, 15.875 ], "texture": "#gj" },
				"west": { "uv": [ 9.25, 8.125, 9.375, 8.25 ], "texture": "#gj" },
				"east": { "uv": [ 9.375, 8.25, 9.25, 8.375 ], "texture": "#gj" }
			}
		},
		{
			"__comment": "Voxels",
			"from": [ -2.25, 6.25, 1.25 ],
			"to": [ -0.75, 6.5, 1.5 ],
			"faces": {
				"down": { "uv": [ 14.25, 15.625, 15, 15.75 ], "texture": "#gj" },
				"up": { "uv": [ 15, 15.875, 15.75, 15.75 ], "texture": "#gj" },
				"north": { "uv": [ 15.75, 15.625, 15, 15.75 ], "texture": "#gj" },
				"south": { "uv": [ 8.25, 15.5, 9, 15.625 ], "texture": "#gj" },
				"west": { "uv": [ 9.25, 8.625, 9.375, 8.75 ], "texture": "#gj" },
				"east": { "uv": [ 9.375, 8.75, 9.25, 8.875 ], "texture": "#gj" }
			}
		},
		{
			"__comment": "Voxels",
			"from": [ -2.25, 6.25, 2.5 ],
			"to": [ -0.75, 6.5, 2.75 ],
			"faces": {
				"down": { "uv": [ 9, 15.5, 9.75, 15.625 ], "texture": "#gj" },
				"up": { "uv": [ 9.75, 15.625, 10.5, 15.5 ], "texture": "#gj" },
				"north": { "uv": [ 11.25, 15.5, 10.5, 15.625 ], "texture": "#gj" },
				"south": { "uv": [ 11.25, 15.5, 12, 15.625 ], "texture": "#gj" },
				"west": { "uv": [ 9.25, 10.625, 9.375, 10.75 ], "texture": "#gj" },
				"east": { "uv": [ 9.375, 10.75, 9.25, 10.875 ], "texture": "#gj" }
			}
		},
		{
			"__comment": "Voxels",
			"from": [ -2.25, 6.75, 1.5 ],
			"to": [ -0.75, 7.25, 1.75 ],
			"faces": {
				"down": { "uv": [ 12, 15.5, 12.75, 15.625 ], "texture": "#gj" },
				"up": { "uv": [ 12.75, 15.625, 13.5, 15.5 ], "texture": "#gj" },
				"north": { "uv": [ 7, 8.125, 6.25, 8.375 ], "texture": "#gj" },
				"south": { "uv": [ 6.25, 8.375, 7, 8.625 ], "texture": "#gj" },
				"west": { "uv": [ 9.125, 11.75, 9.25, 12 ], "texture": "#gj" },
				"east": { "uv": [ 9.25, 11.5, 9.125, 11.75 ], "texture": "#gj" }
			}
		},
		{
			"__comment": "Voxels",
			"from": [ -2.25, 6.75, 2.25 ],
			"to": [ -0.75, 7.25, 2.5 ],
			"faces": {
				"down": { "uv": [ 13.5, 15.5, 14.25, 15.625 ], "texture": "#gj" },
				"up": { "uv": [ 14.25, 15.625, 15, 15.5 ], "texture": "#gj" },
				"north": { "uv": [ 7, 10.125, 6.25, 10.375 ], "texture": "#gj" },
				"south": { "uv": [ 6.25, 10.375, 7, 10.625 ], "texture": "#gj" },
				"west": { "uv": [ 9.125, 11.25, 9.25, 11.5 ], "texture": "#gj" },
				"east": { "uv": [ 9.25, 11, 9.125, 11.25 ], "texture": "#gj" }
			}
		},
		{
			"__comment": "Voxels",
			"from": [ -2.25, 7, 1.75 ],
			"to": [ -0.75, 7.25, 2.25 ],
			"faces": {
				"down": { "uv": [ 6.25, 10.625, 7, 10.875 ], "texture": "#gj" },
				"up": { "uv": [ 7, 13, 7.75, 12.75 ], "texture": "#gj" },
				"north": { "uv": [ 15.75, 15.5, 15, 15.625 ], "texture": "#gj" },
				"south": { "uv": [ 8.375, 15.375, 9.125, 15.5 ], "texture": "#gj" },
				"west": { "uv": [ 12.75, 14.625, 13, 14.75 ], "texture": "#gj" },
				"east": { "uv": [ 13.25, 14.625, 13, 14.75 ], "texture": "#gj" }
			}
		},
		{
			"__comment": "Voxels",
			"from": [ -2, 2, 1.5 ],
			"to": [ -1, 2.75, 1.75 ],
			"faces": {
				"down": { "uv": [ 11.625, 15.375, 12.125, 15.5 ], "texture": "#gj" },
				"up": { "uv": [ 12.125, 15.5, 12.625, 15.375 ], "texture": "#gj" },
				"north": { "uv": [ 6.75, 12.125, 6.25, 12.5 ], "texture": "#gj" },
				"south": { "uv": [ 7.375, 14.125, 7.875, 14.5 ], "texture": "#gj" },
				"west": { "uv": [ 8.625, 13.875, 8.75, 14.25 ], "texture": "#gj" },
				"east": { "uv": [ 8.875, 13.875, 8.75, 14.25 ], "texture": "#gj" }
			}
		},
		{
			"__comment": "Voxels",
			"from": [ -2, 2, 1.75 ],
			"to": [ -1, 2.5, 2 ],
			"faces": {
				"down": { "uv": [ 12.625, 15.375, 13.125, 15.5 ], "texture": "#gj" },
				"up": { "uv": [ 13.125, 15.5, 13.625, 15.375 ], "texture": "#gj" },
				"north": { "uv": [ 10.5, 15.625, 10, 15.875 ], "texture": "#gj" },
				"south": { "uv": [ 10.5, 15.625, 11, 15.875 ], "texture": "#gj" },
				"west": { "uv": [ 9.125, 8.75, 9.25, 9 ], "texture": "#gj" },
				"east": { "uv": [ 9.25, 8.5, 9.125, 8.75 ], "texture": "#gj" }
			}
		},
		{
			"__comment": "Voxels",
			"from": [ -2, 2.25, 1.25 ],
			"to": [ -1, 2.5, 1.5 ],
			"faces": {
				"down": { "uv": [ 13.625, 15.375, 14.125, 15.5 ], "texture": "#gj" },
				"up": { "uv": [ 14.125, 15.5, 14.625, 15.375 ], "texture": "#gj" },
				"north": { "uv": [ 15.125, 15.375, 14.625, 15.5 ], "texture": "#gj" },
				"south": { "uv": [ 15.125, 15.375, 15.625, 15.5 ], "texture": "#gj" },
				"west": { "uv": [ 9.25, 11.625, 9.375, 11.75 ], "texture": "#gj" },
				"east": { "uv": [ 9.375, 11.75, 9.25, 11.875 ], "texture": "#gj" }
			}
		},
		{
			"__comment": "Voxels",
			"from": [ -2, 2.25, 2 ],
			"to": [ -1.25, 3, 2.25 ],
			"faces": {
				"down": { "uv": [ 9.875, 14.875, 10.25, 15 ], "texture": "#gj" },
				"up": { "uv": [ 10.25, 15, 10.625, 14.875 ], "texture": "#gj" },
				"north": { "uv": [ 7.625, 9.875, 7.25, 10.25 ], "texture": "#gj" },
				"south": { "uv": [ 7.125, 9.25, 7.5, 9.625 ], "texture": "#gj" },
				"west": { "uv": [ 8.75, 13.5, 8.875, 13.875 ], "texture": "#gj" },
				"east": { "uv": [ 8.75, 13.125, 8.625, 13.5 ], "texture": "#gj" }
			}
		},
		{
			"__comment": "Voxels",
			"from": [ -2, 2.5, 1.75 ],
			"to": [ -1.75, 5.5, 2 ],
			"faces": {
				"down": { "uv": [ 9.25, 12.375, 9.375, 12.5 ], "texture": "#gj" },
				"up": { "uv": [ 9.25, 12.625, 9.375, 12.5 ], "texture": "#gj" },
				"north": { "uv": [ 7.125, 13, 7, 14.5 ], "texture": "#gj" },
				"south": { "uv": [ 7.125, 13, 7.25, 14.5 ], "texture": "#gj" },
				"west": { "uv": [ 5.5, 8.25, 5.625, 9.75 ], "texture": "#gj" },
				"east": { "uv": [ 7.375, 13, 7.25, 14.5 ], "texture": "#gj" }
			}
		},
		{
			"__comment": "Voxels",
			"from": [ -2, 2.5, 2.25 ],
			"to": [ -1, 2.75, 2.5 ],
			"faces": {
				"down": { "uv": [ 9.125, 15.25, 9.625, 15.375 ], "texture": "#gj" },
				"up": { "uv": [ 9.625, 15.375, 10.125, 15.25 ], "texture": "#gj" },
				"north": { "uv": [ 10.625, 15.25, 10.125, 15.375 ], "texture": "#gj" },
				"south": { "uv": [ 10.625, 15.25, 11.125, 15.375 ], "texture": "#gj" },
				"west": { "uv": [ 9.25, 12.875, 9.375, 13 ], "texture": "#gj" },
				"east": { "uv": [ 9.375, 13, 9.25, 13.125 ], "texture": "#gj" }
			}
		},
		{
			"__comment": "Voxels",
			"from": [ -2, 3, 2 ],
			"to": [ -1.75, 5.75, 2.25 ],
			"faces": {
				"down": { "uv": [ 15.875, 14.625, 16, 14.75 ], "texture": "#gj" },
				"up": { "uv": [ 9.25, 13.375, 9.375, 13.25 ], "texture": "#gj" },
				"north": { "uv": [ 7.625, 10.875, 7.5, 12.25 ], "texture": "#gj" },
				"south": { "uv": [ 7.625, 10.875, 7.75, 12.25 ], "texture": "#gj" },
				"west": { "uv": [ 7.25, 10.875, 7.375, 12.25 ], "texture": "#gj" },
				"east": { "uv": [ 7.5, 10.875, 7.375, 12.25 ], "texture": "#gj" }
			}
		},
		{
			"__comment": "Voxels",
			"from": [ -2, 3.25, 2.25 ],
			"to": [ -1, 3.75, 2.5 ],
			"faces": {
				"down": { "uv": [ 12.125, 15.25, 12.625, 15.375 ], "texture": "#gj" },
				"up": { "uv": [ 12.625, 15.375, 13.125, 15.25 ], "texture": "#gj" },
				"north": { "uv": [ 7.75, 8.75, 7.25, 9 ], "texture": "#gj" },
				"south": { "uv": [ 7.25, 8.25, 7.75, 8.5 ], "texture": "#gj" },
				"west": { "uv": [ 9.125, 8, 9.25, 8.25 ], "texture": "#gj" },
				"east": { "uv": [ 9.375, 14.375, 9.25, 14.625 ], "texture": "#gj" }
			}
		},
		{
			"__comment": "Voxels",
			"from": [ -2, 4, 1.5 ],
			"to": [ -1, 5, 1.75 ],
			"faces": {
				"down": { "uv": [ 13.125, 15.25, 13.625, 15.375 ], "texture": "#gj" },
				"up": { "uv": [ 13.625, 15.375, 14.125, 15.25 ], "texture": "#gj" },
				"north": { "uv": [ 6.25, 8.125, 5.75, 8.625 ], "texture": "#gj" },
				"south": { "uv": [ 6.25, 14.75, 6.75, 15.25 ], "texture": "#gj" },
				"west": { "uv": [ 8.375, 10.25, 8.5, 10.75 ], "texture": "#gj" },
				"east": { "uv": [ 8.625, 10.25, 8.5, 10.75 ], "texture": "#gj" }
			}
		},
		{
			"__comment": "Voxels",
			"from": [ -2, 4.25, 2.25 ],
			"to": [ -1, 4.75, 2.5 ],
			"faces": {
				"down": { "uv": [ 14.125, 15.25, 14.625, 15.375 ], "texture": "#gj" },
				"up": { "uv": [ 14.625, 15.375, 15.125, 15.25 ], "texture": "#gj" },
				"north": { "uv": [ 8, 9.375, 7.5, 9.625 ], "texture": "#gj" },
				"south": { "uv": [ 7.25, 9, 7.75, 9.25 ], "texture": "#gj" },
				"west": { "uv": [ 5.5, 8, 5.625, 8.25 ], "texture": "#gj" },
				"east": { "uv": [ 5.75, 8, 5.625, 8.25 ], "texture": "#gj" }
			}
		},
		{
			"__comment": "Voxels",
			"from": [ -2, 5.5, 2.25 ],
			"to": [ -1, 6, 2.5 ],
			"faces": {
				"down": { "uv": [ 15.125, 15.25, 15.625, 15.375 ], "texture": "#gj" },
				"up": { "uv": [ 8.625, 15.25, 9.125, 15.125 ], "texture": "#gj" },
				"north": { "uv": [ 12, 15.625, 11.5, 15.875 ], "texture": "#gj" },
				"south": { "uv": [ 7.25, 8.5, 7.75, 8.75 ], "texture": "#gj" },
				"west": { "uv": [ 8.625, 11, 8.75, 11.25 ], "texture": "#gj" },
				"east": { "uv": [ 8.875, 11, 8.75, 11.25 ], "texture": "#gj" }
			}
		},
		{
			"__comment": "Voxels",
			"from": [ -2, 5.75, 1.5 ],
			"to": [ -1, 6, 1.75 ],
			"faces": {
				"down": { "uv": [ 9.125, 15.125, 9.625, 15.25 ], "texture": "#gj" },
				"up": { "uv": [ 9.625, 15.25, 10.125, 15.125 ], "texture": "#gj" },
				"north": { "uv": [ 10.625, 15.125, 10.125, 15.25 ], "texture": "#gj" },
				"south": { "uv": [ 10.625, 15.125, 11.125, 15.25 ], "texture": "#gj" },
				"west": { "uv": [ 15.75, 14.625, 15.875, 14.75 ], "texture": "#gj" },
				"east": { "uv": [ 10.25, 14.5, 10.125, 14.625 ], "texture": "#gj" }
			}
		},
		{
			"__comment": "Voxels",
			"from": [ -2, 5.75, 2.5 ],
			"to": [ -1, 6.25, 2.75 ],
			"faces": {
				"down": { "uv": [ 11.625, 15.125, 12.125, 15.25 ], "texture": "#gj" },
				"up": { "uv": [ 12.125, 15.25, 12.625, 15.125 ], "texture": "#gj" },
				"north": { "uv": [ 9.5, 15.625, 9, 15.875 ], "texture": "#gj" },
				"south": { "uv": [ 9.5, 15.625, 10, 15.875 ], "texture": "#gj" },
				"west": { "uv": [ 8.625, 10.75, 8.75, 11 ], "texture": "#gj" },
				"east": { "uv": [ 8.875, 10.75, 8.75, 11 ], "texture": "#gj" }
			}
		},
		{
			"__comment": "Voxels",
			"from": [ -2, 6, 1.25 ],
			"to": [ -1, 6.25, 1.5 ],
			"faces": {
				"down": { "uv": [ 12.625, 15.125, 13.125, 15.25 ], "texture": "#gj" },
				"up": { "uv": [ 13.125, 15.25, 13.625, 15.125 ], "texture": "#gj" },
				"north": { "uv": [ 14.125, 15.125, 13.625, 15.25 ], "texture": "#gj" },
				"south": { "uv": [ 14.125, 15.125, 14.625, 15.25 ], "texture": "#gj" },
				"west": { "uv": [ 10, 14.5, 10.125, 14.625 ], "texture": "#gj" },
				"east": { "uv": [ 11.25, 14.5, 11.125, 14.625 ], "texture": "#gj" }
			}
		},
		{
			"__comment": "Voxels",
			"from": [ -2, 6.25, 0.75 ],
			"to": [ -1, 6.5, 1.25 ],
			"faces": {
				"down": { "uv": [ 7.25, 8, 7.75, 8.25 ], "texture": "#gj" },
				"up": { "uv": [ 8, 15.875, 8.5, 15.625 ], "texture": "#gj" },
				"north": { "uv": [ 15.125, 15.125, 14.625, 15.25 ], "texture": "#gj" },
				"south": { "uv": [ 15.125, 15.125, 15.625, 15.25 ], "texture": "#gj" },
				"west": { "uv": [ 3, 8, 3.25, 8.125 ], "texture": "#gj" },
				"east": { "uv": [ 3.5, 8, 3.25, 8.125 ], "texture": "#gj" }
			}
		},
		{
			"__comment": "Voxels",
			"from": [ -2, 6.25, 2.75 ],
			"to": [ -1, 7, 3 ],
			"faces": {
				"down": { "uv": [ 8.625, 15, 9.125, 15.125 ], "texture": "#gj" },
				"up": { "uv": [ 9.125, 15.125, 9.625, 15 ], "texture": "#gj" },
				"north": { "uv": [ 7, 11.375, 6.5, 11.75 ], "texture": "#gj" },
				"south": { "uv": [ 6.5, 11.75, 7, 12.125 ], "texture": "#gj" },
				"west": { "uv": [ 8.625, 11.25, 8.75, 11.625 ], "texture": "#gj" },
				"east": { "uv": [ 8.875, 11.25, 8.75, 11.625 ], "texture": "#gj" }
			}
		},
		{
			"__comment": "Voxels",
			"from": [ -2, 6.25, 3 ],
			"to": [ -1, 6.5, 3.25 ],
			"faces": {
				"down": { "uv": [ 9.625, 15, 10.125, 15.125 ], "texture": "#gj" },
				"up": { "uv": [ 10.125, 15.125, 10.625, 15 ], "texture": "#gj" },
				"north": { "uv": [ 11.125, 15, 10.625, 15.125 ], "texture": "#gj" },
				"south": { "uv": [ 11.125, 15, 11.625, 15.125 ], "texture": "#gj" },
				"west": { "uv": [ 11, 14.5, 11.125, 14.625 ], "texture": "#gj" },
				"east": { "uv": [ 9.375, 13.125, 9.25, 13.25 ], "texture": "#gj" }
			}
		},
		{
			"__comment": "Voxels",
			"from": [ -2, 6.5, 1 ],
			"to": [ -1, 7.5, 1.5 ],
			"faces": {
				"down": { "uv": [ 3.5, 8, 4, 8.25 ], "texture": "#gj" },
				"up": { "uv": [ 2.5, 8.25, 3, 8 ], "texture": "#gj" },
				"north": { "uv": [ 0.5, 8, 0, 8.5 ], "texture": "#gj" },
				"south": { "uv": [ 0.5, 8, 1, 8.5 ], "texture": "#gj" },
				"west": { "uv": [ 7.75, 10.375, 8, 10.875 ], "texture": "#gj" },
				"east": { "uv": [ 7, 14.75, 6.75, 15.25 ], "texture": "#gj" }
			}
		},
		{
			"__comment": "Voxels",
			"from": [ -2, 6.5, 2.5 ],
			"to": [ -1, 7, 2.75 ],
			"faces": {
				"down": { "uv": [ 11.625, 15, 12.125, 15.125 ], "texture": "#gj" },
				"up": { "uv": [ 12.125, 15.125, 12.625, 15 ], "texture": "#gj" },
				"north": { "uv": [ 11.5, 15.625, 11, 15.875 ], "texture": "#gj" },
				"south": { "uv": [ 8.5, 15.625, 9, 15.875 ], "texture": "#gj" },
				"west": { "uv": [ 9.125, 8.25, 9.25, 8.5 ], "texture": "#gj" },
				"east": { "uv": [ 8.75, 10.5, 8.625, 10.75 ], "texture": "#gj" }
			}
		},
		{
			"__comment": "Voxels",
			"from": [ -2, 7, 2.5 ],
			"to": [ -1.25, 8.25, 2.75 ],
			"faces": {
				"down": { "uv": [ 14, 14.875, 14.375, 15 ], "texture": "#gj" },
				"up": { "uv": [ 14.375, 15, 14.75, 14.875 ], "texture": "#gj" },
				"north": { "uv": [ 6.625, 12.5, 6.25, 13.125 ], "texture": "#gj" },
				"south": { "uv": [ 6.625, 13.125, 7, 13.75 ], "texture": "#gj" },
				"west": { "uv": [ 8.25, 10.5, 8.375, 11.125 ], "texture": "#gj" },
				"east": { "uv": [ 8.375, 11.125, 8.25, 11.75 ], "texture": "#gj" }
			}
		},
		{
			"__comment": "Voxels",
			"from": [ -2, 7.25, 1.5 ],
			"to": [ -1, 18.75, 1.75 ],
			"faces": {
				"down": { "uv": [ 12.625, 15, 13.125, 15.125 ], "texture": "#gj" },
				"up": { "uv": [ 13.125, 15.125, 13.625, 15 ], "texture": "#gj" },
				"north": { "uv": [ 1.5, 10.25, 1, 16 ], "texture": "#gj" },
				"south": { "uv": [ 1.5, 10.25, 2, 16 ], "texture": "#gj" },
				"west": { "uv": [ 4.875, 10.25, 5, 16 ], "texture": "#gj" },
				"east": { "uv": [ 4.875, 10.25, 4.75, 16 ], "texture": "#gj" }
			}
		},
		{
			"__comment": "Voxels",
			"from": [ -2, 7.25, 1.75 ],
			"to": [ -1, 18.25, 2 ],
			"faces": {
				"down": { "uv": [ 13.625, 15, 14.125, 15.125 ], "texture": "#gj" },
				"up": { "uv": [ 14.125, 15.125, 14.625, 15 ], "texture": "#gj" },
				"north": { "uv": [ 2.5, 10.5, 2, 16 ], "texture": "#gj" },
				"south": { "uv": [ 2.5, 10.5, 3, 16 ], "texture": "#gj" },
				"west": { "uv": [ 5, 10.5, 5.125, 16 ], "texture": "#gj" },
				"east": { "uv": [ 5.25, 10.5, 5.125, 16 ], "texture": "#gj" }
			}
		},
		{
			"__comment": "Voxels",
			"from": [ -2, 7.25, 2 ],
			"to": [ -1, 12.75, 2.25 ],
			"faces": {
				"down": { "uv": [ 14.625, 15, 15.125, 15.125 ], "texture": "#gj" },
				"up": { "uv": [ 15.125, 15.125, 15.625, 15 ], "texture": "#gj" },
				"north": { "uv": [ 4, 10.5, 3.5, 13.25 ], "texture": "#gj" },
				"south": { "uv": [ 3.5, 13.25, 4, 16 ], "texture": "#gj" },
				"west": { "uv": [ 5.875, 11.75, 6, 14.5 ], "texture": "#gj" },
				"east": { "uv": [ 5.875, 11.75, 5.75, 14.5 ], "texture": "#gj" }
			}
		},
		{
			"__comment": "Voxels",
			"from": [ -2, 7.25, 2.25 ],
			"to": [ -1, 10.25, 2.5 ],
			"faces": {
				"down": { "uv": [ 8.875, 14.875, 9.375, 15 ], "texture": "#gj" },
				"up": { "uv": [ 9.375, 15, 9.875, 14.875 ], "texture": "#gj" },
				"north": { "uv": [ 1, 8.5, 0.5, 10 ], "texture": "#gj" },
				"south": { "uv": [ 0, 8.5, 0.5, 10 ], "texture": "#gj" },
				"west": { "uv": [ 5.625, 8.25, 5.75, 9.75 ], "texture": "#gj" },
				"east": { "uv": [ 6.375, 8.625, 6.25, 10.125 ], "texture": "#gj" }
			}
		},
		{
			"__comment": "Voxels",
			"from": [ -2, 7.5, 1.25 ],
			"to": [ -1, 19.5, 1.5 ],
			"faces": {
				"down": { "uv": [ 1.5, 8, 2, 8.125 ], "texture": "#gj" },
				"up": { "uv": [ 5.75, 8.125, 6.25, 8 ], "texture": "#gj" },
				"north": { "uv": [ 0.5, 10, 0, 16 ], "texture": "#gj" },
				"south": { "uv": [ 0.5, 10, 1, 16 ], "texture": "#gj" },
				"west": { "uv": [ 4.625, 10, 4.75, 16 ], "texture": "#gj" },
				"east": { "uv": [ 4.625, 10, 4.5, 16 ], "texture": "#gj" }
			}
		},
		{
			"__comment": "Voxels",
			"from": [ -2, 12.5, 1 ],
			"to": [ -1, 18.75, 1.25 ],
			"faces": {
				"down": { "uv": [ 7.5, 9.25, 8, 9.375 ], "texture": "#gj" },
				"up": { "uv": [ 15.5, 16, 16, 15.875 ], "texture": "#gj" },
				"north": { "uv": [ 3.5, 12.875, 3, 16 ], "texture": "#gj" },
				"south": { "uv": [ 3, 9.75, 3.5, 12.875 ], "texture": "#gj" },
				"west": { "uv": [ 5.625, 12.875, 5.75, 16 ], "texture": "#gj" },
				"east": { "uv": [ 5.75, 9.75, 5.625, 12.875 ], "texture": "#gj" }
			}
		},
		{
			"__comment": "Voxels",
			"from": [ -2, 13.75, 0.75 ],
			"to": [ -1, 18, 1 ],
			"faces": {
				"down": { "uv": [ 10.125, 15.375, 10.625, 15.5 ], "texture": "#gj" },
				"up": { "uv": [ 10.625, 15.5, 11.125, 15.375 ], "texture": "#gj" },
				"north": { "uv": [ 1.5, 8.125, 1, 10.25 ], "texture": "#gj" },
				"south": { "uv": [ 1.5, 8.125, 2, 10.25 ], "texture": "#gj" },
				"west": { "uv": [ 6, 9.625, 6.125, 11.75 ], "texture": "#gj" },
				"east": { "uv": [ 6, 9.625, 5.875, 11.75 ], "texture": "#gj" }
			}
		},
		{
			"__comment": "Voxels",
			"from": [ -2, 15.25, 0.5 ],
			"to": [ -1, 16.75, 0.75 ],
			"faces": {
				"down": { "uv": [ 11.125, 15.125, 11.625, 15.25 ], "texture": "#gj" },
				"up": { "uv": [ 11.125, 15.5, 11.625, 15.375 ], "texture": "#gj" },
				"north": { "uv": [ 6.25, 15.25, 5.75, 16 ], "texture": "#gj" },
				"south": { "uv": [ 5.75, 14.5, 6.25, 15.25 ], "texture": "#gj" },
				"west": { "uv": [ 8, 11.5, 8.125, 12.25 ], "texture": "#gj" },
				"east": { "uv": [ 8.25, 11.5, 8.125, 12.25 ], "texture": "#gj" }
			}
		},
		{
			"__comment": "Voxels",
			"from": [ -2, 15.25, 2 ],
			"to": [ -1, 17.5, 2.25 ],
			"faces": {
				"down": { "uv": [ 9.125, 15.375, 9.625, 15.5 ], "texture": "#gj" },
				"up": { "uv": [ 9.625, 15.5, 10.125, 15.375 ], "texture": "#gj" },
				"north": { "uv": [ 3, 8.25, 2.5, 9.375 ], "texture": "#gj" },
				"south": { "uv": [ 2.5, 9.375, 3, 10.5 ], "texture": "#gj" },
				"west": { "uv": [ 7.125, 8.125, 7.25, 9.25 ], "texture": "#gj" },
				"east": { "uv": [ 7.125, 8.5, 7, 9.625 ], "texture": "#gj" }
			}
		},
		{
			"__comment": "Voxels",
			"from": [ -2, 17, 2.25 ],
			"to": [ -1, 17.25, 2.5 ],
			"faces": {
				"down": { "uv": [ 1, 8, 1.5, 8.125 ], "texture": "#gj" },
				"up": { "uv": [ 8.625, 15.375, 9.125, 15.25 ], "texture": "#gj" },
				"north": { "uv": [ 11.625, 15.25, 11.125, 15.375 ], "texture": "#gj" },
				"south": { "uv": [ 11.625, 15.25, 12.125, 15.375 ], "texture": "#gj" },
				"west": { "uv": [ 15.375, 14.625, 15.5, 14.75 ], "texture": "#gj" },
				"east": { "uv": [ 15.375, 14.625, 15.25, 14.75 ], "texture": "#gj" }
			}
		},
		{
			"__comment": "Voxels",
			"from": [ -1.75, 2, 1.25 ],
			"to": [ -1.25, 2.25, 1.5 ],
			"faces": {
				"down": { "uv": [ 12.875, 14.75, 13.125, 14.875 ], "texture": "#gj" },
				"up": { "uv": [ 12.625, 14.875, 12.875, 14.75 ], "texture": "#gj" },
				"north": { "uv": [ 12.625, 14.75, 12.375, 14.875 ], "texture": "#gj" },
				"south": { "uv": [ 12.125, 14.75, 12.375, 14.875 ], "texture": "#gj" },
				"west": { "uv": [ 9.25, 8.375, 9.375, 8.5 ], "texture": "#gj" },
				"east": { "uv": [ 9.375, 8.5, 9.25, 8.625 ], "texture": "#gj" }
			}
		},
		{
			"__comment": "Voxels",
			"from": [ -1.75, 2, 2 ],
			"to": [ -1.25, 2.25, 2.25 ],
			"faces": {
				"down": { "uv": [ 10.875, 14.75, 11.125, 14.875 ], "texture": "#gj" },
				"up": { "uv": [ 10.625, 14.875, 10.875, 14.75 ], "texture": "#gj" },
				"north": { "uv": [ 9.875, 14.75, 9.625, 14.875 ], "texture": "#gj" },
				"south": { "uv": [ 9.375, 14.75, 9.625, 14.875 ], "texture": "#gj" },
				"west": { "uv": [ 8.5, 9.25, 8.625, 9.375 ], "texture": "#gj" },
				"east": { "uv": [ 7.25, 8, 7.125, 8.125 ], "texture": "#gj" }
			}
		},
		{
			"__comment": "Voxels",
			"from": [ -1.75, 2.25, 2.25 ],
			"to": [ -1.25, 2.5, 2.5 ],
			"faces": {
				"down": { "uv": [ 8.875, 8.125, 9.125, 8.25 ], "texture": "#gj" },
				"up": { "uv": [ 8.875, 8.375, 9.125, 8.25 ], "texture": "#gj" },
				"north": { "uv": [ 9.125, 8.625, 8.875, 8.75 ], "texture": "#gj" },
				"south": { "uv": [ 8.875, 8.75, 9.125, 8.875 ], "texture": "#gj" },
				"west": { "uv": [ 9.875, 14.5, 10, 14.625 ], "texture": "#gj" },
				"east": { "uv": [ 9.875, 14.5, 9.75, 14.625 ], "texture": "#gj" }
			}
		},
		{
			"__comment": "Voxels",
			"from": [ -1.75, 2.5, 1.25 ],
			"to": [ -1.25, 2.75, 1.5 ],
			"faces": {
				"down": { "uv": [ 8.875, 9.125, 9.125, 9.25 ], "texture": "#gj" },
				"up": { "uv": [ 8.875, 9.375, 9.125, 9.25 ], "texture": "#gj" },
				"north": { "uv": [ 9.125, 9.375, 8.875, 9.5 ], "texture": "#gj" },
				"south": { "uv": [ 8.875, 9.5, 9.125, 9.625 ], "texture": "#gj" },
				"west": { "uv": [ 15.875, 14.75, 16, 14.875 ], "texture": "#gj" },
				"east": { "uv": [ 16, 14.875, 15.875, 15 ], "texture": "#gj" }
			}
		},
		{
			"__comment": "Voxels",
			"from": [ -1.75, 2.75, 1.5 ],
			"to": [ -1.25, 3, 2 ],
			"faces": {
				"down": { "uv": [ 8.375, 8.25, 8.625, 8.5 ], "texture": "#gj" },
				"up": { "uv": [ 8.625, 15, 8.875, 14.75 ], "texture": "#gj" },
				"north": { "uv": [ 9.125, 10.125, 8.875, 10.25 ], "texture": "#gj" },
				"south": { "uv": [ 8.875, 10.25, 9.125, 10.375 ], "texture": "#gj" },
				"west": { "uv": [ 8.875, 10.375, 9.125, 10.5 ], "texture": "#gj" },
				"east": { "uv": [ 9.125, 10.5, 8.875, 10.625 ], "texture": "#gj" }
			}
		},
		{
			"__comment": "Voxels",
			"from": [ -1.75, 2.75, 2.25 ],
			"to": [ -1.25, 3.25, 2.5 ],
			"faces": {
				"down": { "uv": [ 8.875, 10.875, 9.125, 11 ], "texture": "#gj" },
				"up": { "uv": [ 8.875, 11.125, 9.125, 11 ], "texture": "#gj" },
				"north": { "uv": [ 8.875, 14.5, 8.625, 14.75 ], "texture": "#gj" },
				"south": { "uv": [ 8.625, 14.25, 8.875, 14.5 ], "texture": "#gj" },
				"west": { "uv": [ 9, 11.375, 9.125, 11.625 ], "texture": "#gj" },
				"east": { "uv": [ 9, 11.375, 8.875, 11.625 ], "texture": "#gj" }
			}
		},
		{
			"__comment": "Voxels",
			"from": [ -1.75, 3, 1.75 ],
			"to": [ -1, 4.25, 2 ],
			"faces": {
				"down": { "uv": [ 13.625, 14.875, 14, 15 ], "texture": "#gj" },
				"up": { "uv": [ 14.75, 15, 15.125, 14.875 ], "texture": "#gj" },
				"north": { "uv": [ 6.625, 13.125, 6.25, 13.75 ], "texture": "#gj" },
				"south": { "uv": [ 6.625, 12.5, 7, 13.125 ], "texture": "#gj" },
				"west": { "uv": [ 8.25, 8, 8.375, 8.625 ], "texture": "#gj" },
				"east": { "uv": [ 8.5, 13.25, 8.375, 13.875 ], "texture": "#gj" }
			}
		},
		{
			"__comment": "Voxels",
			"from": [ -1.75, 3.25, 2.5 ],
			"to": [ -1.25, 3.75, 2.75 ],
			"faces": {
				"down": { "uv": [ 8.875, 11.875, 9.125, 12 ], "texture": "#gj" },
				"up": { "uv": [ 8.875, 12.125, 9.125, 12 ], "texture": "#gj" },
				"north": { "uv": [ 8.625, 10, 8.375, 10.25 ], "texture": "#gj" },
				"south": { "uv": [ 7.75, 12.5, 8, 12.75 ], "texture": "#gj" },
				"west": { "uv": [ 8.625, 10.25, 8.75, 10.5 ], "texture": "#gj" },
				"east": { "uv": [ 8.875, 10.5, 8.75, 10.75 ], "texture": "#gj" }
			}
		},
		{
			"__comment": "Voxels",
			"from": [ -1.75, 3.5, 1.5 ],
			"to": [ -1.25, 4, 1.75 ],
			"faces": {
				"down": { "uv": [ 11, 14.625, 11.25, 14.75 ], "texture": "#gj" },
				"up": { "uv": [ 14.875, 14.875, 15.125, 14.75 ], "texture": "#gj" },
				"north": { "uv": [ 8, 9, 7.75, 9.25 ], "texture": "#gj" },
				"south": { "uv": [ 6.75, 13.75, 7, 14 ], "texture": "#gj" },
				"west": { "uv": [ 8.75, 10.25, 8.875, 10.5 ], "texture": "#gj" },
				"east": { "uv": [ 8.75, 9.75, 8.625, 10 ], "texture": "#gj" }
			}
		},
		{
			"__comment": "Voxels",
			"from": [ -1.75, 3.75, 2 ],
			"to": [ -1, 4, 2.25 ],
			"faces": {
				"down": { "uv": [ 15.625, 15.25, 16, 15.375 ], "texture": "#gj" },
				"up": { "uv": [ 13.25, 15, 13.625, 14.875 ], "texture": "#gj" },
				"north": { "uv": [ 11, 14.875, 10.625, 15 ], "texture": "#gj" },
				"south": { "uv": [ 15.625, 15, 16, 15.125 ], "texture": "#gj" },
				"west": { "uv": [ 10.375, 14.5, 10.5, 14.625 ], "texture": "#gj" },
				"east": { "uv": [ 10.375, 14.5, 10.25, 14.625 ], "texture": "#gj" }
			}
		},
		{
			"__comment": "Voxels",
			"from": [ -1.75, 3.75, 2.25 ],
			"to": [ -1.25, 4.25, 2.5 ],
			"faces": {
				"down": { "uv": [ 8.875, 13.5, 9.125, 13.625 ], "texture": "#gj" },
				"up": { "uv": [ 8.875, 12.5, 9.125, 12.375 ], "texture": "#gj" },
				"north": { "uv": [ 8.625, 8, 8.375, 8.25 ], "texture": "#gj" },
				"south": { "uv": [ 8.375, 8.75, 8.625, 9 ], "texture": "#gj" },
				"west": { "uv": [ 9, 13, 9.125, 13.25 ], "texture": "#gj" },
				"east": { "uv": [ 9.25, 14.5, 9.125, 14.75 ], "texture": "#gj" }
			}
		},
		{
			"__comment": "Voxels",
			"from": [ -1.75, 4.25, 1.25 ],
			"to": [ -1.25, 5, 1.5 ],
			"faces": {
				"down": { "uv": [ 9.875, 14.75, 10.125, 14.875 ], "texture": "#gj" },
				"up": { "uv": [ 14.625, 14.875, 14.875, 14.75 ], "texture": "#gj" },
				"north": { "uv": [ 8.25, 10.75, 8, 11.125 ], "texture": "#gj" },
				"south": { "uv": [ 8, 10.375, 8.25, 10.75 ], "texture": "#gj" },
				"west": { "uv": [ 7.875, 14.125, 8, 14.5 ], "texture": "#gj" },
				"east": { "uv": [ 8.875, 12.75, 8.75, 13.125 ], "texture": "#gj" }
			}
		},
		{
			"__comment": "Voxels",
			"from": [ -1.75, 4.5, 2 ],
			"to": [ -1, 5.25, 2.25 ],
			"faces": {
				"down": { "uv": [ 12.125, 14.875, 12.5, 15 ], "texture": "#gj" },
				"up": { "uv": [ 12.5, 15, 12.875, 14.875 ], "texture": "#gj" },
				"north": { "uv": [ 7.75, 13, 7.375, 13.375 ], "texture": "#gj" },
				"south": { "uv": [ 7.625, 9.875, 8, 10.25 ], "texture": "#gj" },
				"west": { "uv": [ 8.75, 13.125, 8.875, 13.5 ], "texture": "#gj" },
				"east": { "uv": [ 8.75, 12.75, 8.625, 13.125 ], "texture": "#gj" }
			}
		},
		{
			"__comment": "Voxels",
			"from": [ -1.75, 4.75, 1.75 ],
			"to": [ -1, 5.25, 2 ],
			"faces": {
				"down": { "uv": [ 11, 14.875, 11.375, 15 ], "texture": "#gj" },
				"up": { "uv": [ 11.75, 15, 12.125, 14.875 ], "texture": "#gj" },
				"north": { "uv": [ 7.625, 9.625, 7.25, 9.875 ], "texture": "#gj" },
				"south": { "uv": [ 7.625, 9.625, 8, 9.875 ], "texture": "#gj" },
				"west": { "uv": [ 8.625, 10, 8.75, 10.25 ], "texture": "#gj" },
				"east": { "uv": [ 8.875, 10, 8.75, 10.25 ], "texture": "#gj" }
			}
		},
		{
			"__comment": "Voxels",
			"from": [ -1.75, 4.75, 2.25 ],
			"to": [ -1.25, 5.5, 2.5 ],
			"faces": {
				"down": { "uv": [ 6, 11.75, 6.25, 11.875 ], "texture": "#gj" },
				"up": { "uv": [ 7.75, 11, 8, 10.875 ], "texture": "#gj" },
				"north": { "uv": [ 8.25, 10, 8, 10.375 ], "texture": "#gj" },
				"south": { "uv": [ 8, 9.625, 8.25, 10 ], "texture": "#gj" },
				"west": { "uv": [ 8.625, 13.5, 8.75, 13.875 ], "texture": "#gj" },
				"east": { "uv": [ 8.625, 9.375, 8.5, 9.75 ], "texture": "#gj" }
			}
		},
		{
			"__comment": "Voxels",
			"from": [ -1.75, 5, 1.5 ],
			"to": [ -1.25, 5.5, 1.75 ],
			"faces": {
				"down": { "uv": [ 7.75, 10.25, 8, 10.375 ], "texture": "#gj" },
				"up": { "uv": [ 8, 8.125, 8.25, 8 ], "texture": "#gj" },
				"north": { "uv": [ 8, 8.25, 7.75, 8.5 ], "texture": "#gj" },
				"south": { "uv": [ 8.375, 13, 8.625, 13.25 ], "texture": "#gj" },
				"west": { "uv": [ 8.75, 9.75, 8.875, 10 ], "texture": "#gj" },
				"east": { "uv": [ 8.75, 9.5, 8.625, 9.75 ], "texture": "#gj" }
			}
		},
		{
			"__comment": "Voxels",
			"from": [ -1.75, 5.5, 1.75 ],
			"to": [ -1.25, 5.75, 2.25 ],
			"faces": {
				"down": { "uv": [ 8.375, 11, 8.625, 11.25 ], "texture": "#gj" },
				"up": { "uv": [ 8.375, 11, 8.625, 10.75 ], "texture": "#gj" },
				"north": { "uv": [ 16, 15.5, 15.75, 15.625 ], "texture": "#gj" },
				"south": { "uv": [ 8.625, 9.375, 8.875, 9.5 ], "texture": "#gj" },
				"west": { "uv": [ 8.625, 9.25, 8.875, 9.375 ], "texture": "#gj" },
				"east": { "uv": [ 8.875, 9.125, 8.625, 9.25 ], "texture": "#gj" }
			}
		},
		{
			"__comment": "Voxels",
			"from": [ -1.75, 5.5, 2.5 ],
			"to": [ -1.25, 5.75, 2.75 ],
			"faces": {
				"down": { "uv": [ 8.625, 9, 8.875, 9.125 ], "texture": "#gj" },
				"up": { "uv": [ 8.625, 9, 8.875, 8.875 ], "texture": "#gj" },
				"north": { "uv": [ 8.875, 8.75, 8.625, 8.875 ], "texture": "#gj" },
				"south": { "uv": [ 8.625, 8.625, 8.875, 8.75 ], "texture": "#gj" },
				"west": { "uv": [ 9.25, 10.875, 9.375, 11 ], "texture": "#gj" },
				"east": { "uv": [ 9.375, 11, 9.25, 11.125 ], "texture": "#gj" }
			}
		},
		{
			"__comment": "Voxels",
			"from": [ -1.75, 5.75, 1.25 ],
			"to": [ -1.25, 6, 1.5 ],
			"faces": {
				"down": { "uv": [ 8.625, 8.5, 8.875, 8.625 ], "texture": "#gj" },
				"up": { "uv": [ 8.625, 8.5, 8.875, 8.375 ], "texture": "#gj" },
				"north": { "uv": [ 8.875, 8.25, 8.625, 8.375 ], "texture": "#gj" },
				"south": { "uv": [ 8.625, 8.125, 8.875, 8.25 ], "texture": "#gj" },
				"west": { "uv": [ 9.25, 12.125, 9.375, 12.25 ], "texture": "#gj" },
				"east": { "uv": [ 9.375, 12.25, 9.25, 12.375 ], "texture": "#gj" }
			}
		},
		{
			"__comment": "Voxels",
			"from": [ -1.75, 6, 0.75 ],
			"to": [ -1.25, 6.25, 1.25 ],
			"faces": {
				"down": { "uv": [ 7.75, 12.25, 8, 12.5 ], "texture": "#gj" },
				"up": { "uv": [ 7.75, 8.75, 8, 8.5 ], "texture": "#gj" },
				"north": { "uv": [ 8.875, 8, 8.625, 8.125 ], "texture": "#gj" },
				"south": { "uv": [ 15.125, 14.875, 15.375, 15 ], "texture": "#gj" },
				"west": { "uv": [ 15.375, 14.875, 15.625, 15 ], "texture": "#gj" },
				"east": { "uv": [ 15.875, 14.875, 15.625, 15 ], "texture": "#gj" }
			}
		},
		{
			"__comment": "Voxels",
			"from": [ -1.75, 6, 2.75 ],
			"to": [ -1.25, 6.25, 3 ],
			"faces": {
				"down": { "uv": [ 8.875, 14.75, 9.125, 14.875 ], "texture": "#gj" },
				"up": { "uv": [ 8.875, 14.75, 9.125, 14.625 ], "texture": "#gj" },
				"north": { "uv": [ 9.125, 14.5, 8.875, 14.625 ], "texture": "#gj" },
				"south": { "uv": [ 8.875, 14.375, 9.125, 14.5 ], "texture": "#gj" },
				"west": { "uv": [ 9.25, 11.5, 9.375, 11.625 ], "texture": "#gj" },
				"east": { "uv": [ 11, 14.5, 10.875, 14.625 ], "texture": "#gj" }
			}
		},
		{
			"__comment": "Voxels",
			"from": [ -1.75, 6.25, 0 ],
			"to": [ -1.25, 6.5, 0.75 ],
			"faces": {
				"down": { "uv": [ 8, 9.25, 8.25, 9.625 ], "texture": "#gj" },
				"up": { "uv": [ 8, 9.25, 8.25, 8.875 ], "texture": "#gj" },
				"north": { "uv": [ 9.125, 14.25, 8.875, 14.375 ], "texture": "#gj" },
				"south": { "uv": [ 8.875, 14.125, 9.125, 14.25 ], "texture": "#gj" },
				"west": { "uv": [ 15.625, 15.375, 16, 15.5 ], "texture": "#gj" },
				"east": { "uv": [ 16, 15.125, 15.625, 15.25 ], "texture": "#gj" }
			}
		},
		{
			"__comment": "Voxels",
			"from": [ -1.75, 6.5, 0.25 ],
			"to": [ -1.25, 6.75, 1 ],
			"faces": {
				"down": { "uv": [ 8, 8.5, 8.25, 8.875 ], "texture": "#gj" },
				"up": { "uv": [ 8, 8.5, 8.25, 8.125 ], "texture": "#gj" },
				"north": { "uv": [ 9.125, 14, 8.875, 14.125 ], "texture": "#gj" },
				"south": { "uv": [ 8.875, 13.875, 9.125, 14 ], "texture": "#gj" },
				"west": { "uv": [ 12.875, 14.875, 13.25, 15 ], "texture": "#gj" },
				"east": { "uv": [ 11.75, 14.875, 11.375, 15 ], "texture": "#gj" }
			}
		},
		{
			"__comment": "Voxels",
			"from": [ -1.75, 6.5, 3 ],
			"to": [ -1.25, 8, 3.25 ],
			"faces": {
				"down": { "uv": [ 8.875, 13.75, 9.125, 13.875 ], "texture": "#gj" },
				"up": { "uv": [ 8.875, 13.75, 9.125, 13.625 ], "texture": "#gj" },
				"north": { "uv": [ 6.5, 11.375, 6.25, 12.125 ], "texture": "#gj" },
				"south": { "uv": [ 6.375, 9.375, 6.625, 10.125 ], "texture": "#gj" },
				"west": { "uv": [ 8.25, 14.75, 8.375, 15.5 ], "texture": "#gj" },
				"east": { "uv": [ 8.375, 14, 8.25, 14.75 ], "texture": "#gj" }
			}
		},
		{
			"__comment": "Voxels",
			"from": [ -1.75, 6.5, 3.25 ],
			"to": [ -1.25, 7, 3.5 ],
			"faces": {
				"down": { "uv": [ 8.875, 13.375, 9.125, 13.5 ], "texture": "#gj" },
				"up": { "uv": [ 8.875, 13.375, 9.125, 13.25 ], "texture": "#gj" },
				"north": { "uv": [ 8, 12.75, 7.75, 13 ], "texture": "#gj" },
				"south": { "uv": [ 8.375, 9, 8.625, 9.25 ], "texture": "#gj" },
				"west": { "uv": [ 8.75, 9.5, 8.875, 9.75 ], "texture": "#gj" },
				"east": { "uv": [ 9, 13, 8.875, 13.25 ], "texture": "#gj" }
			}
		},
		{
			"__comment": "Voxels",
			"from": [ -1.75, 6.5, 3.5 ],
			"to": [ -1.25, 6.75, 3.75 ],
			"faces": {
				"down": { "uv": [ 8.875, 12.875, 9.125, 13 ], "texture": "#gj" },
				"up": { "uv": [ 8.875, 12.875, 9.125, 12.75 ], "texture": "#gj" },
				"north": { "uv": [ 9.125, 12.625, 8.875, 12.75 ], "texture": "#gj" },
				"south": { "uv": [ 8.875, 12.5, 9.125, 12.625 ], "texture": "#gj" },
				"west": { "uv": [ 10.75, 14.5, 10.875, 14.625 ], "texture": "#gj" },
				"east": { "uv": [ 9.375, 11.375, 9.25, 11.5 ], "texture": "#gj" }
			}
		},
		{
			"__comment": "Voxels",
			"from": [ -1.75, 6.75, 0.5 ],
			"to": [ -1.25, 7.5, 1 ],
			"faces": {
				"down": { "uv": [ 8.375, 9.75, 8.625, 10 ], "texture": "#gj" },
				"up": { "uv": [ 8.375, 11.5, 8.625, 11.25 ], "texture": "#gj" },
				"north": { "uv": [ 8.625, 15, 8.375, 15.375 ], "texture": "#gj" },
				"south": { "uv": [ 8.375, 14.625, 8.625, 15 ], "texture": "#gj" },
				"west": { "uv": [ 8.375, 14.25, 8.625, 14.625 ], "texture": "#gj" },
				"east": { "uv": [ 8.625, 13.875, 8.375, 14.25 ], "texture": "#gj" }
			}
		},
		{
			"__comment": "Voxels",
			"from": [ -1.75, 7, 2.75 ],
			"to": [ -1.25, 10.25, 3 ],
			"faces": {
				"down": { "uv": [ 8.875, 12.25, 9.125, 12.375 ], "texture": "#gj" },
				"up": { "uv": [ 8.875, 12.25, 9.125, 12.125 ], "texture": "#gj" },
				"north": { "uv": [ 3.25, 8.125, 3, 9.75 ], "texture": "#gj" },
				"south": { "uv": [ 3.25, 8.125, 3.5, 9.75 ], "texture": "#gj" },
				"west": { "uv": [ 4.625, 8.375, 4.75, 10 ], "texture": "#gj" },
				"east": { "uv": [ 4.625, 8.375, 4.5, 10 ], "texture": "#gj" }
			}
		},
		{
			"__comment": "Voxels",
			"from": [ -1.75, 7.5, 0.75 ],
			"to": [ -1.25, 13.75, 1 ],
			"faces": {
				"down": { "uv": [ 8.875, 11.75, 9.125, 11.875 ], "texture": "#gj" },
				"up": { "uv": [ 8.875, 11.75, 9.125, 11.625 ], "texture": "#gj" },
				"north": { "uv": [ 4.5, 12.875, 4.25, 16 ], "texture": "#gj" },
				"south": { "uv": [ 4.25, 9.75, 4.5, 12.875 ], "texture": "#gj" },
				"west": { "uv": [ 5.5, 9.75, 5.625, 12.875 ], "texture": "#gj" },
				"east": { "uv": [ 5.625, 12.875, 5.5, 16 ], "texture": "#gj" }
			}
		},
		{
			"__comment": "Voxels",
			"from": [ -1.75, 7.5, 1 ],
			"to": [ -1.25, 12.5, 1.25 ],
			"faces": {
				"down": { "uv": [ 8.875, 11.25, 9.125, 11.375 ], "texture": "#gj" },
				"up": { "uv": [ 8.875, 11.25, 9.125, 11.125 ], "texture": "#gj" },
				"north": { "uv": [ 2.25, 8, 2, 10.5 ], "texture": "#gj" },
				"south": { "uv": [ 2.25, 8, 2.5, 10.5 ], "texture": "#gj" },
				"west": { "uv": [ 5.125, 8, 5.25, 10.5 ], "texture": "#gj" },
				"east": { "uv": [ 5.125, 8, 5, 10.5 ], "texture": "#gj" }
			}
		},
		{
			"__comment": "Voxels",
			"from": [ -1.75, 8.25, 2.5 ],
			"to": [ -1.25, 12.75, 2.75 ],
			"faces": {
				"down": { "uv": [ 8.875, 10.75, 9.125, 10.875 ], "texture": "#gj" },
				"up": { "uv": [ 8.875, 10.75, 9.125, 10.625 ], "texture": "#gj" },
				"north": { "uv": [ 3.75, 8.25, 3.5, 10.5 ], "texture": "#gj" },
				"south": { "uv": [ 3.75, 8.25, 4, 10.5 ], "texture": "#gj" },
				"west": { "uv": [ 4.875, 8, 5, 10.25 ], "texture": "#gj" },
				"east": { "uv": [ 4.875, 8, 4.75, 10.25 ], "texture": "#gj" }
			}
		},
		{
			"__comment": "Voxels",
			"from": [ -1.75, 10.25, 2.25 ],
			"to": [ -1.25, 17, 2.5 ],
			"faces": {
				"down": { "uv": [ 8.875, 10, 9.125, 10.125 ], "texture": "#gj" },
				"up": { "uv": [ 8.875, 10, 9.125, 9.875 ], "texture": "#gj" },
				"north": { "uv": [ 4.25, 12.625, 4, 16 ], "texture": "#gj" },
				"south": { "uv": [ 4, 9.25, 4.25, 12.625 ], "texture": "#gj" },
				"west": { "uv": [ 5.375, 8.375, 5.5, 11.75 ], "texture": "#gj" },
				"east": { "uv": [ 5.375, 8.375, 5.25, 11.75 ], "texture": "#gj" }
			}
		},
		{
			"__comment": "Voxels",
			"from": [ -1.75, 12.5, 0.5 ],
			"to": [ -1.25, 15.25, 0.75 ],
			"faces": {
				"down": { "uv": [ 8.875, 9.75, 9.125, 9.875 ], "texture": "#gj" },
				"up": { "uv": [ 8.875, 9.75, 9.125, 9.625 ], "texture": "#gj" },
				"north": { "uv": [ 6.25, 13.125, 6, 14.5 ], "texture": "#gj" },
				"south": { "uv": [ 4.25, 8.375, 4.5, 9.75 ], "texture": "#gj" },
				"west": { "uv": [ 7, 10.875, 7.125, 12.25 ], "texture": "#gj" },
				"east": { "uv": [ 7.25, 10.875, 7.125, 12.25 ], "texture": "#gj" }
			}
		},
		{
			"__comment": "Voxels",
			"from": [ -1.75, 12.75, 2 ],
			"to": [ -1.25, 15.25, 2.25 ],
			"faces": {
				"down": { "uv": [ 8.875, 9, 9.125, 9.125 ], "texture": "#gj" },
				"up": { "uv": [ 8.875, 9, 9.125, 8.875 ], "texture": "#gj" },
				"north": { "uv": [ 6.25, 11.875, 6, 13.125 ], "texture": "#gj" },
				"south": { "uv": [ 4, 8, 4.25, 9.25 ], "texture": "#gj" },
				"west": { "uv": [ 7, 9.625, 7.125, 10.875 ], "texture": "#gj" },
				"east": { "uv": [ 7.25, 9.625, 7.125, 10.875 ], "texture": "#gj" }
			}
		},
		{
			"__comment": "Voxels",
			"from": [ -1.75, 13.75, 0.25 ],
			"to": [ -1.25, 18, 0.5 ],
			"faces": {
				"down": { "uv": [ 8.875, 8.5, 9.125, 8.625 ], "texture": "#gj" },
				"up": { "uv": [ 8.875, 8.5, 9.125, 8.375 ], "texture": "#gj" },
				"north": { "uv": [ 5.5, 11.75, 5.25, 13.875 ], "texture": "#gj" },
				"south": { "uv": [ 5.25, 13.875, 5.5, 16 ], "texture": "#gj" },
				"west": { "uv": [ 6.125, 9.625, 6.25, 11.75 ], "texture": "#gj" },
				"east": { "uv": [ 5.875, 9.625, 5.75, 11.75 ], "texture": "#gj" }
			}
		},
		{
			"__comment": "Voxels",
			"from": [ -1.75, 15.25, 0 ],
			"to": [ -1.25, 16.75, 0.25 ],
			"faces": {
				"down": { "uv": [ 8.875, 8, 9.125, 8.125 ], "texture": "#gj" },
				"up": { "uv": [ 9.125, 14.875, 9.375, 14.75 ], "texture": "#gj" },
				"north": { "uv": [ 7, 14, 6.75, 14.75 ], "texture": "#gj" },
				"south": { "uv": [ 6.625, 9.375, 6.875, 10.125 ], "texture": "#gj" },
				"west": { "uv": [ 8.25, 13.25, 8.375, 14 ], "texture": "#gj" },
				"east": { "uv": [ 8.375, 12.5, 8.25, 13.25 ], "texture": "#gj" }
			}
		},
		{
			"__comment": "Voxels",
			"from": [ -1.75, 15.5, 2.5 ],
			"to": [ -1.25, 17.5, 2.75 ],
			"faces": {
				"down": { "uv": [ 10.125, 14.75, 10.375, 14.875 ], "texture": "#gj" },
				"up": { "uv": [ 10.375, 14.875, 10.625, 14.75 ], "texture": "#gj" },
				"north": { "uv": [ 6.25, 8.625, 6, 9.625 ], "texture": "#gj" },
				"south": { "uv": [ 5.75, 8.625, 6, 9.625 ], "texture": "#gj" },
				"west": { "uv": [ 8.125, 12.625, 8.25, 13.625 ], "texture": "#gj" },
				"east": { "uv": [ 8.125, 12.625, 8, 13.625 ], "texture": "#gj" }
			}
		},
		{
			"__comment": "Voxels",
			"from": [ -1.75, 16.5, 2.75 ],
			"to": [ -1.25, 17, 3 ],
			"faces": {
				"down": { "uv": [ 11.125, 14.75, 11.375, 14.875 ], "texture": "#gj" },
				"up": { "uv": [ 11.375, 14.875, 11.625, 14.75 ], "texture": "#gj" },
				"north": { "uv": [ 8.625, 8.5, 8.375, 8.75 ], "texture": "#gj" },
				"south": { "uv": [ 7.75, 8.75, 8, 9 ], "texture": "#gj" },
				"west": { "uv": [ 9.125, 14.25, 9.25, 14.5 ], "texture": "#gj" },
				"east": { "uv": [ 9.25, 14, 9.125, 14.25 ], "texture": "#gj" }
			}
		},
		{
			"__comment": "Voxels",
			"from": [ -1.75, 16.75, 0.5 ],
			"to": [ -1.25, 18.75, 0.75 ],
			"faces": {
				"down": { "uv": [ 11.625, 14.75, 11.875, 14.875 ], "texture": "#gj" },
				"up": { "uv": [ 11.875, 14.875, 12.125, 14.75 ], "texture": "#gj" },
				"north": { "uv": [ 6.75, 13.75, 6.5, 14.75 ], "texture": "#gj" },
				"south": { "uv": [ 6.25, 13.75, 6.5, 14.75 ], "texture": "#gj" },
				"west": { "uv": [ 8.125, 13.625, 8.25, 14.625 ], "texture": "#gj" },
				"east": { "uv": [ 8.125, 13.625, 8, 14.625 ], "texture": "#gj" }
			}
		},
		{
			"__comment": "Voxels",
			"from": [ -1.75, 17.25, 2.25 ],
			"to": [ -1.25, 18.25, 2.5 ],
			"faces": {
				"down": { "uv": [ 13.125, 14.75, 13.375, 14.875 ], "texture": "#gj" },
				"up": { "uv": [ 13.375, 14.875, 13.625, 14.75 ], "texture": "#gj" },
				"north": { "uv": [ 8.25, 14.625, 8, 15.125 ], "texture": "#gj" },
				"south": { "uv": [ 8, 15.125, 8.25, 15.625 ], "texture": "#gj" },
				"west": { "uv": [ 8.375, 9.25, 8.5, 9.75 ], "texture": "#gj" },
				"east": { "uv": [ 8.625, 12, 8.5, 12.5 ], "texture": "#gj" }
			}
		},
		{
			"__comment": "Voxels",
			"from": [ -1.75, 17.5, 2 ],
			"to": [ -1.25, 18.75, 2.25 ],
			"faces": {
				"down": { "uv": [ 13.625, 14.75, 13.875, 14.875 ], "texture": "#gj" },
				"up": { "uv": [ 13.875, 14.875, 14.125, 14.75 ], "texture": "#gj" },
				"north": { "uv": [ 7.75, 10.25, 7.5, 10.875 ], "texture": "#gj" },
				"south": { "uv": [ 7.25, 10.25, 7.5, 10.875 ], "texture": "#gj" },
				"west": { "uv": [ 8.25, 9.25, 8.375, 9.875 ], "texture": "#gj" },
				"east": { "uv": [ 8.375, 9.875, 8.25, 10.5 ], "texture": "#gj" }
			}
		},
		{
			"__comment": "Voxels",
			"from": [ -1.75, 18, 0.75 ],
			"to": [ -1.25, 19.5, 1 ],
			"faces": {
				"down": { "uv": [ 14.125, 14.75, 14.375, 14.875 ], "texture": "#gj" },
				"up": { "uv": [ 14.375, 14.875, 14.625, 14.75 ], "texture": "#gj" },
				"north": { "uv": [ 7.875, 13.375, 7.625, 14.125 ], "texture": "#gj" },
				"south": { "uv": [ 7.375, 13.375, 7.625, 14.125 ], "texture": "#gj" },
				"west": { "uv": [ 8.25, 11.75, 8.375, 12.5 ], "texture": "#gj" },
				"east": { "uv": [ 7, 9.375, 6.875, 10.125 ], "texture": "#gj" }
			}
		},
		{
			"__comment": "Voxels",
			"from": [ -1.75, 18.25, 1.75 ],
			"to": [ -1.25, 19.5, 2 ],
			"faces": {
				"down": { "uv": [ 15.125, 14.75, 15.375, 14.875 ], "texture": "#gj" },
				"up": { "uv": [ 15.375, 14.875, 15.625, 14.75 ], "texture": "#gj" },
				"north": { "uv": [ 8, 11, 7.75, 11.625 ], "texture": "#gj" },
				"south": { "uv": [ 7.75, 11.625, 8, 12.25 ], "texture": "#gj" },
				"west": { "uv": [ 8.5, 13.25, 8.625, 13.875 ], "texture": "#gj" },
				"east": { "uv": [ 8.375, 8.625, 8.25, 9.25 ], "texture": "#gj" }
			}
		},
		{
			"__comment": "Voxels",
			"from": [ -1.75, 18.75, 1 ],
			"to": [ -1.25, 19.5, 1.25 ],
			"faces": {
				"down": { "uv": [ 15.625, 14.75, 15.875, 14.875 ], "texture": "#gj" },
				"up": { "uv": [ 9.25, 14.75, 9.5, 14.625 ], "texture": "#gj" },
				"north": { "uv": [ 4.5, 8, 4.25, 8.375 ], "texture": "#gj" },
				"south": { "uv": [ 5.25, 8, 5.5, 8.375 ], "texture": "#gj" },
				"west": { "uv": [ 4.625, 8, 4.75, 8.375 ], "texture": "#gj" },
				"east": { "uv": [ 4.625, 8, 4.5, 8.375 ], "texture": "#gj" }
			}
		},
		{
			"__comment": "Voxels",
			"from": [ -1.75, 18.75, 1.5 ],
			"to": [ -1.25, 20.25, 1.75 ],
			"faces": {
				"down": { "uv": [ 9.5, 14.625, 9.75, 14.75 ], "texture": "#gj" },
				"up": { "uv": [ 9.75, 14.75, 10, 14.625 ], "texture": "#gj" },
				"north": { "uv": [ 6.875, 8.625, 6.625, 9.375 ], "texture": "#gj" },
				"south": { "uv": [ 6.375, 8.625, 6.625, 9.375 ], "texture": "#gj" },
				"west": { "uv": [ 6.875, 8.625, 7, 9.375 ], "texture": "#gj" },
				"east": { "uv": [ 8, 13.375, 7.875, 14.125 ], "texture": "#gj" }
			}
		},
		{
			"__comment": "Voxels",
			"from": [ -1.75, 19.5, 1.25 ],
			"to": [ -1.25, 20.25, 1.5 ],
			"faces": {
				"down": { "uv": [ 10.5, 14.625, 10.75, 14.75 ], "texture": "#gj" },
				"up": { "uv": [ 10.75, 14.75, 11, 14.625 ], "texture": "#gj" },
				"north": { "uv": [ 8.25, 11.125, 8, 11.5 ], "texture": "#gj" },
				"south": { "uv": [ 8, 12.25, 8.25, 12.625 ], "texture": "#gj" },
				"west": { "uv": [ 8.625, 12.375, 8.75, 12.75 ], "texture": "#gj" },
				"east": { "uv": [ 8.875, 12.375, 8.75, 12.75 ], "texture": "#gj" }
			}
		},
		{
			"__comment": "Voxels",
			"from": [ -1.5, 5.25, 2 ],
			"to": [ -1, 5.5, 2.25 ],
			"faces": {
				"down": { "uv": [ 11.5, 14.625, 11.75, 14.75 ], "texture": "#gj" },
				"up": { "uv": [ 11.75, 14.75, 12, 14.625 ], "texture": "#gj" },
				"north": { "uv": [ 12.25, 14.625, 12, 14.75 ], "texture": "#gj" },
				"south": { "uv": [ 12.25, 14.625, 12.5, 14.75 ], "texture": "#gj" },
				"west": { "uv": [ 15.5, 14.625, 15.625, 14.75 ], "texture": "#gj" },
				"east": { "uv": [ 15.75, 14.625, 15.625, 14.75 ], "texture": "#gj" }
			}
		},
		{
			"__comment": "Voxels",
			"from": [ -1.25, 2.5, 1.75 ],
			"to": [ -1, 3, 2.25 ],
			"faces": {
				"down": { "uv": [ 9.125, 12.75, 9.25, 13 ], "texture": "#gj" },
				"up": { "uv": [ 9.125, 12.75, 9.25, 12.5 ], "texture": "#gj" },
				"north": { "uv": [ 9.25, 12.25, 9.125, 12.5 ], "texture": "#gj" },
				"south": { "uv": [ 9.125, 12, 9.25, 12.25 ], "texture": "#gj" },
				"west": { "uv": [ 7.75, 8, 8, 8.25 ], "texture": "#gj" },
				"east": { "uv": [ 16, 15.625, 15.75, 15.875 ], "texture": "#gj" }
			}
		},
		{
			"__comment": "Voxels",
			"from": [ -1.25, 3, 2 ],
			"to": [ -1, 3.75, 2.25 ],
			"faces": {
				"down": { "uv": [ 9.25, 12.75, 9.375, 12.875 ], "texture": "#gj" },
				"up": { "uv": [ 9.25, 12.75, 9.375, 12.625 ], "texture": "#gj" },
				"north": { "uv": [ 8.75, 12, 8.625, 12.375 ], "texture": "#gj" },
				"south": { "uv": [ 8.75, 12, 8.875, 12.375 ], "texture": "#gj" },
				"west": { "uv": [ 8.625, 11.625, 8.75, 12 ], "texture": "#gj" },
				"east": { "uv": [ 8.875, 11.625, 8.75, 12 ], "texture": "#gj" }
			}
		},
		{
			"__comment": "Voxels",
			"from": [ -1.25, 4, 2 ],
			"to": [ -1, 4.5, 2.25 ],
			"faces": {
				"down": { "uv": [ 9.25, 12, 9.375, 12.125 ], "texture": "#gj" },
				"up": { "uv": [ 9.25, 12, 9.375, 11.875 ], "texture": "#gj" },
				"north": { "uv": [ 9.25, 10.75, 9.125, 11 ], "texture": "#gj" },
				"south": { "uv": [ 9.125, 10.5, 9.25, 10.75 ], "texture": "#gj" },
				"west": { "uv": [ 9.125, 10.25, 9.25, 10.5 ], "texture": "#gj" },
				"east": { "uv": [ 9.25, 10, 9.125, 10.25 ], "texture": "#gj" }
			}
		},
		{
			"__comment": "Voxels",
			"from": [ -1.25, 4.25, 1.75 ],
			"to": [ -1, 4.75, 2 ],
			"faces": {
				"down": { "uv": [ 9.25, 11.25, 9.375, 11.375 ], "texture": "#gj" },
				"up": { "uv": [ 9.25, 11.25, 9.375, 11.125 ], "texture": "#gj" },
				"north": { "uv": [ 9.25, 9.75, 9.125, 10 ], "texture": "#gj" },
				"south": { "uv": [ 9.125, 9.5, 9.25, 9.75 ], "texture": "#gj" },
				"west": { "uv": [ 9.125, 9.25, 9.25, 9.5 ], "texture": "#gj" },
				"east": { "uv": [ 9.25, 9, 9.125, 9.25 ], "texture": "#gj" }
			}
		},
		{
			"__comment": "Voxels",
			"from": [ -1.25, 5.25, 1.75 ],
			"to": [ -1, 5.5, 2 ],
			"faces": {
				"down": { "uv": [ 9.25, 10.5, 9.375, 10.625 ], "texture": "#gj" },
				"up": { "uv": [ 9.25, 10.5, 9.375, 10.375 ], "texture": "#gj" },
				"north": { "uv": [ 9.375, 10.25, 9.25, 10.375 ], "texture": "#gj" },
				"south": { "uv": [ 9.25, 10.125, 9.375, 10.25 ], "texture": "#gj" },
				"west": { "uv": [ 9.25, 10, 9.375, 10.125 ], "texture": "#gj" },
				"east": { "uv": [ 9.375, 9.875, 9.25, 10 ], "texture": "#gj" }
			}
		},
		{
			"__comment": "Voxels",
			"from": [ -1.25, 5.5, 2 ],
			"to": [ -1, 5.75, 2.25 ],
			"faces": {
				"down": { "uv": [ 9.25, 9.75, 9.375, 9.875 ], "texture": "#gj" },
				"up": { "uv": [ 9.25, 9.75, 9.375, 9.625 ], "texture": "#gj" },
				"north": { "uv": [ 9.375, 9.5, 9.25, 9.625 ], "texture": "#gj" },
				"south": { "uv": [ 9.25, 9.375, 9.375, 9.5 ], "texture": "#gj" },
				"west": { "uv": [ 9.25, 9.25, 9.375, 9.375 ], "texture": "#gj" },
				"east": { "uv": [ 9.375, 9.125, 9.25, 9.25 ], "texture": "#gj" }
			}
		},
		{
			"__comment": "Voxels",
			"from": [ -1.25, 7.25, 2.5 ],
			"to": [ -1, 8.25, 2.75 ],
			"faces": {
				"down": { "uv": [ 9.25, 9, 9.375, 9.125 ], "texture": "#gj" },
				"up": { "uv": [ 9.25, 9, 9.375, 8.875 ], "texture": "#gj" },
				"north": { "uv": [ 7.125, 8, 7, 8.5 ], "texture": "#gj" },
				"south": { "uv": [ 8.375, 12.5, 8.5, 13 ], "texture": "#gj" },
				"west": { "uv": [ 8.5, 12.5, 8.625, 13 ], "texture": "#gj" },
				"east": { "uv": [ 8.5, 12, 8.375, 12.5 ], "texture": "#gj" }
			}
		},
		{
			"__comment": "Voxels",
			"from": [ -1, 6.25, 2 ],
			"to": [ -0.5, 6.5, 2.25 ],
			"faces": {
				"down": { "uv": [ 13.25, 14.625, 13.5, 14.75 ], "texture": "#gj" },
				"up": { "uv": [ 13.5, 14.75, 13.75, 14.625 ], "texture": "#gj" },
				"north": { "uv": [ 14, 14.625, 13.75, 14.75 ], "texture": "#gj" },
				"south": { "uv": [ 14, 14.625, 14.25, 14.75 ], "texture": "#gj" },
				"west": { "uv": [ 9.5, 14.5, 9.625, 14.625 ], "texture": "#gj" },
				"east": { "uv": [ 9.75, 14.5, 9.625, 14.625 ], "texture": "#gj" }
			}
		},
		{
			"__comment": "Voxels",
			"from": [ -1, 6.75, 1.75 ],
			"to": [ -0.5, 7, 2.25 ],
			"faces": {
				"down": { "uv": [ 8.375, 11.75, 8.625, 12 ], "texture": "#gj" },
				"up": { "uv": [ 8.375, 11.75, 8.625, 11.5 ], "texture": "#gj" },
				"north": { "uv": [ 14.5, 14.625, 14.25, 14.75 ], "texture": "#gj" },
				"south": { "uv": [ 14.5, 14.625, 14.75, 14.75 ], "texture": "#gj" },
				"west": { "uv": [ 14.75, 14.625, 15, 14.75 ], "texture": "#gj" },
				"east": { "uv": [ 15.25, 14.625, 15, 14.75 ], "texture": "#gj" }
			}
		},
		{
			"__comment": "Voxels",
			"from": [ -0.75, 6.25, 1.75 ],
			"to": [ -0.5, 6.75, 2 ],
			"faces": {
				"down": { "uv": [ 10.5, 14.5, 10.625, 14.625 ], "texture": "#gj" },
				"up": { "uv": [ 10.625, 14.625, 10.75, 14.5 ], "texture": "#gj" },
				"north": { "uv": [ 9.375, 14.125, 9.25, 14.375 ], "texture": "#gj" },
				"south": { "uv": [ 9.25, 13.875, 9.375, 14.125 ], "texture": "#gj" },
				"west": { "uv": [ 9.25, 13.625, 9.375, 13.875 ], "texture": "#gj" },
				"east": { "uv": [ 9.375, 13.375, 9.25, 13.625 ], "texture": "#gj" }
			}
		},
		{
			"__comment": "Voxels",
			"from": [ -0.75, 6.5, 2 ],
			"to": [ -0.5, 6.75, 2.25 ],
			"faces": {
				"down": { "uv": [ 11.25, 14.5, 11.375, 14.625 ], "texture": "#gj" },
				"up": { "uv": [ 11.375, 14.625, 11.5, 14.5 ], "texture": "#gj" },
				"north": { "uv": [ 11.625, 14.5, 11.5, 14.625 ], "texture": "#gj" },
				"south": { "uv": [ 11.625, 14.5, 11.75, 14.625 ], "texture": "#gj" },
				"west": { "uv": [ 11.75, 14.5, 11.875, 14.625 ], "texture": "#gj" },
				"east": { "uv": [ 12, 14.5, 11.875, 14.625 ], "texture": "#gj" }
			}
		}
	],
	"display": {
		"thirdperson_righthand": {
			"translation":  [ 14, 3.4782, 10.434 ],
			"scale":  [ 1.5, 1.5, 1.5 ]
		},
		"thirdperson_lefthand": {
			"translation":  [ -14.5, 3.4782, 10.434 ],
			"scale":  [ 1.5, 1.5, 1.5 ]
		},
		"firstperson_righthand": {
			"translation":  [ 17.391, 0, 0 ]
		},
		"gui": {
			"rotation":  [ 90, -135, 90 ],
			"translation":  [ -6.26, 2.7826, 0 ]
		},
		"ground": {
			"translation":  [ 11.825, 9.7391, 4.8695 ],
			"scale":  [ 1.5, 1.5, 1.5 ]
		},
		"fixed": {
			"rotation":  [ 90, 135, -90 ],
			"translation":  [ 10.434, 4.1739, -16.69 ],
			"scale":  [ 1.5, 1.5, 1.5 ]
		}
	}
}