{
	"__comment": "Designed by Ling_Meng with Cubik Studio - https://cubik.studio",
	"textures": {
		"yzdj": "blocks/yzdj"
	},
	"elements": [ 	 
		{
			"__comment": "Voxels",
			"from": [ 7.5, 5.75, -2.75 ],
			"to": [ 8.75, 6, -2 ],
			"faces": {
				"down": { "uv": [ 4.5, 8, 5.125, 8.375 ], "texture": "#yzdj" },
				"up": { "uv": [ 10.5, 15.625, 11.125, 15.25 ], "texture": "#yzdj" },
				"north": { "uv": [ 11, 14.75, 10.375, 14.875 ], "texture": "#yzdj" },
				"south": { "uv": [ 14.625, 14.125, 15.25, 14.25 ], "texture": "#yzdj" },
				"west": { "uv": [ 15, 14.375, 15.375, 14.5 ], "texture": "#yzdj" },
				"east": { "uv": [ 15.75, 14.375, 15.375, 14.5 ], "texture": "#yzdj" }
			}
		},
		{
			"__comment": "Voxels",
			"from": [ 7.5, 6, -3 ],
			"to": [ 8.75, 6.75, -2.75 ],
			"faces": {
				"down": { "uv": [ 3.5, 9.375, 4.125, 9.5 ], "texture": "#yzdj" },
				"up": { "uv": [ 7.625, 8.125, 8.25, 8 ], "texture": "#yzdj" },
				"north": { "uv": [ 10.5, 15.25, 9.875, 15.625 ], "texture": "#yzdj" },
				"south": { "uv": [ 9.25, 15.25, 9.875, 15.625 ], "texture": "#yzdj" },
				"west": { "uv": [ 15.875, 15.25, 16, 15.625 ], "texture": "#yzdj" },
				"east": { "uv": [ 10, 8, 9.875, 8.375 ], "texture": "#yzdj" }
			}
		},
		{
			"__comment": "Voxels",
			"from": [ 7.5, 6, -2.75 ],
			"to": [ 7.75, 10.25, -2.25 ],
			"faces": {
				"down": { "uv": [ 3.625, 8, 3.75, 8.25 ], "texture": "#yzdj" },
				"up": { "uv": [ 8.125, 10.75, 8.25, 10.5 ], "texture": "#yzdj" },
				"north": { "uv": [ 8.375, 11.375, 8.25, 13.5 ], "texture": "#yzdj" },
				"south": { "uv": [ 5.25, 10.5, 5.375, 12.625 ], "texture": "#yzdj" },
				"west": { "uv": [ 6.125, 9.25, 6.375, 11.375 ], "texture": "#yzdj" },
				"east": { "uv": [ 6.375, 11.375, 6.125, 13.5 ], "texture": "#yzdj" }
			}
		},
		{
			"__comment": "Voxels",
			"from": [ 7.5, 6, -2.25 ],
			"to": [ 8.75, 9.5, -2 ],
			"faces": {
				"down": { "uv": [ 15.25, 14.25, 15.875, 14.375 ], "texture": "#yzdj" },
				"up": { "uv": [ 14.625, 14.375, 15.25, 14.25 ], "texture": "#yzdj" },
				"north": { "uv": [ 2.875, 9.375, 2.25, 11.125 ], "texture": "#yzdj" },
				"south": { "uv": [ 2.875, 9.375, 3.5, 11.125 ], "texture": "#yzdj" },
				"west": { "uv": [ 8.25, 9.625, 8.375, 11.375 ], "texture": "#yzdj" },
				"east": { "uv": [ 4.5, 9.375, 4.375, 11.125 ], "texture": "#yzdj" }
			}
		},
		{
			"__comment": "Voxels",
			"from": [ 7.5, 6, -2 ],
			"to": [ 8.75, 6.25, -1.5 ],
			"faces": {
				"down": { "uv": [ 11, 14.875, 11.625, 15.125 ], "texture": "#yzdj" },
				"up": { "uv": [ 11.625, 15.125, 12.25, 14.875 ], "texture": "#yzdj" },
				"north": { "uv": [ 14.625, 14.25, 14, 14.375 ], "texture": "#yzdj" },
				"south": { "uv": [ 13.375, 14.125, 14, 14.25 ], "texture": "#yzdj" },
				"west": { "uv": [ 9.375, 8, 9.625, 8.125 ], "texture": "#yzdj" },
				"east": { "uv": [ 9, 8, 8.75, 8.125 ], "texture": "#yzdj" }
			}
		},
		{
			"__comment": "Voxels",
			"from": [ 7.5, 6.25, -2 ],
			"to": [ 7.75, 7.75, -1.75 ],
			"faces": {
				"down": { "uv": [ 10.75, 8.625, 10.875, 8.75 ], "texture": "#yzdj" },
				"up": { "uv": [ 10.75, 8.875, 10.875, 8.75 ], "texture": "#yzdj" },
				"north": { "uv": [ 9.875, 12.625, 9.75, 13.375 ], "texture": "#yzdj" },
				"south": { "uv": [ 9.625, 9.625, 9.75, 10.375 ], "texture": "#yzdj" },
				"west": { "uv": [ 9.75, 10.375, 9.875, 11.125 ], "texture": "#yzdj" },
				"east": { "uv": [ 9.75, 10.375, 9.625, 11.125 ], "texture": "#yzdj" }
			}
		},
		{
			"__comment": "Voxels",
			"from": [ 7.5, 6.75, -3 ],
			"to": [ 7.75, 9.75, -2.75 ],
			"faces": {
				"down": { "uv": [ 10.75, 9.125, 10.875, 9.25 ], "texture": "#yzdj" },
				"up": { "uv": [ 10.75, 9.375, 10.875, 9.25 ], "texture": "#yzdj" },
				"north": { "uv": [ 8.875, 8.875, 8.75, 10.375 ], "texture": "#yzdj" },
				"south": { "uv": [ 8.875, 8.875, 9, 10.375 ], "texture": "#yzdj" },
				"west": { "uv": [ 9, 13.625, 9.125, 15.125 ], "texture": "#yzdj" },
				"east": { "uv": [ 9.125, 12.125, 9, 13.625 ], "texture": "#yzdj" }
			}
		},
		{
			"__comment": "Voxels",
			"from": [ 7.5, 7.75, -3.25 ],
			"to": [ 9, 8.25, -3 ],
			"faces": {
				"down": { "uv": [ 15.25, 15.625, 16, 15.75 ], "texture": "#yzdj" },
				"up": { "uv": [ 13, 15.75, 13.75, 15.625 ], "texture": "#yzdj" },
				"north": { "uv": [ 3.625, 8, 2.875, 8.25 ], "texture": "#yzdj" },
				"south": { "uv": [ 6.875, 8, 7.625, 8.25 ], "texture": "#yzdj" },
				"west": { "uv": [ 9, 8, 9.125, 8.25 ], "texture": "#yzdj" },
				"east": { "uv": [ 8.75, 12.75, 8.625, 13 ], "texture": "#yzdj" }
			}
		},
		{
			"__comment": "Voxels",
			"from": [ 7.5, 8.25, -2 ],
			"to": [ 9, 9.5, -1.75 ],
			"faces": {
				"down": { "uv": [ 14.5, 15.625, 15.25, 15.75 ], "texture": "#yzdj" },
				"up": { "uv": [ 13.75, 15.75, 14.5, 15.625 ], "texture": "#yzdj" },
				"north": { "uv": [ 7.625, 14.5, 6.875, 15.125 ], "texture": "#yzdj" },
				"south": { "uv": [ 6.875, 15.125, 7.625, 15.75 ], "texture": "#yzdj" },
				"west": { "uv": [ 9.875, 13.5, 10, 14.125 ], "texture": "#yzdj" },
				"east": { "uv": [ 9.875, 9.75, 9.75, 10.375 ], "texture": "#yzdj" }
			}
		},
		{
			"__comment": "Voxels",
			"from": [ 7.5, 9.5, -2.25 ],
			"to": [ 7.75, 10, -1.75 ],
			"faces": {
				"down": { "uv": [ 8.625, 13.875, 8.75, 14.125 ], "texture": "#yzdj" },
				"up": { "uv": [ 8.125, 9.625, 8.25, 9.375 ], "texture": "#yzdj" },
				"north": { "uv": [ 10.75, 8.875, 10.625, 9.125 ], "texture": "#yzdj" },
				"south": { "uv": [ 10.625, 9.125, 10.75, 9.375 ], "texture": "#yzdj" },
				"west": { "uv": [ 10.75, 13.875, 11, 14.125 ], "texture": "#yzdj" },
				"east": { "uv": [ 11.25, 13.875, 11, 14.125 ], "texture": "#yzdj" }
			}
		},
		{
			"__comment": "Voxels",
			"from": [ 7.5, 9.75, -1.75 ],
			"to": [ 8.75, 10, -1.5 ],
			"faces": {
				"down": { "uv": [ 12.75, 14.125, 13.375, 14.25 ], "texture": "#yzdj" },
				"up": { "uv": [ 12.75, 14.375, 13.375, 14.25 ], "texture": "#yzdj" },
				"north": { "uv": [ 12.75, 14.125, 12.125, 14.25 ], "texture": "#yzdj" },
				"south": { "uv": [ 12.125, 14.25, 12.75, 14.375 ], "texture": "#yzdj" },
				"west": { "uv": [ 10.625, 8.5, 10.75, 8.625 ], "texture": "#yzdj" },
				"east": { "uv": [ 10.75, 8.625, 10.625, 8.75 ], "texture": "#yzdj" }
			}
		},
		{
			"__comment": "Voxels",
			"from": [ 7.75, 5, -2.75 ],
			"to": [ 8.5, 5.75, -2 ],
			"faces": {
				"down": { "uv": [ 15.625, 14.75, 16, 15.125 ], "texture": "#yzdj" },
				"up": { "uv": [ 9.625, 14.75, 10, 14.375 ], "texture": "#yzdj" },
				"north": { "uv": [ 13.375, 14.75, 13, 15.125 ], "texture": "#yzdj" },
				"south": { "uv": [ 8.375, 8, 8.75, 8.375 ], "texture": "#yzdj" },
				"west": { "uv": [ 14.5, 14.75, 14.875, 15.125 ], "texture": "#yzdj" },
				"east": { "uv": [ 12.625, 14.75, 12.25, 15.125 ], "texture": "#yzdj" }
			}
		},
		{
			"__comment": "Voxels",
			"from": [ 7.75, 5.25, -2 ],
			"to": [ 8.5, 6, -1.5 ],
			"faces": {
				"down": { "uv": [ 11, 14.125, 11.375, 14.375 ], "texture": "#yzdj" },
				"up": { "uv": [ 11.375, 14.375, 11.75, 14.125 ], "texture": "#yzdj" },
				"north": { "uv": [ 14.125, 14.75, 13.75, 15.125 ], "texture": "#yzdj" },
				"south": { "uv": [ 13.375, 14.75, 13.75, 15.125 ], "texture": "#yzdj" },
				"west": { "uv": [ 9.625, 9.25, 9.875, 9.625 ], "texture": "#yzdj" },
				"east": { "uv": [ 9.875, 8.875, 9.625, 9.25 ], "texture": "#yzdj" }
			}
		},
		{
			"__comment": "Voxels",
			"from": [ 7.75, 5.5, -3 ],
			"to": [ 8.75, 6, -2.75 ],
			"faces": {
				"down": { "uv": [ 11.125, 15.125, 11.625, 15.25 ], "texture": "#yzdj" },
				"up": { "uv": [ 11.625, 15.25, 12.125, 15.125 ], "texture": "#yzdj" },
				"north": { "uv": [ 14, 14.5, 13.5, 14.75 ], "texture": "#yzdj" },
				"south": { "uv": [ 10.5, 14.5, 11, 14.75 ], "texture": "#yzdj" },
				"west": { "uv": [ 10.625, 12.375, 10.75, 12.625 ], "texture": "#yzdj" },
				"east": { "uv": [ 10.75, 12.625, 10.625, 12.875 ], "texture": "#yzdj" }
			}
		},
		{
			"__comment": "Voxels",
			"from": [ 7.75, 5.75, -1.5 ],
			"to": [ 8.5, 6, -1.25 ],
			"faces": {
				"down": { "uv": [ 13.125, 13.5, 13.5, 13.625 ], "texture": "#yzdj" },
				"up": { "uv": [ 15, 13.625, 15.375, 13.5 ], "texture": "#yzdj" },
				"north": { "uv": [ 15.75, 13.5, 15.375, 13.625 ], "texture": "#yzdj" },
				"south": { "uv": [ 12.125, 13.375, 12.5, 13.5 ], "texture": "#yzdj" },
				"west": { "uv": [ 15.75, 13.125, 15.875, 13.25 ], "texture": "#yzdj" },
				"east": { "uv": [ 15.75, 13.125, 15.625, 13.25 ], "texture": "#yzdj" }
			}
		},
		{
			"__comment": "Voxels",
			"from": [ 7.75, 6.25, -2.5 ],
			"to": [ 9, 9.5, -2.25 ],
			"faces": {
				"down": { "uv": [ 15.375, 15.125, 16, 15.25 ], "texture": "#yzdj" },
				"up": { "uv": [ 10.5, 15.25, 11.125, 15.125 ], "texture": "#yzdj" },
				"north": { "uv": [ 4.125, 9.5, 3.5, 11.125 ], "texture": "#yzdj" },
				"south": { "uv": [ 3.75, 11.125, 4.375, 12.75 ], "texture": "#yzdj" },
				"west": { "uv": [ 4.375, 11.125, 4.5, 12.75 ], "texture": "#yzdj" },
				"east": { "uv": [ 8.375, 8, 8.25, 9.625 ], "texture": "#yzdj" }
			}
		},
		{
			"__comment": "Voxels",
			"from": [ 7.75, 6.25, -1.75 ],
			"to": [ 8.75, 9.75, -1.5 ],
			"faces": {
				"down": { "uv": [ 12.125, 15.125, 12.625, 15.25 ], "texture": "#yzdj" },
				"up": { "uv": [ 12.625, 15.25, 13.125, 15.125 ], "texture": "#yzdj" },
				"north": { "uv": [ 2.25, 11.25, 1.75, 13 ], "texture": "#yzdj" },
				"south": { "uv": [ 1.75, 9.5, 2.25, 11.25 ], "texture": "#yzdj" },
				"west": { "uv": [ 8.5, 10.125, 8.625, 11.875 ], "texture": "#yzdj" },
				"east": { "uv": [ 8.75, 10.125, 8.625, 11.875 ], "texture": "#yzdj" }
			}
		},
		{
			"__comment": "Voxels",
			"from": [ 7.75, 6.5, -3.25 ],
			"to": [ 8.75, 7.75, -3 ],
			"faces": {
				"down": { "uv": [ 13.875, 15.125, 14.375, 15.25 ], "texture": "#yzdj" },
				"up": { "uv": [ 14.375, 15.25, 14.875, 15.125 ], "texture": "#yzdj" },
				"north": { "uv": [ 5.875, 8, 5.375, 8.625 ], "texture": "#yzdj" },
				"south": { "uv": [ 7.625, 13.375, 8.125, 14 ], "texture": "#yzdj" },
				"west": { "uv": [ 7.5, 8.25, 7.625, 8.875 ], "texture": "#yzdj" },
				"east": { "uv": [ 7.625, 8.875, 7.5, 9.5 ], "texture": "#yzdj" }
			}
		},
		{
			"__comment": "Voxels",
			"from": [ 7.75, 6.5, -2 ],
			"to": [ 9, 7.75, -1.75 ],
			"faces": {
				"down": { "uv": [ 9.875, 15.125, 10.5, 15.25 ], "texture": "#yzdj" },
				"up": { "uv": [ 9.25, 15.25, 9.875, 15.125 ], "texture": "#yzdj" },
				"north": { "uv": [ 7.5, 8.875, 6.875, 9.5 ], "texture": "#yzdj" },
				"south": { "uv": [ 6.875, 8.25, 7.5, 8.875 ], "texture": "#yzdj" },
				"west": { "uv": [ 9.875, 10.375, 10, 11 ], "texture": "#yzdj" },
				"east": { "uv": [ 10, 11.625, 9.875, 12.25 ], "texture": "#yzdj" }
			}
		},
		{
			"__comment": "Voxels",
			"from": [ 7.75, 6.5, -1.5 ],
			"to": [ 8.75, 9.25, -1.25 ],
			"faces": {
				"down": { "uv": [ 14.875, 15.125, 15.375, 15.25 ], "texture": "#yzdj" },
				"up": { "uv": [ 10, 14.5, 10.5, 14.375 ], "texture": "#yzdj" },
				"north": { "uv": [ 5, 9.125, 4.5, 10.5 ], "texture": "#yzdj" },
				"south": { "uv": [ 5.375, 14.625, 5.875, 16 ], "texture": "#yzdj" },
				"west": { "uv": [ 4.375, 8, 4.5, 9.375 ], "texture": "#yzdj" },
				"east": { "uv": [ 5.375, 9.125, 5.25, 10.5 ], "texture": "#yzdj" }
			}
		},
		{
			"__comment": "Voxels",
			"from": [ 7.75, 6.75, -1.25 ],
			"to": [ 8.75, 9.25, -1 ],
			"faces": {
				"down": { "uv": [ 10.5, 14.375, 11, 14.5 ], "texture": "#yzdj" },
				"up": { "uv": [ 11, 14.5, 11.5, 14.375 ], "texture": "#yzdj" },
				"north": { "uv": [ 5.875, 9.5, 5.375, 10.75 ], "texture": "#yzdj" },
				"south": { "uv": [ 5.375, 10.75, 5.875, 12 ], "texture": "#yzdj" },
				"west": { "uv": [ 8.125, 12.125, 8.25, 13.375 ], "texture": "#yzdj" },
				"east": { "uv": [ 8.25, 14, 8.125, 15.25 ], "texture": "#yzdj" }
			}
		},
		{
			"__comment": "Voxels",
			"from": [ 7.75, 7, -1 ],
			"to": [ 8.75, 8.75, -0.75 ],
			"faces": {
				"down": { "uv": [ 11.5, 14.375, 12, 14.5 ], "texture": "#yzdj" },
				"up": { "uv": [ 12, 14.5, 12.5, 14.375 ], "texture": "#yzdj" },
				"north": { "uv": [ 5.875, 8.625, 5.375, 9.5 ], "texture": "#yzdj" },
				"south": { "uv": [ 6.875, 12.875, 7.375, 13.75 ], "texture": "#yzdj" },
				"west": { "uv": [ 8.125, 9.625, 8.25, 10.5 ], "texture": "#yzdj" },
				"east": { "uv": [ 8.25, 10.75, 8.125, 11.625 ], "texture": "#yzdj" }
			}
		},
		{
			"__comment": "Voxels",
			"from": [ 7.75, 7.5, -8.5 ],
			"to": [ 8.75, 7.75, -7.75 ],
			"faces": {
				"down": { "uv": [ 12.125, 15.25, 12.625, 15.625 ], "texture": "#yzdj" },
				"up": { "uv": [ 12.625, 15.625, 13.125, 15.25 ], "texture": "#yzdj" },
				"north": { "uv": [ 13, 14.375, 12.5, 14.5 ], "texture": "#yzdj" },
				"south": { "uv": [ 13, 14.375, 13.5, 14.5 ], "texture": "#yzdj" },
				"west": { "uv": [ 13.25, 13.625, 13.625, 13.75 ], "texture": "#yzdj" },
				"east": { "uv": [ 14, 13.75, 13.625, 13.875 ], "texture": "#yzdj" }
			}
		},
		{
			"__comment": "Voxels",
			"from": [ 7.75, 7.5, -7.75 ],
			"to": [ 8.5, 7.75, -3.25 ],
			"faces": {
				"down": { "uv": [ 4.5, 12.625, 4.875, 14.875 ], "texture": "#yzdj" },
				"up": { "uv": [ 4.875, 14.875, 5.25, 12.625 ], "texture": "#yzdj" },
				"north": { "uv": [ 15.5, 13.75, 15.125, 13.875 ], "texture": "#yzdj" },
				"south": { "uv": [ 15.125, 13.625, 15.5, 13.75 ], "texture": "#yzdj" },
				"west": { "uv": [ 11, 15.75, 13.25, 15.875 ], "texture": "#yzdj" },
				"east": { "uv": [ 13.25, 15.875, 11, 16 ], "texture": "#yzdj" }
			}
		},
		{
			"__comment": "Voxels",
			"from": [ 7.75, 7.5, -3 ],
			"to": [ 9, 8.5, -2.75 ],
			"faces": {
				"down": { "uv": [ 13.375, 14.25, 14, 14.375 ], "texture": "#yzdj" },
				"up": { "uv": [ 14, 14.25, 14.625, 14.125 ], "texture": "#yzdj" },
				"north": { "uv": [ 8.25, 15.25, 7.625, 15.75 ], "texture": "#yzdj" },
				"south": { "uv": [ 7.625, 11.625, 8.25, 12.125 ], "texture": "#yzdj" },
				"west": { "uv": [ 9.875, 9.375, 10, 9.875 ], "texture": "#yzdj" },
				"east": { "uv": [ 10, 8.875, 9.875, 9.375 ], "texture": "#yzdj" }
			}
		},
		{
			"__comment": "Voxels",
			"from": [ 7.75, 7.5, -0.75 ],
			"to": [ 8.5, 8.5, -0.5 ],
			"faces": {
				"down": { "uv": [ 14.75, 13.75, 15.125, 13.875 ], "texture": "#yzdj" },
				"up": { "uv": [ 14.75, 13.75, 15.125, 13.625 ], "texture": "#yzdj" },
				"north": { "uv": [ 13.5, 15.125, 13.125, 15.625 ], "texture": "#yzdj" },
				"south": { "uv": [ 13.5, 15.125, 13.875, 15.625 ], "texture": "#yzdj" },
				"west": { "uv": [ 9.875, 8.375, 10, 8.875 ], "texture": "#yzdj" },
				"east": { "uv": [ 10.125, 13.375, 10, 13.875 ], "texture": "#yzdj" }
			}
		},
		{
			"__comment": "Voxels",
			"from": [ 7.75, 7.75, -8.75 ],
			"to": [ 8.75, 8.25, -8.5 ],
			"faces": {
				"down": { "uv": [ 13.5, 14.375, 14, 14.5 ], "texture": "#yzdj" },
				"up": { "uv": [ 14, 14.5, 14.5, 14.375 ], "texture": "#yzdj" },
				"north": { "uv": [ 10.5, 14.5, 10, 14.75 ], "texture": "#yzdj" },
				"south": { "uv": [ 11, 14.5, 11.5, 14.75 ], "texture": "#yzdj" },
				"west": { "uv": [ 10.25, 8.25, 10.375, 8.5 ], "texture": "#yzdj" },
				"east": { "uv": [ 10.375, 8.5, 10.25, 8.75 ], "texture": "#yzdj" }
			}
		},
		{
			"__comment": "Voxels",
			"from": [ 7.75, 7.75, -8.5 ],
			"to": [ 8, 8.5, -7.75 ],
			"faces": {
				"down": { "uv": [ 10, 10.625, 10.125, 11 ], "texture": "#yzdj" },
				"up": { "uv": [ 10, 11.375, 10.125, 11 ], "texture": "#yzdj" },
				"north": { "uv": [ 10.375, 13, 10.25, 13.375 ], "texture": "#yzdj" },
				"south": { "uv": [ 10.125, 10.5, 10.25, 10.875 ], "texture": "#yzdj" },
				"west": { "uv": [ 14.875, 14.75, 15.25, 15.125 ], "texture": "#yzdj" },
				"east": { "uv": [ 15.625, 14.75, 15.25, 15.125 ], "texture": "#yzdj" }
			}
		},
		{
			"__comment": "Voxels",
			"from": [ 7.75, 7.75, -7.75 ],
			"to": [ 8, 8.25, -3.25 ],
			"faces": {
				"down": { "uv": [ 8.25, 13.5, 8.375, 15.75 ], "texture": "#yzdj" },
				"up": { "uv": [ 5.25, 14.875, 5.375, 12.625 ], "texture": "#yzdj" },
				"north": { "uv": [ 10.375, 9.25, 10.25, 9.5 ], "texture": "#yzdj" },
				"south": { "uv": [ 10.25, 9.5, 10.375, 9.75 ], "texture": "#yzdj" },
				"west": { "uv": [ 6.125, 15.75, 8.375, 16 ], "texture": "#yzdj" },
				"east": { "uv": [ 2.25, 8, 0, 8.25 ], "texture": "#yzdj" }
			}
		},
		{
			"__comment": "Voxels",
			"from": [ 7.75, 7.75, -2 ],
			"to": [ 8.75, 8.25, -1.75 ],
			"faces": {
				"down": { "uv": [ 14.5, 14.375, 15, 14.5 ], "texture": "#yzdj" },
				"up": { "uv": [ 15.25, 14.25, 15.75, 14.125 ], "texture": "#yzdj" },
				"north": { "uv": [ 14.5, 14.5, 14, 14.75 ], "texture": "#yzdj" },
				"south": { "uv": [ 14.5, 14.5, 15, 14.75 ], "texture": "#yzdj" },
				"west": { "uv": [ 10.25, 9.75, 10.375, 10 ], "texture": "#yzdj" },
				"east": { "uv": [ 10.375, 10, 10.25, 10.25 ], "texture": "#yzdj" }
			}
		},
		{
			"__comment": "Voxels",
			"from": [ 7.75, 8.25, -3.5 ],
			"to": [ 8.5, 8.5, -3 ],
			"faces": {
				"down": { "uv": [ 10.625, 14.125, 11, 14.375 ], "texture": "#yzdj" },
				"up": { "uv": [ 10.25, 14.375, 10.625, 14.125 ], "texture": "#yzdj" },
				"north": { "uv": [ 12.375, 13.5, 12, 13.625 ], "texture": "#yzdj" },
				"south": { "uv": [ 11.625, 13.5, 12, 13.625 ], "texture": "#yzdj" },
				"west": { "uv": [ 10.375, 12.75, 10.625, 12.875 ], "texture": "#yzdj" },
				"east": { "uv": [ 10.625, 12.875, 10.375, 13 ], "texture": "#yzdj" }
			}
		},
		{
			"__comment": "Voxels",
			"from": [ 7.75, 8.5, -3.25 ],
			"to": [ 8.75, 9.25, -3 ],
			"faces": {
				"down": { "uv": [ 11.25, 14, 11.75, 14.125 ], "texture": "#yzdj" },
				"up": { "uv": [ 11.25, 14, 11.75, 13.875 ], "texture": "#yzdj" },
				"north": { "uv": [ 14.375, 15.25, 13.875, 15.625 ], "texture": "#yzdj" },
				"south": { "uv": [ 14.375, 15.25, 14.875, 15.625 ], "texture": "#yzdj" },
				"west": { "uv": [ 10.125, 12.75, 10.25, 13.125 ], "texture": "#yzdj" },
				"east": { "uv": [ 10.125, 8.375, 10, 8.75 ], "texture": "#yzdj" }
			}
		},
		{
			"__comment": "Voxels",
			"from": [ 7.75, 8.75, -1 ],
			"to": [ 8.5, 9, -0.75 ],
			"faces": {
				"down": { "uv": [ 11.25, 13.5, 11.625, 13.625 ], "texture": "#yzdj" },
				"up": { "uv": [ 10.875, 13.625, 11.25, 13.5 ], "texture": "#yzdj" },
				"north": { "uv": [ 15.875, 13.625, 15.5, 13.75 ], "texture": "#yzdj" },
				"south": { "uv": [ 15.5, 13.75, 15.875, 13.875 ], "texture": "#yzdj" },
				"west": { "uv": [ 10.75, 11.875, 10.875, 12 ], "texture": "#yzdj" },
				"east": { "uv": [ 10.875, 11.75, 10.75, 11.875 ], "texture": "#yzdj" }
			}
		},
		{
			"__comment": "Voxels",
			"from": [ 7.75, 9, -3 ],
			"to": [ 9, 9.5, -2.75 ],
			"faces": {
				"down": { "uv": [ 11.625, 14.75, 12.25, 14.875 ], "texture": "#yzdj" },
				"up": { "uv": [ 11, 14.875, 11.625, 14.75 ], "texture": "#yzdj" },
				"north": { "uv": [ 16, 15.75, 15.375, 16 ], "texture": "#yzdj" },
				"south": { "uv": [ 10.375, 14.875, 11, 15.125 ], "texture": "#yzdj" },
				"west": { "uv": [ 10.25, 11.25, 10.375, 11.5 ], "texture": "#yzdj" },
				"east": { "uv": [ 10.375, 11.5, 10.25, 11.75 ], "texture": "#yzdj" }
			}
		},
		{
			"__comment": "Voxels",
			"from": [ 7.75, 9.25, -1.5 ],
			"to": [ 8.5, 9.5, -1.25 ],
			"faces": {
				"down": { "uv": [ 14, 13.625, 14.375, 13.75 ], "texture": "#yzdj" },
				"up": { "uv": [ 14, 13.875, 14.375, 13.75 ], "texture": "#yzdj" },
				"north": { "uv": [ 11.125, 13.25, 10.75, 13.375 ], "texture": "#yzdj" },
				"south": { "uv": [ 10.375, 13.25, 10.75, 13.375 ], "texture": "#yzdj" },
				"west": { "uv": [ 13.625, 13.125, 13.75, 13.25 ], "texture": "#yzdj" },
				"east": { "uv": [ 13.875, 13.125, 13.75, 13.25 ], "texture": "#yzdj" }
			}
		},
		{
			"__comment": "Voxels",
			"from": [ 7.75, 9.5, -3 ],
			"to": [ 8.75, 10.25, -2.75 ],
			"faces": {
				"down": { "uv": [ 11.75, 14, 12.25, 14.125 ], "texture": "#yzdj" },
				"up": { "uv": [ 11.75, 14, 12.25, 13.875 ], "texture": "#yzdj" },
				"north": { "uv": [ 15.375, 15.25, 14.875, 15.625 ], "texture": "#yzdj" },
				"south": { "uv": [ 15.375, 15.25, 15.875, 15.625 ], "texture": "#yzdj" },
				"west": { "uv": [ 10.125, 8.25, 10.25, 8.625 ], "texture": "#yzdj" },
				"east": { "uv": [ 10.25, 8.625, 10.125, 9 ], "texture": "#yzdj" }
			}
		},
		{
			"__comment": "Voxels",
			"from": [ 7.75, 9.75, -2.5 ],
			"to": [ 8.75, 10.75, -2 ],
			"faces": {
				"down": { "uv": [ 11.5, 14.5, 12, 14.75 ], "texture": "#yzdj" },
				"up": { "uv": [ 12, 14.75, 12.5, 14.5 ], "texture": "#yzdj" },
				"north": { "uv": [ 9.25, 15.125, 8.75, 15.625 ], "texture": "#yzdj" },
				"south": { "uv": [ 7.625, 8.125, 8.125, 8.625 ], "texture": "#yzdj" },
				"west": { "uv": [ 9.375, 10.125, 9.625, 10.625 ], "texture": "#yzdj" },
				"east": { "uv": [ 9.625, 8.625, 9.375, 9.125 ], "texture": "#yzdj" }
			}
		},
		{
			"__comment": "Voxels",
			"from": [ 7.75, 9.75, -2 ],
			"to": [ 8.75, 10.5, -1.75 ],
			"faces": {
				"down": { "uv": [ 12.25, 14, 12.75, 14.125 ], "texture": "#yzdj" },
				"up": { "uv": [ 12.25, 14, 12.75, 13.875 ], "texture": "#yzdj" },
				"north": { "uv": [ 9.875, 14.75, 9.375, 15.125 ], "texture": "#yzdj" },
				"south": { "uv": [ 9.875, 14.75, 10.375, 15.125 ], "texture": "#yzdj" },
				"west": { "uv": [ 10.125, 9, 10.25, 9.375 ], "texture": "#yzdj" },
				"east": { "uv": [ 10.25, 9.375, 10.125, 9.75 ], "texture": "#yzdj" }
			}
		},
		{
			"__comment": "Voxels",
			"from": [ 7.75, 10, -2.75 ],
			"to": [ 8.75, 10.75, -2.5 ],
			"faces": {
				"down": { "uv": [ 13.25, 13.875, 13.75, 14 ], "texture": "#yzdj" },
				"up": { "uv": [ 12.75, 14.125, 13.25, 14 ], "texture": "#yzdj" },
				"north": { "uv": [ 11.625, 15.25, 11.125, 15.625 ], "texture": "#yzdj" },
				"south": { "uv": [ 11.625, 15.25, 12.125, 15.625 ], "texture": "#yzdj" },
				"west": { "uv": [ 10.125, 9.75, 10.25, 10.125 ], "texture": "#yzdj" },
				"east": { "uv": [ 10.25, 10.125, 10.125, 10.5 ], "texture": "#yzdj" }
			}
		},
		{
			"__comment": "Voxels",
			"from": [ 7.75, 10, -1.75 ],
			"to": [ 8.75, 10.5, -1.5 ],
			"faces": {
				"down": { "uv": [ 12.75, 13.875, 13.25, 14 ], "texture": "#yzdj" },
				"up": { "uv": [ 13.25, 14.125, 13.75, 14 ], "texture": "#yzdj" },
				"north": { "uv": [ 13, 14.5, 12.5, 14.75 ], "texture": "#yzdj" },
				"south": { "uv": [ 13, 14.5, 13.5, 14.75 ], "texture": "#yzdj" },
				"west": { "uv": [ 10.25, 11.75, 10.375, 12 ], "texture": "#yzdj" },
				"east": { "uv": [ 10.375, 12, 10.25, 12.25 ], "texture": "#yzdj" }
			}
		},
		{
			"__comment": "Voxels",
			"from": [ 7.75, 10.25, -3 ],
			"to": [ 8.5, 10.5, -2.75 ],
			"faces": {
				"down": { "uv": [ 14, 13.375, 14.375, 13.5 ], "texture": "#yzdj" },
				"up": { "uv": [ 13.625, 13.5, 14, 13.375 ], "texture": "#yzdj" },
				"north": { "uv": [ 13.625, 13.375, 13.25, 13.5 ], "texture": "#yzdj" },
				"south": { "uv": [ 12.875, 13.375, 13.25, 13.5 ], "texture": "#yzdj" },
				"west": { "uv": [ 14.125, 13.125, 14.25, 13.25 ], "texture": "#yzdj" },
				"east": { "uv": [ 10.875, 10, 10.75, 10.125 ], "texture": "#yzdj" }
			}
		},
		{
			"__comment": "Voxels",
			"from": [ 7.75, 10.5, -2 ],
			"to": [ 8.5, 10.75, -1.75 ],
			"faces": {
				"down": { "uv": [ 11.75, 13.375, 12.125, 13.5 ], "texture": "#yzdj" },
				"up": { "uv": [ 11, 13.5, 11.375, 13.375 ], "texture": "#yzdj" },
				"north": { "uv": [ 11, 13.375, 10.625, 13.5 ], "texture": "#yzdj" },
				"south": { "uv": [ 10.25, 13.375, 10.625, 13.5 ], "texture": "#yzdj" },
				"west": { "uv": [ 10.75, 9.875, 10.875, 10 ], "texture": "#yzdj" },
				"east": { "uv": [ 10.875, 8.5, 10.75, 8.625 ], "texture": "#yzdj" }
			}
		},
		{
			"__comment": "Voxels",
			"from": [ 7.75, 10.75, -2.5 ],
			"to": [ 8.5, 11, -2.25 ],
			"faces": {
				"down": { "uv": [ 14.625, 13.5, 15, 13.625 ], "texture": "#yzdj" },
				"up": { "uv": [ 14.25, 13.625, 14.625, 13.5 ], "texture": "#yzdj" },
				"north": { "uv": [ 14.25, 13.5, 13.875, 13.625 ], "texture": "#yzdj" },
				"south": { "uv": [ 13.5, 13.5, 13.875, 13.625 ], "texture": "#yzdj" },
				"west": { "uv": [ 10.75, 8.375, 10.875, 8.5 ], "texture": "#yzdj" },
				"east": { "uv": [ 13.5, 13.125, 13.375, 13.25 ], "texture": "#yzdj" }
			}
		},
		{
			"__comment": "Voxels",
			"from": [ 8, 4.75, -2.5 ],
			"to": [ 8.5, 5, -2.25 ],
			"faces": {
				"down": { "uv": [ 13.625, 13.25, 13.875, 13.375 ], "texture": "#yzdj" },
				"up": { "uv": [ 12.375, 13.375, 12.625, 13.25 ], "texture": "#yzdj" },
				"north": { "uv": [ 12.375, 13.25, 12.125, 13.375 ], "texture": "#yzdj" },
				"south": { "uv": [ 11.375, 13.25, 11.625, 13.375 ], "texture": "#yzdj" },
				"west": { "uv": [ 15.25, 13.125, 15.375, 13.25 ], "texture": "#yzdj" },
				"east": { "uv": [ 15.5, 13.125, 15.375, 13.25 ], "texture": "#yzdj" }
			}
		},
		{
			"__comment": "Voxels",
			"from": [ 8, 4.75, -2.25 ],
			"to": [ 8.25, 5, -2 ],
			"faces": {
				"down": { "uv": [ 15.5, 13.125, 15.625, 13.25 ], "texture": "#yzdj" },
				"up": { "uv": [ 15.875, 13.25, 16, 13.125 ], "texture": "#yzdj" },
				"north": { "uv": [ 10.75, 8.75, 10.625, 8.875 ], "texture": "#yzdj" },
				"south": { "uv": [ 13, 13.125, 13.125, 13.25 ], "texture": "#yzdj" },
				"west": { "uv": [ 12.875, 13.125, 13, 13.25 ], "texture": "#yzdj" },
				"east": { "uv": [ 12.875, 13.125, 12.75, 13.25 ], "texture": "#yzdj" }
			}
		},
		{
			"__comment": "Voxels",
			"from": [ 8, 5, -2 ],
			"to": [ 8.5, 5.25, -1.75 ],
			"faces": {
				"down": { "uv": [ 11.125, 13.25, 11.375, 13.375 ], "texture": "#yzdj" },
				"up": { "uv": [ 15.75, 13.625, 16, 13.5 ], "texture": "#yzdj" },
				"north": { "uv": [ 16, 14.125, 15.75, 14.25 ], "texture": "#yzdj" },
				"south": { "uv": [ 9.625, 8, 9.875, 8.125 ], "texture": "#yzdj" },
				"west": { "uv": [ 12.625, 13.125, 12.75, 13.25 ], "texture": "#yzdj" },
				"east": { "uv": [ 16, 13.25, 15.875, 13.375 ], "texture": "#yzdj" }
			}
		},
		{
			"__comment": "Voxels",
			"from": [ 8, 5, -1.75 ],
			"to": [ 8.25, 5.25, -1.5 ],
			"faces": {
				"down": { "uv": [ 15.875, 13.375, 16, 13.5 ], "texture": "#yzdj" },
				"up": { "uv": [ 15.875, 13.75, 16, 13.625 ], "texture": "#yzdj" },
				"north": { "uv": [ 16, 13.75, 15.875, 13.875 ], "texture": "#yzdj" },
				"south": { "uv": [ 15.875, 14.25, 16, 14.375 ], "texture": "#yzdj" },
				"west": { "uv": [ 9.75, 9.625, 9.875, 9.75 ], "texture": "#yzdj" },
				"east": { "uv": [ 14.875, 13.125, 14.75, 13.25 ], "texture": "#yzdj" }
			}
		},
		{
			"__comment": "Voxels",
			"from": [ 8, 5.25, -1.5 ],
			"to": [ 8.25, 5.75, -1.25 ],
			"faces": {
				"down": { "uv": [ 14.625, 13.125, 14.75, 13.25 ], "texture": "#yzdj" },
				"up": { "uv": [ 14.25, 13.25, 14.375, 13.125 ], "texture": "#yzdj" },
				"north": { "uv": [ 10.5, 9.25, 10.375, 9.5 ], "texture": "#yzdj" },
				"south": { "uv": [ 10.5, 10.5, 10.625, 10.75 ], "texture": "#yzdj" },
				"west": { "uv": [ 10.375, 10.5, 10.5, 10.75 ], "texture": "#yzdj" },
				"east": { "uv": [ 10.375, 8, 10.25, 8.25 ], "texture": "#yzdj" }
			}
		},
		{
			"__comment": "Voxels",
			"from": [ 8, 5.75, -1.25 ],
			"to": [ 8.5, 6.75, -0.75 ],
			"faces": {
				"down": { "uv": [ 13.75, 13.875, 14, 14.125 ], "texture": "#yzdj" },
				"up": { "uv": [ 14, 14.125, 14.25, 13.875 ], "texture": "#yzdj" },
				"north": { "uv": [ 9.625, 8.125, 9.375, 8.625 ], "texture": "#yzdj" },
				"south": { "uv": [ 9.625, 13.875, 9.875, 14.375 ], "texture": "#yzdj" },
				"west": { "uv": [ 9.625, 13.375, 9.875, 13.875 ], "texture": "#yzdj" },
				"east": { "uv": [ 6.875, 8, 6.625, 8.5 ], "texture": "#yzdj" }
			}
		},
		{
			"__comment": "Voxels",
			"from": [ 8, 6, -2.75 ],
			"to": [ 8.75, 6.5, -2.5 ],
			"faces": {
				"down": { "uv": [ 13.625, 13.625, 14, 13.75 ], "texture": "#yzdj" },
				"up": { "uv": [ 14.75, 13.5, 15.125, 13.375 ], "texture": "#yzdj" },
				"north": { "uv": [ 12.125, 14.125, 11.75, 14.375 ], "texture": "#yzdj" },
				"south": { "uv": [ 15, 14.5, 15.375, 14.75 ], "texture": "#yzdj" },
				"west": { "uv": [ 10.25, 10.25, 10.375, 10.5 ], "texture": "#yzdj" },
				"east": { "uv": [ 10.375, 10.5, 10.25, 10.75 ], "texture": "#yzdj" }
			}
		},
		{
			"__comment": "Voxels",
			"from": [ 8, 6, -2.5 ],
			"to": [ 8.75, 6.25, -2.25 ],
			"faces": {
				"down": { "uv": [ 14.375, 13.375, 14.75, 13.5 ], "texture": "#yzdj" },
				"up": { "uv": [ 10.5, 13.625, 10.875, 13.5 ], "texture": "#yzdj" },
				"north": { "uv": [ 10.5, 13.5, 10.125, 13.625 ], "texture": "#yzdj" },
				"south": { "uv": [ 11.375, 13.375, 11.75, 13.5 ], "texture": "#yzdj" },
				"west": { "uv": [ 10.75, 9.375, 10.875, 9.5 ], "texture": "#yzdj" },
				"east": { "uv": [ 10.875, 11.625, 10.75, 11.75 ], "texture": "#yzdj" }
			}
		},
		{
			"__comment": "Voxels",
			"from": [ 8, 6, -1.5 ],
			"to": [ 8.5, 6.5, -1.25 ],
			"faces": {
				"down": { "uv": [ 13.875, 13.25, 14.125, 13.375 ], "texture": "#yzdj" },
				"up": { "uv": [ 14.125, 13.375, 14.375, 13.25 ], "texture": "#yzdj" },
				"north": { "uv": [ 14.5, 13.875, 14.25, 14.125 ], "texture": "#yzdj" },
				"south": { "uv": [ 14.5, 13.875, 14.75, 14.125 ], "texture": "#yzdj" },
				"west": { "uv": [ 10.25, 11, 10.375, 11.25 ], "texture": "#yzdj" },
				"east": { "uv": [ 10.375, 10.75, 10.25, 11 ], "texture": "#yzdj" }
			}
		},
		{
			"__comment": "Voxels",
			"from": [ 8, 6, -0.75 ],
			"to": [ 8.5, 7.5, 0.5 ],
			"faces": {
				"down": { "uv": [ 9.125, 8.5, 9.375, 9.125 ], "texture": "#yzdj" },
				"up": { "uv": [ 9.125, 9.75, 9.375, 9.125 ], "texture": "#yzdj" },
				"north": { "uv": [ 9, 11.875, 8.75, 12.625 ], "texture": "#yzdj" },
				"south": { "uv": [ 8.75, 12.625, 9, 13.375 ], "texture": "#yzdj" },
				"west": { "uv": [ 4.5, 8.375, 5.125, 9.125 ], "texture": "#yzdj" },
				"east": { "uv": [ 7.5, 13.75, 6.875, 14.5 ], "texture": "#yzdj" }
			}
		},
		{
			"__comment": "Voxels",
			"from": [ 8, 6.25, -2 ],
			"to": [ 8.75, 6.5, -1.75 ],
			"faces": {
				"down": { "uv": [ 12.875, 13.75, 13.25, 13.875 ], "texture": "#yzdj" },
				"up": { "uv": [ 12.875, 13.75, 13.25, 13.625 ], "texture": "#yzdj" },
				"north": { "uv": [ 14.75, 13.75, 14.375, 13.875 ], "texture": "#yzdj" },
				"south": { "uv": [ 14.375, 13.625, 14.75, 13.75 ], "texture": "#yzdj" },
				"west": { "uv": [ 10.75, 9.5, 10.875, 9.625 ], "texture": "#yzdj" },
				"east": { "uv": [ 14.5, 13.125, 14.375, 13.25 ], "texture": "#yzdj" }
			}
		},
		{
			"__comment": "Voxels",
			"from": [ 8, 6.25, 0.5 ],
			"to": [ 8.5, 9.75, 4 ],
			"faces": {
				"down": { "uv": [ 7.125, 11.125, 7.375, 12.875 ], "texture": "#yzdj" },
				"up": { "uv": [ 6.625, 12, 6.875, 10.25 ], "texture": "#yzdj" },
				"north": { "uv": [ 6.875, 8.5, 6.625, 10.25 ], "texture": "#yzdj" },
				"south": { "uv": [ 6.875, 11.125, 7.125, 12.875 ], "texture": "#yzdj" },
				"west": { "uv": [ 0, 9.5, 1.75, 11.25 ], "texture": "#yzdj" },
				"east": { "uv": [ 1.75, 11.25, 0, 13 ], "texture": "#yzdj" }
			}
		},
		{
			"__comment": "Voxels",
			"from": [ 8, 6.25, 4 ],
			"to": [ 8.5, 9.5, 5.5 ],
			"faces": {
				"down": { "uv": [ 9.125, 13.625, 9.375, 14.375 ], "texture": "#yzdj" },
				"up": { "uv": [ 8.75, 8.875, 9, 8.125 ], "texture": "#yzdj" },
				"north": { "uv": [ 7.625, 11.25, 7.375, 12.875 ], "texture": "#yzdj" },
				"south": { "uv": [ 6.875, 9.5, 7.125, 11.125 ], "texture": "#yzdj" },
				"west": { "uv": [ 2.25, 11.125, 3, 12.75 ], "texture": "#yzdj" },
				"east": { "uv": [ 3.75, 11.125, 3, 12.75 ], "texture": "#yzdj" }
			}
		},
		{
			"__comment": "Voxels",
			"from": [ 8, 6.5, -2.75 ],
			"to": [ 8.5, 10, -2.5 ],
			"faces": {
				"down": { "uv": [ 7.375, 11.125, 7.625, 11.25 ], "texture": "#yzdj" },
				"up": { "uv": [ 7.125, 9.625, 7.375, 9.5 ], "texture": "#yzdj" },
				"north": { "uv": [ 6.875, 12, 6.625, 13.75 ], "texture": "#yzdj" },
				"south": { "uv": [ 4.125, 9.375, 4.375, 11.125 ], "texture": "#yzdj" },
				"west": { "uv": [ 8.375, 8.375, 8.5, 10.125 ], "texture": "#yzdj" },
				"east": { "uv": [ 8.5, 10.125, 8.375, 11.875 ], "texture": "#yzdj" }
			}
		},
		{
			"__comment": "Voxels",
			"from": [ 8, 6.5, 5.5 ],
			"to": [ 8.5, 9.5, 10 ],
			"faces": {
				"down": { "uv": [ 6.125, 13.5, 6.375, 15.75 ], "texture": "#yzdj" },
				"up": { "uv": [ 5.875, 16, 6.125, 13.75 ], "texture": "#yzdj" },
				"north": { "uv": [ 6.625, 8, 6.375, 9.5 ], "texture": "#yzdj" },
				"south": { "uv": [ 7.125, 9.625, 7.375, 11.125 ], "texture": "#yzdj" },
				"west": { "uv": [ 0, 14.5, 2.25, 16 ], "texture": "#yzdj" },
				"east": { "uv": [ 2.25, 13, 0, 14.5 ], "texture": "#yzdj" }
			}
		},
		{
			"__comment": "Voxels",
			"from": [ 8, 6.5, 10 ],
			"to": [ 8.5, 9.25, 11.25 ],
			"faces": {
				"down": { "uv": [ 9.125, 11, 9.375, 11.625 ], "texture": "#yzdj" },
				"up": { "uv": [ 9.125, 12.25, 9.375, 11.625 ], "texture": "#yzdj" },
				"north": { "uv": [ 5.25, 9.125, 5, 10.5 ], "texture": "#yzdj" },
				"south": { "uv": [ 7.375, 9.75, 7.625, 11.125 ], "texture": "#yzdj" },
				"west": { "uv": [ 3.75, 8, 4.375, 9.375 ], "texture": "#yzdj" },
				"east": { "uv": [ 2.875, 8, 2.25, 9.375 ], "texture": "#yzdj" }
			}
		},
		{
			"__comment": "Voxels",
			"from": [ 8, 6.75, -3 ],
			"to": [ 8.5, 7.5, -2.75 ],
			"faces": {
				"down": { "uv": [ 11.625, 13.25, 11.875, 13.375 ], "texture": "#yzdj" },
				"up": { "uv": [ 11.875, 13.375, 12.125, 13.25 ], "texture": "#yzdj" },
				"north": { "uv": [ 9.875, 8.125, 9.625, 8.5 ], "texture": "#yzdj" },
				"south": { "uv": [ 9.625, 8.5, 9.875, 8.875 ], "texture": "#yzdj" },
				"west": { "uv": [ 10, 8, 10.125, 8.375 ], "texture": "#yzdj" },
				"east": { "uv": [ 10.25, 13.125, 10.125, 13.5 ], "texture": "#yzdj" }
			}
		},
		{
			"__comment": "Voxels",
			"from": [ 8, 6.75, -1 ],
			"to": [ 8.5, 7, -0.75 ],
			"faces": {
				"down": { "uv": [ 12.625, 13.25, 12.875, 13.375 ], "texture": "#yzdj" },
				"up": { "uv": [ 12.875, 13.375, 13.125, 13.25 ], "texture": "#yzdj" },
				"north": { "uv": [ 13.375, 13.25, 13.125, 13.375 ], "texture": "#yzdj" },
				"south": { "uv": [ 13.375, 13.25, 13.625, 13.375 ], "texture": "#yzdj" },
				"west": { "uv": [ 15.125, 13.125, 15.25, 13.25 ], "texture": "#yzdj" },
				"east": { "uv": [ 13.625, 13.125, 13.5, 13.25 ], "texture": "#yzdj" }
			}
		},
		{
			"__comment": "Voxels",
			"from": [ 8, 6.75, 11.25 ],
			"to": [ 8.5, 9.25, 15.75 ],
			"faces": {
				"down": { "uv": [ 5.875, 9.25, 6.125, 11.5 ], "texture": "#yzdj" },
				"up": { "uv": [ 5.875, 13.75, 6.125, 11.5 ], "texture": "#yzdj" },
				"north": { "uv": [ 6.125, 8, 5.875, 9.25 ], "texture": "#yzdj" },
				"south": { "uv": [ 7.875, 12.125, 8.125, 13.375 ], "texture": "#yzdj" },
				"west": { "uv": [ 2.25, 14.75, 4.5, 16 ], "texture": "#yzdj" },
				"east": { "uv": [ 2.25, 8.25, 0, 9.5 ], "texture": "#yzdj" }
			}
		},
		{
			"__comment": "Voxels",
			"from": [ 8, 6.75, 15.75 ],
			"to": [ 8.5, 9, 17.5 ],
			"faces": {
				"down": { "uv": [ 8.375, 11.875, 8.625, 12.75 ], "texture": "#yzdj" },
				"up": { "uv": [ 7.375, 13.75, 7.625, 12.875 ], "texture": "#yzdj" },
				"north": { "uv": [ 8.125, 10.5, 7.875, 11.625 ], "texture": "#yzdj" },
				"south": { "uv": [ 7.625, 9.375, 7.875, 10.5 ], "texture": "#yzdj" },
				"west": { "uv": [ 2.875, 8.25, 3.75, 9.375 ], "texture": "#yzdj" },
				"east": { "uv": [ 5.375, 14.875, 4.5, 16 ], "texture": "#yzdj" }
			}
		},
		{
			"__comment": "Voxels",
			"from": [ 8, 7, 17.5 ],
			"to": [ 8.5, 9, 21.5 ],
			"faces": {
				"down": { "uv": [ 6.625, 13.75, 6.875, 15.75 ], "texture": "#yzdj" },
				"up": { "uv": [ 6.375, 11.5, 6.625, 9.5 ], "texture": "#yzdj" },
				"north": { "uv": [ 4.5, 12.75, 4.25, 13.75 ], "texture": "#yzdj" },
				"south": { "uv": [ 4.25, 13.75, 4.5, 14.75 ], "texture": "#yzdj" },
				"west": { "uv": [ 2.25, 13.75, 4.25, 14.75 ], "texture": "#yzdj" },
				"east": { "uv": [ 4.25, 12.75, 2.25, 13.75 ], "texture": "#yzdj" }
			}
		},
		{
			"__comment": "Voxels",
			"from": [ 8, 7, 21.5 ],
			"to": [ 8.5, 8.75, 22 ],
			"faces": {
				"down": { "uv": [ 14.75, 13.875, 15, 14.125 ], "texture": "#yzdj" },
				"up": { "uv": [ 15, 14.125, 15.25, 13.875 ], "texture": "#yzdj" },
				"north": { "uv": [ 9, 13.375, 8.75, 14.25 ], "texture": "#yzdj" },
				"south": { "uv": [ 8.75, 14.25, 9, 15.125 ], "texture": "#yzdj" },
				"west": { "uv": [ 8.5, 8.375, 8.75, 9.25 ], "texture": "#yzdj" },
				"east": { "uv": [ 8.75, 9.25, 8.5, 10.125 ], "texture": "#yzdj" }
			}
		},
		{
			"__comment": "Voxels",
			"from": [ 8, 7.25, 22 ],
			"to": [ 8.5, 8.75, 22.75 ],
			"faces": {
				"down": { "uv": [ 9.625, 11.875, 9.875, 12.25 ], "texture": "#yzdj" },
				"up": { "uv": [ 9.625, 12.625, 9.875, 12.25 ], "texture": "#yzdj" },
				"north": { "uv": [ 8.25, 8.625, 8, 9.375 ], "texture": "#yzdj" },
				"south": { "uv": [ 5.125, 8.375, 5.375, 9.125 ], "texture": "#yzdj" },
				"west": { "uv": [ 7.625, 8.625, 8, 9.375 ], "texture": "#yzdj" },
				"east": { "uv": [ 8.75, 15, 8.375, 15.75 ], "texture": "#yzdj" }
			}
		},
		{
			"__comment": "Voxels",
			"from": [ 8, 7.25, 22.75 ],
			"to": [ 8.5, 8.5, 23 ],
			"faces": {
				"down": { "uv": [ 14.375, 13.25, 14.625, 13.375 ], "texture": "#yzdj" },
				"up": { "uv": [ 14.625, 13.375, 14.875, 13.25 ], "texture": "#yzdj" },
				"north": { "uv": [ 9.375, 12.25, 9.125, 12.875 ], "texture": "#yzdj" },
				"south": { "uv": [ 9.125, 10.375, 9.375, 11 ], "texture": "#yzdj" },
				"west": { "uv": [ 9.875, 12.25, 10, 12.875 ], "texture": "#yzdj" },
				"east": { "uv": [ 10, 12.875, 9.875, 13.5 ], "texture": "#yzdj" }
			}
		},
		{
			"__comment": "Voxels",
			"from": [ 8, 7.5, -8.75 ],
			"to": [ 8.5, 7.75, -8.5 ],
			"faces": {
				"down": { "uv": [ 14.875, 13.25, 15.125, 13.375 ], "texture": "#yzdj" },
				"up": { "uv": [ 15.125, 13.375, 15.375, 13.25 ], "texture": "#yzdj" },
				"north": { "uv": [ 15.625, 13.25, 15.375, 13.375 ], "texture": "#yzdj" },
				"south": { "uv": [ 15.625, 13.25, 15.875, 13.375 ], "texture": "#yzdj" },
				"west": { "uv": [ 11.125, 13, 11.25, 13.125 ], "texture": "#yzdj" },
				"east": { "uv": [ 11.125, 13, 11, 13.125 ], "texture": "#yzdj" }
			}
		},
		{
			"__comment": "Voxels",
			"from": [ 8, 7.5, -0.5 ],
			"to": [ 8.5, 10, 0 ],
			"faces": {
				"down": { "uv": [ 15.25, 13.875, 15.5, 14.125 ], "texture": "#yzdj" },
				"up": { "uv": [ 15.5, 14.125, 15.75, 13.875 ], "texture": "#yzdj" },
				"north": { "uv": [ 7.875, 14, 7.625, 15.25 ], "texture": "#yzdj" },
				"south": { "uv": [ 7.875, 14, 8.125, 15.25 ], "texture": "#yzdj" },
				"west": { "uv": [ 7.625, 12.125, 7.875, 13.375 ], "texture": "#yzdj" },
				"east": { "uv": [ 6.375, 8, 6.125, 9.25 ], "texture": "#yzdj" }
			}
		},
		{
			"__comment": "Voxels",
			"from": [ 8, 7.5, 0 ],
			"to": [ 8.5, 9.75, 0.5 ],
			"faces": {
				"down": { "uv": [ 15.75, 13.875, 16, 14.125 ], "texture": "#yzdj" },
				"up": { "uv": [ 10.125, 13.875, 10.375, 13.625 ], "texture": "#yzdj" },
				"north": { "uv": [ 7.875, 10.5, 7.625, 11.625 ], "texture": "#yzdj" },
				"south": { "uv": [ 7.875, 9.375, 8.125, 10.5 ], "texture": "#yzdj" },
				"west": { "uv": [ 8.375, 13.875, 8.625, 15 ], "texture": "#yzdj" },
				"east": { "uv": [ 8.625, 12.75, 8.375, 13.875 ], "texture": "#yzdj" }
			}
		},
		{
			"__comment": "Voxels",
			"from": [ 8, 7.5, 23 ],
			"to": [ 8.5, 8.5, 23.5 ],
			"faces": {
				"down": { "uv": [ 10.375, 13.625, 10.625, 13.875 ], "texture": "#yzdj" },
				"up": { "uv": [ 10.625, 13.875, 10.875, 13.625 ], "texture": "#yzdj" },
				"north": { "uv": [ 9.625, 11.625, 9.375, 12.125 ], "texture": "#yzdj" },
				"south": { "uv": [ 9.375, 12.125, 9.625, 12.625 ], "texture": "#yzdj" },
				"west": { "uv": [ 9.375, 13.625, 9.625, 14.125 ], "texture": "#yzdj" },
				"east": { "uv": [ 9.375, 8, 9.125, 8.5 ], "texture": "#yzdj" }
			}
		},
		{
			"__comment": "Voxels",
			"from": [ 8, 7.5, 23.5 ],
			"to": [ 8.5, 8.25, 23.75 ],
			"faces": {
				"down": { "uv": [ 10.375, 13.125, 10.625, 13.25 ], "texture": "#yzdj" },
				"up": { "uv": [ 10.375, 13.125, 10.625, 13 ], "texture": "#yzdj" },
				"north": { "uv": [ 5.375, 8, 5.125, 8.375 ], "texture": "#yzdj" },
				"south": { "uv": [ 15.75, 14.375, 16, 14.75 ], "texture": "#yzdj" },
				"west": { "uv": [ 10.125, 11.25, 10.25, 11.625 ], "texture": "#yzdj" },
				"east": { "uv": [ 10.25, 10.875, 10.125, 11.25 ], "texture": "#yzdj" }
			}
		},
		{
			"__comment": "Voxels",
			"from": [ 8, 7.75, 23.75 ],
			"to": [ 8.5, 8.25, 24.25 ],
			"faces": {
				"down": { "uv": [ 10.875, 13.625, 11.125, 13.875 ], "texture": "#yzdj" },
				"up": { "uv": [ 11.125, 13.875, 11.375, 13.625 ], "texture": "#yzdj" },
				"north": { "uv": [ 11.625, 13.625, 11.375, 13.875 ], "texture": "#yzdj" },
				"south": { "uv": [ 11.625, 13.625, 11.875, 13.875 ], "texture": "#yzdj" },
				"west": { "uv": [ 11.875, 13.625, 12.125, 13.875 ], "texture": "#yzdj" },
				"east": { "uv": [ 12.375, 13.625, 12.125, 13.875 ], "texture": "#yzdj" }
			}
		},
		{
			"__comment": "Voxels",
			"from": [ 8, 7.75, 24.25 ],
			"to": [ 8.5, 8, 24.5 ],
			"faces": {
				"down": { "uv": [ 10.375, 12.625, 10.625, 12.75 ], "texture": "#yzdj" },
				"up": { "uv": [ 10.375, 12.625, 10.625, 12.5 ], "texture": "#yzdj" },
				"north": { "uv": [ 10.625, 12.375, 10.375, 12.5 ], "texture": "#yzdj" },
				"south": { "uv": [ 10.375, 12.25, 10.625, 12.375 ], "texture": "#yzdj" },
				"west": { "uv": [ 10.75, 12, 10.875, 12.125 ], "texture": "#yzdj" },
				"east": { "uv": [ 14.625, 13.125, 14.5, 13.25 ], "texture": "#yzdj" }
			}
		},
		{
			"__comment": "Voxels",
			"from": [ 8, 8, -7.75 ],
			"to": [ 8.75, 8.25, -3.5 ],
			"faces": {
				"down": { "uv": [ 4.5, 10.5, 4.875, 12.625 ], "texture": "#yzdj" },
				"up": { "uv": [ 4.875, 12.625, 5.25, 10.5 ], "texture": "#yzdj" },
				"north": { "uv": [ 12.75, 13.5, 12.375, 13.625 ], "texture": "#yzdj" },
				"south": { "uv": [ 12.75, 13.5, 13.125, 13.625 ], "texture": "#yzdj" },
				"west": { "uv": [ 13.25, 15.875, 15.375, 16 ], "texture": "#yzdj" },
				"east": { "uv": [ 15.375, 15.75, 13.25, 15.875 ], "texture": "#yzdj" }
			}
		},
		{
			"__comment": "Voxels",
			"from": [ 8, 8.25, -8.75 ],
			"to": [ 8.5, 8.5, -3.5 ],
			"faces": {
				"down": { "uv": [ 5.375, 12, 5.625, 14.625 ], "texture": "#yzdj" },
				"up": { "uv": [ 5.625, 14.625, 5.875, 12 ], "texture": "#yzdj" },
				"north": { "uv": [ 10.625, 12.125, 10.375, 12.25 ], "texture": "#yzdj" },
				"south": { "uv": [ 10.375, 12, 10.625, 12.125 ], "texture": "#yzdj" },
				"west": { "uv": [ 8.375, 15.875, 11, 16 ], "texture": "#yzdj" },
				"east": { "uv": [ 11, 15.75, 8.375, 15.875 ], "texture": "#yzdj" }
			}
		},
		{
			"__comment": "Voxels",
			"from": [ 8, 8.5, -3 ],
			"to": [ 8.5, 9, -2.75 ],
			"faces": {
				"down": { "uv": [ 10.375, 11.875, 10.625, 12 ], "texture": "#yzdj" },
				"up": { "uv": [ 10.375, 11.875, 10.625, 11.75 ], "texture": "#yzdj" },
				"north": { "uv": [ 12.625, 13.625, 12.375, 13.875 ], "texture": "#yzdj" },
				"south": { "uv": [ 12.625, 13.625, 12.875, 13.875 ], "texture": "#yzdj" },
				"west": { "uv": [ 10.25, 9, 10.375, 9.25 ], "texture": "#yzdj" },
				"east": { "uv": [ 10.375, 8.75, 10.25, 9 ], "texture": "#yzdj" }
			}
		},
		{
			"__comment": "Voxels",
			"from": [ 8, 8.5, -0.75 ],
			"to": [ 8.5, 10, -0.5 ],
			"faces": {
				"down": { "uv": [ 10.375, 11.625, 10.625, 11.75 ], "texture": "#yzdj" },
				"up": { "uv": [ 10.375, 11.625, 10.625, 11.5 ], "texture": "#yzdj" },
				"north": { "uv": [ 9.375, 14.375, 9.125, 15.125 ], "texture": "#yzdj" },
				"south": { "uv": [ 9.125, 12.875, 9.375, 13.625 ], "texture": "#yzdj" },
				"west": { "uv": [ 9.625, 12.625, 9.75, 13.375 ], "texture": "#yzdj" },
				"east": { "uv": [ 7.625, 13.75, 7.5, 14.5 ], "texture": "#yzdj" }
			}
		},
		{
			"__comment": "Voxels",
			"from": [ 8, 9, -1 ],
			"to": [ 8.5, 10, -0.75 ],
			"faces": {
				"down": { "uv": [ 10.375, 11.375, 10.625, 11.5 ], "texture": "#yzdj" },
				"up": { "uv": [ 10.375, 11.375, 10.625, 11.25 ], "texture": "#yzdj" },
				"north": { "uv": [ 9.625, 12.625, 9.375, 13.125 ], "texture": "#yzdj" },
				"south": { "uv": [ 9.375, 13.125, 9.625, 13.625 ], "texture": "#yzdj" },
				"west": { "uv": [ 10, 12.875, 10.125, 13.375 ], "texture": "#yzdj" },
				"east": { "uv": [ 10.125, 12.375, 10, 12.875 ], "texture": "#yzdj" }
			}
		},
		{
			"__comment": "Voxels",
			"from": [ 8, 9.25, -1.25 ],
			"to": [ 8.5, 10.25, -1 ],
			"faces": {
				"down": { "uv": [ 10.375, 11.125, 10.625, 11.25 ], "texture": "#yzdj" },
				"up": { "uv": [ 10.375, 11.125, 10.625, 11 ], "texture": "#yzdj" },
				"north": { "uv": [ 9.625, 10.625, 9.375, 11.125 ], "texture": "#yzdj" },
				"south": { "uv": [ 9.375, 11.125, 9.625, 11.625 ], "texture": "#yzdj" },
				"west": { "uv": [ 10, 11.875, 10.125, 12.375 ], "texture": "#yzdj" },
				"east": { "uv": [ 10.125, 11.375, 10, 11.875 ], "texture": "#yzdj" }
			}
		},
		{
			"__comment": "Voxels",
			"from": [ 8, 9.5, -2.5 ],
			"to": [ 8.75, 9.75, -1.75 ],
			"faces": {
				"down": { "uv": [ 14.125, 14.75, 14.5, 15.125 ], "texture": "#yzdj" },
				"up": { "uv": [ 12.625, 15.125, 13, 14.75 ], "texture": "#yzdj" },
				"north": { "uv": [ 13.625, 13.75, 13.25, 13.875 ], "texture": "#yzdj" },
				"south": { "uv": [ 15.5, 13.375, 15.875, 13.5 ], "texture": "#yzdj" },
				"west": { "uv": [ 15.125, 13.375, 15.5, 13.5 ], "texture": "#yzdj" },
				"east": { "uv": [ 12.875, 13.375, 12.5, 13.5 ], "texture": "#yzdj" }
			}
		},
		{
			"__comment": "Voxels",
			"from": [ 8, 9.5, -1.5 ],
			"to": [ 8.5, 10.5, -1.25 ],
			"faces": {
				"down": { "uv": [ 10.375, 10.875, 10.625, 11 ], "texture": "#yzdj" },
				"up": { "uv": [ 10.375, 10.875, 10.625, 10.75 ], "texture": "#yzdj" },
				"north": { "uv": [ 9.625, 9.625, 9.375, 10.125 ], "texture": "#yzdj" },
				"south": { "uv": [ 9.375, 9.125, 9.625, 9.625 ], "texture": "#yzdj" },
				"west": { "uv": [ 8.125, 8.125, 8.25, 8.625 ], "texture": "#yzdj" },
				"east": { "uv": [ 10, 9.875, 9.875, 10.375 ], "texture": "#yzdj" }
			}
		},
		{
			"__comment": "Voxels",
			"from": [ 8, 10.5, -1.75 ],
			"to": [ 8.5, 10.75, -1.5 ],
			"faces": {
				"down": { "uv": [ 10.375, 10.375, 10.625, 10.5 ], "texture": "#yzdj" },
				"up": { "uv": [ 10.375, 10.375, 10.625, 10.25 ], "texture": "#yzdj" },
				"north": { "uv": [ 10.625, 10.125, 10.375, 10.25 ], "texture": "#yzdj" },
				"south": { "uv": [ 10.375, 10, 10.625, 10.125 ], "texture": "#yzdj" },
				"west": { "uv": [ 10.75, 8, 10.875, 8.125 ], "texture": "#yzdj" },
				"east": { "uv": [ 11, 13, 10.875, 13.125 ], "texture": "#yzdj" }
			}
		},
		{
			"__comment": "Voxels",
			"from": [ 8, 10.75, -2.75 ],
			"to": [ 8.5, 11, -2.5 ],
			"faces": {
				"down": { "uv": [ 10.375, 9.875, 10.625, 10 ], "texture": "#yzdj" },
				"up": { "uv": [ 10.375, 9.875, 10.625, 9.75 ], "texture": "#yzdj" },
				"north": { "uv": [ 10.625, 9.625, 10.375, 9.75 ], "texture": "#yzdj" },
				"south": { "uv": [ 10.375, 9.5, 10.625, 9.625 ], "texture": "#yzdj" },
				"west": { "uv": [ 13.875, 13.125, 14, 13.25 ], "texture": "#yzdj" },
				"east": { "uv": [ 14.125, 13.125, 14, 13.25 ], "texture": "#yzdj" }
			}
		},
		{
			"__comment": "Voxels",
			"from": [ 8, 10.75, -2.25 ],
			"to": [ 8.5, 11, -1.75 ],
			"faces": {
				"down": { "uv": [ 7.375, 9.5, 7.625, 9.75 ], "texture": "#yzdj" },
				"up": { "uv": [ 10, 14.125, 10.25, 13.875 ], "texture": "#yzdj" },
				"north": { "uv": [ 10.625, 9.125, 10.375, 9.25 ], "texture": "#yzdj" },
				"south": { "uv": [ 10.375, 9, 10.625, 9.125 ], "texture": "#yzdj" },
				"west": { "uv": [ 10.375, 8.875, 10.625, 9 ], "texture": "#yzdj" },
				"east": { "uv": [ 10.625, 8.75, 10.375, 8.875 ], "texture": "#yzdj" }
			}
		},
		{
			"__comment": "Voxels",
			"from": [ 8, 11, -2.5 ],
			"to": [ 8.5, 11.25, -2.25 ],
			"faces": {
				"down": { "uv": [ 10.375, 8.625, 10.625, 8.75 ], "texture": "#yzdj" },
				"up": { "uv": [ 10.375, 8.625, 10.625, 8.5 ], "texture": "#yzdj" },
				"north": { "uv": [ 10.625, 8.375, 10.375, 8.5 ], "texture": "#yzdj" },
				"south": { "uv": [ 10.375, 8.25, 10.625, 8.375 ], "texture": "#yzdj" },
				"west": { "uv": [ 10.75, 11, 10.875, 11.125 ], "texture": "#yzdj" },
				"east": { "uv": [ 10.875, 10.875, 10.75, 11 ], "texture": "#yzdj" }
			}
		},
		{
			"__comment": "Voxels",
			"from": [ 8.25, 5.5, -1.5 ],
			"to": [ 8.5, 5.75, -1.25 ],
			"faces": {
				"down": { "uv": [ 10.75, 10.75, 10.875, 10.875 ], "texture": "#yzdj" },
				"up": { "uv": [ 10.75, 10.75, 10.875, 10.625 ], "texture": "#yzdj" },
				"north": { "uv": [ 10.875, 10.5, 10.75, 10.625 ], "texture": "#yzdj" },
				"south": { "uv": [ 10.75, 10.375, 10.875, 10.5 ], "texture": "#yzdj" },
				"west": { "uv": [ 10.75, 10.25, 10.875, 10.375 ], "texture": "#yzdj" },
				"east": { "uv": [ 10.875, 10.125, 10.75, 10.25 ], "texture": "#yzdj" }
			}
		},
		{
			"__comment": "Voxels",
			"from": [ 8.25, 7.75, -7.75 ],
			"to": [ 8.75, 8, -3.5 ],
			"faces": {
				"down": { "uv": [ 6.375, 11.5, 6.625, 13.625 ], "texture": "#yzdj" },
				"up": { "uv": [ 6.375, 15.75, 6.625, 13.625 ], "texture": "#yzdj" },
				"north": { "uv": [ 10.625, 8.125, 10.375, 8.25 ], "texture": "#yzdj" },
				"south": { "uv": [ 10.375, 8, 10.625, 8.125 ], "texture": "#yzdj" },
				"west": { "uv": [ 10.875, 15.625, 13, 15.75 ], "texture": "#yzdj" },
				"east": { "uv": [ 10.875, 15.625, 8.75, 15.75 ], "texture": "#yzdj" }
			}
		},
		{
			"__comment": "Voxels",
			"from": [ 8.25, 8, -8 ],
			"to": [ 8.75, 8.25, -7.75 ],
			"faces": {
				"down": { "uv": [ 10.625, 13.125, 10.875, 13.25 ], "texture": "#yzdj" },
				"up": { "uv": [ 10.875, 13.25, 11.125, 13.125 ], "texture": "#yzdj" },
				"north": { "uv": [ 11.375, 13.125, 11.125, 13.25 ], "texture": "#yzdj" },
				"south": { "uv": [ 11.375, 13.125, 11.625, 13.25 ], "texture": "#yzdj" },
				"west": { "uv": [ 13.125, 13.125, 13.25, 13.25 ], "texture": "#yzdj" },
				"east": { "uv": [ 13.375, 13.125, 13.25, 13.25 ], "texture": "#yzdj" }
			}
		},
		{
			"__comment": "Voxels",
			"from": [ 8.5, 5.25, -2.75 ],
			"to": [ 8.75, 5.75, -2 ],
			"faces": {
				"down": { "uv": [ 10.125, 11.625, 10.25, 12 ], "texture": "#yzdj" },
				"up": { "uv": [ 10.125, 12.375, 10.25, 12 ], "texture": "#yzdj" },
				"north": { "uv": [ 10.625, 9.25, 10.5, 9.5 ], "texture": "#yzdj" },
				"south": { "uv": [ 10.625, 12.875, 10.75, 13.125 ], "texture": "#yzdj" },
				"west": { "uv": [ 15.375, 14.5, 15.75, 14.75 ], "texture": "#yzdj" },
				"east": { "uv": [ 10.25, 14.125, 9.875, 14.375 ], "texture": "#yzdj" }
			}
		},
		{
			"__comment": "Voxels",
			"from": [ 8.5, 5.5, -2 ],
			"to": [ 8.75, 6, -1.5 ],
			"faces": {
				"down": { "uv": [ 10.625, 12.125, 10.75, 12.375 ], "texture": "#yzdj" },
				"up": { "uv": [ 10.625, 12.125, 10.75, 11.875 ], "texture": "#yzdj" },
				"north": { "uv": [ 10.75, 11.625, 10.625, 11.875 ], "texture": "#yzdj" },
				"south": { "uv": [ 10.625, 11.375, 10.75, 11.625 ], "texture": "#yzdj" },
				"west": { "uv": [ 10.25, 13.875, 10.5, 14.125 ], "texture": "#yzdj" },
				"east": { "uv": [ 10.75, 13.875, 10.5, 14.125 ], "texture": "#yzdj" }
			}
		},
		{
			"__comment": "Voxels",
			"from": [ 8.5, 7.5, -3.5 ],
			"to": [ 8.75, 8.25, -3.25 ],
			"faces": {
				"down": { "uv": [ 14.875, 13.125, 15, 13.25 ], "texture": "#yzdj" },
				"up": { "uv": [ 15, 13.25, 15.125, 13.125 ], "texture": "#yzdj" },
				"north": { "uv": [ 10.25, 12.375, 10.125, 12.75 ], "texture": "#yzdj" },
				"south": { "uv": [ 10, 8.75, 10.125, 9.125 ], "texture": "#yzdj" },
				"west": { "uv": [ 10, 9.125, 10.125, 9.5 ], "texture": "#yzdj" },
				"east": { "uv": [ 10.125, 9.5, 10, 9.875 ], "texture": "#yzdj" }
			}
		},
		{
			"__comment": "Voxels",
			"from": [ 8.5, 7.75, -8.5 ],
			"to": [ 8.75, 8.5, -8 ],
			"faces": {
				"down": { "uv": [ 10.625, 11.125, 10.75, 11.375 ], "texture": "#yzdj" },
				"up": { "uv": [ 10.625, 11.125, 10.75, 10.875 ], "texture": "#yzdj" },
				"north": { "uv": [ 10.125, 9.875, 10, 10.25 ], "texture": "#yzdj" },
				"south": { "uv": [ 10, 10.25, 10.125, 10.625 ], "texture": "#yzdj" },
				"west": { "uv": [ 9.625, 11.5, 9.875, 11.875 ], "texture": "#yzdj" },
				"east": { "uv": [ 9.875, 11.125, 9.625, 11.5 ], "texture": "#yzdj" }
			}
		},
		{
			"__comment": "Voxels",
			"from": [ 8.5, 7.75, -8 ],
			"to": [ 8.75, 8, -7.75 ],
			"faces": {
				"down": { "uv": [ 10.625, 8.375, 10.75, 8.5 ], "texture": "#yzdj" },
				"up": { "uv": [ 10.625, 8.375, 10.75, 8.25 ], "texture": "#yzdj" },
				"north": { "uv": [ 10.75, 8.125, 10.625, 8.25 ], "texture": "#yzdj" },
				"south": { "uv": [ 10.625, 8, 10.75, 8.125 ], "texture": "#yzdj" },
				"west": { "uv": [ 10.75, 13, 10.875, 13.125 ], "texture": "#yzdj" },
				"east": { "uv": [ 10.875, 12.875, 10.75, 13 ], "texture": "#yzdj" }
			}
		},
		{
			"__comment": "Voxels",
			"from": [ 8.5, 8.25, -3.25 ],
			"to": [ 8.75, 8.5, -3 ],
			"faces": {
				"down": { "uv": [ 10.75, 12.75, 10.875, 12.875 ], "texture": "#yzdj" },
				"up": { "uv": [ 10.75, 12.75, 10.875, 12.625 ], "texture": "#yzdj" },
				"north": { "uv": [ 10.875, 12.5, 10.75, 12.625 ], "texture": "#yzdj" },
				"south": { "uv": [ 10.75, 12.375, 10.875, 12.5 ], "texture": "#yzdj" },
				"west": { "uv": [ 10.75, 12.25, 10.875, 12.375 ], "texture": "#yzdj" },
				"east": { "uv": [ 10.875, 12.125, 10.75, 12.25 ], "texture": "#yzdj" }
			}
		},
		{
			"__comment": "Voxels",
			"from": [ 8.5, 9.25, -2.75 ],
			"to": [ 9, 9.5, -2.5 ],
			"faces": {
				"down": { "uv": [ 11.625, 13.125, 11.875, 13.25 ], "texture": "#yzdj" },
				"up": { "uv": [ 11.875, 13.25, 12.125, 13.125 ], "texture": "#yzdj" },
				"north": { "uv": [ 12.375, 13.125, 12.125, 13.25 ], "texture": "#yzdj" },
				"south": { "uv": [ 12.375, 13.125, 12.625, 13.25 ], "texture": "#yzdj" },
				"west": { "uv": [ 10.75, 11.5, 10.875, 11.625 ], "texture": "#yzdj" },
				"east": { "uv": [ 10.875, 11.375, 10.75, 11.5 ], "texture": "#yzdj" }
			}
		},
		{
			"__comment": "Voxels",
			"from": [ 8.5, 9.5, -2.75 ],
			"to": [ 8.75, 10, -2.5 ],
			"faces": {
				"down": { "uv": [ 10.75, 11.25, 10.875, 11.375 ], "texture": "#yzdj" },
				"up": { "uv": [ 10.75, 11.25, 10.875, 11.125 ], "texture": "#yzdj" },
				"north": { "uv": [ 10.75, 10.625, 10.625, 10.875 ], "texture": "#yzdj" },
				"south": { "uv": [ 10.625, 10.375, 10.75, 10.625 ], "texture": "#yzdj" },
				"west": { "uv": [ 10.625, 10.125, 10.75, 10.375 ], "texture": "#yzdj" },
				"east": { "uv": [ 10.75, 9.875, 10.625, 10.125 ], "texture": "#yzdj" }
			}
		},
		{
			"__comment": "Voxels",
			"from": [ 8.75, 6.25, -3 ],
			"to": [ 9, 7.5, -2.5 ],
			"faces": {
				"down": { "uv": [ 10.625, 9.625, 10.75, 9.875 ], "texture": "#yzdj" },
				"up": { "uv": [ 10.625, 9.625, 10.75, 9.375 ], "texture": "#yzdj" },
				"north": { "uv": [ 10, 11, 9.875, 11.625 ], "texture": "#yzdj" },
				"south": { "uv": [ 8.125, 13.375, 8.25, 14 ], "texture": "#yzdj" },
				"west": { "uv": [ 9.375, 14.125, 9.625, 14.75 ], "texture": "#yzdj" },
				"east": { "uv": [ 9.375, 9.75, 9.125, 10.375 ], "texture": "#yzdj" }
			}
		},
		{
			"__comment": "Voxels",
			"from": [ 8.75, 6.5, -2.25 ],
			"to": [ 9, 9.5, -2 ],
			"faces": {
				"down": { "uv": [ 10.75, 9.75, 10.875, 9.875 ], "texture": "#yzdj" },
				"up": { "uv": [ 10.75, 9.75, 10.875, 9.625 ], "texture": "#yzdj" },
				"north": { "uv": [ 9.125, 9.125, 9, 10.625 ], "texture": "#yzdj" },
				"south": { "uv": [ 9, 10.625, 9.125, 12.125 ], "texture": "#yzdj" },
				"west": { "uv": [ 8.875, 10.375, 9, 11.875 ], "texture": "#yzdj" },
				"east": { "uv": [ 8.875, 10.375, 8.75, 11.875 ], "texture": "#yzdj" }
			}
		},
		{
			"__comment": "Voxels",
			"from": [ 8.75, 7.5, -2.75 ],
			"to": [ 9, 9.25, -2.5 ],
			"faces": {
				"down": { "uv": [ 10.75, 9, 10.875, 9.125 ], "texture": "#yzdj" },
				"up": { "uv": [ 10.75, 9, 10.875, 8.875 ], "texture": "#yzdj" },
				"north": { "uv": [ 8.75, 13, 8.625, 13.875 ], "texture": "#yzdj" },
				"south": { "uv": [ 8.625, 11.875, 8.75, 12.75 ], "texture": "#yzdj" },
				"west": { "uv": [ 9, 8.25, 9.125, 9.125 ], "texture": "#yzdj" },
				"east": { "uv": [ 8.75, 14.125, 8.625, 15 ], "texture": "#yzdj" }
			}
		},
		{
			"__comment": "Voxels",
			"from": [ 8.75, 8.5, -3 ],
			"to": [ 9, 9, -2.75 ],
			"faces": {
				"down": { "uv": [ 10.75, 8.25, 10.875, 8.375 ], "texture": "#yzdj" },
				"up": { "uv": [ 10.75, 8.25, 10.875, 8.125 ], "texture": "#yzdj" },
				"north": { "uv": [ 10.25, 8, 10.125, 8.25 ], "texture": "#yzdj" },
				"south": { "uv": [ 10.25, 12.75, 10.375, 13 ], "texture": "#yzdj" },
				"west": { "uv": [ 10.25, 12.5, 10.375, 12.75 ], "texture": "#yzdj" },
				"east": { "uv": [ 10.375, 12.25, 10.25, 12.5 ], "texture": "#yzdj" }
			}
		}
	],
	"display": {
		"thirdperson_righthand": {
			"rotation":  [ -91, 0, 0 ],
			"translation":  [ 0, 11.826, 2.0869 ]
		},
		"thirdperson_lefthand": {
			"rotation":  [ 0, -138, 90 ],
			"translation":  [ -6.259, -6.95, 4.8695 ]
		},
		"firstperson_righthand": {
			"rotation":  [ -103, 0, 0 ]
		},
		"firstperson_lefthand": {
			"scale":  [ 0.0001, 0.0001, 0.0001 ]
		},
		"gui": {
			"rotation":  [ 88, 133, 90 ],
			"scale":  [ 0.6, 0.6, 0.6 ]
		},
		"ground": {
			"rotation":  [ -90, 0, 0 ],
			"translation":  [ 0, 14.608, 0 ]
		},
		"fixed": {
			"rotation":  [ 0, -90, 0 ],
			"translation":  [ 0, -1.391, -6.26 ]
		}
	}
}