{
	"__comment": "这里是万华镜工作室制作",
	"textures": {
		"bwzx": "blocks/bwzx"
	},
	"elements": [ 	 
		{
			"__comment": "Voxels",
			"from": [ 0.3333, -3, -2 ],
			"to": [ 1.666633, -2.333333, -1.666667 ],
			"faces": {
				"down": { "uv": [ 8.375, 8.125, 8.875, 8.25 ], "texture": "#bwzx" },
				"up": { "uv": [ 8.875, 10, 9.375, 9.875 ], "texture": "#bwzx" },
				"north": { "uv": [ 7, 8, 6.5, 8.25 ], "texture": "#bwzx" },
				"south": { "uv": [ 7, 8, 7.5, 8.25 ], "texture": "#bwzx" },
				"west": { "uv": [ 9.625, 9.75, 9.75, 10 ], "texture": "#bwzx" },
				"east": { "uv": [ 9.75, 9.5, 9.625, 9.75 ], "texture": "#bwzx" }
			}
		},
		{
			"__comment": "Voxels",
			"from": [ 0.3333, -3, -1.6667 ],
			"to": [ 1.3333, -2, -1.333367 ],
			"faces": {
				"down": { "uv": [ 15.5, 14.375, 15.875, 14.5 ], "texture": "#bwzx" },
				"up": { "uv": [ 14.375, 14.5, 14.75, 14.375 ], "texture": "#bwzx" },
				"north": { "uv": [ 8.375, 14.25, 8, 14.625 ], "texture": "#bwzx" },
				"south": { "uv": [ 8, 14.625, 8.375, 15 ], "texture": "#bwzx" },
				"west": { "uv": [ 8.25, 9.125, 8.375, 9.5 ], "texture": "#bwzx" },
				"east": { "uv": [ 8.375, 9.5, 8.25, 9.875 ], "texture": "#bwzx" }
			}
		},
		{
			"__comment": "Voxels",
			"from": [ 0.3333, -2.6667, -1.3333 ],
			"to": [ 5.666634, -2.333367, -0.9999666 ],
			"faces": {
				"down": { "uv": [ 12.5, 15.875, 14.5, 16 ], "texture": "#bwzx" },
				"up": { "uv": [ 10.5, 16, 12.5, 15.875 ], "texture": "#bwzx" },
				"north": { "uv": [ 10.5, 15.875, 8.5, 16 ], "texture": "#bwzx" },
				"south": { "uv": [ 6.5, 15.875, 8.5, 16 ], "texture": "#bwzx" },
				"west": { "uv": [ 13.125, 13.625, 13.25, 13.75 ], "texture": "#bwzx" },
				"east": { "uv": [ 16, 13.75, 15.875, 13.875 ], "texture": "#bwzx" }
			}
		},
		{
			"__comment": "Voxels",
			"from": [ 0.3333, -2.3333, -1.3333 ],
			"to": [ 5.3333, -1.999967, -0.9999666 ],
			"faces": {
				"down": { "uv": [ 7.5, 15.75, 9.375, 15.875 ], "texture": "#bwzx" },
				"up": { "uv": [ 13.125, 15.875, 15, 15.75 ], "texture": "#bwzx" },
				"north": { "uv": [ 13.125, 15.75, 11.25, 15.875 ], "texture": "#bwzx" },
				"south": { "uv": [ 9.375, 15.75, 11.25, 15.875 ], "texture": "#bwzx" },
				"west": { "uv": [ 10, 8, 10.125, 8.125 ], "texture": "#bwzx" },
				"east": { "uv": [ 10.125, 8.125, 10, 8.25 ], "texture": "#bwzx" }
			}
		},
		{
			"__comment": "Voxels",
			"from": [ 0.6667, -3.3333, -2 ],
			"to": [ 1.6667, -2.999967, -1.333333 ],
			"faces": {
				"down": { "uv": [ 8, 12.75, 8.375, 13 ], "texture": "#bwzx" },
				"up": { "uv": [ 8, 11.625, 8.375, 11.375 ], "texture": "#bwzx" },
				"north": { "uv": [ 11.5, 14.25, 11.125, 14.375 ], "texture": "#bwzx" },
				"south": { "uv": [ 10.75, 14.25, 11.125, 14.375 ], "texture": "#bwzx" },
				"west": { "uv": [ 9.75, 11.75, 10, 11.875 ], "texture": "#bwzx" },
				"east": { "uv": [ 10, 11.625, 9.75, 11.75 ], "texture": "#bwzx" }
			}
		},
		{
			"__comment": "Voxels",
			"from": [ 0.6667, -3, -1.3333 ],
			"to": [ 5.333367, -2.666667, -0.9999666 ],
			"faces": {
				"down": { "uv": [ 7.5, 15.625, 9.25, 15.75 ], "texture": "#bwzx" },
				"up": { "uv": [ 9.25, 15.75, 11, 15.625 ], "texture": "#bwzx" },
				"north": { "uv": [ 12.75, 15.625, 11, 15.75 ], "texture": "#bwzx" },
				"south": { "uv": [ 12.75, 15.625, 14.5, 15.75 ], "texture": "#bwzx" },
				"west": { "uv": [ 10, 8.25, 10.125, 8.375 ], "texture": "#bwzx" },
				"east": { "uv": [ 10.125, 8.625, 10, 8.75 ], "texture": "#bwzx" }
			}
		},
		{
			"__comment": "Voxels",
			"from": [ 0.6667, -2.3333, -2 ],
			"to": [ 2.000033, -1.999967, -1.666667 ],
			"faces": {
				"down": { "uv": [ 8.875, 10.25, 9.375, 10.375 ], "texture": "#bwzx" },
				"up": { "uv": [ 8.875, 10.5, 9.375, 10.375 ], "texture": "#bwzx" },
				"north": { "uv": [ 9.375, 10.5, 8.875, 10.625 ], "texture": "#bwzx" },
				"south": { "uv": [ 8.875, 10.625, 9.375, 10.75 ], "texture": "#bwzx" },
				"west": { "uv": [ 10, 8.75, 10.125, 8.875 ], "texture": "#bwzx" },
				"east": { "uv": [ 10.125, 8.875, 10, 9 ], "texture": "#bwzx" }
			}
		},
		{
			"__comment": "Voxels",
			"from": [ 0.6667, 0.6667, -1.6667 ],
			"to": [ 1.333367, 3.000033, -1.333367 ],
			"faces": {
				"down": { "uv": [ 9.75, 11.5, 10, 11.625 ], "texture": "#bwzx" },
				"up": { "uv": [ 9.75, 11.5, 10, 11.375 ], "texture": "#bwzx" },
				"north": { "uv": [ 6, 11.5, 5.75, 12.375 ], "texture": "#bwzx" },
				"south": { "uv": [ 7.125, 12.5, 7.375, 13.375 ], "texture": "#bwzx" },
				"west": { "uv": [ 7.875, 9, 8, 9.875 ], "texture": "#bwzx" },
				"east": { "uv": [ 7.875, 9, 7.75, 9.875 ], "texture": "#bwzx" }
			}
		},
		{
			"__comment": "Voxels",
			"from": [ 1, -3.6667, -2 ],
			"to": [ 1.666667, -3.333367, -1.333333 ],
			"faces": {
				"down": { "uv": [ 9, 12.625, 9.25, 12.875 ], "texture": "#bwzx" },
				"up": { "uv": [ 8.625, 9, 8.875, 8.75 ], "texture": "#bwzx" },
				"north": { "uv": [ 10, 11.25, 9.75, 11.375 ], "texture": "#bwzx" },
				"south": { "uv": [ 9.75, 8.625, 10, 8.75 ], "texture": "#bwzx" },
				"west": { "uv": [ 9.75, 8.5, 10, 8.625 ], "texture": "#bwzx" },
				"east": { "uv": [ 10, 8.375, 9.75, 8.5 ], "texture": "#bwzx" }
			}
		},
		{
			"__comment": "Voxels",
			"from": [ 1, -3.3333, -1.3333 ],
			"to": [ 5, -2.999967, -0.9999666 ],
			"faces": {
				"down": { "uv": [ 12, 15.5, 13.5, 15.625 ], "texture": "#bwzx" },
				"up": { "uv": [ 7.5, 15.625, 9, 15.5 ], "texture": "#bwzx" },
				"north": { "uv": [ 16, 15.625, 14.5, 15.75 ], "texture": "#bwzx" },
				"south": { "uv": [ 14.5, 15.875, 16, 16 ], "texture": "#bwzx" },
				"west": { "uv": [ 10, 9, 10.125, 9.125 ], "texture": "#bwzx" },
				"east": { "uv": [ 10.125, 9.125, 10, 9.25 ], "texture": "#bwzx" }
			}
		},
		{
			"__comment": "Voxels",
			"from": [ 1, -2, -2 ],
			"to": [ 2, -0.6666666, -1.666667 ],
			"faces": {
				"down": { "uv": [ 12.125, 14.375, 12.5, 14.5 ], "texture": "#bwzx" },
				"up": { "uv": [ 8.875, 8.375, 9.25, 8.25 ], "texture": "#bwzx" },
				"north": { "uv": [ 5.625, 8.125, 5.25, 8.625 ], "texture": "#bwzx" },
				"south": { "uv": [ 2.75, 8.25, 3.125, 8.75 ], "texture": "#bwzx" },
				"west": { "uv": [ 8.875, 12.375, 9, 12.875 ], "texture": "#bwzx" },
				"east": { "uv": [ 9, 12.875, 8.875, 13.375 ], "texture": "#bwzx" }
			}
		},
		{
			"__comment": "Voxels",
			"from": [ 1, -2, -1.6667 ],
			"to": [ 1.666667, -1, -1.000033 ],
			"faces": {
				"down": { "uv": [ 8.625, 9, 8.875, 9.25 ], "texture": "#bwzx" },
				"up": { "uv": [ 7.25, 8.75, 7.5, 8.5 ], "texture": "#bwzx" },
				"north": { "uv": [ 8.25, 13.5, 8, 13.875 ], "texture": "#bwzx" },
				"south": { "uv": [ 8, 12.375, 8.25, 12.75 ], "texture": "#bwzx" },
				"west": { "uv": [ 5.75, 12.375, 6, 12.75 ], "texture": "#bwzx" },
				"east": { "uv": [ 8.25, 13.875, 8, 14.25 ], "texture": "#bwzx" }
			}
		},
		{
			"__comment": "Voxels",
			"from": [ 1, -1, -1.6667 ],
			"to": [ 1.333333, 0.6666667, -1.000033 ],
			"faces": {
				"down": { "uv": [ 9.75, 8.125, 9.875, 8.375 ], "texture": "#bwzx" },
				"up": { "uv": [ 9.875, 8.375, 10, 8.125 ], "texture": "#bwzx" },
				"north": { "uv": [ 4.875, 8, 4.75, 8.625 ], "texture": "#bwzx" },
				"south": { "uv": [ 5, 8, 5.125, 8.625 ], "texture": "#bwzx" },
				"west": { "uv": [ 5.625, 8, 5.875, 8.625 ], "texture": "#bwzx" },
				"east": { "uv": [ 8, 14.5, 7.75, 15.125 ], "texture": "#bwzx" }
			}
		},
		{
			"__comment": "Voxels",
			"from": [ 1, -0.6667, -2 ],
			"to": [ 1.666667, 2.999967, -1.666667 ],
			"faces": {
				"down": { "uv": [ 10, 13.875, 10.25, 14 ], "texture": "#bwzx" },
				"up": { "uv": [ 10.25, 14, 10.5, 13.875 ], "texture": "#bwzx" },
				"north": { "uv": [ 5.5, 13.875, 5.25, 15.25 ], "texture": "#bwzx" },
				"south": { "uv": [ 5.5, 13.875, 5.75, 15.25 ], "texture": "#bwzx" },
				"west": { "uv": [ 7.625, 12.625, 7.75, 14 ], "texture": "#bwzx" },
				"east": { "uv": [ 7.75, 9.875, 7.625, 11.25 ], "texture": "#bwzx" }
			}
		},
		{
			"__comment": "Voxels",
			"from": [ 1, 0.6667, -1.3333 ],
			"to": [ 1.666667, 3.000033, -0.9999666 ],
			"faces": {
				"down": { "uv": [ 10.5, 13.875, 10.75, 14 ], "texture": "#bwzx" },
				"up": { "uv": [ 10.75, 14, 11, 13.875 ], "texture": "#bwzx" },
				"north": { "uv": [ 7.375, 11.625, 7.125, 12.5 ], "texture": "#bwzx" },
				"south": { "uv": [ 5.5, 11.5, 5.75, 12.375 ], "texture": "#bwzx" },
				"west": { "uv": [ 7.875, 9.875, 8, 10.75 ], "texture": "#bwzx" },
				"east": { "uv": [ 7.5, 12.5, 7.375, 13.375 ], "texture": "#bwzx" }
			}
		},
		{
			"__comment": "Voxels",
			"from": [ 1, 3, -1.6667 ],
			"to": [ 5, 3.333333, -1.333367 ],
			"faces": {
				"down": { "uv": [ 12, 15.375, 13.5, 15.5 ], "texture": "#bwzx" },
				"up": { "uv": [ 13.5, 15.5, 15, 15.375 ], "texture": "#bwzx" },
				"north": { "uv": [ 10.5, 15.5, 9, 15.625 ], "texture": "#bwzx" },
				"south": { "uv": [ 10.5, 15.5, 12, 15.625 ], "texture": "#bwzx" },
				"west": { "uv": [ 10, 9.25, 10.125, 9.375 ], "texture": "#bwzx" },
				"east": { "uv": [ 10.125, 9.375, 10, 9.5 ], "texture": "#bwzx" }
			}
		},
		{
			"__comment": "Voxels",
			"from": [ 1.3333, -4, -2 ],
			"to": [ 1.999967, -3.666667, -1.333333 ],
			"faces": {
				"down": { "uv": [ 7.25, 8.75, 7.5, 9 ], "texture": "#bwzx" },
				"up": { "uv": [ 7.25, 9.25, 7.5, 9 ], "texture": "#bwzx" },
				"north": { "uv": [ 11.25, 13.875, 11, 14 ], "texture": "#bwzx" },
				"south": { "uv": [ 11.25, 13.875, 11.5, 14 ], "texture": "#bwzx" },
				"west": { "uv": [ 11.5, 13.875, 11.75, 14 ], "texture": "#bwzx" },
				"east": { "uv": [ 12, 13.875, 11.75, 14 ], "texture": "#bwzx" }
			}
		},
		{
			"__comment": "Voxels",
			"from": [ 1.3333, -3.6667, -1.3333 ],
			"to": [ 4.666634, -3.333367, -0.9999666 ],
			"faces": {
				"down": { "uv": [ 7.75, 15.125, 9, 15.25 ], "texture": "#bwzx" },
				"up": { "uv": [ 14, 15.25, 15.25, 15.125 ], "texture": "#bwzx" },
				"north": { "uv": [ 10.5, 15, 9.25, 15.125 ], "texture": "#bwzx" },
				"south": { "uv": [ 10.5, 15, 11.75, 15.125 ], "texture": "#bwzx" },
				"west": { "uv": [ 10, 9.5, 10.125, 9.625 ], "texture": "#bwzx" },
				"east": { "uv": [ 10.125, 9.875, 10, 10 ], "texture": "#bwzx" }
			}
		},
		{
			"__comment": "Voxels",
			"from": [ 1.3333, -3.3333, -2.3333 ],
			"to": [ 1.999967, 3.000034, -1.999967 ],
			"faces": {
				"down": { "uv": [ 12, 13.875, 12.25, 14 ], "texture": "#bwzx" },
				"up": { "uv": [ 12.25, 14, 12.5, 13.875 ], "texture": "#bwzx" },
				"north": { "uv": [ 3, 8.75, 2.75, 11.125 ], "texture": "#bwzx" },
				"south": { "uv": [ 2.75, 11.125, 3, 13.5 ], "texture": "#bwzx" },
				"west": { "uv": [ 6, 11.125, 6.125, 13.5 ], "texture": "#bwzx" },
				"east": { "uv": [ 3.125, 11.125, 3, 13.5 ], "texture": "#bwzx" }
			}
		},
		{
			"__comment": "Voxels",
			"from": [ 1.3333, -3.3333, -1 ],
			"to": [ 1.999967, 3.000034, -0.6666666 ],
			"faces": {
				"down": { "uv": [ 12.5, 13.875, 12.75, 14 ], "texture": "#bwzx" },
				"up": { "uv": [ 14.75, 14, 15, 13.875 ], "texture": "#bwzx" },
				"north": { "uv": [ 3.875, 11.625, 3.625, 14 ], "texture": "#bwzx" },
				"south": { "uv": [ 3.875, 11.625, 4.125, 14 ], "texture": "#bwzx" },
				"west": { "uv": [ 4.125, 11.625, 4.25, 14 ], "texture": "#bwzx" },
				"east": { "uv": [ 3.125, 8.75, 3, 11.125 ], "texture": "#bwzx" }
			}
		},
		{
			"__comment": "Voxels",
			"from": [ 1.3333, -2.6667, -1.6667 ],
			"to": [ 1.666633, -2.000033, -1.333367 ],
			"faces": {
				"down": { "uv": [ 10, 10, 10.125, 10.125 ], "texture": "#bwzx" },
				"up": { "uv": [ 10, 10.25, 10.125, 10.125 ], "texture": "#bwzx" },
				"north": { "uv": [ 10.125, 12.625, 10, 12.875 ], "texture": "#bwzx" },
				"south": { "uv": [ 10, 12.375, 10.125, 12.625 ], "texture": "#bwzx" },
				"west": { "uv": [ 10, 12.125, 10.125, 12.375 ], "texture": "#bwzx" },
				"east": { "uv": [ 10.125, 11.875, 10, 12.125 ], "texture": "#bwzx" }
			}
		},
		{
			"__comment": "Voxels",
			"from": [ 1.3333, -1, -1.3333 ],
			"to": [ 4.999967, -0.6666666, -0.9999666 ],
			"faces": {
				"down": { "uv": [ 7.75, 15.25, 9.125, 15.375 ], "texture": "#bwzx" },
				"up": { "uv": [ 9.125, 15.375, 10.5, 15.25 ], "texture": "#bwzx" },
				"north": { "uv": [ 11.875, 15.25, 10.5, 15.375 ], "texture": "#bwzx" },
				"south": { "uv": [ 11.875, 15.25, 13.25, 15.375 ], "texture": "#bwzx" },
				"west": { "uv": [ 10, 10.25, 10.125, 10.375 ], "texture": "#bwzx" },
				"east": { "uv": [ 7, 9.875, 6.875, 10 ], "texture": "#bwzx" }
			}
		},
		{
			"__comment": "Voxels",
			"from": [ 1.3333, -0.6667, -1.3333 ],
			"to": [ 1.666633, 0.6666334, -0.9999666 ],
			"faces": {
				"down": { "uv": [ 13.5, 13.5, 13.625, 13.625 ], "texture": "#bwzx" },
				"up": { "uv": [ 13.375, 13.625, 13.5, 13.5 ], "texture": "#bwzx" },
				"north": { "uv": [ 8.625, 8.75, 8.5, 9.25 ], "texture": "#bwzx" },
				"south": { "uv": [ 8.375, 8.75, 8.5, 9.25 ], "texture": "#bwzx" },
				"west": { "uv": [ 7.625, 8.125, 7.75, 8.625 ], "texture": "#bwzx" },
				"east": { "uv": [ 6, 8.125, 5.875, 8.625 ], "texture": "#bwzx" }
			}
		},
		{
			"__comment": "Voxels",
			"from": [ 1.3333, 2.6667, -1.6667 ],
			"to": [ 5.3333, 3.000033, -1.333367 ],
			"faces": {
				"down": { "uv": [ 7.5, 15.375, 9, 15.5 ], "texture": "#bwzx" },
				"up": { "uv": [ 9, 15.5, 10.5, 15.375 ], "texture": "#bwzx" },
				"north": { "uv": [ 12, 15.375, 10.5, 15.5 ], "texture": "#bwzx" },
				"south": { "uv": [ 13.5, 15.5, 15, 15.625 ], "texture": "#bwzx" },
				"west": { "uv": [ 13.25, 13.5, 13.375, 13.625 ], "texture": "#bwzx" },
				"east": { "uv": [ 13.25, 13.5, 13.125, 13.625 ], "texture": "#bwzx" }
			}
		},
		{
			"__comment": "Voxels",
			"from": [ 1.3333, 3, -2 ],
			"to": [ 1.999967, 3.333333, -1.666667 ],
			"faces": {
				"down": { "uv": [ 10.125, 13.75, 10.375, 13.875 ], "texture": "#bwzx" },
				"up": { "uv": [ 10.375, 13.875, 10.625, 13.75 ], "texture": "#bwzx" },
				"north": { "uv": [ 10.875, 13.75, 10.625, 13.875 ], "texture": "#bwzx" },
				"south": { "uv": [ 10.875, 13.75, 11.125, 13.875 ], "texture": "#bwzx" },
				"west": { "uv": [ 12.5, 13.5, 12.625, 13.625 ], "texture": "#bwzx" },
				"east": { "uv": [ 12.5, 13.5, 12.375, 13.625 ], "texture": "#bwzx" }
			}
		},
		{
			"__comment": "Voxels",
			"from": [ 1.3333, 3, -1.3333 ],
			"to": [ 1.999967, 3.333333, -0.9999666 ],
			"faces": {
				"down": { "uv": [ 11.125, 13.75, 11.375, 13.875 ], "texture": "#bwzx" },
				"up": { "uv": [ 11.375, 13.875, 11.625, 13.75 ], "texture": "#bwzx" },
				"north": { "uv": [ 11.875, 13.75, 11.625, 13.875 ], "texture": "#bwzx" },
				"south": { "uv": [ 13.375, 13.75, 13.625, 13.875 ], "texture": "#bwzx" },
				"west": { "uv": [ 12.25, 13.5, 12.375, 13.625 ], "texture": "#bwzx" },
				"east": { "uv": [ 12.25, 13.5, 12.125, 13.625 ], "texture": "#bwzx" }
			}
		},
		{
			"__comment": "Voxels",
			"from": [ 1.6667, -4, -1.3333 ],
			"to": [ 4.333367, -3.666667, -0.9999666 ],
			"faces": {
				"down": { "uv": [ 9.875, 14.75, 10.875, 14.875 ], "texture": "#bwzx" },
				"up": { "uv": [ 15, 15.875, 16, 15.75 ], "texture": "#bwzx" },
				"north": { "uv": [ 16, 15.5, 15, 15.625 ], "texture": "#bwzx" },
				"south": { "uv": [ 15, 15.375, 16, 15.5 ], "texture": "#bwzx" },
				"west": { "uv": [ 12, 13.5, 12.125, 13.625 ], "texture": "#bwzx" },
				"east": { "uv": [ 12, 13.5, 11.875, 13.625 ], "texture": "#bwzx" }
			}
		},
		{
			"__comment": "Voxels",
			"from": [ 1.6667, -3, -2.6667 ],
			"to": [ 4.333367, -2.666667, -2.333367 ],
			"faces": {
				"down": { "uv": [ 8.875, 14.875, 9.875, 15 ], "texture": "#bwzx" },
				"up": { "uv": [ 9.875, 15, 10.875, 14.875 ], "texture": "#bwzx" },
				"north": { "uv": [ 11.875, 14.875, 10.875, 15 ], "texture": "#bwzx" },
				"south": { "uv": [ 11.875, 14.875, 12.875, 15 ], "texture": "#bwzx" },
				"west": { "uv": [ 11.75, 13.5, 11.875, 13.625 ], "texture": "#bwzx" },
				"east": { "uv": [ 11.75, 13.5, 11.625, 13.625 ], "texture": "#bwzx" }
			}
		},
		{
			"__comment": "Voxels",
			"from": [ 1.6667, -3, -0.6667 ],
			"to": [ 4.333367, -2.666667, -0.3333667 ],
			"faces": {
				"down": { "uv": [ 12.875, 14.875, 13.875, 15 ], "texture": "#bwzx" },
				"up": { "uv": [ 13.875, 15, 14.875, 14.875 ], "texture": "#bwzx" },
				"north": { "uv": [ 15.875, 14.875, 14.875, 15 ], "texture": "#bwzx" },
				"south": { "uv": [ 8.875, 14.75, 9.875, 14.875 ], "texture": "#bwzx" },
				"west": { "uv": [ 11.5, 13.5, 11.625, 13.625 ], "texture": "#bwzx" },
				"east": { "uv": [ 11.5, 13.5, 11.375, 13.625 ], "texture": "#bwzx" }
			}
		},
		{
			"__comment": "Voxels",
			"from": [ 1.6667, -2.6667, -2.6667 ],
			"to": [ 2.333367, 2.999967, -2.333367 ],
			"faces": {
				"down": { "uv": [ 13.625, 13.75, 13.875, 13.875 ], "texture": "#bwzx" },
				"up": { "uv": [ 13.875, 13.875, 14.125, 13.75 ], "texture": "#bwzx" },
				"north": { "uv": [ 4.125, 9.5, 3.875, 11.625 ], "texture": "#bwzx" },
				"south": { "uv": [ 4.25, 11.75, 4.5, 13.875 ], "texture": "#bwzx" },
				"west": { "uv": [ 6, 9, 6.125, 11.125 ], "texture": "#bwzx" },
				"east": { "uv": [ 4.25, 9.5, 4.125, 11.625 ], "texture": "#bwzx" }
			}
		},
		{
			"__comment": "Voxels",
			"from": [ 1.6667, -2.6667, -2 ],
			"to": [ 2.000033, -2.333367, -1.666667 ],
			"faces": {
				"down": { "uv": [ 11.25, 13.5, 11.375, 13.625 ], "texture": "#bwzx" },
				"up": { "uv": [ 10.875, 13.625, 11, 13.5 ], "texture": "#bwzx" },
				"north": { "uv": [ 10.875, 13.5, 10.75, 13.625 ], "texture": "#bwzx" },
				"south": { "uv": [ 10.625, 13.5, 10.75, 13.625 ], "texture": "#bwzx" },
				"west": { "uv": [ 10.5, 13.5, 10.625, 13.625 ], "texture": "#bwzx" },
				"east": { "uv": [ 10.375, 8.125, 10.25, 8.25 ], "texture": "#bwzx" }
			}
		},
		{
			"__comment": "Voxels",
			"from": [ 1.6667, -2.6667, -0.6667 ],
			"to": [ 2.333367, 2.999967, -0.3333667 ],
			"faces": {
				"down": { "uv": [ 14.125, 13.75, 14.375, 13.875 ], "texture": "#bwzx" },
				"up": { "uv": [ 14.875, 13.875, 15.125, 13.75 ], "texture": "#bwzx" },
				"north": { "uv": [ 4.75, 11.75, 4.5, 13.875 ], "texture": "#bwzx" },
				"south": { "uv": [ 4.5, 9.625, 4.75, 11.75 ], "texture": "#bwzx" },
				"west": { "uv": [ 6.125, 11.75, 6.25, 13.875 ], "texture": "#bwzx" },
				"east": { "uv": [ 6.25, 9.625, 6.125, 11.75 ], "texture": "#bwzx" }
			}
		},
		{
			"__comment": "Voxels",
			"from": [ 1.6667, -2, -1.3333 ],
			"to": [ 5.000033, -1, -0.9999666 ],
			"faces": {
				"down": { "uv": [ 14.25, 15, 15.5, 15.125 ], "texture": "#bwzx" },
				"up": { "uv": [ 10.25, 15.25, 11.5, 15.125 ], "texture": "#bwzx" },
				"north": { "uv": [ 6, 15.25, 4.75, 15.625 ], "texture": "#bwzx" },
				"south": { "uv": [ 4.75, 15.625, 6, 16 ], "texture": "#bwzx" },
				"west": { "uv": [ 8.25, 13.875, 8.375, 14.25 ], "texture": "#bwzx" },
				"east": { "uv": [ 8.375, 12.375, 8.25, 12.75 ], "texture": "#bwzx" }
			}
		},
		{
			"__comment": "Voxels",
			"from": [ 1.6667, -1.6667, -1.6667 ],
			"to": [ 2.000033, 2.666634, -1.333367 ],
			"faces": {
				"down": { "uv": [ 10.25, 10.25, 10.375, 10.375 ], "texture": "#bwzx" },
				"up": { "uv": [ 10.25, 10.5, 10.375, 10.375 ], "texture": "#bwzx" },
				"north": { "uv": [ 7, 10, 6.875, 11.625 ], "texture": "#bwzx" },
				"south": { "uv": [ 7, 10, 7.125, 11.625 ], "texture": "#bwzx" },
				"west": { "uv": [ 6.25, 8, 6.375, 9.625 ], "texture": "#bwzx" },
				"east": { "uv": [ 6.25, 8, 6.125, 9.625 ], "texture": "#bwzx" }
			}
		},
		{
			"__comment": "Voxels",
			"from": [ 1.6667, 2.6667, -2 ],
			"to": [ 5.000033, 3.000033, -1.666667 ],
			"faces": {
				"down": { "uv": [ 8, 15, 9.25, 15.125 ], "texture": "#bwzx" },
				"up": { "uv": [ 11.75, 15.125, 13, 15 ], "texture": "#bwzx" },
				"north": { "uv": [ 14.25, 15, 13, 15.125 ], "texture": "#bwzx" },
				"south": { "uv": [ 14.5, 15.25, 15.75, 15.375 ], "texture": "#bwzx" },
				"west": { "uv": [ 10.25, 10.5, 10.375, 10.625 ], "texture": "#bwzx" },
				"east": { "uv": [ 10.375, 11.125, 10.25, 11.25 ], "texture": "#bwzx" }
			}
		},
		{
			"__comment": "Voxels",
			"from": [ 1.6667, 2.6667, -1.3333 ],
			"to": [ 5.000033, 3.000033, -0.9999666 ],
			"faces": {
				"down": { "uv": [ 13.25, 15.25, 14.5, 15.375 ], "texture": "#bwzx" },
				"up": { "uv": [ 9, 15.25, 10.25, 15.125 ], "texture": "#bwzx" },
				"north": { "uv": [ 12.75, 15.125, 11.5, 15.25 ], "texture": "#bwzx" },
				"south": { "uv": [ 12.75, 15.125, 14, 15.25 ], "texture": "#bwzx" },
				"west": { "uv": [ 10.125, 10.25, 10.25, 10.375 ], "texture": "#bwzx" },
				"east": { "uv": [ 10.25, 10.375, 10.125, 10.5 ], "texture": "#bwzx" }
			}
		},
		{
			"__comment": "Voxels",
			"from": [ 1.6667, 3, -2.3333 ],
			"to": [ 2.333367, 3.333333, -1.999967 ],
			"faces": {
				"down": { "uv": [ 15.125, 13.75, 15.375, 13.875 ], "texture": "#bwzx" },
				"up": { "uv": [ 15.375, 13.875, 15.625, 13.75 ], "texture": "#bwzx" },
				"north": { "uv": [ 15.875, 13.75, 15.625, 13.875 ], "texture": "#bwzx" },
				"south": { "uv": [ 11.125, 13.625, 11.375, 13.75 ], "texture": "#bwzx" },
				"west": { "uv": [ 10.125, 10.75, 10.25, 10.875 ], "texture": "#bwzx" },
				"east": { "uv": [ 10.25, 10.875, 10.125, 11 ], "texture": "#bwzx" }
			}
		},
		{
			"__comment": "Voxels",
			"from": [ 1.6667, 3, -1 ],
			"to": [ 2.333367, 3.333333, -0.6666666 ],
			"faces": {
				"down": { "uv": [ 11.375, 13.625, 11.625, 13.75 ], "texture": "#bwzx" },
				"up": { "uv": [ 11.625, 13.75, 11.875, 13.625 ], "texture": "#bwzx" },
				"north": { "uv": [ 12.125, 13.625, 11.875, 13.75 ], "texture": "#bwzx" },
				"south": { "uv": [ 12.125, 13.625, 12.375, 13.75 ], "texture": "#bwzx" },
				"west": { "uv": [ 10.125, 11.5, 10.25, 11.625 ], "texture": "#bwzx" },
				"east": { "uv": [ 10.25, 11.625, 10.125, 11.75 ], "texture": "#bwzx" }
			}
		},
		{
			"__comment": "Voxels",
			"from": [ 1.6667, 3.3333, -1.6667 ],
			"to": [ 4.333367, 23.66663, -1.333367 ],
			"faces": {
				"down": { "uv": [ 10.875, 14.75, 11.875, 14.875 ], "texture": "#bwzx" },
				"up": { "uv": [ 11.875, 14.875, 12.875, 14.75 ], "texture": "#bwzx" },
				"north": { "uv": [ 2, 8.375, 1, 16 ], "texture": "#bwzx" },
				"south": { "uv": [ 0, 8.375, 1, 16 ], "texture": "#bwzx" },
				"west": { "uv": [ 2.625, 8.375, 2.75, 16 ], "texture": "#bwzx" },
				"east": { "uv": [ 2.625, 8.375, 2.5, 16 ], "texture": "#bwzx" }
			}
		},
		{
			"__comment": "Voxels",
			"from": [ 2, -13, -2 ],
			"to": [ 2.666667, -12, -1.666667 ],
			"faces": {
				"down": { "uv": [ 12.375, 13.625, 12.625, 13.75 ], "texture": "#bwzx" },
				"up": { "uv": [ 12.625, 13.75, 12.875, 13.625 ], "texture": "#bwzx" },
				"north": { "uv": [ 8.375, 11, 8.125, 11.375 ], "texture": "#bwzx" },
				"south": { "uv": [ 8.125, 10.625, 8.375, 11 ], "texture": "#bwzx" },
				"west": { "uv": [ 7.5, 8, 7.625, 8.375 ], "texture": "#bwzx" },
				"east": { "uv": [ 4.25, 8.25, 4.125, 8.625 ], "texture": "#bwzx" }
			}
		},
		{
			"__comment": "Voxels",
			"from": [ 2, -13, -1.6667 ],
			"to": [ 2.333333, -12, -1.000033 ],
			"faces": {
				"down": { "uv": [ 4.125, 8, 4.25, 8.25 ], "texture": "#bwzx" },
				"up": { "uv": [ 7, 13.875, 7.125, 13.625 ], "texture": "#bwzx" },
				"north": { "uv": [ 2.75, 8, 2.625, 8.375 ], "texture": "#bwzx" },
				"south": { "uv": [ 2.5, 8, 2.625, 8.375 ], "texture": "#bwzx" },
				"west": { "uv": [ 8, 9.5, 8.25, 9.875 ], "texture": "#bwzx" },
				"east": { "uv": [ 8.25, 9.125, 8, 9.5 ], "texture": "#bwzx" }
			}
		},
		{
			"__comment": "Voxels",
			"from": [ 2, -5.6667, -1.6667 ],
			"to": [ 2.666667, -4.000033, -1.333367 ],
			"faces": {
				"down": { "uv": [ 5.75, 13.875, 6, 14 ], "texture": "#bwzx" },
				"up": { "uv": [ 15.75, 15.375, 16, 15.25 ], "texture": "#bwzx" },
				"north": { "uv": [ 8, 10.75, 7.75, 11.375 ], "texture": "#bwzx" },
				"south": { "uv": [ 7.75, 11.375, 8, 12 ], "texture": "#bwzx" },
				"west": { "uv": [ 5.125, 8, 5.25, 8.625 ], "texture": "#bwzx" },
				"east": { "uv": [ 5, 8, 4.875, 8.625 ], "texture": "#bwzx" }
			}
		},
		{
			"__comment": "Voxels",
			"from": [ 2, -5.3333, -2 ],
			"to": [ 4, -4.666633, -1.666667 ],
			"faces": {
				"down": { "uv": [ 9.625, 14.625, 10.375, 14.75 ], "texture": "#bwzx" },
				"up": { "uv": [ 10.375, 14.75, 11.125, 14.625 ], "texture": "#bwzx" },
				"north": { "uv": [ 7.25, 8.75, 6.5, 9 ], "texture": "#bwzx" },
				"south": { "uv": [ 6.5, 9.25, 7.25, 9.5 ], "texture": "#bwzx" },
				"west": { "uv": [ 7.875, 12, 8, 12.25 ], "texture": "#bwzx" },
				"east": { "uv": [ 9.375, 12.625, 9.25, 12.875 ], "texture": "#bwzx" }
			}
		},
		{
			"__comment": "Voxels",
			"from": [ 2, -5.3333, -1.3333 ],
			"to": [ 4, -4.666633, -0.9999666 ],
			"faces": {
				"down": { "uv": [ 12.625, 14.625, 13.375, 14.75 ], "texture": "#bwzx" },
				"up": { "uv": [ 13.375, 14.75, 14.125, 14.625 ], "texture": "#bwzx" },
				"north": { "uv": [ 7.25, 9, 6.5, 9.25 ], "texture": "#bwzx" },
				"south": { "uv": [ 6.5, 8.5, 7.25, 8.75 ], "texture": "#bwzx" },
				"west": { "uv": [ 9.375, 12.625, 9.5, 12.875 ], "texture": "#bwzx" },
				"east": { "uv": [ 9.375, 8, 9.25, 8.25 ], "texture": "#bwzx" }
			}
		},
		{
			"__comment": "Voxels",
			"from": [ 2, -4.3333, -2 ],
			"to": [ 2.333333, -3.999967, -1.666667 ],
			"faces": {
				"down": { "uv": [ 10.125, 11.75, 10.25, 11.875 ], "texture": "#bwzx" },
				"up": { "uv": [ 10.125, 12, 10.25, 11.875 ], "texture": "#bwzx" },
				"north": { "uv": [ 10.25, 12.25, 10.125, 12.375 ], "texture": "#bwzx" },
				"south": { "uv": [ 10.125, 12.375, 10.25, 12.5 ], "texture": "#bwzx" },
				"west": { "uv": [ 10.125, 12.5, 10.25, 12.625 ], "texture": "#bwzx" },
				"east": { "uv": [ 10.25, 12.625, 10.125, 12.75 ], "texture": "#bwzx" }
			}
		},
		{
			"__comment": "Voxels",
			"from": [ 2, -4.3333, -1.3333 ],
			"to": [ 4, -3.999967, -0.9999666 ],
			"faces": {
				"down": { "uv": [ 8.875, 14.5, 9.625, 14.625 ], "texture": "#bwzx" },
				"up": { "uv": [ 9.625, 14.625, 10.375, 14.5 ], "texture": "#bwzx" },
				"north": { "uv": [ 11.125, 14.5, 10.375, 14.625 ], "texture": "#bwzx" },
				"south": { "uv": [ 8.875, 14.625, 9.625, 14.75 ], "texture": "#bwzx" },
				"west": { "uv": [ 10.125, 12.75, 10.25, 12.875 ], "texture": "#bwzx" },
				"east": { "uv": [ 10.25, 12.875, 10.125, 13 ], "texture": "#bwzx" }
			}
		},
		{
			"__comment": "Voxels",
			"from": [ 2, -3, -2.3333 ],
			"to": [ 4.666667, -2.333333, -1.999967 ],
			"faces": {
				"down": { "uv": [ 12.875, 14.75, 13.875, 14.875 ], "texture": "#bwzx" },
				"up": { "uv": [ 13.875, 14.875, 14.875, 14.75 ], "texture": "#bwzx" },
				"north": { "uv": [ 7.5, 15.625, 6.5, 15.875 ], "texture": "#bwzx" },
				"south": { "uv": [ 1, 8.125, 2, 8.375 ], "texture": "#bwzx" },
				"west": { "uv": [ 9.375, 8, 9.5, 8.25 ], "texture": "#bwzx" },
				"east": { "uv": [ 9.625, 10.75, 9.5, 11 ], "texture": "#bwzx" }
			}
		},
		{
			"__comment": "Voxels",
			"from": [ 2, -3, -2 ],
			"to": [ 2.333333, -2.666667, -1.666667 ],
			"faces": {
				"down": { "uv": [ 10.125, 13, 10.25, 13.125 ], "texture": "#bwzx" },
				"up": { "uv": [ 10.125, 13.25, 10.25, 13.125 ], "texture": "#bwzx" },
				"north": { "uv": [ 15.875, 13.625, 15.75, 13.75 ], "texture": "#bwzx" },
				"south": { "uv": [ 15.625, 13.625, 15.75, 13.75 ], "texture": "#bwzx" },
				"west": { "uv": [ 15.5, 13.625, 15.625, 13.75 ], "texture": "#bwzx" },
				"east": { "uv": [ 15.5, 13.625, 15.375, 13.75 ], "texture": "#bwzx" }
			}
		},
		{
			"__comment": "Voxels",
			"from": [ 2, -3, -1 ],
			"to": [ 4.666667, -2.333333, -0.6666666 ],
			"faces": {
				"down": { "uv": [ 0, 8, 1, 8.125 ], "texture": "#bwzx" },
				"up": { "uv": [ 1, 8.125, 2, 8 ], "texture": "#bwzx" },
				"north": { "uv": [ 1, 8.125, 0, 8.375 ], "texture": "#bwzx" },
				"south": { "uv": [ 6.5, 13.375, 7.5, 13.625 ], "texture": "#bwzx" },
				"west": { "uv": [ 9.5, 10.5, 9.625, 10.75 ], "texture": "#bwzx" },
				"east": { "uv": [ 9.625, 10.25, 9.5, 10.5 ], "texture": "#bwzx" }
			}
		},
		{
			"__comment": "Voxels",
			"from": [ 2, -2.3333, -2.3333 ],
			"to": [ 2.333333, 3.000034, -1.999967 ],
			"faces": {
				"down": { "uv": [ 15, 13.625, 15.125, 13.75 ], "texture": "#bwzx" },
				"up": { "uv": [ 14.875, 13.75, 15, 13.625 ], "texture": "#bwzx" },
				"north": { "uv": [ 7, 13.625, 6.875, 15.625 ], "texture": "#bwzx" },
				"south": { "uv": [ 6.75, 13.625, 6.875, 15.625 ], "texture": "#bwzx" },
				"west": { "uv": [ 6.375, 14, 6.5, 16 ], "texture": "#bwzx" },
				"east": { "uv": [ 6.625, 13.625, 6.5, 15.625 ], "texture": "#bwzx" }
			}
		},
		{
			"__comment": "Voxels",
			"from": [ 2, -2.3333, -1 ],
			"to": [ 2.333333, 3.000034, -0.6666666 ],
			"faces": {
				"down": { "uv": [ 13, 13.625, 13.125, 13.75 ], "texture": "#bwzx" },
				"up": { "uv": [ 14.25, 13.75, 14.375, 13.625 ], "texture": "#bwzx" },
				"north": { "uv": [ 6.75, 13.625, 6.625, 15.625 ], "texture": "#bwzx" },
				"south": { "uv": [ 6.375, 12, 6.5, 14 ], "texture": "#bwzx" },
				"west": { "uv": [ 6.375, 8, 6.5, 10 ], "texture": "#bwzx" },
				"east": { "uv": [ 6.5, 10, 6.375, 12 ], "texture": "#bwzx" }
			}
		},
		{
			"__comment": "Voxels",
			"from": [ 2, -1.6667, -2 ],
			"to": [ 2.333333, 0.3333, -1.666667 ],
			"faces": {
				"down": { "uv": [ 14.125, 13.625, 14.25, 13.75 ], "texture": "#bwzx" },
				"up": { "uv": [ 14, 13.75, 14.125, 13.625 ], "texture": "#bwzx" },
				"north": { "uv": [ 8.125, 10.625, 8, 11.375 ], "texture": "#bwzx" },
				"south": { "uv": [ 8.125, 9.875, 8.25, 10.625 ], "texture": "#bwzx" },
				"west": { "uv": [ 8.25, 9.875, 8.375, 10.625 ], "texture": "#bwzx" },
				"east": { "uv": [ 8.125, 9.875, 8, 10.625 ], "texture": "#bwzx" }
			}
		},
		{
			"__comment": "Voxels",
			"from": [ 2, -1.3333, -1.6667 ],
			"to": [ 2.333333, 2.6667, -1.333367 ],
			"faces": {
				"down": { "uv": [ 13.875, 13.625, 14, 13.75 ], "texture": "#bwzx" },
				"up": { "uv": [ 13.75, 13.75, 13.875, 13.625 ], "texture": "#bwzx" },
				"north": { "uv": [ 7.25, 10.125, 7.125, 11.625 ], "texture": "#bwzx" },
				"south": { "uv": [ 7.375, 10.125, 7.5, 11.625 ], "texture": "#bwzx" },
				"west": { "uv": [ 7.25, 10.125, 7.375, 11.625 ], "texture": "#bwzx" },
				"east": { "uv": [ 7.625, 13.875, 7.5, 15.375 ], "texture": "#bwzx" }
			}
		},
		{
			"__comment": "Voxels",
			"from": [ 2, -0.6667, -1.3333 ],
			"to": [ 4, -0.000033319, -0.9999666 ],
			"faces": {
				"down": { "uv": [ 11.875, 14.625, 12.625, 14.75 ], "texture": "#bwzx" },
				"up": { "uv": [ 14.875, 14.875, 15.625, 14.75 ], "texture": "#bwzx" },
				"north": { "uv": [ 7.25, 8.25, 6.5, 8.5 ], "texture": "#bwzx" },
				"south": { "uv": [ 5.25, 12.75, 6, 13 ], "texture": "#bwzx" },
				"west": { "uv": [ 9.5, 10, 9.625, 10.25 ], "texture": "#bwzx" },
				"east": { "uv": [ 9.625, 9.75, 9.5, 10 ], "texture": "#bwzx" }
			}
		},
		{
			"__comment": "Voxels",
			"from": [ 2, 0, -1.3333 ],
			"to": [ 2.666667, 0.3333333, -0.9999666 ],
			"faces": {
				"down": { "uv": [ 7.75, 8, 8, 8.125 ], "texture": "#bwzx" },
				"up": { "uv": [ 9.25, 9.625, 9.5, 9.5 ], "texture": "#bwzx" },
				"north": { "uv": [ 9.5, 9.375, 9.25, 9.5 ], "texture": "#bwzx" },
				"south": { "uv": [ 9.25, 9.25, 9.5, 9.375 ], "texture": "#bwzx" },
				"west": { "uv": [ 13.625, 13.625, 13.75, 13.75 ], "texture": "#bwzx" },
				"east": { "uv": [ 13.375, 13.625, 13.25, 13.75 ], "texture": "#bwzx" }
			}
		},
		{
			"__comment": "Voxels",
			"from": [ 2, 23.6667, -1.6667 ],
			"to": [ 4, 24.00003, -1.333367 ],
			"faces": {
				"down": { "uv": [ 15.25, 15.125, 16, 15.25 ], "texture": "#bwzx" },
				"up": { "uv": [ 14.875, 14.75, 15.625, 14.625 ], "texture": "#bwzx" },
				"north": { "uv": [ 14.875, 14.625, 14.125, 14.75 ], "texture": "#bwzx" },
				"south": { "uv": [ 11.125, 14.625, 11.875, 14.75 ], "texture": "#bwzx" },
				"west": { "uv": [ 10.25, 9.25, 10.375, 9.375 ], "texture": "#bwzx" },
				"east": { "uv": [ 10.375, 9.625, 10.25, 9.75 ], "texture": "#bwzx" }
			}
		},
		{
			"__comment": "Voxels",
			"from": [ 2.3333, -13, -2.3333 ],
			"to": [ 3.666633, -12, -1.999967 ],
			"faces": {
				"down": { "uv": [ 9, 13.25, 9.5, 13.375 ], "texture": "#bwzx" },
				"up": { "uv": [ 9, 13.25, 9.5, 13.125 ], "texture": "#bwzx" },
				"north": { "uv": [ 4.125, 8.25, 3.625, 8.625 ], "texture": "#bwzx" },
				"south": { "uv": [ 5.25, 12.375, 5.75, 12.75 ], "texture": "#bwzx" },
				"west": { "uv": [ 8.25, 8.5, 8.375, 8.875 ], "texture": "#bwzx" },
				"east": { "uv": [ 9.625, 13.25, 9.5, 13.625 ], "texture": "#bwzx" }
			}
		},
		{
			"__comment": "Voxels",
			"from": [ 2.3333, -13, -1.3333 ],
			"to": [ 2.666633, -5.333333, -0.9999666 ],
			"faces": {
				"down": { "uv": [ 10.25, 9.75, 10.375, 9.875 ], "texture": "#bwzx" },
				"up": { "uv": [ 10.25, 10, 10.375, 9.875 ], "texture": "#bwzx" },
				"north": { "uv": [ 4.875, 12.375, 4.75, 15.25 ], "texture": "#bwzx" },
				"south": { "uv": [ 5, 12.375, 5.125, 15.25 ], "texture": "#bwzx" },
				"west": { "uv": [ 4.875, 12.375, 5, 15.25 ], "texture": "#bwzx" },
				"east": { "uv": [ 5.25, 12.375, 5.125, 15.25 ], "texture": "#bwzx" }
			}
		},
		{
			"__comment": "Voxels",
			"from": [ 2.3333, -13, -1 ],
			"to": [ 3.666633, -12, -0.6666666 ],
			"faces": {
				"down": { "uv": [ 9, 12.5, 9.5, 12.625 ], "texture": "#bwzx" },
				"up": { "uv": [ 9, 12.5, 9.5, 12.375 ], "texture": "#bwzx" },
				"north": { "uv": [ 7, 9.5, 6.5, 9.875 ], "texture": "#bwzx" },
				"south": { "uv": [ 7, 9.5, 7.5, 9.875 ], "texture": "#bwzx" },
				"west": { "uv": [ 9.5, 11.75, 9.625, 12.125 ], "texture": "#bwzx" },
				"east": { "uv": [ 9.625, 11.375, 9.5, 11.75 ], "texture": "#bwzx" }
			}
		},
		{
			"__comment": "Voxels",
			"from": [ 2.3333, -12.6667, -1.6667 ],
			"to": [ 3.999967, -12.33337, -1.333367 ],
			"faces": {
				"down": { "uv": [ 8.875, 13.75, 9.5, 13.875 ], "texture": "#bwzx" },
				"up": { "uv": [ 8.875, 14.5, 9.5, 14.375 ], "texture": "#bwzx" },
				"north": { "uv": [ 9.5, 14.125, 8.875, 14.25 ], "texture": "#bwzx" },
				"south": { "uv": [ 8.875, 14, 9.5, 14.125 ], "texture": "#bwzx" },
				"west": { "uv": [ 10.25, 12.25, 10.375, 12.375 ], "texture": "#bwzx" },
				"east": { "uv": [ 10.375, 12.375, 10.25, 12.5 ], "texture": "#bwzx" }
			}
		},
		{
			"__comment": "Voxels",
			"from": [ 2.3333, -12.3333, -1.6667 ],
			"to": [ 2.666633, -5.666633, -1.333367 ],
			"faces": {
				"down": { "uv": [ 10.125, 8.625, 10.25, 8.75 ], "texture": "#bwzx" },
				"up": { "uv": [ 10.125, 8.875, 10.25, 8.75 ], "texture": "#bwzx" },
				"north": { "uv": [ 5.25, 8.625, 5.125, 11.125 ], "texture": "#bwzx" },
				"south": { "uv": [ 5.375, 8.625, 5.5, 11.125 ], "texture": "#bwzx" },
				"west": { "uv": [ 5, 8.625, 5.125, 11.125 ], "texture": "#bwzx" },
				"east": { "uv": [ 5, 8.625, 4.875, 11.125 ], "texture": "#bwzx" }
			}
		},
		{
			"__comment": "Voxels",
			"from": [ 2.3333, -12, -2 ],
			"to": [ 3.666633, -5.333333, -1.666667 ],
			"faces": {
				"down": { "uv": [ 8.875, 10, 9.375, 10.125 ], "texture": "#bwzx" },
				"up": { "uv": [ 8.875, 10.25, 9.375, 10.125 ], "texture": "#bwzx" },
				"north": { "uv": [ 2.5, 11, 2, 13.5 ], "texture": "#bwzx" },
				"south": { "uv": [ 2, 13.5, 2.5, 16 ], "texture": "#bwzx" },
				"west": { "uv": [ 5.75, 8.625, 5.875, 11.125 ], "texture": "#bwzx" },
				"east": { "uv": [ 6, 8.625, 5.875, 11.125 ], "texture": "#bwzx" }
			}
		},
		{
			"__comment": "Voxels",
			"from": [ 2.3333, -5.3333, -2.3333 ],
			"to": [ 3.666633, -4.666633, -1.999967 ],
			"faces": {
				"down": { "uv": [ 9, 12.875, 9.5, 13 ], "texture": "#bwzx" },
				"up": { "uv": [ 9, 13.125, 9.5, 13 ], "texture": "#bwzx" },
				"north": { "uv": [ 8.875, 13, 8.375, 13.25 ], "texture": "#bwzx" },
				"south": { "uv": [ 8.375, 12.75, 8.875, 13 ], "texture": "#bwzx" },
				"west": { "uv": [ 9.5, 9.5, 9.625, 9.75 ], "texture": "#bwzx" },
				"east": { "uv": [ 9.625, 9.25, 9.5, 9.5 ], "texture": "#bwzx" }
			}
		},
		{
			"__comment": "Voxels",
			"from": [ 2.3333, -5.3333, -1 ],
			"to": [ 3.666633, -4.666633, -0.6666666 ],
			"faces": {
				"down": { "uv": [ 8.875, 13.5, 9.375, 13.625 ], "texture": "#bwzx" },
				"up": { "uv": [ 15.5, 14.625, 16, 14.5 ], "texture": "#bwzx" },
				"north": { "uv": [ 8.875, 12.5, 8.375, 12.75 ], "texture": "#bwzx" },
				"south": { "uv": [ 8.375, 12.25, 8.875, 12.5 ], "texture": "#bwzx" },
				"west": { "uv": [ 9.5, 9, 9.625, 9.25 ], "texture": "#bwzx" },
				"east": { "uv": [ 9.625, 8.75, 9.5, 9 ], "texture": "#bwzx" }
			}
		},
		{
			"__comment": "Voxels",
			"from": [ 2.3333, -4.6667, -2.3333 ],
			"to": [ 3.3333, -4.333366, -1.666633 ],
			"faces": {
				"down": { "uv": [ 8, 8.875, 8.375, 9.125 ], "texture": "#bwzx" },
				"up": { "uv": [ 8, 13.25, 8.375, 13 ], "texture": "#bwzx" },
				"north": { "uv": [ 15.125, 14.375, 14.75, 14.5 ], "texture": "#bwzx" },
				"south": { "uv": [ 15.125, 14.375, 15.5, 14.5 ], "texture": "#bwzx" },
				"west": { "uv": [ 9.25, 9.125, 9.5, 9.25 ], "texture": "#bwzx" },
				"east": { "uv": [ 9.5, 9, 9.25, 9.125 ], "texture": "#bwzx" }
			}
		},
		{
			"__comment": "Voxels",
			"from": [ 2.3333, -4.6667, -1.3333 ],
			"to": [ 3.666633, -4.333366, -0.9999666 ],
			"faces": {
				"down": { "uv": [ 8.375, 8.25, 8.875, 8.375 ], "texture": "#bwzx" },
				"up": { "uv": [ 8.375, 8.5, 8.875, 8.375 ], "texture": "#bwzx" },
				"north": { "uv": [ 8.875, 9.75, 8.375, 9.875 ], "texture": "#bwzx" },
				"south": { "uv": [ 8.375, 9.875, 8.875, 10 ], "texture": "#bwzx" },
				"west": { "uv": [ 10.125, 8.875, 10.25, 9 ], "texture": "#bwzx" },
				"east": { "uv": [ 10.25, 9.25, 10.125, 9.375 ], "texture": "#bwzx" }
			}
		},
		{
			"__comment": "Voxels",
			"from": [ 2.3333, -4.6667, -1 ],
			"to": [ 3.3333, -4.333366, -0.6666666 ],
			"faces": {
				"down": { "uv": [ 8.875, 9, 9.25, 9.125 ], "texture": "#bwzx" },
				"up": { "uv": [ 10.375, 14.375, 10.75, 14.25 ], "texture": "#bwzx" },
				"north": { "uv": [ 11.875, 14.25, 11.5, 14.375 ], "texture": "#bwzx" },
				"south": { "uv": [ 5.25, 8, 5.625, 8.125 ], "texture": "#bwzx" },
				"west": { "uv": [ 10.125, 11, 10.25, 11.125 ], "texture": "#bwzx" },
				"east": { "uv": [ 10.25, 11.125, 10.125, 11.25 ], "texture": "#bwzx" }
			}
		},
		{
			"__comment": "Voxels",
			"from": [ 2.3333, -3.3333, -2.3333 ],
			"to": [ 3.666633, -2.999967, -1.999967 ],
			"faces": {
				"down": { "uv": [ 15.5, 15, 16, 15.125 ], "texture": "#bwzx" },
				"up": { "uv": [ 3.125, 8.125, 3.625, 8 ], "texture": "#bwzx" },
				"north": { "uv": [ 8.875, 9.625, 8.375, 9.75 ], "texture": "#bwzx" },
				"south": { "uv": [ 8.375, 9.5, 8.875, 9.625 ], "texture": "#bwzx" },
				"west": { "uv": [ 10, 8.5, 10.125, 8.625 ], "texture": "#bwzx" },
				"east": { "uv": [ 10.125, 9.625, 10, 9.75 ], "texture": "#bwzx" }
			}
		},
		{
			"__comment": "Voxels",
			"from": [ 2.3333, -3.3333, -2 ],
			"to": [ 3.3333, -2.999967, -1.666667 ],
			"faces": {
				"down": { "uv": [ 15.625, 14.625, 16, 14.75 ], "texture": "#bwzx" },
				"up": { "uv": [ 8.875, 9.625, 9.25, 9.5 ], "texture": "#bwzx" },
				"north": { "uv": [ 12.125, 14.375, 11.75, 14.5 ], "texture": "#bwzx" },
				"south": { "uv": [ 8.875, 9.125, 9.25, 9.25 ], "texture": "#bwzx" },
				"west": { "uv": [ 9.375, 10.5, 9.5, 10.625 ], "texture": "#bwzx" },
				"east": { "uv": [ 9.5, 10.625, 9.375, 10.75 ], "texture": "#bwzx" }
			}
		},
		{
			"__comment": "Voxels",
			"from": [ 2.3333, -3.3333, -1 ],
			"to": [ 3.666633, -2.999967, -0.6666666 ],
			"faces": {
				"down": { "uv": [ 8.375, 11.125, 8.875, 11.25 ], "texture": "#bwzx" },
				"up": { "uv": [ 8.375, 11.125, 8.875, 11 ], "texture": "#bwzx" },
				"north": { "uv": [ 8.875, 10.875, 8.375, 11 ], "texture": "#bwzx" },
				"south": { "uv": [ 8.375, 10.75, 8.875, 10.875 ], "texture": "#bwzx" },
				"west": { "uv": [ 9.375, 11, 9.5, 11.125 ], "texture": "#bwzx" },
				"east": { "uv": [ 6, 8, 5.875, 8.125 ], "texture": "#bwzx" }
			}
		},
		{
			"__comment": "Voxels",
			"from": [ 2.3333, -2.6667, -2 ],
			"to": [ 2.666633, -2.333367, -1.666667 ],
			"faces": {
				"down": { "uv": [ 14.5, 13.5, 14.625, 13.625 ], "texture": "#bwzx" },
				"up": { "uv": [ 13.875, 13.625, 14, 13.5 ], "texture": "#bwzx" },
				"north": { "uv": [ 10.375, 8.5, 10.25, 8.625 ], "texture": "#bwzx" },
				"south": { "uv": [ 10.25, 8.875, 10.375, 9 ], "texture": "#bwzx" },
				"west": { "uv": [ 10.25, 12.75, 10.375, 12.875 ], "texture": "#bwzx" },
				"east": { "uv": [ 10.375, 13.375, 10.25, 13.5 ], "texture": "#bwzx" }
			}
		},
		{
			"__comment": "Voxels",
			"from": [ 2.3333, -1.6667, -2.3333 ],
			"to": [ 2.666633, 2.999967, -1.999967 ],
			"faces": {
				"down": { "uv": [ 10.125, 10, 10.25, 10.125 ], "texture": "#bwzx" },
				"up": { "uv": [ 10.125, 10.25, 10.25, 10.125 ], "texture": "#bwzx" },
				"north": { "uv": [ 6.875, 9.875, 6.75, 11.625 ], "texture": "#bwzx" },
				"south": { "uv": [ 6.625, 9.875, 6.75, 11.625 ], "texture": "#bwzx" },
				"west": { "uv": [ 6.5, 9.875, 6.625, 11.625 ], "texture": "#bwzx" },
				"east": { "uv": [ 6.625, 11.625, 6.5, 13.375 ], "texture": "#bwzx" }
			}
		},
		{
			"__comment": "Voxels",
			"from": [ 2.3333, -1.6667, -1 ],
			"to": [ 2.666633, 2.999967, -0.6666666 ],
			"faces": {
				"down": { "uv": [ 10, 9.75, 10.125, 9.875 ], "texture": "#bwzx" },
				"up": { "uv": [ 10, 10.5, 10.125, 10.375 ], "texture": "#bwzx" },
				"north": { "uv": [ 7.125, 13.875, 7, 15.625 ], "texture": "#bwzx" },
				"south": { "uv": [ 7.125, 13.875, 7.25, 15.625 ], "texture": "#bwzx" },
				"west": { "uv": [ 7.25, 13.875, 7.375, 15.625 ], "texture": "#bwzx" },
				"east": { "uv": [ 7.5, 13.875, 7.375, 15.625 ], "texture": "#bwzx" }
			}
		},
		{
			"__comment": "Voxels",
			"from": [ 2.3333, -1, -2 ],
			"to": [ 2.666633, 2.666667, -1.333333 ],
			"faces": {
				"down": { "uv": [ 9.5, 8.5, 9.625, 8.75 ], "texture": "#bwzx" },
				"up": { "uv": [ 9.5, 8.5, 9.625, 8.25 ], "texture": "#bwzx" },
				"north": { "uv": [ 7.625, 8.375, 7.5, 9.75 ], "texture": "#bwzx" },
				"south": { "uv": [ 7.625, 14, 7.75, 15.375 ], "texture": "#bwzx" },
				"west": { "uv": [ 4.25, 8.25, 4.5, 9.625 ], "texture": "#bwzx" },
				"east": { "uv": [ 4.75, 8.25, 4.5, 9.625 ], "texture": "#bwzx" }
			}
		},
		{
			"__comment": "Voxels",
			"from": [ 2.3333, 0.3333, -1.3333 ],
			"to": [ 3.666633, 2.666634, -0.9999666 ],
			"faces": {
				"down": { "uv": [ 8.375, 8.5, 8.875, 8.625 ], "texture": "#bwzx" },
				"up": { "uv": [ 8.375, 8.75, 8.875, 8.625 ], "texture": "#bwzx" },
				"north": { "uv": [ 3.625, 8.125, 3.125, 9 ], "texture": "#bwzx" },
				"south": { "uv": [ 3.625, 8.625, 4.125, 9.5 ], "texture": "#bwzx" },
				"west": { "uv": [ 7.75, 8.125, 7.875, 9 ], "texture": "#bwzx" },
				"east": { "uv": [ 4.25, 8.625, 4.125, 9.5 ], "texture": "#bwzx" }
			}
		},
		{
			"__comment": "Voxels",
			"from": [ 2.3333, 24, -1.6667 ],
			"to": [ 3.666633, 24.66667, -1.333367 ],
			"faces": {
				"down": { "uv": [ 8.375, 10.5, 8.875, 10.625 ], "texture": "#bwzx" },
				"up": { "uv": [ 8.375, 10.75, 8.875, 10.625 ], "texture": "#bwzx" },
				"north": { "uv": [ 8.875, 11.25, 8.375, 11.5 ], "texture": "#bwzx" },
				"south": { "uv": [ 8.375, 11.5, 8.875, 11.75 ], "texture": "#bwzx" },
				"west": { "uv": [ 9.5, 8, 9.625, 8.25 ], "texture": "#bwzx" },
				"east": { "uv": [ 9.75, 14, 9.625, 14.25 ], "texture": "#bwzx" }
			}
		},
		{
			"__comment": "Voxels",
			"from": [ 2.6667, -12.6667, -2 ],
			"to": [ 4.000033, -12.00003, -1.666667 ],
			"faces": {
				"down": { "uv": [ 8.375, 9.25, 8.875, 9.375 ], "texture": "#bwzx" },
				"up": { "uv": [ 8.375, 9.5, 8.875, 9.375 ], "texture": "#bwzx" },
				"north": { "uv": [ 8.875, 11.75, 8.375, 12 ], "texture": "#bwzx" },
				"south": { "uv": [ 8.375, 12, 8.875, 12.25 ], "texture": "#bwzx" },
				"west": { "uv": [ 9.625, 13.75, 9.75, 14 ], "texture": "#bwzx" },
				"east": { "uv": [ 9.75, 13.5, 9.625, 13.75 ], "texture": "#bwzx" }
			}
		},
		{
			"__comment": "Voxels",
			"from": [ 2.6667, -12.6667, -1.3333 ],
			"to": [ 4.000033, -12.00003, -0.9999666 ],
			"faces": {
				"down": { "uv": [ 8.375, 10.375, 8.875, 10.5 ], "texture": "#bwzx" },
				"up": { "uv": [ 8.375, 10.375, 8.875, 10.25 ], "texture": "#bwzx" },
				"north": { "uv": [ 8.875, 13.75, 8.375, 14 ], "texture": "#bwzx" },
				"south": { "uv": [ 8.375, 14, 8.875, 14.25 ], "texture": "#bwzx" },
				"west": { "uv": [ 9.625, 13.25, 9.75, 13.5 ], "texture": "#bwzx" },
				"east": { "uv": [ 9.75, 13, 9.625, 13.25 ], "texture": "#bwzx" }
			}
		},
		{
			"__comment": "Voxels",
			"from": [ 2.6667, -12, -1.3333 ],
			"to": [ 3.6667, -5.333333, -0.9999666 ],
			"faces": {
				"down": { "uv": [ 15.625, 14.75, 16, 14.875 ], "texture": "#bwzx" },
				"up": { "uv": [ 8, 8.125, 8.375, 8 ], "texture": "#bwzx" },
				"north": { "uv": [ 3.125, 13.5, 2.75, 16 ], "texture": "#bwzx" },
				"south": { "uv": [ 2, 8.5, 2.375, 11 ], "texture": "#bwzx" },
				"west": { "uv": [ 2.375, 8.5, 2.5, 11 ], "texture": "#bwzx" },
				"east": { "uv": [ 4.875, 8.625, 4.75, 11.125 ], "texture": "#bwzx" }
			}
		},
		{
			"__comment": "Voxels",
			"from": [ 2.6667, -12, -1 ],
			"to": [ 3.333367, -11.66667, -0.6666666 ],
			"faces": {
				"down": { "uv": [ 9.25, 8.875, 9.5, 9 ], "texture": "#bwzx" },
				"up": { "uv": [ 9.25, 8.875, 9.5, 8.75 ], "texture": "#bwzx" },
				"north": { "uv": [ 9.5, 8.625, 9.25, 8.75 ], "texture": "#bwzx" },
				"south": { "uv": [ 9.25, 8.5, 9.5, 8.625 ], "texture": "#bwzx" },
				"west": { "uv": [ 10.375, 13.25, 10.5, 13.375 ], "texture": "#bwzx" },
				"east": { "uv": [ 10.5, 13.125, 10.375, 13.25 ], "texture": "#bwzx" }
			}
		},
		{
			"__comment": "Voxels",
			"from": [ 2.6667, -5.6667, -2.3333 ],
			"to": [ 3.333367, -5.333366, -1.999967 ],
			"faces": {
				"down": { "uv": [ 9.25, 8.375, 9.5, 8.5 ], "texture": "#bwzx" },
				"up": { "uv": [ 9.25, 8.375, 9.5, 8.25 ], "texture": "#bwzx" },
				"north": { "uv": [ 12.125, 14.25, 11.875, 14.375 ], "texture": "#bwzx" },
				"south": { "uv": [ 12.125, 14.25, 12.375, 14.375 ], "texture": "#bwzx" },
				"west": { "uv": [ 9.375, 10.375, 9.5, 10.5 ], "texture": "#bwzx" },
				"east": { "uv": [ 9.5, 10.25, 9.375, 10.375 ], "texture": "#bwzx" }
			}
		},
		{
			"__comment": "Voxels",
			"from": [ 2.6667, -5.6667, -1 ],
			"to": [ 3.333367, -5.333366, -0.6666666 ],
			"faces": {
				"down": { "uv": [ 12.375, 14.25, 12.625, 14.375 ], "texture": "#bwzx" },
				"up": { "uv": [ 12.625, 14.375, 12.875, 14.25 ], "texture": "#bwzx" },
				"north": { "uv": [ 13.125, 14.25, 12.875, 14.375 ], "texture": "#bwzx" },
				"south": { "uv": [ 13.125, 14.25, 13.375, 14.375 ], "texture": "#bwzx" },
				"west": { "uv": [ 13.375, 13.625, 13.5, 13.75 ], "texture": "#bwzx" },
				"east": { "uv": [ 13.625, 13.625, 13.5, 13.75 ], "texture": "#bwzx" }
			}
		},
		{
			"__comment": "Voxels",
			"from": [ 2.6667, -5.3333, -1.6667 ],
			"to": [ 4.000033, -4.3333, -1.333367 ],
			"faces": {
				"down": { "uv": [ 8.875, 13.375, 9.375, 13.5 ], "texture": "#bwzx" },
				"up": { "uv": [ 8.375, 8.125, 8.875, 8 ], "texture": "#bwzx" },
				"north": { "uv": [ 2.5, 8.125, 2, 8.5 ], "texture": "#bwzx" },
				"south": { "uv": [ 5.5, 11.125, 6, 11.5 ], "texture": "#bwzx" },
				"west": { "uv": [ 9.5, 12.5, 9.625, 12.875 ], "texture": "#bwzx" },
				"east": { "uv": [ 8.375, 13.5, 8.25, 13.875 ], "texture": "#bwzx" }
			}
		},
		{
			"__comment": "Voxels",
			"from": [ 2.6667, -3.6667, -2.3333 ],
			"to": [ 3.333367, -3.333367, -1.999967 ],
			"faces": {
				"down": { "uv": [ 13.375, 14.25, 13.625, 14.375 ], "texture": "#bwzx" },
				"up": { "uv": [ 13.625, 14.375, 13.875, 14.25 ], "texture": "#bwzx" },
				"north": { "uv": [ 14.125, 14.25, 13.875, 14.375 ], "texture": "#bwzx" },
				"south": { "uv": [ 14.125, 14.25, 14.375, 14.375 ], "texture": "#bwzx" },
				"west": { "uv": [ 10.125, 9.875, 10.25, 10 ], "texture": "#bwzx" },
				"east": { "uv": [ 10.25, 9.625, 10.125, 9.75 ], "texture": "#bwzx" }
			}
		},
		{
			"__comment": "Voxels",
			"from": [ 2.6667, -3.6667, -1 ],
			"to": [ 3.333367, -3.333367, -0.6666666 ],
			"faces": {
				"down": { "uv": [ 14.375, 14.25, 14.625, 14.375 ], "texture": "#bwzx" },
				"up": { "uv": [ 14.625, 14.375, 14.875, 14.25 ], "texture": "#bwzx" },
				"north": { "uv": [ 15.125, 14.25, 14.875, 14.375 ], "texture": "#bwzx" },
				"south": { "uv": [ 15.125, 14.25, 15.375, 14.375 ], "texture": "#bwzx" },
				"west": { "uv": [ 10.125, 8, 10.25, 8.125 ], "texture": "#bwzx" },
				"east": { "uv": [ 10.375, 13.5, 10.25, 13.625 ], "texture": "#bwzx" }
			}
		},
		{
			"__comment": "Voxels",
			"from": [ 2.6667, -3.3333, -2.6667 ],
			"to": [ 3.333367, -2.999967, -2.333367 ],
			"faces": {
				"down": { "uv": [ 15.375, 14.25, 15.625, 14.375 ], "texture": "#bwzx" },
				"up": { "uv": [ 15.625, 14.375, 15.875, 14.25 ], "texture": "#bwzx" },
				"north": { "uv": [ 10, 14.125, 9.75, 14.25 ], "texture": "#bwzx" },
				"south": { "uv": [ 10, 14.125, 10.25, 14.25 ], "texture": "#bwzx" },
				"west": { "uv": [ 10.25, 12.125, 10.375, 12.25 ], "texture": "#bwzx" },
				"east": { "uv": [ 10.375, 12, 10.25, 12.125 ], "texture": "#bwzx" }
			}
		},
		{
			"__comment": "Voxels",
			"from": [ 2.6667, -3.3333, -0.6667 ],
			"to": [ 3.333367, -2.999967, -0.3333667 ],
			"faces": {
				"down": { "uv": [ 10.25, 14.125, 10.5, 14.25 ], "texture": "#bwzx" },
				"up": { "uv": [ 10.5, 14.25, 10.75, 14.125 ], "texture": "#bwzx" },
				"north": { "uv": [ 11, 14.125, 10.75, 14.25 ], "texture": "#bwzx" },
				"south": { "uv": [ 11, 14.125, 11.25, 14.25 ], "texture": "#bwzx" },
				"west": { "uv": [ 10.25, 9.125, 10.375, 9.25 ], "texture": "#bwzx" },
				"east": { "uv": [ 10.375, 9, 10.25, 9.125 ], "texture": "#bwzx" }
			}
		},
		{
			"__comment": "Voxels",
			"from": [ 2.6667, -3, -3 ],
			"to": [ 3.333367, -2.666667, -2.666667 ],
			"faces": {
				"down": { "uv": [ 11.25, 14.125, 11.5, 14.25 ], "texture": "#bwzx" },
				"up": { "uv": [ 11.5, 14.25, 11.75, 14.125 ], "texture": "#bwzx" },
				"north": { "uv": [ 12, 14.125, 11.75, 14.25 ], "texture": "#bwzx" },
				"south": { "uv": [ 12, 14.125, 12.25, 14.25 ], "texture": "#bwzx" },
				"west": { "uv": [ 14.625, 13.5, 14.75, 13.625 ], "texture": "#bwzx" },
				"east": { "uv": [ 14.875, 13.5, 14.75, 13.625 ], "texture": "#bwzx" }
			}
		},
		{
			"__comment": "Voxels",
			"from": [ 2.6667, -3, -0.3333 ],
			"to": [ 3.333367, -2.666667, 0.000033349 ],
			"faces": {
				"down": { "uv": [ 12.25, 14.125, 12.5, 14.25 ], "texture": "#bwzx" },
				"up": { "uv": [ 12.5, 14.25, 12.75, 14.125 ], "texture": "#bwzx" },
				"north": { "uv": [ 13, 14.125, 12.75, 14.25 ], "texture": "#bwzx" },
				"south": { "uv": [ 13, 14.125, 13.25, 14.25 ], "texture": "#bwzx" },
				"west": { "uv": [ 9.375, 10.875, 9.5, 11 ], "texture": "#bwzx" },
				"east": { "uv": [ 9.5, 10.75, 9.375, 10.875 ], "texture": "#bwzx" }
			}
		},
		{
			"__comment": "Voxels",
			"from": [ 2.6667, -2.6667, -2.6667 ],
			"to": [ 3.333367, -2.333367, -2.333367 ],
			"faces": {
				"down": { "uv": [ 13.25, 14.125, 13.5, 14.25 ], "texture": "#bwzx" },
				"up": { "uv": [ 13.5, 14.25, 13.75, 14.125 ], "texture": "#bwzx" },
				"north": { "uv": [ 14, 14.125, 13.75, 14.25 ], "texture": "#bwzx" },
				"south": { "uv": [ 14, 14.125, 14.25, 14.25 ], "texture": "#bwzx" },
				"west": { "uv": [ 9.375, 10.125, 9.5, 10.25 ], "texture": "#bwzx" },
				"east": { "uv": [ 10.125, 10.5, 10, 10.625 ], "texture": "#bwzx" }
			}
		},
		{
			"__comment": "Voxels",
			"from": [ 2.6667, -2.6667, -0.6667 ],
			"to": [ 3.333367, -2.333367, -0.3333667 ],
			"faces": {
				"down": { "uv": [ 14.25, 14.125, 14.5, 14.25 ], "texture": "#bwzx" },
				"up": { "uv": [ 14.5, 14.25, 14.75, 14.125 ], "texture": "#bwzx" },
				"north": { "uv": [ 15, 14.125, 14.75, 14.25 ], "texture": "#bwzx" },
				"south": { "uv": [ 15, 14.125, 15.25, 14.25 ], "texture": "#bwzx" },
				"west": { "uv": [ 10, 8.375, 10.125, 8.5 ], "texture": "#bwzx" },
				"east": { "uv": [ 13, 13.625, 12.875, 13.75 ], "texture": "#bwzx" }
			}
		},
		{
			"__comment": "Voxels",
			"from": [ 2.6667, -2.3333, -2.3333 ],
			"to": [ 3.333367, -1.999967, -1.666633 ],
			"faces": {
				"down": { "uv": [ 7.25, 9.25, 7.5, 9.5 ], "texture": "#bwzx" },
				"up": { "uv": [ 7.25, 8.5, 7.5, 8.25 ], "texture": "#bwzx" },
				"north": { "uv": [ 15.5, 14.125, 15.25, 14.25 ], "texture": "#bwzx" },
				"south": { "uv": [ 15.5, 14.125, 15.75, 14.25 ], "texture": "#bwzx" },
				"west": { "uv": [ 15.75, 14.125, 16, 14.25 ], "texture": "#bwzx" },
				"east": { "uv": [ 10, 14, 9.75, 14.125 ], "texture": "#bwzx" }
			}
		},
		{
			"__comment": "Voxels",
			"from": [ 2.6667, -2.3333, -1 ],
			"to": [ 3.333367, -1.999967, -0.6666666 ],
			"faces": {
				"down": { "uv": [ 10, 14, 10.25, 14.125 ], "texture": "#bwzx" },
				"up": { "uv": [ 10.25, 14.125, 10.5, 14 ], "texture": "#bwzx" },
				"north": { "uv": [ 10.75, 14, 10.5, 14.125 ], "texture": "#bwzx" },
				"south": { "uv": [ 10.75, 14, 11, 14.125 ], "texture": "#bwzx" },
				"west": { "uv": [ 14.625, 13.625, 14.75, 13.75 ], "texture": "#bwzx" },
				"east": { "uv": [ 14.875, 13.625, 14.75, 13.75 ], "texture": "#bwzx" }
			}
		},
		{
			"__comment": "Voxels",
			"from": [ 2.6667, -0.6667, -2 ],
			"to": [ 4.000033, -0.000033319, -1.333333 ],
			"faces": {
				"down": { "uv": [ 8.375, 14.25, 8.875, 14.5 ], "texture": "#bwzx" },
				"up": { "uv": [ 8.375, 14.75, 8.875, 14.5 ], "texture": "#bwzx" },
				"north": { "uv": [ 8.875, 14.75, 8.375, 15 ], "texture": "#bwzx" },
				"south": { "uv": [ 3.625, 8, 4.125, 8.25 ], "texture": "#bwzx" },
				"west": { "uv": [ 4.5, 8, 4.75, 8.25 ], "texture": "#bwzx" },
				"east": { "uv": [ 4.5, 8, 4.25, 8.25 ], "texture": "#bwzx" }
			}
		},
		{
			"__comment": "Voxels",
			"from": [ 2.6667, 0, -1.6667 ],
			"to": [ 4.333366, 2.666667, -1.333367 ],
			"faces": {
				"down": { "uv": [ 8.875, 13.875, 9.5, 14 ], "texture": "#bwzx" },
				"up": { "uv": [ 13, 14.625, 13.625, 14.5 ], "texture": "#bwzx" },
				"north": { "uv": [ 4.25, 14, 3.625, 15 ], "texture": "#bwzx" },
				"south": { "uv": [ 3.625, 15, 4.25, 16 ], "texture": "#bwzx" },
				"west": { "uv": [ 7.875, 12.25, 8, 13.25 ], "texture": "#bwzx" },
				"east": { "uv": [ 6.125, 8, 6, 9 ], "texture": "#bwzx" }
			}
		},
		{
			"__comment": "Voxels",
			"from": [ 2.6667, 0.3333, -2 ],
			"to": [ 3.6667, 2.666634, -1.666667 ],
			"faces": {
				"down": { "uv": [ 10, 14.25, 10.375, 14.375 ], "texture": "#bwzx" },
				"up": { "uv": [ 8.875, 9.375, 9.25, 9.25 ], "texture": "#bwzx" },
				"north": { "uv": [ 5.625, 13, 5.25, 13.875 ], "texture": "#bwzx" },
				"south": { "uv": [ 5.625, 13, 6, 13.875 ], "texture": "#bwzx" },
				"west": { "uv": [ 7.75, 9.875, 7.875, 10.75 ], "texture": "#bwzx" },
				"east": { "uv": [ 7.5, 11.625, 7.375, 12.5 ], "texture": "#bwzx" }
			}
		},
		{
			"__comment": "Voxels",
			"from": [ 2.6667, 24.6667, -1.6667 ],
			"to": [ 3.333367, 25.6667, -1.333367 ],
			"faces": {
				"down": { "uv": [ 11, 14, 11.25, 14.125 ], "texture": "#bwzx" },
				"up": { "uv": [ 11.25, 14.125, 11.5, 14 ], "texture": "#bwzx" },
				"north": { "uv": [ 8.25, 8.125, 8, 8.5 ], "texture": "#bwzx" },
				"south": { "uv": [ 8, 8.5, 8.25, 8.875 ], "texture": "#bwzx" },
				"west": { "uv": [ 9.5, 12.875, 9.625, 13.25 ], "texture": "#bwzx" },
				"east": { "uv": [ 9.625, 12.125, 9.5, 12.5 ], "texture": "#bwzx" }
			}
		},
		{
			"__comment": "Voxels",
			"from": [ 3, -2.6667, -2 ],
			"to": [ 3.666667, -2.333367, -1.666667 ],
			"faces": {
				"down": { "uv": [ 11.5, 14, 11.75, 14.125 ], "texture": "#bwzx" },
				"up": { "uv": [ 11.75, 14.125, 12, 14 ], "texture": "#bwzx" },
				"north": { "uv": [ 12.25, 14, 12, 14.125 ], "texture": "#bwzx" },
				"south": { "uv": [ 12.25, 14, 12.5, 14.125 ], "texture": "#bwzx" },
				"west": { "uv": [ 10.125, 9.5, 10.25, 9.625 ], "texture": "#bwzx" },
				"east": { "uv": [ 10.25, 9.375, 10.125, 9.5 ], "texture": "#bwzx" }
			}
		},
		{
			"__comment": "Voxels",
			"from": [ 3.3333, -13, -2 ],
			"to": [ 3.999967, -12.66667, -1.666667 ],
			"faces": {
				"down": { "uv": [ 12.5, 14, 12.75, 14.125 ], "texture": "#bwzx" },
				"up": { "uv": [ 12.75, 14.125, 13, 14 ], "texture": "#bwzx" },
				"north": { "uv": [ 13.25, 14, 13, 14.125 ], "texture": "#bwzx" },
				"south": { "uv": [ 13.25, 14, 13.5, 14.125 ], "texture": "#bwzx" },
				"west": { "uv": [ 10.125, 8.5, 10.25, 8.625 ], "texture": "#bwzx" },
				"east": { "uv": [ 10.25, 8.125, 10.125, 8.25 ], "texture": "#bwzx" }
			}
		},
		{
			"__comment": "Voxels",
			"from": [ 3.3333, -13, -1.3333 ],
			"to": [ 3.999967, -12.66667, -0.9999666 ],
			"faces": {
				"down": { "uv": [ 13.5, 14, 13.75, 14.125 ], "texture": "#bwzx" },
				"up": { "uv": [ 13.75, 14.125, 14, 14 ], "texture": "#bwzx" },
				"north": { "uv": [ 14.25, 14, 14, 14.125 ], "texture": "#bwzx" },
				"south": { "uv": [ 14.25, 14, 14.5, 14.125 ], "texture": "#bwzx" },
				"west": { "uv": [ 10.25, 12.625, 10.375, 12.75 ], "texture": "#bwzx" },
				"east": { "uv": [ 10.375, 12.5, 10.25, 12.625 ], "texture": "#bwzx" }
			}
		},
		{
			"__comment": "Voxels",
			"from": [ 3.3333, -12.3333, -1.6667 ],
			"to": [ 3.999967, -11.99997, -1.333367 ],
			"faces": {
				"down": { "uv": [ 14.5, 14, 14.75, 14.125 ], "texture": "#bwzx" },
				"up": { "uv": [ 14.75, 14.125, 15, 14 ], "texture": "#bwzx" },
				"north": { "uv": [ 15.25, 14, 15, 14.125 ], "texture": "#bwzx" },
				"south": { "uv": [ 15.25, 14, 15.5, 14.125 ], "texture": "#bwzx" },
				"west": { "uv": [ 10.25, 11.875, 10.375, 12 ], "texture": "#bwzx" },
				"east": { "uv": [ 10.375, 11.5, 10.25, 11.625 ], "texture": "#bwzx" }
			}
		},
		{
			"__comment": "Voxels",
			"from": [ 3.3333, -12, -1.6667 ],
			"to": [ 3.666633, -5.333333, -1.333367 ],
			"faces": {
				"down": { "uv": [ 10.25, 11.375, 10.375, 11.5 ], "texture": "#bwzx" },
				"up": { "uv": [ 10.25, 11.375, 10.375, 11.25 ], "texture": "#bwzx" },
				"north": { "uv": [ 5.375, 8.625, 5.25, 11.125 ], "texture": "#bwzx" },
				"south": { "uv": [ 6, 13.5, 6.125, 16 ], "texture": "#bwzx" },
				"west": { "uv": [ 5.625, 8.625, 5.75, 11.125 ], "texture": "#bwzx" },
				"east": { "uv": [ 5.625, 8.625, 5.5, 11.125 ], "texture": "#bwzx" }
			}
		},
		{
			"__comment": "Voxels",
			"from": [ 3.3333, -4.6667, -2 ],
			"to": [ 3.666633, -4.000033, -1.666667 ],
			"faces": {
				"down": { "uv": [ 10.25, 10.125, 10.375, 10.25 ], "texture": "#bwzx" },
				"up": { "uv": [ 10.25, 10.125, 10.375, 10 ], "texture": "#bwzx" },
				"north": { "uv": [ 9.75, 12.75, 9.625, 13 ], "texture": "#bwzx" },
				"south": { "uv": [ 9.625, 12.5, 9.75, 12.75 ], "texture": "#bwzx" },
				"west": { "uv": [ 9.625, 12.25, 9.75, 12.5 ], "texture": "#bwzx" },
				"east": { "uv": [ 9.75, 12, 9.625, 12.25 ], "texture": "#bwzx" }
			}
		},
		{
			"__comment": "Voxels",
			"from": [ 3.3333, -4.3333, -1.6667 ],
			"to": [ 3.999967, -3.999967, -1.333367 ],
			"faces": {
				"down": { "uv": [ 15.5, 14, 15.75, 14.125 ], "texture": "#bwzx" },
				"up": { "uv": [ 15.75, 14.125, 16, 14 ], "texture": "#bwzx" },
				"north": { "uv": [ 10, 13.875, 9.75, 14 ], "texture": "#bwzx" },
				"south": { "uv": [ 9.75, 13.75, 10, 13.875 ], "texture": "#bwzx" },
				"west": { "uv": [ 10.25, 8.375, 10.375, 8.5 ], "texture": "#bwzx" },
				"east": { "uv": [ 10.375, 8.25, 10.25, 8.375 ], "texture": "#bwzx" }
			}
		},
		{
			"__comment": "Voxels",
			"from": [ 3.3333, -1.6667, -2.3333 ],
			"to": [ 4.666633, 2.999967, -1.999967 ],
			"faces": {
				"down": { "uv": [ 8.375, 10.125, 8.875, 10.25 ], "texture": "#bwzx" },
				"up": { "uv": [ 8.375, 10.125, 8.875, 10 ], "texture": "#bwzx" },
				"north": { "uv": [ 3.625, 12.5, 3.125, 14.25 ], "texture": "#bwzx" },
				"south": { "uv": [ 3.125, 14.25, 3.625, 16 ], "texture": "#bwzx" },
				"west": { "uv": [ 6.75, 11.625, 6.875, 13.375 ], "texture": "#bwzx" },
				"east": { "uv": [ 6.75, 11.625, 6.625, 13.375 ], "texture": "#bwzx" }
			}
		},
		{
			"__comment": "Voxels",
			"from": [ 3.3333, -1.6667, -1 ],
			"to": [ 4.666633, 2.999967, -0.6666666 ],
			"faces": {
				"down": { "uv": [ 8.875, 9.625, 9.375, 9.75 ], "texture": "#bwzx" },
				"up": { "uv": [ 2, 8.125, 2.5, 8 ], "texture": "#bwzx" },
				"north": { "uv": [ 3.625, 9, 3.125, 10.75 ], "texture": "#bwzx" },
				"south": { "uv": [ 3.125, 10.75, 3.625, 12.5 ], "texture": "#bwzx" },
				"west": { "uv": [ 7, 11.625, 7.125, 13.375 ], "texture": "#bwzx" },
				"east": { "uv": [ 7, 11.625, 6.875, 13.375 ], "texture": "#bwzx" }
			}
		},
		{
			"__comment": "Voxels",
			"from": [ 3.3333, -1, -2 ],
			"to": [ 4.999967, -0.6666666, -1.666667 ],
			"faces": {
				"down": { "uv": [ 13.625, 14.5, 14.25, 14.625 ], "texture": "#bwzx" },
				"up": { "uv": [ 14.25, 14.625, 14.875, 14.5 ], "texture": "#bwzx" },
				"north": { "uv": [ 9.5, 13.625, 8.875, 13.75 ], "texture": "#bwzx" },
				"south": { "uv": [ 14.875, 14.5, 15.5, 14.625 ], "texture": "#bwzx" },
				"west": { "uv": [ 12.625, 13.5, 12.75, 13.625 ], "texture": "#bwzx" },
				"east": { "uv": [ 13.125, 13.5, 13, 13.625 ], "texture": "#bwzx" }
			}
		},
		{
			"__comment": "Voxels",
			"from": [ 3.3333, -1, -1.6667 ],
			"to": [ 4.3333, -0.6666666, -1.333367 ],
			"faces": {
				"down": { "uv": [ 8.875, 8.375, 9.25, 8.5 ], "texture": "#bwzx" },
				"up": { "uv": [ 8.875, 8.625, 9.25, 8.5 ], "texture": "#bwzx" },
				"north": { "uv": [ 9.25, 8.75, 8.875, 8.875 ], "texture": "#bwzx" },
				"south": { "uv": [ 8.875, 8.875, 9.25, 9 ], "texture": "#bwzx" },
				"west": { "uv": [ 13.625, 13.5, 13.75, 13.625 ], "texture": "#bwzx" },
				"east": { "uv": [ 13.875, 13.5, 13.75, 13.625 ], "texture": "#bwzx" }
			}
		},
		{
			"__comment": "Voxels",
			"from": [ 3.3333, 0, -2 ],
			"to": [ 3.999967, 0.3333333, -1.666667 ],
			"faces": {
				"down": { "uv": [ 9.75, 13.625, 10, 13.75 ], "texture": "#bwzx" },
				"up": { "uv": [ 9.75, 13.625, 10, 13.5 ], "texture": "#bwzx" },
				"north": { "uv": [ 10, 13.375, 9.75, 13.5 ], "texture": "#bwzx" },
				"south": { "uv": [ 9.75, 13.25, 10, 13.375 ], "texture": "#bwzx" },
				"west": { "uv": [ 14.875, 13.5, 15, 13.625 ], "texture": "#bwzx" },
				"east": { "uv": [ 10.5, 13.375, 10.375, 13.5 ], "texture": "#bwzx" }
			}
		},
		{
			"__comment": "Voxels",
			"from": [ 3.3333, 0, -1.3333 ],
			"to": [ 3.999967, 0.3333333, -0.9999666 ],
			"faces": {
				"down": { "uv": [ 9.75, 13.125, 10, 13.25 ], "texture": "#bwzx" },
				"up": { "uv": [ 9.75, 13.125, 10, 13 ], "texture": "#bwzx" },
				"north": { "uv": [ 10, 12.875, 9.75, 13 ], "texture": "#bwzx" },
				"south": { "uv": [ 9.75, 8, 10, 8.125 ], "texture": "#bwzx" },
				"west": { "uv": [ 7, 9.875, 7.125, 10 ], "texture": "#bwzx" },
				"east": { "uv": [ 7.75, 8, 7.625, 8.125 ], "texture": "#bwzx" }
			}
		},
		{
			"__comment": "Voxels",
			"from": [ 3.6667, -13, -1.6667 ],
			"to": [ 4.000033, -12.66667, -1.333367 ],
			"faces": {
				"down": { "uv": [ 7.875, 8.125, 8, 8.25 ], "texture": "#bwzx" },
				"up": { "uv": [ 15.875, 15, 16, 14.875 ], "texture": "#bwzx" },
				"north": { "uv": [ 9.5, 13.5, 9.375, 13.625 ], "texture": "#bwzx" },
				"south": { "uv": [ 9.375, 13.375, 9.5, 13.5 ], "texture": "#bwzx" },
				"west": { "uv": [ 9.375, 12.25, 9.5, 12.375 ], "texture": "#bwzx" },
				"east": { "uv": [ 9.5, 12.125, 9.375, 12.25 ], "texture": "#bwzx" }
			}
		},
		{
			"__comment": "Voxels",
			"from": [ 3.6667, -5.6667, -1.6667 ],
			"to": [ 4.000033, -5.333366, -1.333367 ],
			"faces": {
				"down": { "uv": [ 9.375, 12, 9.5, 12.125 ], "texture": "#bwzx" },
				"up": { "uv": [ 9.375, 12, 9.5, 11.875 ], "texture": "#bwzx" },
				"north": { "uv": [ 9.5, 11.75, 9.375, 11.875 ], "texture": "#bwzx" },
				"south": { "uv": [ 9.375, 11.625, 9.5, 11.75 ], "texture": "#bwzx" },
				"west": { "uv": [ 9.375, 11.5, 9.5, 11.625 ], "texture": "#bwzx" },
				"east": { "uv": [ 9.5, 11.375, 9.375, 11.5 ], "texture": "#bwzx" }
			}
		},
		{
			"__comment": "Voxels",
			"from": [ 3.6667, -4.3333, -2 ],
			"to": [ 4.000033, -3.666633, -1.666667 ],
			"faces": {
				"down": { "uv": [ 9.375, 11.25, 9.5, 11.375 ], "texture": "#bwzx" },
				"up": { "uv": [ 9.375, 11.25, 9.5, 11.125 ], "texture": "#bwzx" },
				"north": { "uv": [ 9.75, 11.75, 9.625, 12 ], "texture": "#bwzx" },
				"south": { "uv": [ 9.625, 11.5, 9.75, 11.75 ], "texture": "#bwzx" },
				"west": { "uv": [ 9.625, 11.25, 9.75, 11.5 ], "texture": "#bwzx" },
				"east": { "uv": [ 9.75, 11, 9.625, 11.25 ], "texture": "#bwzx" }
			}
		},
		{
			"__comment": "Voxels",
			"from": [ 3.6667, -4, -1.6667 ],
			"to": [ 4.333366, -3.666667, -1.333367 ],
			"faces": {
				"down": { "uv": [ 9.75, 12.75, 10, 12.875 ], "texture": "#bwzx" },
				"up": { "uv": [ 9.75, 12.75, 10, 12.625 ], "texture": "#bwzx" },
				"north": { "uv": [ 10, 12.5, 9.75, 12.625 ], "texture": "#bwzx" },
				"south": { "uv": [ 9.75, 12.375, 10, 12.5 ], "texture": "#bwzx" },
				"west": { "uv": [ 9.375, 10, 9.5, 10.125 ], "texture": "#bwzx" },
				"east": { "uv": [ 9.5, 9.875, 9.375, 10 ], "texture": "#bwzx" }
			}
		},
		{
			"__comment": "Voxels",
			"from": [ 3.6667, -3, -2 ],
			"to": [ 4.000033, -2.666667, -1.666667 ],
			"faces": {
				"down": { "uv": [ 9.375, 9.75, 9.5, 9.875 ], "texture": "#bwzx" },
				"up": { "uv": [ 9.375, 9.75, 9.5, 9.625 ], "texture": "#bwzx" },
				"north": { "uv": [ 16, 14.375, 15.875, 14.5 ], "texture": "#bwzx" },
				"south": { "uv": [ 15.875, 14.25, 16, 14.375 ], "texture": "#bwzx" },
				"west": { "uv": [ 10, 10.75, 10.125, 10.875 ], "texture": "#bwzx" },
				"east": { "uv": [ 10.125, 10.625, 10, 10.75 ], "texture": "#bwzx" }
			}
		},
		{
			"__comment": "Voxels",
			"from": [ 3.6667, -2.6667, -2.6667 ],
			"to": [ 4.333366, 2.999967, -2.333367 ],
			"faces": {
				"down": { "uv": [ 9.75, 12.25, 10, 12.375 ], "texture": "#bwzx" },
				"up": { "uv": [ 9.75, 12.25, 10, 12.125 ], "texture": "#bwzx" },
				"north": { "uv": [ 4.5, 9.625, 4.25, 11.75 ], "texture": "#bwzx" },
				"south": { "uv": [ 4.5, 13.875, 4.75, 16 ], "texture": "#bwzx" },
				"west": { "uv": [ 6.25, 11.75, 6.375, 13.875 ], "texture": "#bwzx" },
				"east": { "uv": [ 6.375, 13.875, 6.25, 16 ], "texture": "#bwzx" }
			}
		},
		{
			"__comment": "Voxels",
			"from": [ 3.6667, -2.6667, -0.6667 ],
			"to": [ 4.333366, 2.999967, -0.3333667 ],
			"faces": {
				"down": { "uv": [ 9.75, 12, 10, 12.125 ], "texture": "#bwzx" },
				"up": { "uv": [ 9.75, 12, 10, 11.875 ], "texture": "#bwzx" },
				"north": { "uv": [ 4.5, 13.875, 4.25, 16 ], "texture": "#bwzx" },
				"south": { "uv": [ 3.625, 9.5, 3.875, 11.625 ], "texture": "#bwzx" },
				"west": { "uv": [ 6.125, 13.875, 6.25, 16 ], "texture": "#bwzx" },
				"east": { "uv": [ 6.375, 9.625, 6.25, 11.75 ], "texture": "#bwzx" }
			}
		},
		{
			"__comment": "Voxels",
			"from": [ 3.6667, -2.3333, -2.3333 ],
			"to": [ 4.6667, -1.666633, -1.999967 ],
			"faces": {
				"down": { "uv": [ 12.5, 14.375, 12.875, 14.5 ], "texture": "#bwzx" },
				"up": { "uv": [ 8.875, 9.5, 9.25, 9.375 ], "texture": "#bwzx" },
				"north": { "uv": [ 7.5, 13.625, 7.125, 13.875 ], "texture": "#bwzx" },
				"south": { "uv": [ 2.75, 8, 3.125, 8.25 ], "texture": "#bwzx" },
				"west": { "uv": [ 9.625, 10.75, 9.75, 11 ], "texture": "#bwzx" },
				"east": { "uv": [ 9.75, 10.5, 9.625, 10.75 ], "texture": "#bwzx" }
			}
		},
		{
			"__comment": "Voxels",
			"from": [ 3.6667, -2.3333, -1 ],
			"to": [ 4.6667, -1.666633, -0.6666666 ],
			"faces": {
				"down": { "uv": [ 9.625, 14.25, 10, 14.375 ], "texture": "#bwzx" },
				"up": { "uv": [ 8.875, 8.75, 9.25, 8.625 ], "texture": "#bwzx" },
				"north": { "uv": [ 8.375, 13.25, 8, 13.5 ], "texture": "#bwzx" },
				"south": { "uv": [ 7.125, 9.875, 7.5, 10.125 ], "texture": "#bwzx" },
				"west": { "uv": [ 9.625, 10.25, 9.75, 10.5 ], "texture": "#bwzx" },
				"east": { "uv": [ 9.75, 10, 9.625, 10.25 ], "texture": "#bwzx" }
			}
		},
		{
			"__comment": "Voxels",
			"from": [ 3.6667, -1.6667, -2 ],
			"to": [ 5.000033, -1.000033, -1.666667 ],
			"faces": {
				"down": { "uv": [ 8.875, 9.75, 9.375, 9.875 ], "texture": "#bwzx" },
				"up": { "uv": [ 8.875, 12.375, 9.375, 12.25 ], "texture": "#bwzx" },
				"north": { "uv": [ 8.875, 13.5, 8.375, 13.75 ], "texture": "#bwzx" },
				"south": { "uv": [ 8.375, 13.25, 8.875, 13.5 ], "texture": "#bwzx" },
				"west": { "uv": [ 9.625, 9.25, 9.75, 9.5 ], "texture": "#bwzx" },
				"east": { "uv": [ 9.75, 9, 9.625, 9.25 ], "texture": "#bwzx" }
			}
		},
		{
			"__comment": "Voxels",
			"from": [ 3.6667, -1.3333, -1.6667 ],
			"to": [ 5.000033, -0.9999666, -1.333367 ],
			"faces": {
				"down": { "uv": [ 8.875, 12.125, 9.375, 12.25 ], "texture": "#bwzx" },
				"up": { "uv": [ 8.875, 12.125, 9.375, 12 ], "texture": "#bwzx" },
				"north": { "uv": [ 9.375, 11.875, 8.875, 12 ], "texture": "#bwzx" },
				"south": { "uv": [ 8.875, 11.75, 9.375, 11.875 ], "texture": "#bwzx" },
				"west": { "uv": [ 14.375, 13.625, 14.5, 13.75 ], "texture": "#bwzx" },
				"east": { "uv": [ 14.625, 13.625, 14.5, 13.75 ], "texture": "#bwzx" }
			}
		},
		{
			"__comment": "Voxels",
			"from": [ 3.6667, 3, -2.3333 ],
			"to": [ 4.333366, 3.333333, -1.999967 ],
			"faces": {
				"down": { "uv": [ 9.75, 11.125, 10, 11.25 ], "texture": "#bwzx" },
				"up": { "uv": [ 9.75, 11.125, 10, 11 ], "texture": "#bwzx" },
				"north": { "uv": [ 10, 10.875, 9.75, 11 ], "texture": "#bwzx" },
				"south": { "uv": [ 9.75, 10.75, 10, 10.875 ], "texture": "#bwzx" },
				"west": { "uv": [ 15.125, 13.625, 15.25, 13.75 ], "texture": "#bwzx" },
				"east": { "uv": [ 15.375, 13.625, 15.25, 13.75 ], "texture": "#bwzx" }
			}
		},
		{
			"__comment": "Voxels",
			"from": [ 3.6667, 3, -1 ],
			"to": [ 4.333366, 3.333333, -0.6666666 ],
			"faces": {
				"down": { "uv": [ 9.75, 10.625, 10, 10.75 ], "texture": "#bwzx" },
				"up": { "uv": [ 9.75, 10.625, 10, 10.5 ], "texture": "#bwzx" },
				"north": { "uv": [ 10, 10.375, 9.75, 10.5 ], "texture": "#bwzx" },
				"south": { "uv": [ 9.75, 10.25, 10, 10.375 ], "texture": "#bwzx" },
				"west": { "uv": [ 15.875, 13.625, 16, 13.75 ], "texture": "#bwzx" },
				"east": { "uv": [ 10.25, 13.5, 10.125, 13.625 ], "texture": "#bwzx" }
			}
		},
		{
			"__comment": "Voxels",
			"from": [ 4, -4, -2 ],
			"to": [ 4.333333, -3.333333, -1.666667 ],
			"faces": {
				"down": { "uv": [ 10.125, 13.375, 10.25, 13.5 ], "texture": "#bwzx" },
				"up": { "uv": [ 10.125, 13.375, 10.25, 13.25 ], "texture": "#bwzx" },
				"north": { "uv": [ 9.75, 8.75, 9.625, 9 ], "texture": "#bwzx" },
				"south": { "uv": [ 9.625, 8.5, 9.75, 8.75 ], "texture": "#bwzx" },
				"west": { "uv": [ 9.625, 8.25, 9.75, 8.5 ], "texture": "#bwzx" },
				"east": { "uv": [ 9.75, 8, 9.625, 8.25 ], "texture": "#bwzx" }
			}
		},
		{
			"__comment": "Voxels",
			"from": [ 4, -3.6667, -1.6667 ],
			"to": [ 4.666667, -3.333367, -1.333367 ],
			"faces": {
				"down": { "uv": [ 9.75, 10.125, 10, 10.25 ], "texture": "#bwzx" },
				"up": { "uv": [ 9.75, 10.125, 10, 10 ], "texture": "#bwzx" },
				"north": { "uv": [ 10, 9.875, 9.75, 10 ], "texture": "#bwzx" },
				"south": { "uv": [ 9.75, 9.75, 10, 9.875 ], "texture": "#bwzx" },
				"west": { "uv": [ 10.125, 12.125, 10.25, 12.25 ], "texture": "#bwzx" },
				"east": { "uv": [ 10.25, 12, 10.125, 12.125 ], "texture": "#bwzx" }
			}
		},
		{
			"__comment": "Voxels",
			"from": [ 4, -3.3333, -2.3333 ],
			"to": [ 4.666667, -2.999967, -1.999967 ],
			"faces": {
				"down": { "uv": [ 9.75, 9.625, 10, 9.75 ], "texture": "#bwzx" },
				"up": { "uv": [ 9.75, 9.625, 10, 9.5 ], "texture": "#bwzx" },
				"north": { "uv": [ 10, 9.375, 9.75, 9.5 ], "texture": "#bwzx" },
				"south": { "uv": [ 9.75, 9.25, 10, 9.375 ], "texture": "#bwzx" },
				"west": { "uv": [ 10.125, 11.375, 10.25, 11.5 ], "texture": "#bwzx" },
				"east": { "uv": [ 10.25, 11.25, 10.125, 11.375 ], "texture": "#bwzx" }
			}
		},
		{
			"__comment": "Voxels",
			"from": [ 4, -3.3333, -1 ],
			"to": [ 4.666667, -2.999967, -0.6666666 ],
			"faces": {
				"down": { "uv": [ 9.75, 9.125, 10, 9.25 ], "texture": "#bwzx" },
				"up": { "uv": [ 9.75, 9.125, 10, 9 ], "texture": "#bwzx" },
				"north": { "uv": [ 10, 8.875, 9.75, 9 ], "texture": "#bwzx" },
				"south": { "uv": [ 9.75, 8.75, 10, 8.875 ], "texture": "#bwzx" },
				"west": { "uv": [ 10.125, 10.625, 10.25, 10.75 ], "texture": "#bwzx" },
				"east": { "uv": [ 10.25, 10.5, 10.125, 10.625 ], "texture": "#bwzx" }
			}
		},
		{
			"__comment": "Voxels",
			"from": [ 4, -2.6667, -2 ],
			"to": [ 5.666667, -2.333367, -1.666667 ],
			"faces": {
				"down": { "uv": [ 12.375, 14.5, 13, 14.625 ], "texture": "#bwzx" },
				"up": { "uv": [ 8.875, 14.375, 9.5, 14.25 ], "texture": "#bwzx" },
				"north": { "uv": [ 12.375, 14.5, 11.75, 14.625 ], "texture": "#bwzx" },
				"south": { "uv": [ 11.125, 14.5, 11.75, 14.625 ], "texture": "#bwzx" },
				"west": { "uv": [ 10.375, 13, 10.5, 13.125 ], "texture": "#bwzx" },
				"east": { "uv": [ 10.25, 9.75, 10.125, 9.875 ], "texture": "#bwzx" }
			}
		},
		{
			"__comment": "Voxels",
			"from": [ 4, -2.3333, -2 ],
			"to": [ 5.333333, -1.999967, -1.666667 ],
			"faces": {
				"down": { "uv": [ 8.875, 11.625, 9.375, 11.75 ], "texture": "#bwzx" },
				"up": { "uv": [ 8.875, 11.625, 9.375, 11.5 ], "texture": "#bwzx" },
				"north": { "uv": [ 9.375, 11.375, 8.875, 11.5 ], "texture": "#bwzx" },
				"south": { "uv": [ 8.875, 11.25, 9.375, 11.375 ], "texture": "#bwzx" },
				"west": { "uv": [ 10.125, 9.125, 10.25, 9.25 ], "texture": "#bwzx" },
				"east": { "uv": [ 10.25, 9, 10.125, 9.125 ], "texture": "#bwzx" }
			}
		},
		{
			"__comment": "Voxels",
			"from": [ 4, -2, -2 ],
			"to": [ 5, -1.666667, -1.666667 ],
			"faces": {
				"down": { "uv": [ 8.875, 8.125, 9.25, 8.25 ], "texture": "#bwzx" },
				"up": { "uv": [ 8.875, 8.125, 9.25, 8 ], "texture": "#bwzx" },
				"north": { "uv": [ 9.875, 14.375, 9.5, 14.5 ], "texture": "#bwzx" },
				"south": { "uv": [ 9.875, 14.375, 10.25, 14.5 ], "texture": "#bwzx" },
				"west": { "uv": [ 10.125, 8.375, 10.25, 8.5 ], "texture": "#bwzx" },
				"east": { "uv": [ 10.25, 8.25, 10.125, 8.375 ], "texture": "#bwzx" }
			}
		},
		{
			"__comment": "Voxels",
			"from": [ 4, -1.6667, -1.6667 ],
			"to": [ 5, -1.333367, -1.333367 ],
			"faces": {
				"down": { "uv": [ 10.25, 14.375, 10.625, 14.5 ], "texture": "#bwzx" },
				"up": { "uv": [ 10.625, 14.5, 11, 14.375 ], "texture": "#bwzx" },
				"north": { "uv": [ 11.375, 14.375, 11, 14.5 ], "texture": "#bwzx" },
				"south": { "uv": [ 11.375, 14.375, 11.75, 14.5 ], "texture": "#bwzx" },
				"west": { "uv": [ 10.25, 13.25, 10.375, 13.375 ], "texture": "#bwzx" },
				"east": { "uv": [ 10.375, 13.125, 10.25, 13.25 ], "texture": "#bwzx" }
			}
		},
		{
			"__comment": "Voxels",
			"from": [ 4, -0.6667, -1.6667 ],
			"to": [ 4.333333, -0.000033319, -1.333367 ],
			"faces": {
				"down": { "uv": [ 10.25, 13, 10.375, 13.125 ], "texture": "#bwzx" },
				"up": { "uv": [ 10.25, 13, 10.375, 12.875 ], "texture": "#bwzx" },
				"north": { "uv": [ 10.125, 13.625, 10, 13.875 ], "texture": "#bwzx" },
				"south": { "uv": [ 10, 13.375, 10.125, 13.625 ], "texture": "#bwzx" },
				"west": { "uv": [ 10, 13.125, 10.125, 13.375 ], "texture": "#bwzx" },
				"east": { "uv": [ 10.125, 12.875, 10, 13.125 ], "texture": "#bwzx" }
			}
		},
		{
			"__comment": "Voxels",
			"from": [ 4, 3, -2 ],
			"to": [ 4.666667, 3.333333, -1.666667 ],
			"faces": {
				"down": { "uv": [ 12.75, 13.875, 13, 14 ], "texture": "#bwzx" },
				"up": { "uv": [ 13, 14, 13.25, 13.875 ], "texture": "#bwzx" },
				"north": { "uv": [ 13.5, 13.875, 13.25, 14 ], "texture": "#bwzx" },
				"south": { "uv": [ 13.5, 13.875, 13.75, 14 ], "texture": "#bwzx" },
				"west": { "uv": [ 10.25, 11.75, 10.375, 11.875 ], "texture": "#bwzx" },
				"east": { "uv": [ 10.375, 11.625, 10.25, 11.75 ], "texture": "#bwzx" }
			}
		},
		{
			"__comment": "Voxels",
			"from": [ 4, 3, -1.3333 ],
			"to": [ 4.666667, 3.333333, -0.9999666 ],
			"faces": {
				"down": { "uv": [ 13.75, 13.875, 14, 14 ], "texture": "#bwzx" },
				"up": { "uv": [ 14, 14, 14.25, 13.875 ], "texture": "#bwzx" },
				"north": { "uv": [ 14.5, 13.875, 14.25, 14 ], "texture": "#bwzx" },
				"south": { "uv": [ 14.5, 13.875, 14.75, 14 ], "texture": "#bwzx" },
				"west": { "uv": [ 10.25, 11, 10.375, 11.125 ], "texture": "#bwzx" },
				"east": { "uv": [ 10.375, 10.875, 10.25, 11 ], "texture": "#bwzx" }
			}
		},
		{
			"__comment": "Voxels",
			"from": [ 4.3333, -3.6667, -2 ],
			"to": [ 4.666634, -2.6667, -1.666667 ],
			"faces": {
				"down": { "uv": [ 10.25, 10.75, 10.375, 10.875 ], "texture": "#bwzx" },
				"up": { "uv": [ 10.25, 10.75, 10.375, 10.625 ], "texture": "#bwzx" },
				"north": { "uv": [ 8.375, 8.125, 8.25, 8.5 ], "texture": "#bwzx" },
				"south": { "uv": [ 9.5, 14, 9.625, 14.375 ], "texture": "#bwzx" },
				"west": { "uv": [ 9.5, 11, 9.625, 11.375 ], "texture": "#bwzx" },
				"east": { "uv": [ 9.625, 13.625, 9.5, 14 ], "texture": "#bwzx" }
			}
		},
		{
			"__comment": "Voxels",
			"from": [ 4.3333, -3.3333, -1.6667 ],
			"to": [ 4.999967, -2.999967, -1.333367 ],
			"faces": {
				"down": { "uv": [ 15, 13.875, 15.25, 14 ], "texture": "#bwzx" },
				"up": { "uv": [ 15.25, 14, 15.5, 13.875 ], "texture": "#bwzx" },
				"north": { "uv": [ 15.75, 13.875, 15.5, 14 ], "texture": "#bwzx" },
				"south": { "uv": [ 15.75, 13.875, 16, 14 ], "texture": "#bwzx" },
				"west": { "uv": [ 10.25, 9.5, 10.375, 9.625 ], "texture": "#bwzx" },
				"east": { "uv": [ 10.375, 9.375, 10.25, 9.5 ], "texture": "#bwzx" }
			}
		},
		{
			"__comment": "Voxels",
			"from": [ 4.3333, -2.6667, -1.6667 ],
			"to": [ 5.666634, -2.333367, -1.333367 ],
			"faces": {
				"down": { "uv": [ 8.875, 11.125, 9.375, 11.25 ], "texture": "#bwzx" },
				"up": { "uv": [ 8.875, 11.125, 9.375, 11 ], "texture": "#bwzx" },
				"north": { "uv": [ 9.375, 10.875, 8.875, 11 ], "texture": "#bwzx" },
				"south": { "uv": [ 8.875, 10.75, 9.375, 10.875 ], "texture": "#bwzx" },
				"west": { "uv": [ 10.25, 8.75, 10.375, 8.875 ], "texture": "#bwzx" },
				"east": { "uv": [ 10.375, 8.625, 10.25, 8.75 ], "texture": "#bwzx" }
			}
		},
		{
			"__comment": "Voxels",
			"from": [ 4.3333, -2.3333, -1.6667 ],
			"to": [ 5.3333, -1.999967, -1.333367 ],
			"faces": {
				"down": { "uv": [ 12.875, 14.375, 13.25, 14.5 ], "texture": "#bwzx" },
				"up": { "uv": [ 13.25, 14.5, 13.625, 14.375 ], "texture": "#bwzx" },
				"north": { "uv": [ 14, 14.375, 13.625, 14.5 ], "texture": "#bwzx" },
				"south": { "uv": [ 14, 14.375, 14.375, 14.5 ], "texture": "#bwzx" },
				"west": { "uv": [ 10.25, 8, 10.375, 8.125 ], "texture": "#bwzx" },
				"east": { "uv": [ 10.5, 13.5, 10.375, 13.625 ], "texture": "#bwzx" }
			}
		},
		{
			"__comment": "Voxels",
			"from": [ 4.3333, -2, -1.6667 ],
			"to": [ 4.999967, -1.666667, -1.333367 ],
			"faces": {
				"down": { "uv": [ 11.875, 13.75, 12.125, 13.875 ], "texture": "#bwzx" },
				"up": { "uv": [ 12.125, 13.875, 12.375, 13.75 ], "texture": "#bwzx" },
				"north": { "uv": [ 12.625, 13.75, 12.375, 13.875 ], "texture": "#bwzx" },
				"south": { "uv": [ 12.625, 13.75, 12.875, 13.875 ], "texture": "#bwzx" },
				"west": { "uv": [ 11, 13.5, 11.125, 13.625 ], "texture": "#bwzx" },
				"east": { "uv": [ 11.25, 13.5, 11.125, 13.625 ], "texture": "#bwzx" }
			}
		},
		{
			"__comment": "Voxels",
			"from": [ 4.3333, -0.6667, -2 ],
			"to": [ 4.999967, 2.666634, -1.666667 ],
			"faces": {
				"down": { "uv": [ 12.875, 13.75, 13.125, 13.875 ], "texture": "#bwzx" },
				"up": { "uv": [ 13.125, 13.875, 13.375, 13.75 ], "texture": "#bwzx" },
				"north": { "uv": [ 5.5, 11.125, 5.25, 12.375 ], "texture": "#bwzx" },
				"south": { "uv": [ 5, 11.125, 5.25, 12.375 ], "texture": "#bwzx" },
				"west": { "uv": [ 7.875, 13.25, 8, 14.5 ], "texture": "#bwzx" },
				"east": { "uv": [ 7.875, 13.25, 7.75, 14.5 ], "texture": "#bwzx" }
			}
		},
		{
			"__comment": "Voxels",
			"from": [ 4.3333, -0.6667, -1.3333 ],
			"to": [ 4.999967, 2.666634, -0.9999666 ],
			"faces": {
				"down": { "uv": [ 14.375, 13.75, 14.625, 13.875 ], "texture": "#bwzx" },
				"up": { "uv": [ 14.625, 13.875, 14.875, 13.75 ], "texture": "#bwzx" },
				"north": { "uv": [ 5, 11.125, 4.75, 12.375 ], "texture": "#bwzx" },
				"south": { "uv": [ 5.75, 14, 6, 15.25 ], "texture": "#bwzx" },
				"west": { "uv": [ 7.75, 12, 7.875, 13.25 ], "texture": "#bwzx" },
				"east": { "uv": [ 7.75, 8.625, 7.625, 9.875 ], "texture": "#bwzx" }
			}
		},
		{
			"__comment": "Voxels",
			"from": [ 4.6667, -3.3333, -2 ],
			"to": [ 5.000033, -2.666633, -1.666667 ],
			"faces": {
				"down": { "uv": [ 12.75, 13.5, 12.875, 13.625 ], "texture": "#bwzx" },
				"up": { "uv": [ 12.875, 13.625, 13, 13.5 ], "texture": "#bwzx" },
				"north": { "uv": [ 10.125, 11.625, 10, 11.875 ], "texture": "#bwzx" },
				"south": { "uv": [ 10, 11.375, 10.125, 11.625 ], "texture": "#bwzx" },
				"west": { "uv": [ 10, 11.125, 10.125, 11.375 ], "texture": "#bwzx" },
				"east": { "uv": [ 10.125, 10.875, 10, 11.125 ], "texture": "#bwzx" }
			}
		},
		{
			"__comment": "Voxels",
			"from": [ 4.6667, -3, -1.6667 ],
			"to": [ 5.333366, -2.666667, -1.333367 ],
			"faces": {
				"down": { "uv": [ 10.125, 13.625, 10.375, 13.75 ], "texture": "#bwzx" },
				"up": { "uv": [ 10.375, 13.75, 10.625, 13.625 ], "texture": "#bwzx" },
				"north": { "uv": [ 10.875, 13.625, 10.625, 13.75 ], "texture": "#bwzx" },
				"south": { "uv": [ 10.875, 13.625, 11.125, 13.75 ], "texture": "#bwzx" },
				"west": { "uv": [ 14, 13.5, 14.125, 13.625 ], "texture": "#bwzx" },
				"east": { "uv": [ 14.25, 13.5, 14.125, 13.625 ], "texture": "#bwzx" }
			}
		},
		{
			"__comment": "Voxels",
			"from": [ 4.6667, -1, -1.6667 ],
			"to": [ 5.000033, 2.666667, -1.333367 ],
			"faces": {
				"down": { "uv": [ 14.25, 13.5, 14.375, 13.625 ], "texture": "#bwzx" },
				"up": { "uv": [ 14.375, 13.625, 14.5, 13.5 ], "texture": "#bwzx" },
				"north": { "uv": [ 7.75, 11.25, 7.625, 12.625 ], "texture": "#bwzx" },
				"south": { "uv": [ 7.5, 12.5, 7.625, 13.875 ], "texture": "#bwzx" },
				"west": { "uv": [ 7.5, 11.125, 7.625, 12.5 ], "texture": "#bwzx" },
				"east": { "uv": [ 7.625, 9.75, 7.5, 11.125 ], "texture": "#bwzx" }
			}
		},
		{
			"__comment": "Voxels",
			"from": [ 5, -3, -2 ],
			"to": [ 5.333333, -2.666667, -1.666667 ],
			"faces": {
				"down": { "uv": [ 15, 13.5, 15.125, 13.625 ], "texture": "#bwzx" },
				"up": { "uv": [ 15.125, 13.625, 15.25, 13.5 ], "texture": "#bwzx" },
				"north": { "uv": [ 15.375, 13.5, 15.25, 13.625 ], "texture": "#bwzx" },
				"south": { "uv": [ 15.375, 13.5, 15.5, 13.625 ], "texture": "#bwzx" },
				"west": { "uv": [ 15.5, 13.5, 15.625, 13.625 ], "texture": "#bwzx" },
				"east": { "uv": [ 15.75, 13.5, 15.625, 13.625 ], "texture": "#bwzx" }
			}
		},
		{
			"__comment": "Voxels",
			"from": [ 5, 0.6667, -1.6667 ],
			"to": [ 5.333333, 2.6667, -1.333367 ],
			"faces": {
				"down": { "uv": [ 15.75, 13.5, 15.875, 13.625 ], "texture": "#bwzx" },
				"up": { "uv": [ 15.875, 13.625, 16, 13.5 ], "texture": "#bwzx" },
				"north": { "uv": [ 8.25, 11.625, 8.125, 12.375 ], "texture": "#bwzx" },
				"south": { "uv": [ 8.25, 11.625, 8.375, 12.375 ], "texture": "#bwzx" },
				"west": { "uv": [ 7.875, 8.25, 8, 9 ], "texture": "#bwzx" },
				"east": { "uv": [ 8.125, 11.625, 8, 12.375 ], "texture": "#bwzx" }
			}
		}
	],
	"display": {
		"thirdperson_righthand": {
			"rotation":  [ 0, -90, 0 ],
			"translation":  [ -9.041, 13.912, 6.2608 ]
		},
		"thirdperson_lefthand": {
			"rotation":  [ -90, 0, -39 ],
			"translation":  [ -7.652, 2.0876, 2.7826 ]
		},
		"firstperson_righthand": {
			"rotation":  [ 0, -90, 0 ],
			"translation":  [ -2.086, 7.6521, 0 ]
		},
		"firstperson_lefthand": {
			"scale":  [ 0.0001, 0.0001, 0.0001 ]
		},
		"gui": {
			"rotation":  [ 0, 0, -47 ],
			"translation":  [ 2.7826, -1.391, 0 ],
			"scale":  [ 0.5, 0.5, 0.5 ]
		},
		"ground": {
			"translation":  [ 5.5652, 16.695, 9.043 ]
		},
		"fixed": {
			"rotation":  [ 0, 0, 58 ],
			"translation":  [ 0, 6.9565, 0 ]
		}
	}
}