{
	"__comment": "Designed by Ling_Meng with Cubik Studio - https://cubik.studio",
	"textures": {
		"ysz": "blocks/ysz"
	},
	"elements": [ 	 
		{
			"__comment": "Voxels",
			"from": [ 7.625, -14, 7.625 ],
			"to": [ 8.25, -13.5, 8.25 ],
			"faces": {
				"down": { "uv": [ 4.8125, 15.6875, 5.125, 16 ], "texture": "#ysz" },
				"up": { "uv": [ 1.625, 0.375, 1.9375, 0.0625 ], "texture": "#ysz" },
				"north": { "uv": [ 0.75, 0, 0.4375, 0.25 ], "texture": "#ysz" },
				"south": { "uv": [ 0, 0, 0.3125, 0.25 ], "texture": "#ysz" },
				"west": { "uv": [ 5.125, 15.5, 5.4375, 15.75 ], "texture": "#ysz" },
				"east": { "uv": [ 5.4375, 15.75, 5.125, 16 ], "texture": "#ysz" }
			}
		},
		{
			"__comment": "Voxels",
			"from": [ 7.625, -13.875, 7.5 ],
			"to": [ 8.25, -13.5, 7.625 ],
			"faces": {
				"down": { "uv": [ 5.4375, 15.5, 5.75, 15.5625 ], "texture": "#ysz" },
				"up": { "uv": [ 5.75, 15.625, 6.0625, 15.5625 ], "texture": "#ysz" },
				"north": { "uv": [ 5.125, 15.5, 4.8125, 15.6875 ], "texture": "#ysz" },
				"south": { "uv": [ 5.4375, 15.8125, 5.75, 16 ], "texture": "#ysz" },
				"west": { "uv": [ 1.5625, 1.3125, 1.625, 1.5 ], "texture": "#ysz" },
				"east": { "uv": [ 1.625, 0.6875, 1.5625, 0.875 ], "texture": "#ysz" }
			}
		},
		{
			"__comment": "Voxels",
			"from": [ 7.625, -3.875, 7.375 ],
			"to": [ 8.25, -2.875, 8.375 ],
			"faces": {
				"down": { "uv": [ 1.625, 0.375, 1.9375, 0.875 ], "texture": "#ysz" },
				"up": { "uv": [ 1.625, 1.375, 1.9375, 0.875 ], "texture": "#ysz" },
				"north": { "uv": [ 0.75, 0.25, 0.4375, 0.75 ], "texture": "#ysz" },
				"south": { "uv": [ 0, 0.25, 0.3125, 0.75 ], "texture": "#ysz" },
				"west": { "uv": [ 3.6875, 15.5, 4.1875, 16 ], "texture": "#ysz" },
				"east": { "uv": [ 3.6875, 15.5, 3.1875, 16 ], "texture": "#ysz" }
			}
		},
		{
			"__comment": "Voxels",
			"from": [ 7.625, -3.75, 7 ],
			"to": [ 8.25, -3.125, 7.375 ],
			"faces": {
				"down": { "uv": [ 4.5, 15.5, 4.8125, 15.6875 ], "texture": "#ysz" },
				"up": { "uv": [ 4.1875, 15.6875, 4.5, 15.5 ], "texture": "#ysz" },
				"north": { "uv": [ 4.5, 15.6875, 4.1875, 16 ], "texture": "#ysz" },
				"south": { "uv": [ 4.5, 15.6875, 4.8125, 16 ], "texture": "#ysz" },
				"west": { "uv": [ 1.0625, 0.375, 1.25, 0.6875 ], "texture": "#ysz" },
				"east": { "uv": [ 1.25, 0.6875, 1.0625, 1 ], "texture": "#ysz" }
			}
		},
		{
			"__comment": "Voxels",
			"from": [ 7.625, -3.75, 8.375 ],
			"to": [ 8.25, -1.75, 8.625 ],
			"faces": {
				"down": { "uv": [ 5.75, 15.875, 6.0625, 16 ], "texture": "#ysz" },
				"up": { "uv": [ 5.75, 15.875, 6.0625, 15.75 ], "texture": "#ysz" },
				"north": { "uv": [ 0.3125, 0.75, 0, 1.75 ], "texture": "#ysz" },
				"south": { "uv": [ 0.4375, 0.75, 0.75, 1.75 ], "texture": "#ysz" },
				"west": { "uv": [ 0.3125, 0.75, 0.4375, 1.75 ], "texture": "#ysz" },
				"east": { "uv": [ 0.875, 0.75, 0.75, 1.75 ], "texture": "#ysz" }
			}
		},
		{
			"__comment": "Voxels",
			"from": [ 7.625, -3.125, 7.125 ],
			"to": [ 8.25, -3, 7.375 ],
			"faces": {
				"down": { "uv": [ 5.4375, 15.6875, 5.75, 15.8125 ], "texture": "#ysz" },
				"up": { "uv": [ 5.4375, 15.6875, 5.75, 15.5625 ], "texture": "#ysz" },
				"north": { "uv": [ 6.0625, 15.5, 5.75, 15.5625 ], "texture": "#ysz" },
				"south": { "uv": [ 6.0625, 15.625, 6.375, 15.6875 ], "texture": "#ysz" },
				"west": { "uv": [ 2.4375, 0.5, 2.5625, 0.5625 ], "texture": "#ysz" },
				"east": { "uv": [ 2.5625, 0.4375, 2.4375, 0.5 ], "texture": "#ysz" }
			}
		},
		{
			"__comment": "Voxels",
			"from": [ 7.625, -2.875, 8.25 ],
			"to": [ 8.125, -1.75, 8.375 ],
			"faces": {
				"down": { "uv": [ 6.5, 15.75, 6.75, 15.8125 ], "texture": "#ysz" },
				"up": { "uv": [ 6.5, 15.875, 6.75, 15.8125 ], "texture": "#ysz" },
				"north": { "uv": [ 3.6875, 14.9375, 3.4375, 15.5 ], "texture": "#ysz" },
				"south": { "uv": [ 3.1875, 14.9375, 3.4375, 15.5 ], "texture": "#ysz" },
				"west": { "uv": [ 1.4375, 1.3125, 1.5, 1.875 ], "texture": "#ysz" },
				"east": { "uv": [ 1.5625, 1.3125, 1.5, 1.875 ], "texture": "#ysz" }
			}
		},
		{
			"__comment": "Voxels",
			"from": [ 7.75, -14, 7.5 ],
			"to": [ 8.125, -13.875, 7.625 ],
			"faces": {
				"down": { "uv": [ 2.25, 0.125, 2.4375, 0.1875 ], "texture": "#ysz" },
				"up": { "uv": [ 2.25, 0.125, 2.4375, 0.0625 ], "texture": "#ysz" },
				"north": { "uv": [ 2.4375, 0, 2.25, 0.0625 ], "texture": "#ysz" },
				"south": { "uv": [ 2.4375, 1.375, 2.625, 1.4375 ], "texture": "#ysz" },
				"west": { "uv": [ 2.625, 0.6875, 2.6875, 0.75 ], "texture": "#ysz" },
				"east": { "uv": [ 2.6875, 0.75, 2.625, 0.8125 ], "texture": "#ysz" }
			}
		},
		{
			"__comment": "Voxels",
			"from": [ 7.75, -14, 8.25 ],
			"to": [ 8.125, -13.5, 8.375 ],
			"faces": {
				"down": { "uv": [ 2.4375, 1.3125, 2.625, 1.375 ], "texture": "#ysz" },
				"up": { "uv": [ 2.4375, 1.3125, 2.625, 1.25 ], "texture": "#ysz" },
				"north": { "uv": [ 1.25, 0.125, 1.0625, 0.375 ], "texture": "#ysz" },
				"south": { "uv": [ 1.25, 1.625, 1.4375, 1.875 ], "texture": "#ysz" },
				"west": { "uv": [ 1.9375, 0.875, 2, 1.125 ], "texture": "#ysz" },
				"east": { "uv": [ 2, 1.125, 1.9375, 1.375 ], "texture": "#ysz" }
			}
		},
		{
			"__comment": "Voxels",
			"from": [ 7.75, -13.875, 7.375 ],
			"to": [ 8.125, -3.875, 7.5 ],
			"faces": {
				"down": { "uv": [ 2.25, 0.1875, 2.4375, 0.25 ], "texture": "#ysz" },
				"up": { "uv": [ 2.25, 0.3125, 2.4375, 0.25 ], "texture": "#ysz" },
				"north": { "uv": [ 2.4375, 6, 2.25, 11 ], "texture": "#ysz" },
				"south": { "uv": [ 2.25, 11, 2.4375, 16 ], "texture": "#ysz" },
				"west": { "uv": [ 3, 1.6875, 3.0625, 6.6875 ], "texture": "#ysz" },
				"east": { "uv": [ 3.125, 1.6875, 3.0625, 6.6875 ], "texture": "#ysz" }
			}
		},
		{
			"__comment": "Voxels",
			"from": [ 7.75, -13.5, 7.5 ],
			"to": [ 8.125, -3.875, 8.25 ],
			"faces": {
				"down": { "uv": [ 0.875, 0.5, 1.0625, 0.875 ], "texture": "#ysz" },
				"up": { "uv": [ 0.875, 0.5, 1.0625, 0.125 ], "texture": "#ysz" },
				"north": { "uv": [ 2.625, 6.25, 2.4375, 11.0625 ], "texture": "#ysz" },
				"south": { "uv": [ 2.4375, 1.4375, 2.625, 6.25 ], "texture": "#ysz" },
				"west": { "uv": [ 1.625, 6.375, 2, 11.1875 ], "texture": "#ysz" },
				"east": { "uv": [ 2, 11.1875, 1.625, 16 ], "texture": "#ysz" }
			}
		},
		{
			"__comment": "Voxels",
			"from": [ 7.75, -4.625, 8.25 ],
			"to": [ 8.125, -3.875, 8.375 ],
			"faces": {
				"down": { "uv": [ 2.25, 0.3125, 2.4375, 0.375 ], "texture": "#ysz" },
				"up": { "uv": [ 2.25, 0.4375, 2.4375, 0.375 ], "texture": "#ysz" },
				"north": { "uv": [ 1.25, 1.375, 1.0625, 1.75 ], "texture": "#ysz" },
				"south": { "uv": [ 1.0625, 1, 1.25, 1.375 ], "texture": "#ysz" },
				"west": { "uv": [ 1.375, 0.875, 1.4375, 1.25 ], "texture": "#ysz" },
				"east": { "uv": [ 1.625, 1.5, 1.5625, 1.875 ], "texture": "#ysz" }
			}
		},
		{
			"__comment": "Voxels",
			"from": [ 7.75, -3.875, 7 ],
			"to": [ 8.125, -3.75, 7.375 ],
			"faces": {
				"down": { "uv": [ 1.25, 0.0625, 1.4375, 0.25 ], "texture": "#ysz" },
				"up": { "uv": [ 1.4375, 1.3125, 1.625, 1.125 ], "texture": "#ysz" },
				"north": { "uv": [ 2.4375, 0.625, 2.25, 0.6875 ], "texture": "#ysz" },
				"south": { "uv": [ 2.25, 0.6875, 2.4375, 0.75 ], "texture": "#ysz" },
				"west": { "uv": [ 2.25, 0.4375, 2.4375, 0.5 ], "texture": "#ysz" },
				"east": { "uv": [ 2.4375, 0.75, 2.25, 0.8125 ], "texture": "#ysz" }
			}
		},
		{
			"__comment": "Voxels",
			"from": [ 7.75, -3.875, 8.375 ],
			"to": [ 8.125, -3.75, 8.625 ],
			"faces": {
				"down": { "uv": [ 1.0625, 0, 1.25, 0.125 ], "texture": "#ysz" },
				"up": { "uv": [ 0.875, 0.125, 1.0625, 0 ], "texture": "#ysz" },
				"north": { "uv": [ 2.4375, 0.9375, 2.25, 1 ], "texture": "#ysz" },
				"south": { "uv": [ 2.25, 1, 2.4375, 1.0625 ], "texture": "#ysz" },
				"west": { "uv": [ 2.4375, 0.375, 2.5625, 0.4375 ], "texture": "#ysz" },
				"east": { "uv": [ 2.5625, 0.3125, 2.4375, 0.375 ], "texture": "#ysz" }
			}
		},
		{
			"__comment": "Voxels",
			"from": [ 7.75, -3.125, 7 ],
			"to": [ 8.125, -3, 7.125 ],
			"faces": {
				"down": { "uv": [ 1.25, 0, 1.4375, 0.0625 ], "texture": "#ysz" },
				"up": { "uv": [ 2.4375, 0.875, 2.625, 0.8125 ], "texture": "#ysz" },
				"north": { "uv": [ 2.625, 0.875, 2.4375, 0.9375 ], "texture": "#ysz" },
				"south": { "uv": [ 2.4375, 0.9375, 2.625, 1 ], "texture": "#ysz" },
				"west": { "uv": [ 2.625, 0.9375, 2.6875, 1 ], "texture": "#ysz" },
				"east": { "uv": [ 2.6875, 1, 2.625, 1.0625 ], "texture": "#ysz" }
			}
		},
		{
			"__comment": "Voxels",
			"from": [ 7.75, -3, 7.125 ],
			"to": [ 8.125, -2.875, 7.375 ],
			"faces": {
				"down": { "uv": [ 1.4375, 0.875, 1.625, 1 ], "texture": "#ysz" },
				"up": { "uv": [ 1.4375, 1.125, 1.625, 1 ], "texture": "#ysz" },
				"north": { "uv": [ 2.625, 1.125, 2.4375, 1.1875 ], "texture": "#ysz" },
				"south": { "uv": [ 2.4375, 1.1875, 2.625, 1.25 ], "texture": "#ysz" },
				"west": { "uv": [ 2.4375, 0.125, 2.5625, 0.1875 ], "texture": "#ysz" },
				"east": { "uv": [ 2.5625, 0.0625, 2.4375, 0.125 ], "texture": "#ysz" }
			}
		},
		{
			"__comment": "Voxels",
			"from": [ 7.75, -2.875, 7.375 ],
			"to": [ 8.125, 25.625, 8.25 ],
			"faces": {
				"down": { "uv": [ 0.875, 0.875, 1.0625, 1.3125 ], "texture": "#ysz" },
				"up": { "uv": [ 0.875, 1.75, 1.0625, 1.3125 ], "texture": "#ysz" },
				"north": { "uv": [ 1.25, 1.75, 1.0625, 16 ], "texture": "#ysz" },
				"south": { "uv": [ 0.875, 1.75, 1.0625, 16 ], "texture": "#ysz" },
				"west": { "uv": [ 0, 1.75, 0.4375, 16 ], "texture": "#ysz" },
				"east": { "uv": [ 0.875, 1.75, 0.4375, 16 ], "texture": "#ysz" }
			}
		},
		{
			"__comment": "Voxels",
			"from": [ 7.75, -1.75, 8.25 ],
			"to": [ 8.125, 26.5, 8.375 ],
			"faces": {
				"down": { "uv": [ 2.4375, 1.0625, 2.625, 1.125 ], "texture": "#ysz" },
				"up": { "uv": [ 2.4375, 1.0625, 2.625, 1 ], "texture": "#ysz" },
				"north": { "uv": [ 1.625, 1.875, 1.4375, 16 ], "texture": "#ysz" },
				"south": { "uv": [ 1.25, 1.875, 1.4375, 16 ], "texture": "#ysz" },
				"west": { "uv": [ 2.75, 1.875, 2.8125, 16 ], "texture": "#ysz" },
				"east": { "uv": [ 2.875, 1.875, 2.8125, 16 ], "texture": "#ysz" }
			}
		},
		{
			"__comment": "Voxels",
			"from": [ 7.75, -1.75, 8.375 ],
			"to": [ 8.125, 8.25, 8.5 ],
			"faces": {
				"down": { "uv": [ 1.4375, 0.0625, 1.625, 0.125 ], "texture": "#ysz" },
				"up": { "uv": [ 1.4375, 0.0625, 1.625, 0 ], "texture": "#ysz" },
				"north": { "uv": [ 2, 1.375, 1.8125, 6.375 ], "texture": "#ysz" },
				"south": { "uv": [ 1.625, 1.375, 1.8125, 6.375 ], "texture": "#ysz" },
				"west": { "uv": [ 2.9375, 1.6875, 3, 6.6875 ], "texture": "#ysz" },
				"east": { "uv": [ 2.9375, 1.6875, 2.875, 6.6875 ], "texture": "#ysz" }
			}
		},
		{
			"__comment": "Voxels",
			"from": [ 7.75, -1.75, 8.5 ],
			"to": [ 8.125, 8.125, 8.625 ],
			"faces": {
				"down": { "uv": [ 2.25, 0.875, 2.4375, 0.9375 ], "texture": "#ysz" },
				"up": { "uv": [ 2.25, 0.875, 2.4375, 0.8125 ], "texture": "#ysz" },
				"north": { "uv": [ 2.4375, 1.0625, 2.25, 6 ], "texture": "#ysz" },
				"south": { "uv": [ 2.4375, 11.0625, 2.625, 16 ], "texture": "#ysz" },
				"west": { "uv": [ 3.125, 6.125, 3.1875, 11.0625 ], "texture": "#ysz" },
				"east": { "uv": [ 3.1875, 11.0625, 3.125, 16 ], "texture": "#ysz" }
			}
		},
		{
			"__comment": "Voxels",
			"from": [ 7.75, 25.625, 7.375 ],
			"to": [ 8, 25.75, 8.25 ],
			"faces": {
				"down": { "uv": [ 0.3125, 0.3125, 0.4375, 0.75 ], "texture": "#ysz" },
				"up": { "uv": [ 0.75, 0.75, 0.875, 0.3125 ], "texture": "#ysz" },
				"north": { "uv": [ 2.5625, 0, 2.4375, 0.0625 ], "texture": "#ysz" },
				"south": { "uv": [ 6.375, 15.625, 6.5, 15.6875 ], "texture": "#ysz" },
				"west": { "uv": [ 6.0625, 15.9375, 6.5, 16 ], "texture": "#ysz" },
				"east": { "uv": [ 6.5, 15.875, 6.0625, 15.9375 ], "texture": "#ysz" }
			}
		},
		{
			"__comment": "Voxels",
			"from": [ 7.75, 25.75, 7.5 ],
			"to": [ 8, 25.875, 8.25 ],
			"faces": {
				"down": { "uv": [ 1.25, 1.25, 1.375, 1.625 ], "texture": "#ysz" },
				"up": { "uv": [ 1.25, 1.25, 1.375, 0.875 ], "texture": "#ysz" },
				"north": { "uv": [ 2.125, 0.0625, 2, 0.125 ], "texture": "#ysz" },
				"south": { "uv": [ 2, 0, 2.125, 0.0625 ], "texture": "#ysz" },
				"west": { "uv": [ 1.625, 0, 2, 0.0625 ], "texture": "#ysz" },
				"east": { "uv": [ 6.4375, 15.8125, 6.0625, 15.875 ], "texture": "#ysz" }
			}
		},
		{
			"__comment": "Voxels",
			"from": [ 7.75, 25.875, 7.625 ],
			"to": [ 8, 26, 8.25 ],
			"faces": {
				"down": { "uv": [ 1.25, 0.5625, 1.375, 0.875 ], "texture": "#ysz" },
				"up": { "uv": [ 1.25, 0.5625, 1.375, 0.25 ], "texture": "#ysz" },
				"north": { "uv": [ 2.25, 0.0625, 2.125, 0.125 ], "texture": "#ysz" },
				"south": { "uv": [ 2.125, 0, 2.25, 0.0625 ], "texture": "#ysz" },
				"west": { "uv": [ 5.75, 15.6875, 6.0625, 15.75 ], "texture": "#ysz" },
				"east": { "uv": [ 6.0625, 15.625, 5.75, 15.6875 ], "texture": "#ysz" }
			}
		},
		{
			"__comment": "Voxels",
			"from": [ 7.75, 26, 7.75 ],
			"to": [ 8, 26.125, 8.25 ],
			"faces": {
				"down": { "uv": [ 0.75, 0, 0.875, 0.25 ], "texture": "#ysz" },
				"up": { "uv": [ 0.3125, 0.25, 0.4375, 0 ], "texture": "#ysz" },
				"north": { "uv": [ 2.5625, 0.625, 2.4375, 0.6875 ], "texture": "#ysz" },
				"south": { "uv": [ 2.4375, 0.5625, 2.5625, 0.625 ], "texture": "#ysz" },
				"west": { "uv": [ 6.5, 15.875, 6.75, 15.9375 ], "texture": "#ysz" },
				"east": { "uv": [ 6.75, 15.9375, 6.5, 16 ], "texture": "#ysz" }
			}
		},
		{
			"__comment": "Voxels",
			"from": [ 7.75, 26.125, 7.875 ],
			"to": [ 8, 26.25, 8.25 ],
			"faces": {
				"down": { "uv": [ 1.4375, 0.5, 1.5625, 0.6875 ], "texture": "#ysz" },
				"up": { "uv": [ 1.4375, 0.875, 1.5625, 0.6875 ], "texture": "#ysz" },
				"north": { "uv": [ 2.5625, 0.25, 2.4375, 0.3125 ], "texture": "#ysz" },
				"south": { "uv": [ 2.4375, 0.1875, 2.5625, 0.25 ], "texture": "#ysz" },
				"west": { "uv": [ 2.25, 0.5625, 2.4375, 0.625 ], "texture": "#ysz" },
				"east": { "uv": [ 2.4375, 0.5, 2.25, 0.5625 ], "texture": "#ysz" }
			}
		},
		{
			"__comment": "Voxels",
			"from": [ 7.75, 26.25, 8 ],
			"to": [ 8, 26.375, 8.25 ],
			"faces": {
				"down": { "uv": [ 1.5, 0.375, 1.625, 0.5 ], "texture": "#ysz" },
				"up": { "uv": [ 1.5, 0.375, 1.625, 0.25 ], "texture": "#ysz" },
				"north": { "uv": [ 6.5, 15.5625, 6.375, 15.625 ], "texture": "#ysz" },
				"south": { "uv": [ 6.375, 15.5, 6.5, 15.5625 ], "texture": "#ysz" },
				"west": { "uv": [ 6.5, 15.5625, 6.625, 15.625 ], "texture": "#ysz" },
				"east": { "uv": [ 6.625, 15.5, 6.5, 15.5625 ], "texture": "#ysz" }
			}
		},
		{
			"__comment": "Voxels",
			"from": [ 7.75, 26.375, 8.125 ],
			"to": [ 8, 26.5, 8.25 ],
			"faces": {
				"down": { "uv": [ 6.625, 15.5625, 6.75, 15.625 ], "texture": "#ysz" },
				"up": { "uv": [ 6.625, 15.5625, 6.75, 15.5 ], "texture": "#ysz" },
				"north": { "uv": [ 6.875, 15.9375, 6.75, 16 ], "texture": "#ysz" },
				"south": { "uv": [ 6.75, 15.875, 6.875, 15.9375 ], "texture": "#ysz" },
				"west": { "uv": [ 2.5625, 0, 2.625, 0.0625 ], "texture": "#ysz" },
				"east": { "uv": [ 2.6875, 1.4375, 2.625, 1.5 ], "texture": "#ysz" }
			}
		},
		{
			"__comment": "Voxels",
			"from": [ 7.75, 26.5, 8.25 ],
			"to": [ 8, 26.625, 8.375 ],
			"faces": {
				"down": { "uv": [ 6.75, 15.8125, 6.875, 15.875 ], "texture": "#ysz" },
				"up": { "uv": [ 6.75, 15.8125, 6.875, 15.75 ], "texture": "#ysz" },
				"north": { "uv": [ 0.4375, 0.25, 0.3125, 0.3125 ], "texture": "#ysz" },
				"south": { "uv": [ 0.75, 0.25, 0.875, 0.3125 ], "texture": "#ysz" },
				"west": { "uv": [ 2.5625, 0.375, 2.625, 0.4375 ], "texture": "#ysz" },
				"east": { "uv": [ 2.625, 0.3125, 2.5625, 0.375 ], "texture": "#ysz" }
			}
		},
		{
			"__comment": "Voxels",
			"from": [ 7.875, -2.875, 7.125 ],
			"to": [ 8, 25.875, 7.375 ],
			"faces": {
				"down": { "uv": [ 1.5, 0.125, 1.5625, 0.25 ], "texture": "#ysz" },
				"up": { "uv": [ 1.5625, 0.25, 1.625, 0.125 ], "texture": "#ysz" },
				"north": { "uv": [ 2.6875, 1.625, 2.625, 16 ], "texture": "#ysz" },
				"south": { "uv": [ 2.6875, 1.625, 2.75, 16 ], "texture": "#ysz" },
				"west": { "uv": [ 2, 1.625, 2.125, 16 ], "texture": "#ysz" },
				"east": { "uv": [ 2.25, 1.625, 2.125, 16 ], "texture": "#ysz" }
			}
		},
		{
			"__comment": "Voxels",
			"from": [ 7.875, 8.25, 8.375 ],
			"to": [ 8, 26.875, 8.5 ],
			"faces": {
				"down": { "uv": [ 2.5625, 0.5, 2.625, 0.5625 ], "texture": "#ysz" },
				"up": { "uv": [ 2.5625, 0.5, 2.625, 0.4375 ], "texture": "#ysz" },
				"north": { "uv": [ 3.125, 6.6875, 3.0625, 16 ], "texture": "#ysz" },
				"south": { "uv": [ 3, 6.6875, 3.0625, 16 ], "texture": "#ysz" },
				"west": { "uv": [ 2.875, 6.6875, 2.9375, 16 ], "texture": "#ysz" },
				"east": { "uv": [ 3, 6.6875, 2.9375, 16 ], "texture": "#ysz" }
			}
		},
		{
			"__comment": "Voxels",
			"from": [ 7.875, 25.75, 7.375 ],
			"to": [ 8, 26.125, 7.5 ],
			"faces": {
				"down": { "uv": [ 2.625, 1.375, 2.6875, 1.4375 ], "texture": "#ysz" },
				"up": { "uv": [ 2.625, 1.375, 2.6875, 1.3125 ], "texture": "#ysz" },
				"north": { "uv": [ 1.625, 0.5, 1.5625, 0.6875 ], "texture": "#ysz" },
				"south": { "uv": [ 1.9375, 0.1875, 2, 0.375 ], "texture": "#ysz" },
				"west": { "uv": [ 2, 1.4375, 2.0625, 1.625 ], "texture": "#ysz" },
				"east": { "uv": [ 2.125, 1.4375, 2.0625, 1.625 ], "texture": "#ysz" }
			}
		},
		{
			"__comment": "Voxels",
			"from": [ 7.875, 25.875, 7.25 ],
			"to": [ 8, 26, 7.375 ],
			"faces": {
				"down": { "uv": [ 2.625, 0.375, 2.6875, 0.4375 ], "texture": "#ysz" },
				"up": { "uv": [ 2.625, 0.375, 2.6875, 0.3125 ], "texture": "#ysz" },
				"north": { "uv": [ 2.6875, 0.25, 2.625, 0.3125 ], "texture": "#ysz" },
				"south": { "uv": [ 2.625, 0.1875, 2.6875, 0.25 ], "texture": "#ysz" },
				"west": { "uv": [ 2.6875, 1.5, 2.75, 1.5625 ], "texture": "#ysz" },
				"east": { "uv": [ 2.75, 1.4375, 2.6875, 1.5 ], "texture": "#ysz" }
			}
		},
		{
			"__comment": "Voxels",
			"from": [ 7.875, 25.875, 7.5 ],
			"to": [ 8, 26.25, 7.625 ],
			"faces": {
				"down": { "uv": [ 2.6875, 1.25, 2.75, 1.3125 ], "texture": "#ysz" },
				"up": { "uv": [ 2.6875, 1.25, 2.75, 1.1875 ], "texture": "#ysz" },
				"north": { "uv": [ 2.0625, 1.25, 2, 1.4375 ], "texture": "#ysz" },
				"south": { "uv": [ 2.0625, 1.25, 2.125, 1.4375 ], "texture": "#ysz" },
				"west": { "uv": [ 2, 1.0625, 2.0625, 1.25 ], "texture": "#ysz" },
				"east": { "uv": [ 2.125, 1.0625, 2.0625, 1.25 ], "texture": "#ysz" }
			}
		},
		{
			"__comment": "Voxels",
			"from": [ 7.875, 26, 7.625 ],
			"to": [ 8, 26.375, 7.75 ],
			"faces": {
				"down": { "uv": [ 2.5625, 0.125, 2.625, 0.1875 ], "texture": "#ysz" },
				"up": { "uv": [ 2.5625, 0.125, 2.625, 0.0625 ], "texture": "#ysz" },
				"north": { "uv": [ 2.0625, 0.875, 2, 1.0625 ], "texture": "#ysz" },
				"south": { "uv": [ 2.0625, 0.875, 2.125, 1.0625 ], "texture": "#ysz" },
				"west": { "uv": [ 2, 0.6875, 2.0625, 0.875 ], "texture": "#ysz" },
				"east": { "uv": [ 2.125, 0.6875, 2.0625, 0.875 ], "texture": "#ysz" }
			}
		},
		{
			"__comment": "Voxels",
			"from": [ 7.875, 26.125, 7.75 ],
			"to": [ 8, 26.5, 7.875 ],
			"faces": {
				"down": { "uv": [ 2.625, 1.125, 2.6875, 1.1875 ], "texture": "#ysz" },
				"up": { "uv": [ 2.625, 1.125, 2.6875, 1.0625 ], "texture": "#ysz" },
				"north": { "uv": [ 2.0625, 0.5, 2, 0.6875 ], "texture": "#ysz" },
				"south": { "uv": [ 2.0625, 0.5, 2.125, 0.6875 ], "texture": "#ysz" },
				"west": { "uv": [ 2, 0.3125, 2.0625, 0.5 ], "texture": "#ysz" },
				"east": { "uv": [ 2.125, 0.3125, 2.0625, 0.5 ], "texture": "#ysz" }
			}
		},
		{
			"__comment": "Voxels",
			"from": [ 7.875, 26.25, 7.875 ],
			"to": [ 8, 26.625, 8 ],
			"faces": {
				"down": { "uv": [ 2.625, 0.625, 2.6875, 0.6875 ], "texture": "#ysz" },
				"up": { "uv": [ 2.625, 0.625, 2.6875, 0.5625 ], "texture": "#ysz" },
				"north": { "uv": [ 2.0625, 0.125, 2, 0.3125 ], "texture": "#ysz" },
				"south": { "uv": [ 2.0625, 0.125, 2.125, 0.3125 ], "texture": "#ysz" },
				"west": { "uv": [ 2.125, 1.4375, 2.1875, 1.625 ], "texture": "#ysz" },
				"east": { "uv": [ 2.25, 0.3125, 2.1875, 0.5 ], "texture": "#ysz" }
			}
		},
		{
			"__comment": "Voxels",
			"from": [ 7.875, 26.375, 8 ],
			"to": [ 8, 26.75, 8.125 ],
			"faces": {
				"down": { "uv": [ 2.625, 0, 2.6875, 0.0625 ], "texture": "#ysz" },
				"up": { "uv": [ 2.6875, 1.625, 2.75, 1.5625 ], "texture": "#ysz" },
				"north": { "uv": [ 2.25, 1.4375, 2.1875, 1.625 ], "texture": "#ysz" },
				"south": { "uv": [ 2.125, 1.25, 2.1875, 1.4375 ], "texture": "#ysz" },
				"west": { "uv": [ 2.1875, 1.25, 2.25, 1.4375 ], "texture": "#ysz" },
				"east": { "uv": [ 2.1875, 1.0625, 2.125, 1.25 ], "texture": "#ysz" }
			}
		},
		{
			"__comment": "Voxels",
			"from": [ 7.875, 26.5, 8.125 ],
			"to": [ 8, 26.875, 8.25 ],
			"faces": {
				"down": { "uv": [ 2.5625, 0.625, 2.625, 0.6875 ], "texture": "#ysz" },
				"up": { "uv": [ 2.5625, 0.625, 2.625, 0.5625 ], "texture": "#ysz" },
				"north": { "uv": [ 2.25, 1.0625, 2.1875, 1.25 ], "texture": "#ysz" },
				"south": { "uv": [ 2.125, 0.875, 2.1875, 1.0625 ], "texture": "#ysz" },
				"west": { "uv": [ 2.1875, 0.875, 2.25, 1.0625 ], "texture": "#ysz" },
				"east": { "uv": [ 2.1875, 0.6875, 2.125, 0.875 ], "texture": "#ysz" }
			}
		},
		{
			"__comment": "Voxels",
			"from": [ 7.875, 26.625, 8.25 ],
			"to": [ 8, 27, 8.375 ],
			"faces": {
				"down": { "uv": [ 2.5625, 0.25, 2.625, 0.3125 ], "texture": "#ysz" },
				"up": { "uv": [ 2.5625, 0.25, 2.625, 0.1875 ], "texture": "#ysz" },
				"north": { "uv": [ 2.25, 0.6875, 2.1875, 0.875 ], "texture": "#ysz" },
				"south": { "uv": [ 2.125, 0.5, 2.1875, 0.6875 ], "texture": "#ysz" },
				"west": { "uv": [ 2.1875, 0.5, 2.25, 0.6875 ], "texture": "#ysz" },
				"east": { "uv": [ 2.1875, 0.3125, 2.125, 0.5 ], "texture": "#ysz" }
			}
		},
		{
			"__comment": "Voxels",
			"from": [ 8, 25.625, 7.5 ],
			"to": [ 8.125, 25.75, 8.25 ],
			"faces": {
				"down": { "uv": [ 1.4375, 0.125, 1.5, 0.5 ], "texture": "#ysz" },
				"up": { "uv": [ 1.375, 1.625, 1.4375, 1.25 ], "texture": "#ysz" },
				"north": { "uv": [ 2.6875, 1.25, 2.625, 1.3125 ], "texture": "#ysz" },
				"south": { "uv": [ 2.625, 1.1875, 2.6875, 1.25 ], "texture": "#ysz" },
				"west": { "uv": [ 6.0625, 15.75, 6.4375, 15.8125 ], "texture": "#ysz" },
				"east": { "uv": [ 6.4375, 15.6875, 6.0625, 15.75 ], "texture": "#ysz" }
			}
		},
		{
			"__comment": "Voxels",
			"from": [ 8, 25.75, 7.625 ],
			"to": [ 8.125, 25.875, 8.25 ],
			"faces": {
				"down": { "uv": [ 1.375, 0.5625, 1.4375, 0.875 ], "texture": "#ysz" },
				"up": { "uv": [ 1.375, 0.5625, 1.4375, 0.25 ], "texture": "#ysz" },
				"north": { "uv": [ 2.6875, 0.875, 2.625, 0.9375 ], "texture": "#ysz" },
				"south": { "uv": [ 2.625, 0.8125, 2.6875, 0.875 ], "texture": "#ysz" },
				"west": { "uv": [ 6.0625, 15.5625, 6.375, 15.625 ], "texture": "#ysz" },
				"east": { "uv": [ 6.375, 15.5, 6.0625, 15.5625 ], "texture": "#ysz" }
			}
		},
		{
			"__comment": "Voxels",
			"from": [ 8, 25.875, 7.75 ],
			"to": [ 8.125, 26, 8.25 ],
			"faces": {
				"down": { "uv": [ 1.9375, 0.625, 2, 0.875 ], "texture": "#ysz" },
				"up": { "uv": [ 1.9375, 0.625, 2, 0.375 ], "texture": "#ysz" },
				"north": { "uv": [ 2.6875, 0.5, 2.625, 0.5625 ], "texture": "#ysz" },
				"south": { "uv": [ 2.625, 0.4375, 2.6875, 0.5 ], "texture": "#ysz" },
				"west": { "uv": [ 6.5, 15.6875, 6.75, 15.75 ], "texture": "#ysz" },
				"east": { "uv": [ 6.75, 15.625, 6.5, 15.6875 ], "texture": "#ysz" }
			}
		},
		{
			"__comment": "Voxels",
			"from": [ 8, 26, 7.875 ],
			"to": [ 8.125, 26.125, 8.25 ],
			"faces": {
				"down": { "uv": [ 2.125, 0.125, 2.1875, 0.3125 ], "texture": "#ysz" },
				"up": { "uv": [ 2.1875, 0.3125, 2.25, 0.125 ], "texture": "#ysz" },
				"north": { "uv": [ 2.6875, 0.125, 2.625, 0.1875 ], "texture": "#ysz" },
				"south": { "uv": [ 2.625, 0.0625, 2.6875, 0.125 ], "texture": "#ysz" },
				"west": { "uv": [ 2.4375, 0.75, 2.625, 0.8125 ], "texture": "#ysz" },
				"east": { "uv": [ 2.625, 0.6875, 2.4375, 0.75 ], "texture": "#ysz" }
			}
		},
		{
			"__comment": "Voxels",
			"from": [ 8, 26.125, 8 ],
			"to": [ 8.125, 26.25, 8.25 ],
			"faces": {
				"down": { "uv": [ 1.9375, 0.0625, 2, 0.1875 ], "texture": "#ysz" },
				"up": { "uv": [ 2.625, 1.625, 2.6875, 1.5 ], "texture": "#ysz" },
				"north": { "uv": [ 2.75, 1.375, 2.6875, 1.4375 ], "texture": "#ysz" },
				"south": { "uv": [ 2.6875, 1.3125, 2.75, 1.375 ], "texture": "#ysz" },
				"west": { "uv": [ 6.75, 15.6875, 6.875, 15.75 ], "texture": "#ysz" },
				"east": { "uv": [ 6.875, 15.625, 6.75, 15.6875 ], "texture": "#ysz" }
			}
		},
		{
			"__comment": "Voxels",
			"from": [ 8, 26.25, 8.125 ],
			"to": [ 8.125, 26.375, 8.25 ],
			"faces": {
				"down": { "uv": [ 2.6875, 1.125, 2.75, 1.1875 ], "texture": "#ysz" },
				"up": { "uv": [ 2.6875, 1.125, 2.75, 1.0625 ], "texture": "#ysz" },
				"north": { "uv": [ 2.75, 1, 2.6875, 1.0625 ], "texture": "#ysz" },
				"south": { "uv": [ 2.6875, 0.9375, 2.75, 1 ], "texture": "#ysz" },
				"west": { "uv": [ 2.6875, 0.875, 2.75, 0.9375 ], "texture": "#ysz" },
				"east": { "uv": [ 2.75, 0.8125, 2.6875, 0.875 ], "texture": "#ysz" }
			}
		}
	],
	"display": {
		"thirdperson_righthand": {
			"translation":  [ 0, 13, 2 ]
		},
		"thirdperson_lefthand": {
			"rotation":  [ 0, 0, 180 ],
			"translation":  [ -1.5, -17, 2 ]
		},
		"firstperson_righthand": {
			"translation":  [ 0, 12, 2 ]
		},
		"firstperson_lefthand": {
			"rotation":  [ 0, 0, 180 ],
			"translation":  [ -1.5, -17, 2 ]
		},
		"gui": {
			"rotation":  [ 90, -135, 90 ],
			"translation":  [ 0.5, 0.5, 0 ],
			"scale":  [ 0.5, 0.5, 0.5 ]
		},
		"ground": {
			"translation":  [ 0, 18, 0 ]
		},
		"fixed": {
			"rotation":  [ 90, 0, 90 ]
		}
	}
}