{
	"__comment": "Designed by Ling_Meng with Cubik Studio - https://cubik.studio",
	"textures": {
		"yuki": "blocks/yuki"
	},
	"elements": [ 	 
		{
			"__comment": "Voxels",
			"from": [ 3.75, -4, 8.25 ],
			"to": [ 12.25, -3.75, 8.75 ],
			"faces": {
				"down": { "uv": [ 9.5, 15.75, 13.75, 16 ], "texture": "#yuki" },
				"up": { "uv": [ 9.5, 15.75, 13.75, 15.5 ], "texture": "#yuki" },
				"north": { "uv": [ 13.75, 14.125, 9.5, 14.25 ], "texture": "#yuki" },
				"south": { "uv": [ 9.5, 14, 13.75, 14.125 ], "texture": "#yuki" },
				"west": { "uv": [ 12.75, 10.25, 13, 10.375 ], "texture": "#yuki" },
				"east": { "uv": [ 4.5, 0.5, 4.25, 0.625 ], "texture": "#yuki" }
			}
		},
		{
			"__comment": "Voxels",
			"from": [ 4, -4, 8 ],
			"to": [ 12, -3.75, 8.25 ],
			"faces": {
				"down": { "uv": [ 9.5, 13.875, 13.5, 14 ], "texture": "#yuki" },
				"up": { "uv": [ 9.5, 13.875, 13.5, 13.75 ], "texture": "#yuki" },
				"north": { "uv": [ 13.5, 13.625, 9.5, 13.75 ], "texture": "#yuki" },
				"south": { "uv": [ 9.5, 13.5, 13.5, 13.625 ], "texture": "#yuki" },
				"west": { "uv": [ 5.5, 1.625, 5.625, 1.75 ], "texture": "#yuki" },
				"east": { "uv": [ 5.75, 1.625, 5.625, 1.75 ], "texture": "#yuki" }
			}
		},
		{
			"__comment": "Voxels",
			"from": [ 4, -4, 8.75 ],
			"to": [ 12, -3.75, 9 ],
			"faces": {
				"down": { "uv": [ 9.5, 13.375, 13.5, 13.5 ], "texture": "#yuki" },
				"up": { "uv": [ 9.5, 13.375, 13.5, 13.25 ], "texture": "#yuki" },
				"north": { "uv": [ 13.5, 13.125, 9.5, 13.25 ], "texture": "#yuki" },
				"south": { "uv": [ 9.5, 13, 13.5, 13.125 ], "texture": "#yuki" },
				"west": { "uv": [ 15.875, 14.375, 16, 14.5 ], "texture": "#yuki" },
				"east": { "uv": [ 16, 14.25, 15.875, 14.375 ], "texture": "#yuki" }
			}
		},
		{
			"__comment": "Voxels",
			"from": [ 4, -3.75, 8.25 ],
			"to": [ 12, -3.5, 8.75 ],
			"faces": {
				"down": { "uv": [ 9.5, 15.25, 13.5, 15.5 ], "texture": "#yuki" },
				"up": { "uv": [ 9.5, 15.25, 13.5, 15 ], "texture": "#yuki" },
				"north": { "uv": [ 13.5, 12.875, 9.5, 13 ], "texture": "#yuki" },
				"south": { "uv": [ 9.5, 12.75, 13.5, 12.875 ], "texture": "#yuki" },
				"west": { "uv": [ 5.75, 1.625, 6, 1.75 ], "texture": "#yuki" },
				"east": { "uv": [ 6, 1.125, 5.75, 1.25 ], "texture": "#yuki" }
			}
		},
		{
			"__comment": "Voxels",
			"from": [ 4.25, -4.25, 8.25 ],
			"to": [ 11.75, -4, 8.75 ],
			"faces": {
				"down": { "uv": [ 9.5, 14.75, 13.25, 15 ], "texture": "#yuki" },
				"up": { "uv": [ 9.5, 14.75, 13.25, 14.5 ], "texture": "#yuki" },
				"north": { "uv": [ 13.25, 12.5, 9.5, 12.625 ], "texture": "#yuki" },
				"south": { "uv": [ 9.5, 12.625, 13.25, 12.75 ], "texture": "#yuki" },
				"west": { "uv": [ 5.75, 0.625, 6, 0.75 ], "texture": "#yuki" },
				"east": { "uv": [ 7, 0, 6.75, 0.125 ], "texture": "#yuki" }
			}
		},
		{
			"__comment": "Voxels",
			"from": [ 4.75, -4.25, 8 ],
			"to": [ 11.25, -4, 8.25 ],
			"faces": {
				"down": { "uv": [ 9.5, 12.125, 12.75, 12.25 ], "texture": "#yuki" },
				"up": { "uv": [ 9.5, 12.375, 12.75, 12.25 ], "texture": "#yuki" },
				"north": { "uv": [ 16, 12, 12.75, 12.125 ], "texture": "#yuki" },
				"south": { "uv": [ 12.75, 12.375, 16, 12.5 ], "texture": "#yuki" },
				"west": { "uv": [ 15.875, 11.75, 16, 11.875 ], "texture": "#yuki" },
				"east": { "uv": [ 16, 11.625, 15.875, 11.75 ], "texture": "#yuki" }
			}
		},
		{
			"__comment": "Voxels",
			"from": [ 4.75, -4.25, 8.75 ],
			"to": [ 11.25, -4, 9 ],
			"faces": {
				"down": { "uv": [ 9.5, 12.375, 12.75, 12.5 ], "texture": "#yuki" },
				"up": { "uv": [ 9.5, 12.125, 12.75, 12 ], "texture": "#yuki" },
				"north": { "uv": [ 16, 12.125, 12.75, 12.25 ], "texture": "#yuki" },
				"south": { "uv": [ 12.75, 12.25, 16, 12.375 ], "texture": "#yuki" },
				"west": { "uv": [ 11.25, 10, 11.375, 10.125 ], "texture": "#yuki" },
				"east": { "uv": [ 11.5, 10, 11.375, 10.125 ], "texture": "#yuki" }
			}
		},
		{
			"__comment": "Voxels",
			"from": [ 5, -4.5, 8.25 ],
			"to": [ 11, -4.25, 8.75 ],
			"faces": {
				"down": { "uv": [ 9.5, 14.25, 12.5, 14.5 ], "texture": "#yuki" },
				"up": { "uv": [ 12.5, 14.5, 15.5, 14.25 ], "texture": "#yuki" },
				"north": { "uv": [ 15.5, 11.875, 12.5, 12 ], "texture": "#yuki" },
				"south": { "uv": [ 9.5, 11.875, 12.5, 12 ], "texture": "#yuki" },
				"west": { "uv": [ 15.75, 11.25, 16, 11.375 ], "texture": "#yuki" },
				"east": { "uv": [ 16, 10.75, 15.75, 10.875 ], "texture": "#yuki" }
			}
		},
		{
			"__comment": "Voxels",
			"from": [ 5.5, -3.75, 8 ],
			"to": [ 10.5, -3.5, 8.25 ],
			"faces": {
				"down": { "uv": [ 13.5, 13.625, 16, 13.75 ], "texture": "#yuki" },
				"up": { "uv": [ 13.5, 13.125, 16, 13 ], "texture": "#yuki" },
				"north": { "uv": [ 16, 13.375, 13.5, 13.5 ], "texture": "#yuki" },
				"south": { "uv": [ 13.5, 13.125, 16, 13.25 ], "texture": "#yuki" },
				"west": { "uv": [ 11.5, 10, 11.625, 10.125 ], "texture": "#yuki" },
				"east": { "uv": [ 11.75, 10, 11.625, 10.125 ], "texture": "#yuki" }
			}
		},
		{
			"__comment": "Voxels",
			"from": [ 5.5, -3.75, 8.75 ],
			"to": [ 10.5, -3.5, 9 ],
			"faces": {
				"down": { "uv": [ 13.5, 13.25, 16, 13.375 ], "texture": "#yuki" },
				"up": { "uv": [ 13.5, 13.625, 16, 13.5 ], "texture": "#yuki" },
				"north": { "uv": [ 16, 13.75, 13.5, 13.875 ], "texture": "#yuki" },
				"south": { "uv": [ 13.5, 13.875, 16, 14 ], "texture": "#yuki" },
				"west": { "uv": [ 11.75, 10, 11.875, 10.125 ], "texture": "#yuki" },
				"east": { "uv": [ 10.25, 9.875, 10.125, 10 ], "texture": "#yuki" }
			}
		},
		{
			"__comment": "Voxels",
			"from": [ 5.75, -3.5, 8.25 ],
			"to": [ 10.25, -3.25, 8.75 ],
			"faces": {
				"down": { "uv": [ 13.75, 15.5, 16, 15.75 ], "texture": "#yuki" },
				"up": { "uv": [ 13.75, 16, 16, 15.75 ], "texture": "#yuki" },
				"north": { "uv": [ 16, 14, 13.75, 14.125 ], "texture": "#yuki" },
				"south": { "uv": [ 13.75, 14.125, 16, 14.25 ], "texture": "#yuki" },
				"west": { "uv": [ 15.25, 10.375, 15.5, 10.5 ], "texture": "#yuki" },
				"east": { "uv": [ 15.75, 10.375, 15.5, 10.5 ], "texture": "#yuki" }
			}
		},
		{
			"__comment": "Voxels",
			"from": [ 6, -3.5, 8 ],
			"to": [ 10, -3.25, 8.25 ],
			"faces": {
				"down": { "uv": [ 9.5, 11.5, 11.5, 11.625 ], "texture": "#yuki" },
				"up": { "uv": [ 13.25, 12.75, 15.25, 12.625 ], "texture": "#yuki" },
				"north": { "uv": [ 15.25, 12.5, 13.25, 12.625 ], "texture": "#yuki" },
				"south": { "uv": [ 13.5, 12.75, 15.5, 12.875 ], "texture": "#yuki" },
				"west": { "uv": [ 10, 9.875, 10.125, 10 ], "texture": "#yuki" },
				"east": { "uv": [ 10, 9.875, 9.875, 10 ], "texture": "#yuki" }
			}
		},
		{
			"__comment": "Voxels",
			"from": [ 6, -3.5, 8.75 ],
			"to": [ 10, -3.25, 9 ],
			"faces": {
				"down": { "uv": [ 11.5, 11.5, 13.5, 11.625 ], "texture": "#yuki" },
				"up": { "uv": [ 13.5, 11.625, 15.5, 11.5 ], "texture": "#yuki" },
				"north": { "uv": [ 15.5, 12.875, 13.5, 13 ], "texture": "#yuki" },
				"south": { "uv": [ 9.5, 11.375, 11.5, 11.5 ], "texture": "#yuki" },
				"west": { "uv": [ 9.75, 9.875, 9.875, 10 ], "texture": "#yuki" },
				"east": { "uv": [ 16, 10, 15.875, 10.125 ], "texture": "#yuki" }
			}
		},
		{
			"__comment": "Voxels",
			"from": [ 6.25, -3.25, 8.25 ],
			"to": [ 9.75, 28, 8.75 ],
			"faces": {
				"down": { "uv": [ 13.5, 15.25, 15.25, 15.5 ], "texture": "#yuki" },
				"up": { "uv": [ 13.5, 15.25, 15.25, 15 ], "texture": "#yuki" },
				"north": { "uv": [ 3.5, 0.375, 1.75, 16 ], "texture": "#yuki" },
				"south": { "uv": [ 0, 0.375, 1.75, 16 ], "texture": "#yuki" },
				"west": { "uv": [ 8.75, 0.375, 9, 16 ], "texture": "#yuki" },
				"east": { "uv": [ 8.75, 0.375, 8.5, 16 ], "texture": "#yuki" }
			}
		},
		{
			"__comment": "Voxels",
			"from": [ 6.5, -3.25, 8 ],
			"to": [ 9.5, -2.75, 8.25 ],
			"faces": {
				"down": { "uv": [ 13, 11.375, 14.5, 11.5 ], "texture": "#yuki" },
				"up": { "uv": [ 14.5, 11.5, 16, 11.375 ], "texture": "#yuki" },
				"north": { "uv": [ 11, 11.625, 9.5, 11.875 ], "texture": "#yuki" },
				"south": { "uv": [ 14, 11.625, 15.5, 11.875 ], "texture": "#yuki" },
				"west": { "uv": [ 9.125, 0, 9.25, 0.25 ], "texture": "#yuki" },
				"east": { "uv": [ 9.5, 5.5, 9.375, 5.75 ], "texture": "#yuki" }
			}
		},
		{
			"__comment": "Voxels",
			"from": [ 6.5, -3.25, 8.75 ],
			"to": [ 9.5, -2.75, 9 ],
			"faces": {
				"down": { "uv": [ 9.5, 11.25, 11, 11.375 ], "texture": "#yuki" },
				"up": { "uv": [ 11.5, 11.5, 13, 11.375 ], "texture": "#yuki" },
				"north": { "uv": [ 14, 11.625, 12.5, 11.875 ], "texture": "#yuki" },
				"south": { "uv": [ 11, 11.625, 12.5, 11.875 ], "texture": "#yuki" },
				"west": { "uv": [ 9.375, 5.25, 9.5, 5.5 ], "texture": "#yuki" },
				"east": { "uv": [ 9.5, 5, 9.375, 5.25 ], "texture": "#yuki" }
			}
		},
		{
			"__comment": "Voxels",
			"from": [ 6.5, 28, 8.25 ],
			"to": [ 9.5, 28.75, 8.75 ],
			"faces": {
				"down": { "uv": [ 13.25, 14.5, 14.75, 14.75 ], "texture": "#yuki" },
				"up": { "uv": [ 13.25, 15, 14.75, 14.75 ], "texture": "#yuki" },
				"north": { "uv": [ 3.25, 0, 1.75, 0.375 ], "texture": "#yuki" },
				"south": { "uv": [ 0, 0, 1.5, 0.375 ], "texture": "#yuki" },
				"west": { "uv": [ 5.75, 1.25, 6, 1.625 ], "texture": "#yuki" },
				"east": { "uv": [ 6, 0.75, 5.75, 1.125 ], "texture": "#yuki" }
			}
		},
		{
			"__comment": "Voxels",
			"from": [ 6.75, -2.75, 8 ],
			"to": [ 9.25, 17, 8.25 ],
			"faces": {
				"down": { "uv": [ 14.75, 14.75, 16, 14.875 ], "texture": "#yuki" },
				"up": { "uv": [ 14.75, 15, 16, 14.875 ], "texture": "#yuki" },
				"north": { "uv": [ 7.25, 6.125, 6, 16 ], "texture": "#yuki" },
				"south": { "uv": [ 3.5, 6.125, 4.75, 16 ], "texture": "#yuki" },
				"west": { "uv": [ 9, 6.125, 9.125, 16 ], "texture": "#yuki" },
				"east": { "uv": [ 9.5, 6.125, 9.375, 16 ], "texture": "#yuki" }
			}
		},
		{
			"__comment": "Voxels",
			"from": [ 6.75, -2.75, 8.75 ],
			"to": [ 9.25, 17, 9 ],
			"faces": {
				"down": { "uv": [ 7.25, 0.125, 8.5, 0.25 ], "texture": "#yuki" },
				"up": { "uv": [ 7.25, 0.125, 8.5, 0 ], "texture": "#yuki" },
				"north": { "uv": [ 8.5, 6.125, 7.25, 16 ], "texture": "#yuki" },
				"south": { "uv": [ 4.75, 6.125, 6, 16 ], "texture": "#yuki" },
				"west": { "uv": [ 9.125, 6.125, 9.25, 16 ], "texture": "#yuki" },
				"east": { "uv": [ 9.375, 6.125, 9.25, 16 ], "texture": "#yuki" }
			}
		},
		{
			"__comment": "Voxels",
			"from": [ 6.75, -2.5, 7.75 ],
			"to": [ 7, -2, 8 ],
			"faces": {
				"down": { "uv": [ 15.75, 10, 15.875, 10.125 ], "texture": "#yuki" },
				"up": { "uv": [ 15.625, 10.125, 15.75, 10 ], "texture": "#yuki" },
				"north": { "uv": [ 9.5, 4.75, 9.375, 5 ], "texture": "#yuki" },
				"south": { "uv": [ 9.375, 4.5, 9.5, 4.75 ], "texture": "#yuki" },
				"west": { "uv": [ 9.375, 4.25, 9.5, 4.5 ], "texture": "#yuki" },
				"east": { "uv": [ 9.5, 4, 9.375, 4.25 ], "texture": "#yuki" }
			}
		},
		{
			"__comment": "Voxels",
			"from": [ 6.75, -2.5, 9 ],
			"to": [ 7, -2, 9.25 ],
			"faces": {
				"down": { "uv": [ 15.5, 10, 15.625, 10.125 ], "texture": "#yuki" },
				"up": { "uv": [ 12.75, 10, 12.875, 9.875 ], "texture": "#yuki" },
				"north": { "uv": [ 9.5, 3.75, 9.375, 4 ], "texture": "#yuki" },
				"south": { "uv": [ 9.375, 3.5, 9.5, 3.75 ], "texture": "#yuki" },
				"west": { "uv": [ 9.375, 3.25, 9.5, 3.5 ], "texture": "#yuki" },
				"east": { "uv": [ 9.5, 3, 9.375, 3.25 ], "texture": "#yuki" }
			}
		},
		{
			"__comment": "Voxels",
			"from": [ 6.75, 28.75, 8.25 ],
			"to": [ 9.25, 29.5, 8.75 ],
			"faces": {
				"down": { "uv": [ 7.25, 0.75, 8.5, 1 ], "texture": "#yuki" },
				"up": { "uv": [ 7.25, 1.25, 8.5, 1 ], "texture": "#yuki" },
				"north": { "uv": [ 7.25, 1.25, 6, 1.625 ], "texture": "#yuki" },
				"south": { "uv": [ 6, 1.625, 7.25, 2 ], "texture": "#yuki" },
				"west": { "uv": [ 8.25, 1.625, 8.5, 2 ], "texture": "#yuki" },
				"east": { "uv": [ 1.75, 0, 1.5, 0.375 ], "texture": "#yuki" }
			}
		},
		{
			"__comment": "Voxels",
			"from": [ 7, -3.75, 7.75 ],
			"to": [ 9, -2.75, 8 ],
			"faces": {
				"down": { "uv": [ 4.75, 0, 5.75, 0.125 ], "texture": "#yuki" },
				"up": { "uv": [ 14.75, 14.75, 15.75, 14.625 ], "texture": "#yuki" },
				"north": { "uv": [ 4.5, 0, 3.5, 0.5 ], "texture": "#yuki" },
				"south": { "uv": [ 4.75, 0.125, 5.75, 0.625 ], "texture": "#yuki" },
				"west": { "uv": [ 9.125, 0.25, 9.25, 0.75 ], "texture": "#yuki" },
				"east": { "uv": [ 9.375, 5.625, 9.25, 6.125 ], "texture": "#yuki" }
			}
		},
		{
			"__comment": "Voxels",
			"from": [ 7, -3.75, 9 ],
			"to": [ 9, -2.75, 9.25 ],
			"faces": {
				"down": { "uv": [ 14.75, 14.5, 15.75, 14.625 ], "texture": "#yuki" },
				"up": { "uv": [ 11, 11.375, 12, 11.25 ], "texture": "#yuki" },
				"north": { "uv": [ 5.75, 0.625, 4.75, 1.125 ], "texture": "#yuki" },
				"south": { "uv": [ 4.75, 1.125, 5.75, 1.625 ], "texture": "#yuki" },
				"west": { "uv": [ 9.25, 5.125, 9.375, 5.625 ], "texture": "#yuki" },
				"east": { "uv": [ 9.375, 4.625, 9.25, 5.125 ], "texture": "#yuki" }
			}
		},
		{
			"__comment": "Voxels",
			"from": [ 7, -2.25, 7.75 ],
			"to": [ 7.25, -1.5, 8 ],
			"faces": {
				"down": { "uv": [ 14.875, 10, 15, 10.125 ], "texture": "#yuki" },
				"up": { "uv": [ 14.75, 10.125, 14.875, 10 ], "texture": "#yuki" },
				"north": { "uv": [ 9.375, 0.75, 9.25, 1.125 ], "texture": "#yuki" },
				"south": { "uv": [ 9.25, 1.125, 9.375, 1.5 ], "texture": "#yuki" },
				"west": { "uv": [ 9.25, 0.375, 9.375, 0.75 ], "texture": "#yuki" },
				"east": { "uv": [ 9.375, 1.5, 9.25, 1.875 ], "texture": "#yuki" }
			}
		},
		{
			"__comment": "Voxels",
			"from": [ 7, -2.25, 9 ],
			"to": [ 7.25, -1.5, 9.25 ],
			"faces": {
				"down": { "uv": [ 13.625, 10, 13.75, 10.125 ], "texture": "#yuki" },
				"up": { "uv": [ 13.5, 10.125, 13.625, 10 ], "texture": "#yuki" },
				"north": { "uv": [ 9.375, 0, 9.25, 0.375 ], "texture": "#yuki" },
				"south": { "uv": [ 9.375, 5.75, 9.5, 6.125 ], "texture": "#yuki" },
				"west": { "uv": [ 9.25, 2.25, 9.375, 2.625 ], "texture": "#yuki" },
				"east": { "uv": [ 9.375, 1.875, 9.25, 2.25 ], "texture": "#yuki" }
			}
		},
		{
			"__comment": "Voxels",
			"from": [ 7, 29.5, 8.25 ],
			"to": [ 9, 30.25, 8.75 ],
			"faces": {
				"down": { "uv": [ 7.25, 0.5, 8.25, 0.75 ], "texture": "#yuki" },
				"up": { "uv": [ 7.25, 0.5, 8.25, 0.25 ], "texture": "#yuki" },
				"north": { "uv": [ 8.25, 1.625, 7.25, 2 ], "texture": "#yuki" },
				"south": { "uv": [ 7.25, 1.25, 8.25, 1.625 ], "texture": "#yuki" },
				"west": { "uv": [ 3.25, 0, 3.5, 0.375 ], "texture": "#yuki" },
				"east": { "uv": [ 4.75, 0.125, 4.5, 0.5 ], "texture": "#yuki" }
			}
		},
		{
			"__comment": "Voxels",
			"from": [ 7.25, -4.5, 8 ],
			"to": [ 8.75, -4.25, 8.25 ],
			"faces": {
				"down": { "uv": [ 12.75, 11.25, 13.5, 11.375 ], "texture": "#yuki" },
				"up": { "uv": [ 13.5, 11.375, 14.25, 11.25 ], "texture": "#yuki" },
				"north": { "uv": [ 15, 11.25, 14.25, 11.375 ], "texture": "#yuki" },
				"south": { "uv": [ 9.5, 10.75, 10.25, 10.875 ], "texture": "#yuki" },
				"west": { "uv": [ 12.875, 10, 13, 10.125 ], "texture": "#yuki" },
				"east": { "uv": [ 12.875, 10, 12.75, 10.125 ], "texture": "#yuki" }
			}
		},
		{
			"__comment": "Voxels",
			"from": [ 7.25, -4.5, 8.75 ],
			"to": [ 8.75, -4.25, 9 ],
			"faces": {
				"down": { "uv": [ 10.25, 11, 11, 11.125 ], "texture": "#yuki" },
				"up": { "uv": [ 11, 11.25, 11.75, 11.125 ], "texture": "#yuki" },
				"north": { "uv": [ 11.75, 11, 11, 11.125 ], "texture": "#yuki" },
				"south": { "uv": [ 11.75, 11.125, 12.5, 11.25 ], "texture": "#yuki" },
				"west": { "uv": [ 14.625, 10, 14.75, 10.125 ], "texture": "#yuki" },
				"east": { "uv": [ 14.625, 10, 14.5, 10.125 ], "texture": "#yuki" }
			}
		},
		{
			"__comment": "Voxels",
			"from": [ 7.25, -4, 7.75 ],
			"to": [ 8.75, -3.75, 8 ],
			"faces": {
				"down": { "uv": [ 12.5, 11, 13.25, 11.125 ], "texture": "#yuki" },
				"up": { "uv": [ 13.25, 11.25, 14, 11.125 ], "texture": "#yuki" },
				"north": { "uv": [ 14, 11, 13.25, 11.125 ], "texture": "#yuki" },
				"south": { "uv": [ 14, 11.125, 14.75, 11.25 ], "texture": "#yuki" },
				"west": { "uv": [ 14.375, 10, 14.5, 10.125 ], "texture": "#yuki" },
				"east": { "uv": [ 14.375, 10, 14.25, 10.125 ], "texture": "#yuki" }
			}
		},
		{
			"__comment": "Voxels",
			"from": [ 7.25, -4, 9 ],
			"to": [ 8.75, -3.75, 9.25 ],
			"faces": {
				"down": { "uv": [ 14, 11, 14.75, 11.125 ], "texture": "#yuki" },
				"up": { "uv": [ 14.75, 11.25, 15.5, 11.125 ], "texture": "#yuki" },
				"north": { "uv": [ 15.5, 11, 14.75, 11.125 ], "texture": "#yuki" },
				"south": { "uv": [ 9.5, 10.875, 10.25, 11 ], "texture": "#yuki" },
				"west": { "uv": [ 13.875, 10, 14, 10.125 ], "texture": "#yuki" },
				"east": { "uv": [ 13.875, 10, 13.75, 10.125 ], "texture": "#yuki" }
			}
		},
		{
			"__comment": "Voxels",
			"from": [ 7.25, -3.75, 7.5 ],
			"to": [ 8.75, -2.75, 7.75 ],
			"faces": {
				"down": { "uv": [ 11.75, 10.875, 12.5, 11 ], "texture": "#yuki" },
				"up": { "uv": [ 12.5, 11, 13.25, 10.875 ], "texture": "#yuki" },
				"north": { "uv": [ 6.75, 0.25, 6, 0.75 ], "texture": "#yuki" },
				"south": { "uv": [ 6, 0.75, 6.75, 1.25 ], "texture": "#yuki" },
				"west": { "uv": [ 9.25, 4.125, 9.375, 4.625 ], "texture": "#yuki" },
				"east": { "uv": [ 9.375, 3.625, 9.25, 4.125 ], "texture": "#yuki" }
			}
		},
		{
			"__comment": "Voxels",
			"from": [ 7.25, -3.75, 9.25 ],
			"to": [ 8.75, -2.75, 9.5 ],
			"faces": {
				"down": { "uv": [ 15.25, 15.125, 16, 15.25 ], "texture": "#yuki" },
				"up": { "uv": [ 15.25, 15.125, 16, 15 ], "texture": "#yuki" },
				"north": { "uv": [ 8.5, 5.125, 7.75, 5.625 ], "texture": "#yuki" },
				"south": { "uv": [ 7.75, 5.625, 8.5, 6.125 ], "texture": "#yuki" },
				"west": { "uv": [ 9.25, 3.125, 9.375, 3.625 ], "texture": "#yuki" },
				"east": { "uv": [ 9.375, 2.625, 9.25, 3.125 ], "texture": "#yuki" }
			}
		},
		{
			"__comment": "Voxels",
			"from": [ 7.25, -2.75, 7.75 ],
			"to": [ 8.75, -2.5, 8 ],
			"faces": {
				"down": { "uv": [ 14.75, 10.875, 15.5, 11 ], "texture": "#yuki" },
				"up": { "uv": [ 11, 11, 11.75, 10.875 ], "texture": "#yuki" },
				"north": { "uv": [ 11, 10.875, 10.25, 11 ], "texture": "#yuki" },
				"south": { "uv": [ 12.5, 11.125, 13.25, 11.25 ], "texture": "#yuki" },
				"west": { "uv": [ 12.125, 10, 12.25, 10.125 ], "texture": "#yuki" },
				"east": { "uv": [ 12.125, 10, 12, 10.125 ], "texture": "#yuki" }
			}
		},
		{
			"__comment": "Voxels",
			"from": [ 7.25, -2.75, 9 ],
			"to": [ 8.75, -2.5, 9.25 ],
			"faces": {
				"down": { "uv": [ 11.75, 11, 12.5, 11.125 ], "texture": "#yuki" },
				"up": { "uv": [ 10.25, 11.25, 11, 11.125 ], "texture": "#yuki" },
				"north": { "uv": [ 14.75, 10.875, 14, 11 ], "texture": "#yuki" },
				"south": { "uv": [ 13.25, 10.875, 14, 11 ], "texture": "#yuki" },
				"west": { "uv": [ 14.25, 9.875, 14.375, 10 ], "texture": "#yuki" },
				"east": { "uv": [ 14, 9.875, 13.875, 10 ], "texture": "#yuki" }
			}
		},
		{
			"__comment": "Voxels",
			"from": [ 7.25, -2, 7.75 ],
			"to": [ 7.5, -1, 8 ],
			"faces": {
				"down": { "uv": [ 13, 9.875, 13.125, 10 ], "texture": "#yuki" },
				"up": { "uv": [ 12.875, 10, 13, 9.875 ], "texture": "#yuki" },
				"north": { "uv": [ 9.125, 0, 9, 0.5 ], "texture": "#yuki" },
				"south": { "uv": [ 9.125, 3.75, 9.25, 4.25 ], "texture": "#yuki" },
				"west": { "uv": [ 9.125, 3.25, 9.25, 3.75 ], "texture": "#yuki" },
				"east": { "uv": [ 9.25, 2.75, 9.125, 3.25 ], "texture": "#yuki" }
			}
		},
		{
			"__comment": "Voxels",
			"from": [ 7.25, -2, 9 ],
			"to": [ 7.5, -1, 9.25 ],
			"faces": {
				"down": { "uv": [ 14.375, 9.875, 14.5, 10 ], "texture": "#yuki" },
				"up": { "uv": [ 13.5, 10, 13.625, 9.875 ], "texture": "#yuki" },
				"north": { "uv": [ 9.25, 2.25, 9.125, 2.75 ], "texture": "#yuki" },
				"south": { "uv": [ 9.125, 1.75, 9.25, 2.25 ], "texture": "#yuki" },
				"west": { "uv": [ 9.125, 0.75, 9.25, 1.25 ], "texture": "#yuki" },
				"east": { "uv": [ 9.25, 1.25, 9.125, 1.75 ], "texture": "#yuki" }
			}
		},
		{
			"__comment": "Voxels",
			"from": [ 7.25, 17, 8 ],
			"to": [ 8.75, 20, 8.25 ],
			"faces": {
				"down": { "uv": [ 15, 11.25, 15.75, 11.375 ], "texture": "#yuki" },
				"up": { "uv": [ 12, 11.375, 12.75, 11.25 ], "texture": "#yuki" },
				"north": { "uv": [ 4.25, 0.5, 3.5, 2 ], "texture": "#yuki" },
				"south": { "uv": [ 4.75, 4.625, 5.5, 6.125 ], "texture": "#yuki" },
				"west": { "uv": [ 5.5, 3.125, 5.625, 4.625 ], "texture": "#yuki" },
				"east": { "uv": [ 5.75, 3.125, 5.625, 4.625 ], "texture": "#yuki" }
			}
		},
		{
			"__comment": "Voxels",
			"from": [ 7.25, 17, 8.75 ],
			"to": [ 8.75, 20, 9 ],
			"faces": {
				"down": { "uv": [ 15.25, 12.5, 16, 12.625 ], "texture": "#yuki" },
				"up": { "uv": [ 15.25, 12.75, 16, 12.625 ], "texture": "#yuki" },
				"north": { "uv": [ 5.5, 1.625, 4.75, 3.125 ], "texture": "#yuki" },
				"south": { "uv": [ 4.75, 3.125, 5.5, 4.625 ], "texture": "#yuki" },
				"west": { "uv": [ 5.75, 3.125, 5.875, 4.625 ], "texture": "#yuki" },
				"east": { "uv": [ 6, 3.125, 5.875, 4.625 ], "texture": "#yuki" }
			}
		},
		{
			"__comment": "Voxels",
			"from": [ 7.25, 30.25, 8.25 ],
			"to": [ 8.75, 30.75, 8.75 ],
			"faces": {
				"down": { "uv": [ 7.75, 4.625, 8.5, 4.875 ], "texture": "#yuki" },
				"up": { "uv": [ 7.75, 4.625, 8.5, 4.375 ], "texture": "#yuki" },
				"north": { "uv": [ 8.5, 4.875, 7.75, 5.125 ], "texture": "#yuki" },
				"south": { "uv": [ 6, 0, 6.75, 0.25 ], "texture": "#yuki" },
				"west": { "uv": [ 15.75, 15.25, 16, 15.5 ], "texture": "#yuki" },
				"east": { "uv": [ 9, 0.125, 8.75, 0.375 ], "texture": "#yuki" }
			}
		},
		{
			"__comment": "Voxels",
			"from": [ 7.5, -13.5, 8.25 ],
			"to": [ 8.5, -13, 8.75 ],
			"faces": {
				"down": { "uv": [ 7.75, 3.25, 8.25, 3.5 ], "texture": "#yuki" },
				"up": { "uv": [ 7.75, 3.25, 8.25, 3 ], "texture": "#yuki" },
				"north": { "uv": [ 8.25, 2.75, 7.75, 3 ], "texture": "#yuki" },
				"south": { "uv": [ 7.75, 2.5, 8.25, 2.75 ], "texture": "#yuki" },
				"west": { "uv": [ 8.25, 0.5, 8.5, 0.75 ], "texture": "#yuki" },
				"east": { "uv": [ 8.5, 3.5, 8.25, 3.75 ], "texture": "#yuki" }
			}
		},
		{
			"__comment": "Voxels",
			"from": [ 7.5, -12.75, 8.25 ],
			"to": [ 8.5, -4.5, 8.75 ],
			"faces": {
				"down": { "uv": [ 15.25, 15.25, 15.75, 15.5 ], "texture": "#yuki" },
				"up": { "uv": [ 6.75, 1.25, 7.25, 1 ], "texture": "#yuki" },
				"north": { "uv": [ 4, 2, 3.5, 6.125 ], "texture": "#yuki" },
				"south": { "uv": [ 4, 2, 4.5, 6.125 ], "texture": "#yuki" },
				"west": { "uv": [ 6.5, 2, 6.75, 6.125 ], "texture": "#yuki" },
				"east": { "uv": [ 6.5, 2, 6.25, 6.125 ], "texture": "#yuki" }
			}
		},
		{
			"__comment": "Voxels",
			"from": [ 7.5, -4.25, 7.75 ],
			"to": [ 8.5, -4, 8 ],
			"faces": {
				"down": { "uv": [ 12.75, 10.75, 13.25, 10.875 ], "texture": "#yuki" },
				"up": { "uv": [ 12.25, 10.875, 12.75, 10.75 ], "texture": "#yuki" },
				"north": { "uv": [ 13.75, 10.75, 13.25, 10.875 ], "texture": "#yuki" },
				"south": { "uv": [ 13.75, 10.75, 14.25, 10.875 ], "texture": "#yuki" },
				"west": { "uv": [ 14.625, 9.875, 14.75, 10 ], "texture": "#yuki" },
				"east": { "uv": [ 14.625, 9.875, 14.5, 10 ], "texture": "#yuki" }
			}
		},
		{
			"__comment": "Voxels",
			"from": [ 7.5, -4.25, 9 ],
			"to": [ 8.5, -4, 9.25 ],
			"faces": {
				"down": { "uv": [ 10.5, 10.625, 11, 10.75 ], "texture": "#yuki" },
				"up": { "uv": [ 11, 10.75, 11.5, 10.625 ], "texture": "#yuki" },
				"north": { "uv": [ 11, 10.5, 10.5, 10.625 ], "texture": "#yuki" },
				"south": { "uv": [ 10, 10.5, 10.5, 10.625 ], "texture": "#yuki" },
				"west": { "uv": [ 13, 10, 13.125, 10.125 ], "texture": "#yuki" },
				"east": { "uv": [ 13.25, 10, 13.125, 10.125 ], "texture": "#yuki" }
			}
		},
		{
			"__comment": "Voxels",
			"from": [ 7.5, -4, 7.5 ],
			"to": [ 8.5, -3.75, 7.75 ],
			"faces": {
				"down": { "uv": [ 13.5, 10.625, 14, 10.75 ], "texture": "#yuki" },
				"up": { "uv": [ 15, 10.75, 15.5, 10.625 ], "texture": "#yuki" },
				"north": { "uv": [ 16, 10.625, 15.5, 10.75 ], "texture": "#yuki" },
				"south": { "uv": [ 9.5, 10.5, 10, 10.625 ], "texture": "#yuki" },
				"west": { "uv": [ 12.375, 10, 12.5, 10.125 ], "texture": "#yuki" },
				"east": { "uv": [ 12.375, 10, 12.25, 10.125 ], "texture": "#yuki" }
			}
		},
		{
			"__comment": "Voxels",
			"from": [ 7.5, -4, 9.25 ],
			"to": [ 8.5, -3.75, 9.5 ],
			"faces": {
				"down": { "uv": [ 11, 10.5, 11.5, 10.625 ], "texture": "#yuki" },
				"up": { "uv": [ 11.5, 10.625, 12, 10.5 ], "texture": "#yuki" },
				"north": { "uv": [ 12.5, 10.5, 12, 10.625 ], "texture": "#yuki" },
				"south": { "uv": [ 12.5, 10.5, 13, 10.625 ], "texture": "#yuki" },
				"west": { "uv": [ 13.75, 9.875, 13.875, 10 ], "texture": "#yuki" },
				"east": { "uv": [ 13.75, 9.875, 13.625, 10 ], "texture": "#yuki" }
			}
		},
		{
			"__comment": "Voxels",
			"from": [ 7.5, -3.5, 7.25 ],
			"to": [ 8.5, -3, 7.5 ],
			"faces": {
				"down": { "uv": [ 13, 10.5, 13.5, 10.625 ], "texture": "#yuki" },
				"up": { "uv": [ 13.5, 10.625, 14, 10.5 ], "texture": "#yuki" },
				"north": { "uv": [ 8.25, 2, 7.75, 2.25 ], "texture": "#yuki" },
				"south": { "uv": [ 7.75, 2.25, 8.25, 2.5 ], "texture": "#yuki" },
				"west": { "uv": [ 9.375, 2.75, 9.5, 3 ], "texture": "#yuki" },
				"east": { "uv": [ 9.5, 2.5, 9.375, 2.75 ], "texture": "#yuki" }
			}
		},
		{
			"__comment": "Voxels",
			"from": [ 7.5, -3.5, 9.5 ],
			"to": [ 8.5, -3, 9.75 ],
			"faces": {
				"down": { "uv": [ 14, 10.5, 14.5, 10.625 ], "texture": "#yuki" },
				"up": { "uv": [ 14.5, 10.625, 15, 10.5 ], "texture": "#yuki" },
				"north": { "uv": [ 8.25, 3.5, 7.75, 3.75 ], "texture": "#yuki" },
				"south": { "uv": [ 8, 3.875, 8.5, 4.125 ], "texture": "#yuki" },
				"west": { "uv": [ 9.375, 2.25, 9.5, 2.5 ], "texture": "#yuki" },
				"east": { "uv": [ 9.5, 2, 9.375, 2.25 ], "texture": "#yuki" }
			}
		},
		{
			"__comment": "Voxels",
			"from": [ 7.5, -2.75, 7.5 ],
			"to": [ 8.5, -2.5, 7.75 ],
			"faces": {
				"down": { "uv": [ 15, 10.5, 15.5, 10.625 ], "texture": "#yuki" },
				"up": { "uv": [ 15.5, 10.625, 16, 10.5 ], "texture": "#yuki" },
				"north": { "uv": [ 10, 10.375, 9.5, 10.5 ], "texture": "#yuki" },
				"south": { "uv": [ 14.25, 10.75, 14.75, 10.875 ], "texture": "#yuki" },
				"west": { "uv": [ 12.375, 9.875, 12.5, 10 ], "texture": "#yuki" },
				"east": { "uv": [ 12.125, 9.875, 12, 10 ], "texture": "#yuki" }
			}
		},
		{
			"__comment": "Voxels",
			"from": [ 7.5, -2.75, 9.25 ],
			"to": [ 8.5, -2.5, 9.5 ],
			"faces": {
				"down": { "uv": [ 15.25, 10.75, 15.75, 10.875 ], "texture": "#yuki" },
				"up": { "uv": [ 9.5, 10.75, 10, 10.625 ], "texture": "#yuki" },
				"north": { "uv": [ 10.5, 10.625, 10, 10.75 ], "texture": "#yuki" },
				"south": { "uv": [ 11.5, 10.625, 12, 10.75 ], "texture": "#yuki" },
				"west": { "uv": [ 11.625, 9.875, 11.75, 10 ], "texture": "#yuki" },
				"east": { "uv": [ 11.625, 9.875, 11.5, 10 ], "texture": "#yuki" }
			}
		},
		{
			"__comment": "Voxels",
			"from": [ 7.5, -2.5, 7.75 ],
			"to": [ 8.5, -2.25, 8 ],
			"faces": {
				"down": { "uv": [ 8, 3.75, 8.5, 3.875 ], "texture": "#yuki" },
				"up": { "uv": [ 15.5, 13, 16, 12.875 ], "texture": "#yuki" },
				"north": { "uv": [ 16, 12.75, 15.5, 12.875 ], "texture": "#yuki" },
				"south": { "uv": [ 15.5, 11.875, 16, 12 ], "texture": "#yuki" },
				"west": { "uv": [ 11.375, 9.875, 11.5, 10 ], "texture": "#yuki" },
				"east": { "uv": [ 10.875, 9.875, 10.75, 10 ], "texture": "#yuki" }
			}
		},
		{
			"__comment": "Voxels",
			"from": [ 7.5, -2.5, 9 ],
			"to": [ 8.5, -2.25, 9.25 ],
			"faces": {
				"down": { "uv": [ 15.5, 11, 16, 11.125 ], "texture": "#yuki" },
				"up": { "uv": [ 15.5, 11, 16, 10.875 ], "texture": "#yuki" },
				"north": { "uv": [ 10.75, 10.75, 10.25, 10.875 ], "texture": "#yuki" },
				"south": { "uv": [ 10.75, 10.75, 11.25, 10.875 ], "texture": "#yuki" },
				"west": { "uv": [ 10.625, 9.875, 10.75, 10 ], "texture": "#yuki" },
				"east": { "uv": [ 15.5, 10, 15.375, 10.125 ], "texture": "#yuki" }
			}
		},
		{
			"__comment": "Voxels",
			"from": [ 7.5, -1.75, 7.75 ],
			"to": [ 7.75, -0.5, 8 ],
			"faces": {
				"down": { "uv": [ 10.5, 9.875, 10.625, 10 ], "texture": "#yuki" },
				"up": { "uv": [ 14.125, 10.125, 14.25, 10 ], "texture": "#yuki" },
				"north": { "uv": [ 9.125, 4.875, 9, 5.5 ], "texture": "#yuki" },
				"south": { "uv": [ 9, 5.5, 9.125, 6.125 ], "texture": "#yuki" },
				"west": { "uv": [ 9, 4.25, 9.125, 4.875 ], "texture": "#yuki" },
				"east": { "uv": [ 9.125, 3.625, 9, 4.25 ], "texture": "#yuki" }
			}
		},
		{
			"__comment": "Voxels",
			"from": [ 7.5, -1.75, 9 ],
			"to": [ 7.75, -0.5, 9.25 ],
			"faces": {
				"down": { "uv": [ 14, 10, 14.125, 10.125 ], "texture": "#yuki" },
				"up": { "uv": [ 13.375, 10.125, 13.5, 10 ], "texture": "#yuki" },
				"north": { "uv": [ 9.125, 3, 9, 3.625 ], "texture": "#yuki" },
				"south": { "uv": [ 9, 2.375, 9.125, 3 ], "texture": "#yuki" },
				"west": { "uv": [ 9, 1.75, 9.125, 2.375 ], "texture": "#yuki" },
				"east": { "uv": [ 9.125, 1.125, 9, 1.75 ], "texture": "#yuki" }
			}
		},
		{
			"__comment": "Voxels",
			"from": [ 7.5, 30.75, 8.25 ],
			"to": [ 8.5, 31, 8.75 ],
			"faces": {
				"down": { "uv": [ 8, 4.125, 8.5, 4.375 ], "texture": "#yuki" },
				"up": { "uv": [ 6.75, 1, 7.25, 0.75 ], "texture": "#yuki" },
				"north": { "uv": [ 13, 10.625, 12.5, 10.75 ], "texture": "#yuki" },
				"south": { "uv": [ 13, 10.625, 13.5, 10.75 ], "texture": "#yuki" },
				"west": { "uv": [ 15.75, 10.375, 16, 10.5 ], "texture": "#yuki" },
				"east": { "uv": [ 9.75, 10.25, 9.5, 10.375 ], "texture": "#yuki" }
			}
		},
		{
			"__comment": "Voxels",
			"from": [ 7.75, -13.75, 8.25 ],
			"to": [ 8.25, -13.5, 8.75 ],
			"faces": {
				"down": { "uv": [ 8.25, 2.75, 8.5, 3 ], "texture": "#yuki" },
				"up": { "uv": [ 8.25, 2.75, 8.5, 2.5 ], "texture": "#yuki" },
				"north": { "uv": [ 10, 10.25, 9.75, 10.375 ], "texture": "#yuki" },
				"south": { "uv": [ 10, 10.25, 10.25, 10.375 ], "texture": "#yuki" },
				"west": { "uv": [ 10.25, 10.25, 10.5, 10.375 ], "texture": "#yuki" },
				"east": { "uv": [ 10.75, 10.25, 10.5, 10.375 ], "texture": "#yuki" }
			}
		},
		{
			"__comment": "Voxels",
			"from": [ 7.75, -13.5, 8 ],
			"to": [ 8.25, -13, 8.25 ],
			"faces": {
				"down": { "uv": [ 10.75, 10.25, 11, 10.375 ], "texture": "#yuki" },
				"up": { "uv": [ 11, 10.375, 11.25, 10.25 ], "texture": "#yuki" },
				"north": { "uv": [ 8.5, 0.25, 8.25, 0.5 ], "texture": "#yuki" },
				"south": { "uv": [ 8.5, 0.125, 8.75, 0.375 ], "texture": "#yuki" },
				"west": { "uv": [ 9.375, 1.75, 9.5, 2 ], "texture": "#yuki" },
				"east": { "uv": [ 9.5, 1.5, 9.375, 1.75 ], "texture": "#yuki" }
			}
		},
		{
			"__comment": "Voxels",
			"from": [ 7.75, -13.5, 8.75 ],
			"to": [ 8.25, -13, 9 ],
			"faces": {
				"down": { "uv": [ 11.25, 10.25, 11.5, 10.375 ], "texture": "#yuki" },
				"up": { "uv": [ 11.5, 10.375, 11.75, 10.25 ], "texture": "#yuki" },
				"north": { "uv": [ 16, 14.5, 15.75, 14.75 ], "texture": "#yuki" },
				"south": { "uv": [ 8.25, 1.375, 8.5, 1.625 ], "texture": "#yuki" },
				"west": { "uv": [ 9.375, 1.25, 9.5, 1.5 ], "texture": "#yuki" },
				"east": { "uv": [ 9.5, 1, 9.375, 1.25 ], "texture": "#yuki" }
			}
		},
		{
			"__comment": "Voxels",
			"from": [ 7.75, -13, 8.25 ],
			"to": [ 8.25, -12.75, 8.75 ],
			"faces": {
				"down": { "uv": [ 8.25, 3.25, 8.5, 3.5 ], "texture": "#yuki" },
				"up": { "uv": [ 8.25, 3.25, 8.5, 3 ], "texture": "#yuki" },
				"north": { "uv": [ 12, 10.25, 11.75, 10.375 ], "texture": "#yuki" },
				"south": { "uv": [ 12, 10.25, 12.25, 10.375 ], "texture": "#yuki" },
				"west": { "uv": [ 12.25, 10.25, 12.5, 10.375 ], "texture": "#yuki" },
				"east": { "uv": [ 12.75, 10.25, 12.5, 10.375 ], "texture": "#yuki" }
			}
		},
		{
			"__comment": "Voxels",
			"from": [ 7.75, -12.75, 8 ],
			"to": [ 8.25, -4.5, 8.25 ],
			"faces": {
				"down": { "uv": [ 11.5, 10.125, 11.75, 10.25 ], "texture": "#yuki" },
				"up": { "uv": [ 13, 10.375, 13.25, 10.25 ], "texture": "#yuki" },
				"north": { "uv": [ 7.25, 2, 7, 6.125 ], "texture": "#yuki" },
				"south": { "uv": [ 6.75, 2, 7, 6.125 ], "texture": "#yuki" },
				"west": { "uv": [ 7.25, 2, 7.375, 6.125 ], "texture": "#yuki" },
				"east": { "uv": [ 7.75, 2, 7.625, 6.125 ], "texture": "#yuki" }
			}
		},
		{
			"__comment": "Voxels",
			"from": [ 7.75, -12.75, 8.75 ],
			"to": [ 8.25, -4.5, 9 ],
			"faces": {
				"down": { "uv": [ 13.25, 10.25, 13.5, 10.375 ], "texture": "#yuki" },
				"up": { "uv": [ 13.5, 10.375, 13.75, 10.25 ], "texture": "#yuki" },
				"north": { "uv": [ 4.75, 2, 4.5, 6.125 ], "texture": "#yuki" },
				"south": { "uv": [ 6, 2, 6.25, 6.125 ], "texture": "#yuki" },
				"west": { "uv": [ 7.375, 2, 7.5, 6.125 ], "texture": "#yuki" },
				"east": { "uv": [ 7.625, 2, 7.5, 6.125 ], "texture": "#yuki" }
			}
		},
		{
			"__comment": "Voxels",
			"from": [ 7.75, -3.75, 7.25 ],
			"to": [ 8.25, -3.5, 7.5 ],
			"faces": {
				"down": { "uv": [ 13.75, 10.25, 14, 10.375 ], "texture": "#yuki" },
				"up": { "uv": [ 14, 10.375, 14.25, 10.25 ], "texture": "#yuki" },
				"north": { "uv": [ 14.5, 10.25, 14.25, 10.375 ], "texture": "#yuki" },
				"south": { "uv": [ 14.5, 10.25, 14.75, 10.375 ], "texture": "#yuki" },
				"west": { "uv": [ 11.875, 10, 12, 10.125 ], "texture": "#yuki" },
				"east": { "uv": [ 13.375, 10, 13.25, 10.125 ], "texture": "#yuki" }
			}
		},
		{
			"__comment": "Voxels",
			"from": [ 7.75, -3.75, 9.5 ],
			"to": [ 8.25, -3.5, 9.75 ],
			"faces": {
				"down": { "uv": [ 14.75, 10.25, 15, 10.375 ], "texture": "#yuki" },
				"up": { "uv": [ 15, 10.375, 15.25, 10.25 ], "texture": "#yuki" },
				"north": { "uv": [ 15.5, 10.25, 15.25, 10.375 ], "texture": "#yuki" },
				"south": { "uv": [ 15.5, 10.25, 15.75, 10.375 ], "texture": "#yuki" },
				"west": { "uv": [ 13.125, 9.875, 13.25, 10 ], "texture": "#yuki" },
				"east": { "uv": [ 15.125, 10, 15, 10.125 ], "texture": "#yuki" }
			}
		},
		{
			"__comment": "Voxels",
			"from": [ 7.75, -3, 7.25 ],
			"to": [ 8.25, -2.75, 7.5 ],
			"faces": {
				"down": { "uv": [ 9.5, 10.125, 9.75, 10.25 ], "texture": "#yuki" },
				"up": { "uv": [ 9.75, 10.25, 10, 10.125 ], "texture": "#yuki" },
				"north": { "uv": [ 10.25, 10.125, 10, 10.25 ], "texture": "#yuki" },
				"south": { "uv": [ 10.25, 10.125, 10.5, 10.25 ], "texture": "#yuki" },
				"west": { "uv": [ 12.5, 10, 12.625, 10.125 ], "texture": "#yuki" },
				"east": { "uv": [ 12.75, 10, 12.625, 10.125 ], "texture": "#yuki" }
			}
		},
		{
			"__comment": "Voxels",
			"from": [ 7.75, -3, 9.5 ],
			"to": [ 8.25, -2.75, 9.75 ],
			"faces": {
				"down": { "uv": [ 10.5, 10.125, 10.75, 10.25 ], "texture": "#yuki" },
				"up": { "uv": [ 10.75, 10.25, 11, 10.125 ], "texture": "#yuki" },
				"north": { "uv": [ 11.25, 10.125, 11, 10.25 ], "texture": "#yuki" },
				"south": { "uv": [ 11.25, 10.125, 11.5, 10.25 ], "texture": "#yuki" },
				"west": { "uv": [ 15.125, 10, 15.25, 10.125 ], "texture": "#yuki" },
				"east": { "uv": [ 15.375, 10, 15.25, 10.125 ], "texture": "#yuki" }
			}
		},
		{
			"__comment": "Voxels",
			"from": [ 7.75, -1.25, 7.75 ],
			"to": [ 8.75, -1, 8 ],
			"faces": {
				"down": { "uv": [ 11.75, 10.75, 12.25, 10.875 ], "texture": "#yuki" },
				"up": { "uv": [ 14, 10.75, 14.5, 10.625 ], "texture": "#yuki" },
				"north": { "uv": [ 11.75, 10.75, 11.25, 10.875 ], "texture": "#yuki" },
				"south": { "uv": [ 15.5, 11.125, 16, 11.25 ], "texture": "#yuki" },
				"west": { "uv": [ 10.875, 9.875, 11, 10 ], "texture": "#yuki" },
				"east": { "uv": [ 11.375, 9.875, 11.25, 10 ], "texture": "#yuki" }
			}
		},
		{
			"__comment": "Voxels",
			"from": [ 7.75, -1.25, 9 ],
			"to": [ 8.75, -1, 9.25 ],
			"faces": {
				"down": { "uv": [ 15.5, 11.5, 16, 11.625 ], "texture": "#yuki" },
				"up": { "uv": [ 14.5, 10.75, 15, 10.625 ], "texture": "#yuki" },
				"north": { "uv": [ 12.5, 10.625, 12, 10.75 ], "texture": "#yuki" },
				"south": { "uv": [ 14.75, 10.75, 15.25, 10.875 ], "texture": "#yuki" },
				"west": { "uv": [ 12.125, 9.875, 12.25, 10 ], "texture": "#yuki" },
				"east": { "uv": [ 12.375, 9.875, 12.25, 10 ], "texture": "#yuki" }
			}
		},
		{
			"__comment": "Voxels",
			"from": [ 7.75, -1, 7.75 ],
			"to": [ 8.5, -0.5, 8 ],
			"faces": {
				"down": { "uv": [ 13.375, 10.375, 13.75, 10.5 ], "texture": "#yuki" },
				"up": { "uv": [ 13, 10.5, 13.375, 10.375 ], "texture": "#yuki" },
				"north": { "uv": [ 10.25, 11, 9.875, 11.25 ], "texture": "#yuki" },
				"south": { "uv": [ 9.5, 11, 9.875, 11.25 ], "texture": "#yuki" },
				"west": { "uv": [ 9.375, 0.75, 9.5, 1 ], "texture": "#yuki" },
				"east": { "uv": [ 9.5, 0.5, 9.375, 0.75 ], "texture": "#yuki" }
			}
		},
		{
			"__comment": "Voxels",
			"from": [ 7.75, -1, 9 ],
			"to": [ 8.5, -0.5, 9.25 ],
			"faces": {
				"down": { "uv": [ 14.125, 10.375, 14.5, 10.5 ], "texture": "#yuki" },
				"up": { "uv": [ 13.75, 10.5, 14.125, 10.375 ], "texture": "#yuki" },
				"north": { "uv": [ 15.875, 14.25, 15.5, 14.5 ], "texture": "#yuki" },
				"south": { "uv": [ 15.5, 11.625, 15.875, 11.875 ], "texture": "#yuki" },
				"west": { "uv": [ 9.375, 0.25, 9.5, 0.5 ], "texture": "#yuki" },
				"east": { "uv": [ 9.5, 0, 9.375, 0.25 ], "texture": "#yuki" }
			}
		},
		{
			"__comment": "Voxels",
			"from": [ 7.75, -0.5, 7.75 ],
			"to": [ 8.25, 0.75, 8 ],
			"faces": {
				"down": { "uv": [ 11.75, 10.125, 12, 10.25 ], "texture": "#yuki" },
				"up": { "uv": [ 12, 10.25, 12.25, 10.125 ], "texture": "#yuki" },
				"north": { "uv": [ 8, 3.75, 7.75, 4.375 ], "texture": "#yuki" },
				"south": { "uv": [ 7, 0.125, 7.25, 0.75 ], "texture": "#yuki" },
				"west": { "uv": [ 9, 0.5, 9.125, 1.125 ], "texture": "#yuki" },
				"east": { "uv": [ 9.25, 5.5, 9.125, 6.125 ], "texture": "#yuki" }
			}
		},
		{
			"__comment": "Voxels",
			"from": [ 7.75, -0.5, 9 ],
			"to": [ 8.25, 0.75, 9.25 ],
			"faces": {
				"down": { "uv": [ 12.25, 10.125, 12.5, 10.25 ], "texture": "#yuki" },
				"up": { "uv": [ 12.5, 10.25, 12.75, 10.125 ], "texture": "#yuki" },
				"north": { "uv": [ 7, 0.125, 6.75, 0.75 ], "texture": "#yuki" },
				"south": { "uv": [ 5.75, 0, 6, 0.625 ], "texture": "#yuki" },
				"west": { "uv": [ 9.125, 4.875, 9.25, 5.5 ], "texture": "#yuki" },
				"east": { "uv": [ 9.25, 4.25, 9.125, 4.875 ], "texture": "#yuki" }
			}
		},
		{
			"__comment": "Voxels",
			"from": [ 7.75, 20, 8 ],
			"to": [ 8.25, 22.75, 8.25 ],
			"faces": {
				"down": { "uv": [ 12.75, 10.125, 13, 10.25 ], "texture": "#yuki" },
				"up": { "uv": [ 13, 10.25, 13.25, 10.125 ], "texture": "#yuki" },
				"north": { "uv": [ 4.5, 0.625, 4.25, 2 ], "texture": "#yuki" },
				"south": { "uv": [ 5.75, 4.75, 6, 6.125 ], "texture": "#yuki" },
				"west": { "uv": [ 5.75, 1.75, 5.875, 3.125 ], "texture": "#yuki" },
				"east": { "uv": [ 5.625, 1.75, 5.5, 3.125 ], "texture": "#yuki" }
			}
		},
		{
			"__comment": "Voxels",
			"from": [ 7.75, 20, 8.75 ],
			"to": [ 8.25, 22.75, 9 ],
			"faces": {
				"down": { "uv": [ 13.25, 10.125, 13.5, 10.25 ], "texture": "#yuki" },
				"up": { "uv": [ 13.5, 10.25, 13.75, 10.125 ], "texture": "#yuki" },
				"north": { "uv": [ 5.75, 4.75, 5.5, 6.125 ], "texture": "#yuki" },
				"south": { "uv": [ 4.5, 0.625, 4.75, 2 ], "texture": "#yuki" },
				"west": { "uv": [ 5.625, 1.75, 5.75, 3.125 ], "texture": "#yuki" },
				"east": { "uv": [ 6, 1.75, 5.875, 3.125 ], "texture": "#yuki" }
			}
		},
		{
			"__comment": "Voxels",
			"from": [ 7.75, 31, 8.25 ],
			"to": [ 8.25, 31.25, 8.75 ],
			"faces": {
				"down": { "uv": [ 8.25, 2, 8.5, 2.25 ], "texture": "#yuki" },
				"up": { "uv": [ 8.25, 2.5, 8.5, 2.25 ], "texture": "#yuki" },
				"north": { "uv": [ 16, 10.25, 15.75, 10.375 ], "texture": "#yuki" },
				"south": { "uv": [ 13.75, 10.125, 14, 10.25 ], "texture": "#yuki" },
				"west": { "uv": [ 14, 10.125, 14.25, 10.25 ], "texture": "#yuki" },
				"east": { "uv": [ 14.5, 10.125, 14.25, 10.25 ], "texture": "#yuki" }
			}
		},
		{
			"__comment": "Voxels",
			"from": [ 8.25, -1.75, 7.75 ],
			"to": [ 9, -1.5, 8 ],
			"faces": {
				"down": { "uv": [ 12.625, 10.375, 13, 10.5 ], "texture": "#yuki" },
				"up": { "uv": [ 12.25, 10.5, 12.625, 10.375 ], "texture": "#yuki" },
				"north": { "uv": [ 12.25, 10.375, 11.875, 10.5 ], "texture": "#yuki" },
				"south": { "uv": [ 11.5, 10.375, 11.875, 10.5 ], "texture": "#yuki" },
				"west": { "uv": [ 9.5, 9.875, 9.625, 10 ], "texture": "#yuki" },
				"east": { "uv": [ 9.75, 9.875, 9.625, 10 ], "texture": "#yuki" }
			}
		},
		{
			"__comment": "Voxels",
			"from": [ 8.25, -1.75, 9 ],
			"to": [ 9, -1.5, 9.25 ],
			"faces": {
				"down": { "uv": [ 11.125, 10.375, 11.5, 10.5 ], "texture": "#yuki" },
				"up": { "uv": [ 10.75, 10.5, 11.125, 10.375 ], "texture": "#yuki" },
				"north": { "uv": [ 10.75, 10.375, 10.375, 10.5 ], "texture": "#yuki" },
				"south": { "uv": [ 10, 10.375, 10.375, 10.5 ], "texture": "#yuki" },
				"west": { "uv": [ 10.25, 9.875, 10.375, 10 ], "texture": "#yuki" },
				"east": { "uv": [ 10.5, 9.875, 10.375, 10 ], "texture": "#yuki" }
			}
		},
		{
			"__comment": "Voxels",
			"from": [ 8.25, -1.5, 7.75 ],
			"to": [ 8.75, -1.25, 8 ],
			"faces": {
				"down": { "uv": [ 14.5, 10.125, 14.75, 10.25 ], "texture": "#yuki" },
				"up": { "uv": [ 14.75, 10.25, 15, 10.125 ], "texture": "#yuki" },
				"north": { "uv": [ 15.25, 10.125, 15, 10.25 ], "texture": "#yuki" },
				"south": { "uv": [ 15.25, 10.125, 15.5, 10.25 ], "texture": "#yuki" },
				"west": { "uv": [ 11, 9.875, 11.125, 10 ], "texture": "#yuki" },
				"east": { "uv": [ 11.25, 9.875, 11.125, 10 ], "texture": "#yuki" }
			}
		},
		{
			"__comment": "Voxels",
			"from": [ 8.25, -1.5, 9 ],
			"to": [ 8.75, -1.25, 9.25 ],
			"faces": {
				"down": { "uv": [ 15.5, 10.125, 15.75, 10.25 ], "texture": "#yuki" },
				"up": { "uv": [ 15.75, 10.25, 16, 10.125 ], "texture": "#yuki" },
				"north": { "uv": [ 9.75, 10, 9.5, 10.125 ], "texture": "#yuki" },
				"south": { "uv": [ 9.75, 10, 10, 10.125 ], "texture": "#yuki" },
				"west": { "uv": [ 11.75, 9.875, 11.875, 10 ], "texture": "#yuki" },
				"east": { "uv": [ 12, 9.875, 11.875, 10 ], "texture": "#yuki" }
			}
		},
		{
			"__comment": "Voxels",
			"from": [ 8.5, -2, 7.75 ],
			"to": [ 9, -1.75, 8 ],
			"faces": {
				"down": { "uv": [ 10, 10, 10.25, 10.125 ], "texture": "#yuki" },
				"up": { "uv": [ 10.25, 10.125, 10.5, 10 ], "texture": "#yuki" },
				"north": { "uv": [ 10.75, 10, 10.5, 10.125 ], "texture": "#yuki" },
				"south": { "uv": [ 10.75, 10, 11, 10.125 ], "texture": "#yuki" },
				"west": { "uv": [ 12.5, 9.875, 12.625, 10 ], "texture": "#yuki" },
				"east": { "uv": [ 12.75, 9.875, 12.625, 10 ], "texture": "#yuki" }
			}
		},
		{
			"__comment": "Voxels",
			"from": [ 8.5, -2, 9 ],
			"to": [ 9, -1.75, 9.25 ],
			"faces": {
				"down": { "uv": [ 11, 10, 11.25, 10.125 ], "texture": "#yuki" },
				"up": { "uv": [ 4.5, 0.625, 4.75, 0.5 ], "texture": "#yuki" },
				"north": { "uv": [ 4.75, 0, 4.5, 0.125 ], "texture": "#yuki" },
				"south": { "uv": [ 5.5, 4.625, 5.75, 4.75 ], "texture": "#yuki" },
				"west": { "uv": [ 13.25, 9.875, 13.375, 10 ], "texture": "#yuki" },
				"east": { "uv": [ 13.5, 9.875, 13.375, 10 ], "texture": "#yuki" }
			}
		},
		{
			"__comment": "Voxels",
			"from": [ 8.75, -2.25, 7.75 ],
			"to": [ 9.25, -2, 8 ],
			"faces": {
				"down": { "uv": [ 5.75, 4.625, 6, 4.75 ], "texture": "#yuki" },
				"up": { "uv": [ 7, 0.125, 7.25, 0 ], "texture": "#yuki" },
				"north": { "uv": [ 8.5, 1.25, 8.25, 1.375 ], "texture": "#yuki" },
				"south": { "uv": [ 8.5, 0, 8.75, 0.125 ], "texture": "#yuki" },
				"west": { "uv": [ 14, 9.875, 14.125, 10 ], "texture": "#yuki" },
				"east": { "uv": [ 14.25, 9.875, 14.125, 10 ], "texture": "#yuki" }
			}
		},
		{
			"__comment": "Voxels",
			"from": [ 8.75, -2.25, 9 ],
			"to": [ 9.25, -2, 9.25 ],
			"faces": {
				"down": { "uv": [ 8.75, 0, 9, 0.125 ], "texture": "#yuki" },
				"up": { "uv": [ 14.5, 10.5, 14.75, 10.375 ], "texture": "#yuki" },
				"north": { "uv": [ 15, 10.375, 14.75, 10.5 ], "texture": "#yuki" },
				"south": { "uv": [ 15, 10.375, 15.25, 10.5 ], "texture": "#yuki" },
				"west": { "uv": [ 14.75, 9.875, 14.875, 10 ], "texture": "#yuki" },
				"east": { "uv": [ 15, 9.875, 14.875, 10 ], "texture": "#yuki" }
			}
		},
		{
			"__comment": "Voxels",
			"from": [ 9, -2.5, 7.75 ],
			"to": [ 9.25, -2.25, 8 ],
			"faces": {
				"down": { "uv": [ 15, 9.875, 15.125, 10 ], "texture": "#yuki" },
				"up": { "uv": [ 15.125, 10, 15.25, 9.875 ], "texture": "#yuki" },
				"north": { "uv": [ 15.375, 9.875, 15.25, 10 ], "texture": "#yuki" },
				"south": { "uv": [ 15.375, 9.875, 15.5, 10 ], "texture": "#yuki" },
				"west": { "uv": [ 15.5, 9.875, 15.625, 10 ], "texture": "#yuki" },
				"east": { "uv": [ 15.75, 9.875, 15.625, 10 ], "texture": "#yuki" }
			}
		},
		{
			"__comment": "Voxels",
			"from": [ 9, -2.5, 9 ],
			"to": [ 9.25, -2.25, 9.25 ],
			"faces": {
				"down": { "uv": [ 15.75, 9.875, 15.875, 10 ], "texture": "#yuki" },
				"up": { "uv": [ 15.875, 10, 16, 9.875 ], "texture": "#yuki" },
				"north": { "uv": [ 9.625, 9.75, 9.5, 9.875 ], "texture": "#yuki" },
				"south": { "uv": [ 9.625, 9.75, 9.75, 9.875 ], "texture": "#yuki" },
				"west": { "uv": [ 9.75, 9.75, 9.875, 9.875 ], "texture": "#yuki" },
				"east": { "uv": [ 10, 9.75, 9.875, 9.875 ], "texture": "#yuki" }
			}
		}
	],
	"display": {
		"thirdperson_righthand": {
			"rotation":  [ 0, -90, 0 ],
			"translation":  [ 0, 13, 2 ]
		},
		"thirdperson_lefthand": {
			"rotation":  [ -100, -10, 30 ],
			"translation":  [ -7, -10, 3 ]
		},
		"firstperson_righthand": {
			"rotation":  [ 0, -90, 0 ],
			"translation":  [ 0, 13, 2 ]
		},
		"firstperson_lefthand": {
			"scale":  [ 0.0001, 0.0001, 0.0001 ]
		},
		"gui": {
			"rotation":  [ 0, 180, 45 ],
			"translation":  [ -0.5, -0.5, 0 ],
			"scale":  [ 0.5, 0.5, 0.5 ]
		},
		"head": {
			"rotation":  [ 180, 0, 0 ],
			"translation":  [ 0, -15, 0 ],
			"scale":  [ 2, 2, 2 ]
		},
		"ground": {
			"translation":  [ 0, 20, 0 ]
		},
		"fixed": {
			"rotation":  [ 0, 0, 45 ],
			"scale":  [ 0.5, 0.5, 0.5 ]
		}
	}
}