{
	"__comment": "Designed by Ling_Meng with Cubik Studio - https://cubik.studio",
	"textures": {
		"fj": "blocks/fj"
	},
	"elements": [ 	 
		{
			"__comment": "Voxels",
			"from": [ 6.75, -14, 7.5 ],
			"to": [ 7, -13.75, 8.5 ],
			"faces": {
				"down": { "uv": [ 9.75, 9.75, 9.875, 10.25 ], "texture": "#fj" },
				"up": { "uv": [ 3.875, 8.5, 4, 8 ], "texture": "#fj" },
				"north": { "uv": [ 10.5, 11.25, 10.375, 11.375 ], "texture": "#fj" },
				"south": { "uv": [ 15.875, 13.875, 16, 14 ], "texture": "#fj" },
				"west": { "uv": [ 3, 8, 3.5, 8.125 ], "texture": "#fj" },
				"east": { "uv": [ 4.5, 8, 4, 8.125 ], "texture": "#fj" }
			}
		},
		{
			"__comment": "Voxels",
			"from": [ 7, -14.75, 7.5 ],
			"to": [ 7.25, -14.5, 8.5 ],
			"faces": {
				"down": { "uv": [ 13.875, 15.25, 14, 15.75 ], "texture": "#fj" },
				"up": { "uv": [ 9.75, 12.75, 9.875, 12.25 ], "texture": "#fj" },
				"north": { "uv": [ 16, 13.75, 15.875, 13.875 ], "texture": "#fj" },
				"south": { "uv": [ 10, 11.5, 10.125, 11.625 ], "texture": "#fj" },
				"west": { "uv": [ 4.5, 8, 5, 8.125 ], "texture": "#fj" },
				"east": { "uv": [ 14.5, 14.875, 14, 15 ], "texture": "#fj" }
			}
		},
		{
			"__comment": "Voxels",
			"from": [ 7, -14, 7.25 ],
			"to": [ 7.25, -13.75, 7.5 ],
			"faces": {
				"down": { "uv": [ 10.25, 8.375, 10.375, 8.5 ], "texture": "#fj" },
				"up": { "uv": [ 15.875, 13.75, 16, 13.625 ], "texture": "#fj" },
				"north": { "uv": [ 10.5, 12, 10.375, 12.125 ], "texture": "#fj" },
				"south": { "uv": [ 10.375, 11.875, 10.5, 12 ], "texture": "#fj" },
				"west": { "uv": [ 10.375, 11.75, 10.5, 11.875 ], "texture": "#fj" },
				"east": { "uv": [ 10.5, 11.625, 10.375, 11.75 ], "texture": "#fj" }
			}
		},
		{
			"__comment": "Voxels",
			"from": [ 7, -14, 8.5 ],
			"to": [ 7.25, -13.75, 8.75 ],
			"faces": {
				"down": { "uv": [ 10.5, 12.25, 10.625, 12.375 ], "texture": "#fj" },
				"up": { "uv": [ 13.5, 13.5, 13.625, 13.375 ], "texture": "#fj" },
				"north": { "uv": [ 13.5, 13.375, 13.375, 13.5 ], "texture": "#fj" },
				"south": { "uv": [ 13.25, 13.375, 13.375, 13.5 ], "texture": "#fj" },
				"west": { "uv": [ 10.375, 8, 10.5, 8.125 ], "texture": "#fj" },
				"east": { "uv": [ 10.5, 8.125, 10.375, 8.25 ], "texture": "#fj" }
			}
		},
		{
			"__comment": "Voxels",
			"from": [ 7, -7.5, 7.75 ],
			"to": [ 9, -7, 8.25 ],
			"faces": {
				"down": { "uv": [ 10, 15.75, 11, 16 ], "texture": "#fj" },
				"up": { "uv": [ 10, 15.25, 11, 15 ], "texture": "#fj" },
				"north": { "uv": [ 11, 15.25, 10, 15.5 ], "texture": "#fj" },
				"south": { "uv": [ 10, 15.5, 11, 15.75 ], "texture": "#fj" },
				"west": { "uv": [ 10.75, 14.125, 11, 14.375 ], "texture": "#fj" },
				"east": { "uv": [ 11.25, 14.125, 11, 14.375 ], "texture": "#fj" }
			}
		},
		{
			"__comment": "Voxels",
			"from": [ 7.25, -14.75, 7.25 ],
			"to": [ 7.5, -14.5, 7.5 ],
			"faces": {
				"down": { "uv": [ 10.375, 8.25, 10.5, 8.375 ], "texture": "#fj" },
				"up": { "uv": [ 10.375, 8.5, 10.5, 8.375 ], "texture": "#fj" },
				"north": { "uv": [ 10.5, 8.625, 10.375, 8.75 ], "texture": "#fj" },
				"south": { "uv": [ 10.375, 9, 10.5, 9.125 ], "texture": "#fj" },
				"west": { "uv": [ 10.375, 9.125, 10.5, 9.25 ], "texture": "#fj" },
				"east": { "uv": [ 10.5, 9.25, 10.375, 9.375 ], "texture": "#fj" }
			}
		},
		{
			"__comment": "Voxels",
			"from": [ 7.25, -14.75, 8.5 ],
			"to": [ 7.5, -14.5, 8.75 ],
			"faces": {
				"down": { "uv": [ 10.375, 9.375, 10.5, 9.5 ], "texture": "#fj" },
				"up": { "uv": [ 10.375, 9.875, 10.5, 9.75 ], "texture": "#fj" },
				"north": { "uv": [ 10.5, 9.875, 10.375, 10 ], "texture": "#fj" },
				"south": { "uv": [ 10.375, 10, 10.5, 10.125 ], "texture": "#fj" },
				"west": { "uv": [ 10.375, 10.125, 10.5, 10.25 ], "texture": "#fj" },
				"east": { "uv": [ 10.5, 10.5, 10.375, 10.625 ], "texture": "#fj" }
			}
		},
		{
			"__comment": "Voxels",
			"from": [ 7.25, -14, 7 ],
			"to": [ 7.5, -13.75, 7.25 ],
			"faces": {
				"down": { "uv": [ 10.375, 10.625, 10.5, 10.75 ], "texture": "#fj" },
				"up": { "uv": [ 10.5, 9.125, 10.625, 9 ], "texture": "#fj" },
				"north": { "uv": [ 10.625, 11.625, 10.5, 11.75 ], "texture": "#fj" },
				"south": { "uv": [ 14, 13.375, 14.125, 13.5 ], "texture": "#fj" },
				"west": { "uv": [ 13.875, 13.375, 14, 13.5 ], "texture": "#fj" },
				"east": { "uv": [ 13.875, 13.375, 13.75, 13.5 ], "texture": "#fj" }
			}
		},
		{
			"__comment": "Voxels",
			"from": [ 7.25, -14, 8.75 ],
			"to": [ 7.5, -13.75, 9 ],
			"faces": {
				"down": { "uv": [ 13.625, 13.375, 13.75, 13.5 ], "texture": "#fj" },
				"up": { "uv": [ 10.375, 9.75, 10.5, 9.625 ], "texture": "#fj" },
				"north": { "uv": [ 10.5, 10.25, 10.375, 10.375 ], "texture": "#fj" },
				"south": { "uv": [ 10.375, 10.375, 10.5, 10.5 ], "texture": "#fj" },
				"west": { "uv": [ 10.5, 11.75, 10.625, 11.875 ], "texture": "#fj" },
				"east": { "uv": [ 10.5, 8.875, 10.375, 9 ], "texture": "#fj" }
			}
		},
		{
			"__comment": "Voxels",
			"from": [ 7.25, -9.25, 7.75 ],
			"to": [ 8.75, -8.75, 8.25 ],
			"faces": {
				"down": { "uv": [ 14.75, 15.375, 15.5, 15.625 ], "texture": "#fj" },
				"up": { "uv": [ 14.75, 15.375, 15.5, 15.125 ], "texture": "#fj" },
				"north": { "uv": [ 15.5, 14.875, 14.75, 15.125 ], "texture": "#fj" },
				"south": { "uv": [ 9, 14.625, 9.75, 14.875 ], "texture": "#fj" },
				"west": { "uv": [ 11.25, 14.125, 11.5, 14.375 ], "texture": "#fj" },
				"east": { "uv": [ 11.75, 14.125, 11.5, 14.375 ], "texture": "#fj" }
			}
		},
		{
			"__comment": "Voxels",
			"from": [ 7.25, -8.25, 7.75 ],
			"to": [ 8.75, -8, 8.25 ],
			"faces": {
				"down": { "uv": [ 9.75, 14.625, 10.5, 14.875 ], "texture": "#fj" },
				"up": { "uv": [ 12, 14.875, 12.75, 14.625 ], "texture": "#fj" },
				"north": { "uv": [ 14, 14.5, 13.25, 14.625 ], "texture": "#fj" },
				"south": { "uv": [ 10.25, 14.5, 11, 14.625 ], "texture": "#fj" },
				"west": { "uv": [ 12.25, 13.375, 12.5, 13.5 ], "texture": "#fj" },
				"east": { "uv": [ 12.25, 13.375, 12, 13.5 ], "texture": "#fj" }
			}
		},
		{
			"__comment": "Voxels",
			"from": [ 7.25, -7.75, 7.75 ],
			"to": [ 8.75, -7.5, 8.25 ],
			"faces": {
				"down": { "uv": [ 12.5, 15.75, 13.25, 16 ], "texture": "#fj" },
				"up": { "uv": [ 12.5, 15.75, 13.25, 15.5 ], "texture": "#fj" },
				"north": { "uv": [ 11.75, 14.5, 11, 14.625 ], "texture": "#fj" },
				"south": { "uv": [ 9.5, 14.5, 10.25, 14.625 ], "texture": "#fj" },
				"west": { "uv": [ 11.75, 13.375, 12, 13.5 ], "texture": "#fj" },
				"east": { "uv": [ 11.25, 13.375, 11, 13.5 ], "texture": "#fj" }
			}
		},
		{
			"__comment": "Voxels",
			"from": [ 7.25, -7.5, 7.5 ],
			"to": [ 8.75, -7, 7.75 ],
			"faces": {
				"down": { "uv": [ 12.5, 14.875, 13.25, 15 ], "texture": "#fj" },
				"up": { "uv": [ 10, 15, 10.75, 14.875 ], "texture": "#fj" },
				"north": { "uv": [ 13.25, 15, 12.5, 15.25 ], "texture": "#fj" },
				"south": { "uv": [ 12.5, 15.25, 13.25, 15.5 ], "texture": "#fj" },
				"west": { "uv": [ 10.375, 12.125, 10.5, 12.375 ], "texture": "#fj" },
				"east": { "uv": [ 10.5, 12.375, 10.375, 12.625 ], "texture": "#fj" }
			}
		},
		{
			"__comment": "Voxels",
			"from": [ 7.25, -7.5, 8.25 ],
			"to": [ 8.75, -7, 8.5 ],
			"faces": {
				"down": { "uv": [ 10.5, 14.375, 11.25, 14.5 ], "texture": "#fj" },
				"up": { "uv": [ 9.75, 14.5, 10.5, 14.375 ], "texture": "#fj" },
				"north": { "uv": [ 14, 15.75, 13.25, 16 ], "texture": "#fj" },
				"south": { "uv": [ 14, 15.75, 14.75, 16 ], "texture": "#fj" },
				"west": { "uv": [ 10.375, 12.625, 10.5, 12.875 ], "texture": "#fj" },
				"east": { "uv": [ 10.5, 12.875, 10.375, 13.125 ], "texture": "#fj" }
			}
		},
		{
			"__comment": "Voxels",
			"from": [ 7.25, -7, 7.75 ],
			"to": [ 8.75, -6.75, 8.25 ],
			"faces": {
				"down": { "uv": [ 11.25, 14.625, 12, 14.875 ], "texture": "#fj" },
				"up": { "uv": [ 10.5, 14.875, 11.25, 14.625 ], "texture": "#fj" },
				"north": { "uv": [ 15.5, 14.5, 14.75, 14.625 ], "texture": "#fj" },
				"south": { "uv": [ 14, 14.5, 14.75, 14.625 ], "texture": "#fj" },
				"west": { "uv": [ 15.75, 13.5, 16, 13.625 ], "texture": "#fj" },
				"east": { "uv": [ 15.25, 13.5, 15, 13.625 ], "texture": "#fj" }
			}
		},
		{
			"__comment": "Voxels",
			"from": [ 7.5, -15, 7.75 ],
			"to": [ 8.5, -13.25, 8.25 ],
			"faces": {
				"down": { "uv": [ 9, 10, 9.5, 10.25 ], "texture": "#fj" },
				"up": { "uv": [ 14, 14.875, 14.5, 14.625 ], "texture": "#fj" },
				"north": { "uv": [ 3.5, 8.5, 3, 9.375 ], "texture": "#fj" },
				"south": { "uv": [ 3.5, 8.5, 4, 9.375 ], "texture": "#fj" },
				"west": { "uv": [ 12.25, 15.125, 12.5, 16 ], "texture": "#fj" },
				"east": { "uv": [ 12.25, 15.125, 12, 16 ], "texture": "#fj" }
			}
		},
		{
			"__comment": "Voxels",
			"from": [ 7.5, -14.75, 7 ],
			"to": [ 8.5, -14.5, 7.25 ],
			"faces": {
				"down": { "uv": [ 11.25, 14.375, 11.75, 14.5 ], "texture": "#fj" },
				"up": { "uv": [ 11.75, 14.5, 12.25, 14.375 ], "texture": "#fj" },
				"north": { "uv": [ 12.75, 14.375, 12.25, 14.5 ], "texture": "#fj" },
				"south": { "uv": [ 12.75, 14.375, 13.25, 14.5 ], "texture": "#fj" },
				"west": { "uv": [ 14.125, 13.375, 14.25, 13.5 ], "texture": "#fj" },
				"east": { "uv": [ 10.5, 8.75, 10.375, 8.875 ], "texture": "#fj" }
			}
		},
		{
			"__comment": "Voxels",
			"from": [ 7.5, -14.75, 7.5 ],
			"to": [ 8.5, -14, 7.75 ],
			"faces": {
				"down": { "uv": [ 13.25, 14.375, 13.75, 14.5 ], "texture": "#fj" },
				"up": { "uv": [ 13.75, 14.5, 14.25, 14.375 ], "texture": "#fj" },
				"north": { "uv": [ 3.5, 8.125, 3, 8.5 ], "texture": "#fj" },
				"south": { "uv": [ 0, 8, 0.5, 8.375 ], "texture": "#fj" },
				"west": { "uv": [ 10.125, 12.125, 10.25, 12.5 ], "texture": "#fj" },
				"east": { "uv": [ 10.375, 12.5, 10.25, 12.875 ], "texture": "#fj" }
			}
		},
		{
			"__comment": "Voxels",
			"from": [ 7.5, -14.75, 8.25 ],
			"to": [ 8.5, -14, 8.5 ],
			"faces": {
				"down": { "uv": [ 14.25, 14.375, 14.75, 14.5 ], "texture": "#fj" },
				"up": { "uv": [ 14.75, 14.5, 15.25, 14.375 ], "texture": "#fj" },
				"north": { "uv": [ 1, 8, 0.5, 8.375 ], "texture": "#fj" },
				"south": { "uv": [ 13.25, 14.875, 13.75, 15.25 ], "texture": "#fj" },
				"west": { "uv": [ 8.375, 8, 8.5, 8.375 ], "texture": "#fj" },
				"east": { "uv": [ 8.375, 8, 8.25, 8.375 ], "texture": "#fj" }
			}
		},
		{
			"__comment": "Voxels",
			"from": [ 7.5, -14.75, 8.75 ],
			"to": [ 8.5, -14.5, 9 ],
			"faces": {
				"down": { "uv": [ 15.25, 14.375, 15.75, 14.5 ], "texture": "#fj" },
				"up": { "uv": [ 11.75, 14.375, 12.25, 14.25 ], "texture": "#fj" },
				"north": { "uv": [ 12.25, 14.125, 11.75, 14.25 ], "texture": "#fj" },
				"south": { "uv": [ 11.75, 14, 12.25, 14.125 ], "texture": "#fj" },
				"west": { "uv": [ 10.375, 9.5, 10.5, 9.625 ], "texture": "#fj" },
				"east": { "uv": [ 10.5, 8.5, 10.375, 8.625 ], "texture": "#fj" }
			}
		},
		{
			"__comment": "Voxels",
			"from": [ 7.5, -14, 6.75 ],
			"to": [ 8.5, -13.75, 7 ],
			"faces": {
				"down": { "uv": [ 12.25, 14.25, 12.75, 14.375 ], "texture": "#fj" },
				"up": { "uv": [ 12.25, 14.25, 12.75, 14.125 ], "texture": "#fj" },
				"north": { "uv": [ 12.75, 14, 12.25, 14.125 ], "texture": "#fj" },
				"south": { "uv": [ 12.75, 14.25, 13.25, 14.375 ], "texture": "#fj" },
				"west": { "uv": [ 14.25, 13.375, 14.375, 13.5 ], "texture": "#fj" },
				"east": { "uv": [ 14.5, 13.375, 14.375, 13.5 ], "texture": "#fj" }
			}
		},
		{
			"__comment": "Voxels",
			"from": [ 7.5, -14, 9 ],
			"to": [ 8.5, -13.75, 9.25 ],
			"faces": {
				"down": { "uv": [ 12.75, 14.125, 13.25, 14.25 ], "texture": "#fj" },
				"up": { "uv": [ 12.75, 14.125, 13.25, 14 ], "texture": "#fj" },
				"north": { "uv": [ 13.75, 14.25, 13.25, 14.375 ], "texture": "#fj" },
				"south": { "uv": [ 13.25, 14.125, 13.75, 14.25 ], "texture": "#fj" },
				"west": { "uv": [ 10.5, 9.5, 10.625, 9.625 ], "texture": "#fj" },
				"east": { "uv": [ 10.625, 9.375, 10.5, 9.5 ], "texture": "#fj" }
			}
		},
		{
			"__comment": "Voxels",
			"from": [ 7.5, -10, 7.75 ],
			"to": [ 8.5, -9.25, 8.25 ],
			"faces": {
				"down": { "uv": [ 9, 9.75, 9.5, 10 ], "texture": "#fj" },
				"up": { "uv": [ 9, 9.25, 9.5, 9 ], "texture": "#fj" },
				"north": { "uv": [ 14.5, 15.375, 14, 15.75 ], "texture": "#fj" },
				"south": { "uv": [ 14, 15, 14.5, 15.375 ], "texture": "#fj" },
				"west": { "uv": [ 5.25, 8, 5.5, 8.375 ], "texture": "#fj" },
				"east": { "uv": [ 14, 14.875, 13.75, 15.25 ], "texture": "#fj" }
			}
		},
		{
			"__comment": "Voxels",
			"from": [ 7.5, -9.25, 7.5 ],
			"to": [ 8.5, -8.5, 7.75 ],
			"faces": {
				"down": { "uv": [ 13.25, 14, 13.75, 14.125 ], "texture": "#fj" },
				"up": { "uv": [ 13.75, 14.375, 14.25, 14.25 ], "texture": "#fj" },
				"north": { "uv": [ 15.25, 15.625, 14.75, 16 ], "texture": "#fj" },
				"south": { "uv": [ 15.25, 15.625, 15.75, 16 ], "texture": "#fj" },
				"west": { "uv": [ 10.125, 8.75, 10.25, 9.125 ], "texture": "#fj" },
				"east": { "uv": [ 10.375, 9.125, 10.25, 9.5 ], "texture": "#fj" }
			}
		},
		{
			"__comment": "Voxels",
			"from": [ 7.5, -9.25, 8.25 ],
			"to": [ 8.5, -8.5, 8.5 ],
			"faces": {
				"down": { "uv": [ 13.75, 14.125, 14.25, 14.25 ], "texture": "#fj" },
				"up": { "uv": [ 13.75, 14.125, 14.25, 14 ], "texture": "#fj" },
				"north": { "uv": [ 9.5, 12, 9, 12.375 ], "texture": "#fj" },
				"south": { "uv": [ 15.5, 15, 16, 15.375 ], "texture": "#fj" },
				"west": { "uv": [ 10.125, 9.5, 10.25, 9.875 ], "texture": "#fj" },
				"east": { "uv": [ 10.375, 9.875, 10.25, 10.25 ], "texture": "#fj" }
			}
		},
		{
			"__comment": "Voxels",
			"from": [ 7.5, -8.75, 7.75 ],
			"to": [ 8.5, -8.25, 8.25 ],
			"faces": {
				"down": { "uv": [ 14.5, 14.625, 15, 14.875 ], "texture": "#fj" },
				"up": { "uv": [ 15, 14.875, 15.5, 14.625 ], "texture": "#fj" },
				"north": { "uv": [ 16, 14.625, 15.5, 14.875 ], "texture": "#fj" },
				"south": { "uv": [ 9, 11.75, 9.5, 12 ], "texture": "#fj" },
				"west": { "uv": [ 14.25, 14.125, 14.5, 14.375 ], "texture": "#fj" },
				"east": { "uv": [ 14.75, 14.125, 14.5, 14.375 ], "texture": "#fj" }
			}
		},
		{
			"__comment": "Voxels",
			"from": [ 7.5, -8.25, 7.5 ],
			"to": [ 8.5, -7.5, 7.75 ],
			"faces": {
				"down": { "uv": [ 14.75, 14.25, 15.25, 14.375 ], "texture": "#fj" },
				"up": { "uv": [ 14.75, 14.25, 15.25, 14.125 ], "texture": "#fj" },
				"north": { "uv": [ 9.5, 14.25, 9, 14.625 ], "texture": "#fj" },
				"south": { "uv": [ 9, 13.875, 9.5, 14.25 ], "texture": "#fj" },
				"west": { "uv": [ 10.125, 10.25, 10.25, 10.625 ], "texture": "#fj" },
				"east": { "uv": [ 10.375, 10.625, 10.25, 11 ], "texture": "#fj" }
			}
		},
		{
			"__comment": "Voxels",
			"from": [ 7.5, -8.25, 8.25 ],
			"to": [ 8.5, -7.5, 8.5 ],
			"faces": {
				"down": { "uv": [ 14.75, 14, 15.25, 14.125 ], "texture": "#fj" },
				"up": { "uv": [ 15.25, 14.375, 15.75, 14.25 ], "texture": "#fj" },
				"north": { "uv": [ 9.5, 12.75, 9, 13.125 ], "texture": "#fj" },
				"south": { "uv": [ 9, 12.375, 9.5, 12.75 ], "texture": "#fj" },
				"west": { "uv": [ 10.125, 11.375, 10.25, 11.75 ], "texture": "#fj" },
				"east": { "uv": [ 10.375, 11.75, 10.25, 12.125 ], "texture": "#fj" }
			}
		},
		{
			"__comment": "Voxels",
			"from": [ 7.5, -8, 7.25 ],
			"to": [ 8.5, 5.25, 7.5 ],
			"faces": {
				"down": { "uv": [ 15.25, 14.125, 15.75, 14.25 ], "texture": "#fj" },
				"up": { "uv": [ 15.25, 14.125, 15.75, 14 ], "texture": "#fj" },
				"north": { "uv": [ 5, 9.375, 4.5, 16 ], "texture": "#fj" },
				"south": { "uv": [ 4, 9.375, 4.5, 16 ], "texture": "#fj" },
				"west": { "uv": [ 8.625, 9.375, 8.75, 16 ], "texture": "#fj" },
				"east": { "uv": [ 8.375, 9.375, 8.25, 16 ], "texture": "#fj" }
			}
		},
		{
			"__comment": "Voxels",
			"from": [ 7.5, -8, 7.75 ],
			"to": [ 8.5, -7.75, 8.25 ],
			"faces": {
				"down": { "uv": [ 9, 8.5, 9.5, 8.75 ], "texture": "#fj" },
				"up": { "uv": [ 9, 8.5, 9.5, 8.25 ], "texture": "#fj" },
				"north": { "uv": [ 10.375, 13.875, 9.875, 14 ], "texture": "#fj" },
				"south": { "uv": [ 10.375, 13.875, 10.875, 14 ], "texture": "#fj" },
				"west": { "uv": [ 12.375, 13.625, 12.625, 13.75 ], "texture": "#fj" },
				"east": { "uv": [ 12.375, 13.625, 12.125, 13.75 ], "texture": "#fj" }
			}
		},
		{
			"__comment": "Voxels",
			"from": [ 7.5, -8, 8.5 ],
			"to": [ 8.5, 5.25, 8.75 ],
			"faces": {
				"down": { "uv": [ 10.875, 13.875, 11.375, 14 ], "texture": "#fj" },
				"up": { "uv": [ 11.375, 14, 11.875, 13.875 ], "texture": "#fj" },
				"north": { "uv": [ 3.5, 9.375, 3, 16 ], "texture": "#fj" },
				"south": { "uv": [ 3.5, 9.375, 4, 16 ], "texture": "#fj" },
				"west": { "uv": [ 8.375, 9.375, 8.5, 16 ], "texture": "#fj" },
				"east": { "uv": [ 8.625, 9.375, 8.5, 16 ], "texture": "#fj" }
			}
		},
		{
			"__comment": "Voxels",
			"from": [ 7.5, -7.75, 7 ],
			"to": [ 8.5, -6.25, 7.25 ],
			"faces": {
				"down": { "uv": [ 11.875, 13.875, 12.375, 14 ], "texture": "#fj" },
				"up": { "uv": [ 11.375, 13.875, 11.875, 13.75 ], "texture": "#fj" },
				"north": { "uv": [ 1.5, 8, 1, 8.75 ], "texture": "#fj" },
				"south": { "uv": [ 1.5, 8, 2, 8.75 ], "texture": "#fj" },
				"west": { "uv": [ 7.875, 8, 8, 8.75 ], "texture": "#fj" },
				"east": { "uv": [ 7.875, 8, 7.75, 8.75 ], "texture": "#fj" }
			}
		},
		{
			"__comment": "Voxels",
			"from": [ 7.5, -7.75, 8.75 ],
			"to": [ 8.5, -6.25, 9 ],
			"faces": {
				"down": { "uv": [ 12.375, 13.875, 12.875, 14 ], "texture": "#fj" },
				"up": { "uv": [ 12.875, 14, 13.375, 13.875 ], "texture": "#fj" },
				"north": { "uv": [ 2.5, 8, 2, 8.75 ], "texture": "#fj" },
				"south": { "uv": [ 2.5, 8, 3, 8.75 ], "texture": "#fj" },
				"west": { "uv": [ 7.625, 8, 7.75, 8.75 ], "texture": "#fj" },
				"east": { "uv": [ 7.625, 8, 7.5, 8.75 ], "texture": "#fj" }
			}
		},
		{
			"__comment": "Voxels",
			"from": [ 7.5, -7.5, 6.75 ],
			"to": [ 8.5, -6.25, 7 ],
			"faces": {
				"down": { "uv": [ 13.375, 13.875, 13.875, 14 ], "texture": "#fj" },
				"up": { "uv": [ 13.875, 14, 14.375, 13.875 ], "texture": "#fj" },
				"north": { "uv": [ 5, 8.75, 4.5, 9.375 ], "texture": "#fj" },
				"south": { "uv": [ 4, 8.125, 4.5, 8.75 ], "texture": "#fj" },
				"west": { "uv": [ 9.75, 12.75, 9.875, 13.375 ], "texture": "#fj" },
				"east": { "uv": [ 9.875, 13.375, 9.75, 14 ], "texture": "#fj" }
			}
		},
		{
			"__comment": "Voxels",
			"from": [ 7.5, -7.5, 9 ],
			"to": [ 8.5, -6.25, 9.25 ],
			"faces": {
				"down": { "uv": [ 14.375, 13.875, 14.875, 14 ], "texture": "#fj" },
				"up": { "uv": [ 14.875, 14, 15.375, 13.875 ], "texture": "#fj" },
				"north": { "uv": [ 4.5, 8.75, 4, 9.375 ], "texture": "#fj" },
				"south": { "uv": [ 4.5, 8.125, 5, 8.75 ], "texture": "#fj" },
				"west": { "uv": [ 8.75, 8, 8.875, 8.625 ], "texture": "#fj" },
				"east": { "uv": [ 9, 8, 8.875, 8.625 ], "texture": "#fj" }
			}
		},
		{
			"__comment": "Voxels",
			"from": [ 7.5, -7, 7.5 ],
			"to": [ 8.5, 7.5, 7.75 ],
			"faces": {
				"down": { "uv": [ 15.375, 13.875, 15.875, 14 ], "texture": "#fj" },
				"up": { "uv": [ 9.875, 13.875, 10.375, 13.75 ], "texture": "#fj" },
				"north": { "uv": [ 2, 8.75, 1.5, 16 ], "texture": "#fj" },
				"south": { "uv": [ 1, 8.75, 1.5, 16 ], "texture": "#fj" },
				"west": { "uv": [ 7.625, 8.75, 7.75, 16 ], "texture": "#fj" },
				"east": { "uv": [ 7.625, 8.75, 7.5, 16 ], "texture": "#fj" }
			}
		},
		{
			"__comment": "Voxels",
			"from": [ 7.5, -7, 8.25 ],
			"to": [ 8.5, 7.5, 8.5 ],
			"faces": {
				"down": { "uv": [ 10.375, 13.75, 10.875, 13.875 ], "texture": "#fj" },
				"up": { "uv": [ 10.875, 13.875, 11.375, 13.75 ], "texture": "#fj" },
				"north": { "uv": [ 3, 8.75, 2.5, 16 ], "texture": "#fj" },
				"south": { "uv": [ 2, 8.75, 2.5, 16 ], "texture": "#fj" },
				"west": { "uv": [ 7.875, 8.75, 8, 16 ], "texture": "#fj" },
				"east": { "uv": [ 7.875, 8.75, 7.75, 16 ], "texture": "#fj" }
			}
		},
		{
			"__comment": "Voxels",
			"from": [ 7.5, -6.75, 7.75 ],
			"to": [ 8.5, 8.5, 8.25 ],
			"faces": {
				"down": { "uv": [ 9, 8.75, 9.5, 9 ], "texture": "#fj" },
				"up": { "uv": [ 15.5, 15.625, 16, 15.375 ], "texture": "#fj" },
				"north": { "uv": [ 1, 8.375, 0.5, 16 ], "texture": "#fj" },
				"south": { "uv": [ 0, 8.375, 0.5, 16 ], "texture": "#fj" },
				"west": { "uv": [ 5.25, 8.375, 5.5, 16 ], "texture": "#fj" },
				"east": { "uv": [ 5.25, 8.375, 5, 16 ], "texture": "#fj" }
			}
		},
		{
			"__comment": "Voxels",
			"from": [ 7.75, -15, 7.5 ],
			"to": [ 8.25, -14.75, 7.75 ],
			"faces": {
				"down": { "uv": [ 10.875, 13.625, 11.125, 13.75 ], "texture": "#fj" },
				"up": { "uv": [ 10.625, 13.75, 10.875, 13.625 ], "texture": "#fj" },
				"north": { "uv": [ 16, 14.25, 15.75, 14.375 ], "texture": "#fj" },
				"south": { "uv": [ 14.5, 14, 14.75, 14.125 ], "texture": "#fj" },
				"west": { "uv": [ 10.5, 11.125, 10.625, 11.25 ], "texture": "#fj" },
				"east": { "uv": [ 10.625, 11.25, 10.5, 11.375 ], "texture": "#fj" }
			}
		},
		{
			"__comment": "Voxels",
			"from": [ 7.75, -15, 8.25 ],
			"to": [ 8.25, -14.75, 8.5 ],
			"faces": {
				"down": { "uv": [ 10.75, 13.5, 11, 13.625 ], "texture": "#fj" },
				"up": { "uv": [ 15.125, 13.75, 15.375, 13.625 ], "texture": "#fj" },
				"north": { "uv": [ 11.5, 14.875, 11.25, 15 ], "texture": "#fj" },
				"south": { "uv": [ 7.25, 8, 7.5, 8.125 ], "texture": "#fj" },
				"west": { "uv": [ 10.375, 10.75, 10.5, 10.875 ], "texture": "#fj" },
				"east": { "uv": [ 10.5, 10.875, 10.375, 11 ], "texture": "#fj" }
			}
		},
		{
			"__comment": "Voxels",
			"from": [ 7.75, -14, 7.5 ],
			"to": [ 8.25, -13.25, 7.75 ],
			"faces": {
				"down": { "uv": [ 11.375, 13.625, 11.625, 13.75 ], "texture": "#fj" },
				"up": { "uv": [ 11.125, 13.75, 11.375, 13.625 ], "texture": "#fj" },
				"north": { "uv": [ 16, 15.625, 15.75, 16 ], "texture": "#fj" },
				"south": { "uv": [ 9.75, 14, 10, 14.375 ], "texture": "#fj" },
				"west": { "uv": [ 10.125, 11.75, 10.25, 12.125 ], "texture": "#fj" },
				"east": { "uv": [ 10.375, 12.125, 10.25, 12.5 ], "texture": "#fj" }
			}
		},
		{
			"__comment": "Voxels",
			"from": [ 7.75, -14, 8.25 ],
			"to": [ 8.25, -13.25, 8.5 ],
			"faces": {
				"down": { "uv": [ 11.25, 13.375, 11.5, 13.5 ], "texture": "#fj" },
				"up": { "uv": [ 13.25, 13.625, 13.5, 13.5 ], "texture": "#fj" },
				"north": { "uv": [ 9.75, 10.375, 9.5, 10.75 ], "texture": "#fj" },
				"south": { "uv": [ 9.5, 12.625, 9.75, 13 ], "texture": "#fj" },
				"west": { "uv": [ 8.5, 8, 8.625, 8.375 ], "texture": "#fj" },
				"east": { "uv": [ 8.75, 8, 8.625, 8.375 ], "texture": "#fj" }
			}
		},
		{
			"__comment": "Voxels",
			"from": [ 7.75, -13.25, 7.75 ],
			"to": [ 8.25, -10, 8.25 ],
			"faces": {
				"down": { "uv": [ 15.75, 14, 16, 14.25 ], "texture": "#fj" },
				"up": { "uv": [ 9.875, 13.75, 10.125, 13.5 ], "texture": "#fj" },
				"north": { "uv": [ 7, 8.625, 6.75, 10.25 ], "texture": "#fj" },
				"south": { "uv": [ 6, 8.625, 6.25, 10.25 ], "texture": "#fj" },
				"west": { "uv": [ 6.5, 8.625, 6.75, 10.25 ], "texture": "#fj" },
				"east": { "uv": [ 7.5, 8.625, 7.25, 10.25 ], "texture": "#fj" }
			}
		},
		{
			"__comment": "Voxels",
			"from": [ 7.75, -10.25, 6.75 ],
			"to": [ 8.25, -9.25, 7 ],
			"faces": {
				"down": { "uv": [ 11, 14, 11.25, 14.125 ], "texture": "#fj" },
				"up": { "uv": [ 11.25, 14.125, 11.5, 14 ], "texture": "#fj" },
				"north": { "uv": [ 9.5, 10.25, 9.25, 10.75 ], "texture": "#fj" },
				"south": { "uv": [ 9, 10.75, 9.25, 11.25 ], "texture": "#fj" },
				"west": { "uv": [ 9.75, 9.25, 9.875, 9.75 ], "texture": "#fj" },
				"east": { "uv": [ 9.875, 8.75, 9.75, 9.25 ], "texture": "#fj" }
			}
		},
		{
			"__comment": "Voxels",
			"from": [ 7.75, -10.25, 9 ],
			"to": [ 8.25, -9.25, 9.25 ],
			"faces": {
				"down": { "uv": [ 10.375, 13.625, 10.625, 13.75 ], "texture": "#fj" },
				"up": { "uv": [ 15.375, 13.75, 15.625, 13.625 ], "texture": "#fj" },
				"north": { "uv": [ 9.25, 11.25, 9, 11.75 ], "texture": "#fj" },
				"south": { "uv": [ 14.5, 14.875, 14.75, 15.375 ], "texture": "#fj" },
				"west": { "uv": [ 9.75, 8.25, 9.875, 8.75 ], "texture": "#fj" },
				"east": { "uv": [ 10, 13, 9.875, 13.5 ], "texture": "#fj" }
			}
		},
		{
			"__comment": "Voxels",
			"from": [ 7.75, -10, 7.5 ],
			"to": [ 8.25, -9.25, 7.75 ],
			"faces": {
				"down": { "uv": [ 11.5, 13.375, 11.75, 13.5 ], "texture": "#fj" },
				"up": { "uv": [ 7, 8.125, 7.25, 8 ], "texture": "#fj" },
				"north": { "uv": [ 9.75, 11.5, 9.5, 11.875 ], "texture": "#fj" },
				"south": { "uv": [ 9.5, 11.125, 9.75, 11.5 ], "texture": "#fj" },
				"west": { "uv": [ 10.125, 11, 10.25, 11.375 ], "texture": "#fj" },
				"east": { "uv": [ 10.375, 11.375, 10.25, 11.75 ], "texture": "#fj" }
			}
		},
		{
			"__comment": "Voxels",
			"from": [ 7.75, -10, 8.25 ],
			"to": [ 8.25, -9.25, 8.5 ],
			"faces": {
				"down": { "uv": [ 14.125, 13.625, 14.375, 13.75 ], "texture": "#fj" },
				"up": { "uv": [ 14.375, 13.75, 14.625, 13.625 ], "texture": "#fj" },
				"north": { "uv": [ 10.75, 14, 10.5, 14.375 ], "texture": "#fj" },
				"south": { "uv": [ 10.25, 14, 10.5, 14.375 ], "texture": "#fj" },
				"west": { "uv": [ 10.125, 12.5, 10.25, 12.875 ], "texture": "#fj" },
				"east": { "uv": [ 10.375, 12.875, 10.25, 13.25 ], "texture": "#fj" }
			}
		},
		{
			"__comment": "Voxels",
			"from": [ 7.75, -9.25, 6.5 ],
			"to": [ 8.25, -8.5, 6.75 ],
			"faces": {
				"down": { "uv": [ 11, 13.5, 11.25, 13.625 ], "texture": "#fj" },
				"up": { "uv": [ 11.25, 13.625, 11.5, 13.5 ], "texture": "#fj" },
				"north": { "uv": [ 9.75, 8.125, 9.5, 8.5 ], "texture": "#fj" },
				"south": { "uv": [ 9.5, 8.5, 9.75, 8.875 ], "texture": "#fj" },
				"west": { "uv": [ 10.125, 12.875, 10.25, 13.25 ], "texture": "#fj" },
				"east": { "uv": [ 10.125, 11.625, 10, 12 ], "texture": "#fj" }
			}
		},
		{
			"__comment": "Voxels",
			"from": [ 7.75, -9.25, 7.25 ],
			"to": [ 8.25, -8.75, 7.5 ],
			"faces": {
				"down": { "uv": [ 11.5, 13.5, 11.75, 13.625 ], "texture": "#fj" },
				"up": { "uv": [ 9.5, 8.125, 9.75, 8 ], "texture": "#fj" },
				"north": { "uv": [ 10.125, 12.75, 9.875, 13 ], "texture": "#fj" },
				"south": { "uv": [ 9.875, 12.5, 10.125, 12.75 ], "texture": "#fj" },
				"west": { "uv": [ 9.75, 8, 9.875, 8.25 ], "texture": "#fj" },
				"east": { "uv": [ 10.375, 8.5, 10.25, 8.75 ], "texture": "#fj" }
			}
		},
		{
			"__comment": "Voxels",
			"from": [ 7.75, -9.25, 8.5 ],
			"to": [ 8.25, -8.75, 8.75 ],
			"faces": {
				"down": { "uv": [ 15.75, 14.375, 16, 14.5 ], "texture": "#fj" },
				"up": { "uv": [ 10.75, 14.125, 11, 14 ], "texture": "#fj" },
				"north": { "uv": [ 10.125, 12.25, 9.875, 12.5 ], "texture": "#fj" },
				"south": { "uv": [ 9.875, 12, 10.125, 12.25 ], "texture": "#fj" },
				"west": { "uv": [ 10.125, 8.125, 10.25, 8.375 ], "texture": "#fj" },
				"east": { "uv": [ 10.375, 8.125, 10.25, 8.375 ], "texture": "#fj" }
			}
		},
		{
			"__comment": "Voxels",
			"from": [ 7.75, -9.25, 9.25 ],
			"to": [ 8.25, -8.5, 9.5 ],
			"faces": {
				"down": { "uv": [ 11.5, 14, 11.75, 14.125 ], "texture": "#fj" },
				"up": { "uv": [ 14.25, 14.125, 14.5, 14 ], "texture": "#fj" },
				"north": { "uv": [ 9.75, 9.625, 9.5, 10 ], "texture": "#fj" },
				"south": { "uv": [ 9.5, 10, 9.75, 10.375 ], "texture": "#fj" },
				"west": { "uv": [ 10.25, 10.25, 10.375, 10.625 ], "texture": "#fj" },
				"east": { "uv": [ 10.25, 9.875, 10.125, 10.25 ], "texture": "#fj" }
			}
		},
		{
			"__comment": "Voxels",
			"from": [ 7.75, -8.5, 6.75 ],
			"to": [ 8.25, -7.5, 7 ],
			"faces": {
				"down": { "uv": [ 10.125, 8, 10.375, 8.125 ], "texture": "#fj" },
				"up": { "uv": [ 6.5, 8.125, 6.75, 8 ], "texture": "#fj" },
				"north": { "uv": [ 13.875, 15.25, 13.625, 15.75 ], "texture": "#fj" },
				"south": { "uv": [ 9.25, 11.25, 9.5, 11.75 ], "texture": "#fj" },
				"west": { "uv": [ 10, 13, 10.125, 13.5 ], "texture": "#fj" },
				"east": { "uv": [ 10, 11.5, 9.875, 12 ], "texture": "#fj" }
			}
		},
		{
			"__comment": "Voxels",
			"from": [ 7.75, -8.5, 7 ],
			"to": [ 8.25, -7.75, 7.25 ],
			"faces": {
				"down": { "uv": [ 11.625, 13.625, 11.875, 13.75 ], "texture": "#fj" },
				"up": { "uv": [ 11.875, 13.75, 12.125, 13.625 ], "texture": "#fj" },
				"north": { "uv": [ 9.75, 13.75, 9.5, 14.125 ], "texture": "#fj" },
				"south": { "uv": [ 9.5, 14.125, 9.75, 14.5 ], "texture": "#fj" },
				"west": { "uv": [ 10.25, 8.75, 10.375, 9.125 ], "texture": "#fj" },
				"east": { "uv": [ 10.25, 8.375, 10.125, 8.75 ], "texture": "#fj" }
			}
		},
		{
			"__comment": "Voxels",
			"from": [ 7.75, -8.5, 7.25 ],
			"to": [ 8.25, -8, 7.5 ],
			"faces": {
				"down": { "uv": [ 12.625, 13.625, 12.875, 13.75 ], "texture": "#fj" },
				"up": { "uv": [ 12.875, 13.75, 13.125, 13.625 ], "texture": "#fj" },
				"north": { "uv": [ 10.125, 11.25, 9.875, 11.5 ], "texture": "#fj" },
				"south": { "uv": [ 9.875, 11, 10.125, 11.25 ], "texture": "#fj" },
				"west": { "uv": [ 10.375, 13.375, 10.5, 13.625 ], "texture": "#fj" },
				"east": { "uv": [ 10.5, 13.125, 10.375, 13.375 ], "texture": "#fj" }
			}
		},
		{
			"__comment": "Voxels",
			"from": [ 7.75, -8.5, 7.5 ],
			"to": [ 8.25, -8.25, 7.75 ],
			"faces": {
				"down": { "uv": [ 13.125, 13.625, 13.375, 13.75 ], "texture": "#fj" },
				"up": { "uv": [ 13.375, 13.75, 13.625, 13.625 ], "texture": "#fj" },
				"north": { "uv": [ 13.875, 13.625, 13.625, 13.75 ], "texture": "#fj" },
				"south": { "uv": [ 13.875, 13.625, 14.125, 13.75 ], "texture": "#fj" },
				"west": { "uv": [ 10.375, 11.5, 10.5, 11.625 ], "texture": "#fj" },
				"east": { "uv": [ 10.5, 11.375, 10.375, 11.5 ], "texture": "#fj" }
			}
		},
		{
			"__comment": "Voxels",
			"from": [ 7.75, -8.5, 8.25 ],
			"to": [ 8.25, -8.25, 9.25 ],
			"faces": {
				"down": { "uv": [ 9.25, 9.25, 9.5, 9.75 ], "texture": "#fj" },
				"up": { "uv": [ 9, 9.75, 9.25, 9.25 ], "texture": "#fj" },
				"north": { "uv": [ 14.875, 13.625, 14.625, 13.75 ], "texture": "#fj" },
				"south": { "uv": [ 14.875, 13.625, 15.125, 13.75 ], "texture": "#fj" },
				"west": { "uv": [ 11.875, 13.75, 12.375, 13.875 ], "texture": "#fj" },
				"east": { "uv": [ 12.875, 13.75, 12.375, 13.875 ], "texture": "#fj" }
			}
		},
		{
			"__comment": "Voxels",
			"from": [ 7.75, -8.25, 5.25 ],
			"to": [ 8.25, -8, 6.75 ],
			"faces": {
				"down": { "uv": [ 9.25, 13.125, 9.5, 13.875 ], "texture": "#fj" },
				"up": { "uv": [ 9, 13.875, 9.25, 13.125 ], "texture": "#fj" },
				"north": { "uv": [ 15.875, 13.625, 15.625, 13.75 ], "texture": "#fj" },
				"south": { "uv": [ 10.5, 13.5, 10.75, 13.625 ], "texture": "#fj" },
				"west": { "uv": [ 12.5, 14.5, 13.25, 14.625 ], "texture": "#fj" },
				"east": { "uv": [ 12.5, 14.5, 11.75, 14.625 ], "texture": "#fj" }
			}
		},
		{
			"__comment": "Voxels",
			"from": [ 7.75, -8.25, 8.5 ],
			"to": [ 8.5, -8, 8.75 ],
			"faces": {
				"down": { "uv": [ 14.375, 13.75, 14.75, 13.875 ], "texture": "#fj" },
				"up": { "uv": [ 14.75, 13.875, 15.125, 13.75 ], "texture": "#fj" },
				"north": { "uv": [ 15.5, 13.75, 15.125, 13.875 ], "texture": "#fj" },
				"south": { "uv": [ 15.5, 13.75, 15.875, 13.875 ], "texture": "#fj" },
				"west": { "uv": [ 10.375, 11.125, 10.5, 11.25 ], "texture": "#fj" },
				"east": { "uv": [ 10.5, 11, 10.375, 11.125 ], "texture": "#fj" }
			}
		},
		{
			"__comment": "Voxels",
			"from": [ 7.75, -8.25, 8.75 ],
			"to": [ 8.25, -7.75, 10 ],
			"faces": {
				"down": { "uv": [ 6.25, 8, 6.5, 8.625 ], "texture": "#fj" },
				"up": { "uv": [ 6, 8.625, 6.25, 8 ], "texture": "#fj" },
				"north": { "uv": [ 10.125, 10.75, 9.875, 11 ], "texture": "#fj" },
				"south": { "uv": [ 9.875, 10.5, 10.125, 10.75 ], "texture": "#fj" },
				"west": { "uv": [ 13.375, 14.625, 14, 14.875 ], "texture": "#fj" },
				"east": { "uv": [ 13.375, 14.625, 12.75, 14.875 ], "texture": "#fj" }
			}
		},
		{
			"__comment": "Voxels",
			"from": [ 7.75, -8.25, 10 ],
			"to": [ 8.25, -8, 10.75 ],
			"faces": {
				"down": { "uv": [ 9.5, 8.875, 9.75, 9.25 ], "texture": "#fj" },
				"up": { "uv": [ 9.5, 9.625, 9.75, 9.25 ], "texture": "#fj" },
				"north": { "uv": [ 12, 13.5, 11.75, 13.625 ], "texture": "#fj" },
				"south": { "uv": [ 12, 13.5, 12.25, 13.625 ], "texture": "#fj" },
				"west": { "uv": [ 12.875, 13.75, 13.25, 13.875 ], "texture": "#fj" },
				"east": { "uv": [ 13.625, 13.75, 13.25, 13.875 ], "texture": "#fj" }
			}
		},
		{
			"__comment": "Voxels",
			"from": [ 7.75, -8, 6 ],
			"to": [ 8.25, -7.75, 6.75 ],
			"faces": {
				"down": { "uv": [ 9.5, 11.875, 9.75, 12.25 ], "texture": "#fj" },
				"up": { "uv": [ 9.5, 12.625, 9.75, 12.25 ], "texture": "#fj" },
				"north": { "uv": [ 12.5, 13.5, 12.25, 13.625 ], "texture": "#fj" },
				"south": { "uv": [ 12.5, 13.5, 12.75, 13.625 ], "texture": "#fj" },
				"west": { "uv": [ 13.625, 13.75, 14, 13.875 ], "texture": "#fj" },
				"east": { "uv": [ 14.375, 13.75, 14, 13.875 ], "texture": "#fj" }
			}
		},
		{
			"__comment": "Voxels",
			"from": [ 7.75, -7.75, 6.5 ],
			"to": [ 8.25, -5.5, 6.75 ],
			"faces": {
				"down": { "uv": [ 12.75, 13.5, 13, 13.625 ], "texture": "#fj" },
				"up": { "uv": [ 13, 13.625, 13.25, 13.5 ], "texture": "#fj" },
				"north": { "uv": [ 9.75, 14.875, 9.5, 16 ], "texture": "#fj" },
				"south": { "uv": [ 9.75, 14.875, 10, 16 ], "texture": "#fj" },
				"west": { "uv": [ 8, 8, 8.125, 9.125 ], "texture": "#fj" },
				"east": { "uv": [ 8.25, 8, 8.125, 9.125 ], "texture": "#fj" }
			}
		},
		{
			"__comment": "Voxels",
			"from": [ 7.75, -7.75, 9 ],
			"to": [ 8.25, -7.5, 9.5 ],
			"faces": {
				"down": { "uv": [ 9.875, 10.25, 10.125, 10.5 ], "texture": "#fj" },
				"up": { "uv": [ 9.875, 8.75, 10.125, 8.5 ], "texture": "#fj" },
				"north": { "uv": [ 13.75, 13.5, 13.5, 13.625 ], "texture": "#fj" },
				"south": { "uv": [ 13.75, 13.5, 14, 13.625 ], "texture": "#fj" },
				"west": { "uv": [ 14, 13.5, 14.25, 13.625 ], "texture": "#fj" },
				"east": { "uv": [ 14.5, 13.5, 14.25, 13.625 ], "texture": "#fj" }
			}
		},
		{
			"__comment": "Voxels",
			"from": [ 7.75, -7.5, 6.25 ],
			"to": [ 8.25, -6.75, 6.5 ],
			"faces": {
				"down": { "uv": [ 14.5, 13.5, 14.75, 13.625 ], "texture": "#fj" },
				"up": { "uv": [ 14.75, 13.625, 15, 13.5 ], "texture": "#fj" },
				"north": { "uv": [ 10.25, 14, 10, 14.375 ], "texture": "#fj" },
				"south": { "uv": [ 9.5, 10.75, 9.75, 11.125 ], "texture": "#fj" },
				"west": { "uv": [ 10.25, 11, 10.375, 11.375 ], "texture": "#fj" },
				"east": { "uv": [ 10.25, 9.125, 10.125, 9.5 ], "texture": "#fj" }
			}
		},
		{
			"__comment": "Voxels",
			"from": [ 7.75, -7.5, 9.25 ],
			"to": [ 8.25, -5.5, 9.5 ],
			"faces": {
				"down": { "uv": [ 15.25, 13.5, 15.5, 13.625 ], "texture": "#fj" },
				"up": { "uv": [ 15.5, 13.625, 15.75, 13.5 ], "texture": "#fj" },
				"north": { "uv": [ 11.25, 15, 11, 16 ], "texture": "#fj" },
				"south": { "uv": [ 11.5, 15, 11.75, 16 ], "texture": "#fj" },
				"west": { "uv": [ 8.375, 8.375, 8.5, 9.375 ], "texture": "#fj" },
				"east": { "uv": [ 8.375, 8.375, 8.25, 9.375 ], "texture": "#fj" }
			}
		},
		{
			"__comment": "Voxels",
			"from": [ 7.75, -7.5, 9.5 ],
			"to": [ 8.25, -6.75, 9.75 ],
			"faces": {
				"down": { "uv": [ 10.5, 13.375, 10.75, 13.5 ], "texture": "#fj" },
				"up": { "uv": [ 10.75, 13.5, 11, 13.375 ], "texture": "#fj" },
				"north": { "uv": [ 5.25, 8, 5, 8.375 ], "texture": "#fj" },
				"south": { "uv": [ 14.5, 15.375, 14.75, 15.75 ], "texture": "#fj" },
				"west": { "uv": [ 10.25, 9.5, 10.375, 9.875 ], "texture": "#fj" },
				"east": { "uv": [ 10.25, 10.625, 10.125, 11 ], "texture": "#fj" }
			}
		},
		{
			"__comment": "Voxels",
			"from": [ 7.75, -6.25, 6.75 ],
			"to": [ 8.25, 5.25, 7.25 ],
			"faces": {
				"down": { "uv": [ 9.875, 10, 10.125, 10.25 ], "texture": "#fj" },
				"up": { "uv": [ 9.875, 10, 10.125, 9.75 ], "texture": "#fj" },
				"north": { "uv": [ 7.5, 10.25, 7.25, 16 ], "texture": "#fj" },
				"south": { "uv": [ 7, 10.25, 7.25, 16 ], "texture": "#fj" },
				"west": { "uv": [ 6, 10.25, 6.25, 16 ], "texture": "#fj" },
				"east": { "uv": [ 6.5, 10.25, 6.25, 16 ], "texture": "#fj" }
			}
		},
		{
			"__comment": "Voxels",
			"from": [ 7.75, -6.25, 8.75 ],
			"to": [ 8.25, 7.5, 9 ],
			"faces": {
				"down": { "uv": [ 12.5, 13.375, 12.75, 13.5 ], "texture": "#fj" },
				"up": { "uv": [ 12.75, 13.5, 13, 13.375 ], "texture": "#fj" },
				"north": { "uv": [ 6, 9.125, 5.75, 16 ], "texture": "#fj" },
				"south": { "uv": [ 5.5, 9.125, 5.75, 16 ], "texture": "#fj" },
				"west": { "uv": [ 8.125, 9.125, 8.25, 16 ], "texture": "#fj" },
				"east": { "uv": [ 8.125, 9.125, 8, 16 ], "texture": "#fj" }
			}
		},
		{
			"__comment": "Voxels",
			"from": [ 7.75, -6.25, 9 ],
			"to": [ 8.25, 5.25, 9.25 ],
			"faces": {
				"down": { "uv": [ 13, 13.375, 13.25, 13.5 ], "texture": "#fj" },
				"up": { "uv": [ 6.75, 8.125, 7, 8 ], "texture": "#fj" },
				"north": { "uv": [ 7, 10.25, 6.75, 16 ], "texture": "#fj" },
				"south": { "uv": [ 6.5, 10.25, 6.75, 16 ], "texture": "#fj" },
				"west": { "uv": [ 8.75, 10.25, 8.875, 16 ], "texture": "#fj" },
				"east": { "uv": [ 9, 10.25, 8.875, 16 ], "texture": "#fj" }
			}
		},
		{
			"__comment": "Voxels",
			"from": [ 7.75, 5.25, 7 ],
			"to": [ 8.25, 7.5, 7.5 ],
			"faces": {
				"down": { "uv": [ 9.875, 9.5, 10.125, 9.75 ], "texture": "#fj" },
				"up": { "uv": [ 9.875, 9.5, 10.125, 9.25 ], "texture": "#fj" },
				"north": { "uv": [ 5.75, 8, 5.5, 9.125 ], "texture": "#fj" },
				"south": { "uv": [ 5.75, 8, 6, 9.125 ], "texture": "#fj" },
				"west": { "uv": [ 9, 14.875, 9.25, 16 ], "texture": "#fj" },
				"east": { "uv": [ 9.5, 14.875, 9.25, 16 ], "texture": "#fj" }
			}
		},
		{
			"__comment": "Voxels",
			"from": [ 7.75, 5.25, 8.5 ],
			"to": [ 8.25, 8.5, 8.75 ],
			"faces": {
				"down": { "uv": [ 10.75, 14.875, 11, 15 ], "texture": "#fj" },
				"up": { "uv": [ 11, 15, 11.25, 14.875 ], "texture": "#fj" },
				"north": { "uv": [ 6.5, 8.625, 6.25, 10.25 ], "texture": "#fj" },
				"south": { "uv": [ 7, 8.625, 7.25, 10.25 ], "texture": "#fj" },
				"west": { "uv": [ 8.75, 8.625, 8.875, 10.25 ], "texture": "#fj" },
				"east": { "uv": [ 9, 8.625, 8.875, 10.25 ], "texture": "#fj" }
			}
		},
		{
			"__comment": "Voxels",
			"from": [ 7.75, 7.5, 7.25 ],
			"to": [ 8.25, 8.5, 7.75 ],
			"faces": {
				"down": { "uv": [ 9.875, 9, 10.125, 9.25 ], "texture": "#fj" },
				"up": { "uv": [ 9.875, 9, 10.125, 8.75 ], "texture": "#fj" },
				"north": { "uv": [ 7.5, 8.125, 7.25, 8.625 ], "texture": "#fj" },
				"south": { "uv": [ 7, 8.125, 7.25, 8.625 ], "texture": "#fj" },
				"west": { "uv": [ 6.75, 8.125, 7, 8.625 ], "texture": "#fj" },
				"east": { "uv": [ 6.75, 8.125, 6.5, 8.625 ], "texture": "#fj" }
			}
		},
		{
			"__comment": "Voxels",
			"from": [ 7.75, 7.5, 8.25 ],
			"to": [ 8.25, 9.5, 8.5 ],
			"faces": {
				"down": { "uv": [ 11.5, 14.875, 11.75, 15 ], "texture": "#fj" },
				"up": { "uv": [ 11.75, 15, 12, 14.875 ], "texture": "#fj" },
				"north": { "uv": [ 12, 15, 11.75, 16 ], "texture": "#fj" },
				"south": { "uv": [ 11.25, 15, 11.5, 16 ], "texture": "#fj" },
				"west": { "uv": [ 8.625, 8.375, 8.75, 9.375 ], "texture": "#fj" },
				"east": { "uv": [ 8.625, 8.375, 8.5, 9.375 ], "texture": "#fj" }
			}
		},
		{
			"__comment": "Voxels",
			"from": [ 7.75, 8.5, 7.5 ],
			"to": [ 8.25, 9.5, 8.25 ],
			"faces": {
				"down": { "uv": [ 9.5, 13, 9.75, 13.375 ], "texture": "#fj" },
				"up": { "uv": [ 9.5, 13.75, 9.75, 13.375 ], "texture": "#fj" },
				"north": { "uv": [ 9.25, 10.25, 9, 10.75 ], "texture": "#fj" },
				"south": { "uv": [ 9.25, 10.75, 9.5, 11.25 ], "texture": "#fj" },
				"west": { "uv": [ 3.5, 8, 3.875, 8.5 ], "texture": "#fj" },
				"east": { "uv": [ 13.625, 15.25, 13.25, 15.75 ], "texture": "#fj" }
			}
		},
		{
			"__comment": "Voxels",
			"from": [ 7.75, 9.5, 7.75 ],
			"to": [ 8.25, 10, 8.25 ],
			"faces": {
				"down": { "uv": [ 9.875, 8.25, 10.125, 8.5 ], "texture": "#fj" },
				"up": { "uv": [ 9.875, 8.25, 10.125, 8 ], "texture": "#fj" },
				"north": { "uv": [ 10.375, 13.5, 10.125, 13.75 ], "texture": "#fj" },
				"south": { "uv": [ 10.125, 13.25, 10.375, 13.5 ], "texture": "#fj" },
				"west": { "uv": [ 12, 14.875, 12.25, 15.125 ], "texture": "#fj" },
				"east": { "uv": [ 12.5, 14.875, 12.25, 15.125 ], "texture": "#fj" }
			}
		},
		{
			"__comment": "Voxels",
			"from": [ 8.5, -14.75, 7.25 ],
			"to": [ 8.75, -14.5, 7.5 ],
			"faces": {
				"down": { "uv": [ 14.5, 13.375, 14.625, 13.5 ], "texture": "#fj" },
				"up": { "uv": [ 14.625, 13.5, 14.75, 13.375 ], "texture": "#fj" },
				"north": { "uv": [ 14.875, 13.375, 14.75, 13.5 ], "texture": "#fj" },
				"south": { "uv": [ 14.875, 13.375, 15, 13.5 ], "texture": "#fj" },
				"west": { "uv": [ 15, 13.375, 15.125, 13.5 ], "texture": "#fj" },
				"east": { "uv": [ 15.25, 13.375, 15.125, 13.5 ], "texture": "#fj" }
			}
		},
		{
			"__comment": "Voxels",
			"from": [ 8.5, -14.75, 8.5 ],
			"to": [ 8.75, -14.5, 8.75 ],
			"faces": {
				"down": { "uv": [ 15.25, 13.375, 15.375, 13.5 ], "texture": "#fj" },
				"up": { "uv": [ 15.375, 13.5, 15.5, 13.375 ], "texture": "#fj" },
				"north": { "uv": [ 15.625, 13.375, 15.5, 13.5 ], "texture": "#fj" },
				"south": { "uv": [ 15.625, 13.375, 15.75, 13.5 ], "texture": "#fj" },
				"west": { "uv": [ 15.75, 13.375, 15.875, 13.5 ], "texture": "#fj" },
				"east": { "uv": [ 16, 13.375, 15.875, 13.5 ], "texture": "#fj" }
			}
		},
		{
			"__comment": "Voxels",
			"from": [ 8.5, -14, 7 ],
			"to": [ 8.75, -13.75, 7.25 ],
			"faces": {
				"down": { "uv": [ 10.5, 13.25, 10.625, 13.375 ], "texture": "#fj" },
				"up": { "uv": [ 10.5, 13.25, 10.625, 13.125 ], "texture": "#fj" },
				"north": { "uv": [ 10.625, 13, 10.5, 13.125 ], "texture": "#fj" },
				"south": { "uv": [ 10.5, 12.875, 10.625, 13 ], "texture": "#fj" },
				"west": { "uv": [ 10.5, 12.75, 10.625, 12.875 ], "texture": "#fj" },
				"east": { "uv": [ 10.625, 12.625, 10.5, 12.75 ], "texture": "#fj" }
			}
		},
		{
			"__comment": "Voxels",
			"from": [ 8.5, -14, 8.75 ],
			"to": [ 8.75, -13.75, 9 ],
			"faces": {
				"down": { "uv": [ 10.5, 12.5, 10.625, 12.625 ], "texture": "#fj" },
				"up": { "uv": [ 10.5, 12.5, 10.625, 12.375 ], "texture": "#fj" },
				"north": { "uv": [ 10.625, 8.875, 10.5, 9 ], "texture": "#fj" },
				"south": { "uv": [ 10.5, 12.125, 10.625, 12.25 ], "texture": "#fj" },
				"west": { "uv": [ 10.5, 12, 10.625, 12.125 ], "texture": "#fj" },
				"east": { "uv": [ 10.625, 11.875, 10.5, 12 ], "texture": "#fj" }
			}
		},
		{
			"__comment": "Voxels",
			"from": [ 8.75, -14.75, 7.5 ],
			"to": [ 9, -14.5, 8.5 ],
			"faces": {
				"down": { "uv": [ 9.75, 11.75, 9.875, 12.25 ], "texture": "#fj" },
				"up": { "uv": [ 9.75, 11.75, 9.875, 11.25 ], "texture": "#fj" },
				"north": { "uv": [ 10.625, 11.5, 10.5, 11.625 ], "texture": "#fj" },
				"south": { "uv": [ 10.5, 11.375, 10.625, 11.5 ], "texture": "#fj" },
				"west": { "uv": [ 15.5, 14.875, 16, 15 ], "texture": "#fj" },
				"east": { "uv": [ 9.5, 8.125, 9, 8.25 ], "texture": "#fj" }
			}
		},
		{
			"__comment": "Voxels",
			"from": [ 8.75, -14, 7.25 ],
			"to": [ 9, -13.75, 7.5 ],
			"faces": {
				"down": { "uv": [ 10.5, 11, 10.625, 11.125 ], "texture": "#fj" },
				"up": { "uv": [ 10.5, 11, 10.625, 10.875 ], "texture": "#fj" },
				"north": { "uv": [ 10.625, 10.75, 10.5, 10.875 ], "texture": "#fj" },
				"south": { "uv": [ 10.5, 10.625, 10.625, 10.75 ], "texture": "#fj" },
				"west": { "uv": [ 10.5, 10.5, 10.625, 10.625 ], "texture": "#fj" },
				"east": { "uv": [ 10.625, 10.375, 10.5, 10.5 ], "texture": "#fj" }
			}
		},
		{
			"__comment": "Voxels",
			"from": [ 8.75, -14, 8.5 ],
			"to": [ 9, -13.75, 8.75 ],
			"faces": {
				"down": { "uv": [ 10.5, 10.25, 10.625, 10.375 ], "texture": "#fj" },
				"up": { "uv": [ 10.5, 10.25, 10.625, 10.125 ], "texture": "#fj" },
				"north": { "uv": [ 10.625, 10, 10.5, 10.125 ], "texture": "#fj" },
				"south": { "uv": [ 10.5, 9.875, 10.625, 10 ], "texture": "#fj" },
				"west": { "uv": [ 10.5, 9.75, 10.625, 9.875 ], "texture": "#fj" },
				"east": { "uv": [ 10.625, 9.625, 10.5, 9.75 ], "texture": "#fj" }
			}
		},
		{
			"__comment": "Voxels",
			"from": [ 9, -14, 7.5 ],
			"to": [ 9.25, -13.75, 8.5 ],
			"faces": {
				"down": { "uv": [ 9.75, 10.75, 9.875, 11.25 ], "texture": "#fj" },
				"up": { "uv": [ 9.75, 10.75, 9.875, 10.25 ], "texture": "#fj" },
				"north": { "uv": [ 10.625, 9.25, 10.5, 9.375 ], "texture": "#fj" },
				"south": { "uv": [ 10.5, 9.125, 10.625, 9.25 ], "texture": "#fj" },
				"west": { "uv": [ 9, 8, 9.5, 8.125 ], "texture": "#fj" },
				"east": { "uv": [ 16, 14.5, 15.5, 14.625 ], "texture": "#fj" }
			}
		}
	],
	"display": {
		"thirdperson_righthand": {
			"translation":  [ 0, 28, 1 ],
			"scale":  [ 1.5, 1.5, 1.5 ]
		},
		"thirdperson_lefthand": {
			"rotation":  [ 90, 60, 130 ],
			"translation":  [ -10, -20, 0 ],
			"scale":  [ 1.5, 1.5, 1.5 ]
		},
		"firstperson_righthand": {
			"translation":  [ 0, 28, 1 ],
			"scale":  [ 1.5, 1.5, 1.5 ]
		},
		"firstperson_lefthand": {
			"scale":  [ 0.0001, 0.0001, 0.0001 ]
		},
		"gui": {
			"rotation":  [ 90, -135, 90 ],
			"translation":  [ 8, 8, 0 ]
		},
		"ground": {
			"translation":  [ 0, 20, 0 ]
		},
		"fixed": {
			"rotation":  [ 0, 90, 180 ],
			"translation":  [ 0, -10, 0 ]
		}
	}
}