{
	"__comment": "Designed by Ling_Meng with Cubik Studio - https://cubik.studio",
	"textures": {
		"ht": "blocks/ht"
	},
	"elements": [ 	 
		{
			"__comment": "Voxels",
			"from": [ 7, 0, 6.5 ],
			"to": [ 9, 0.5, 7 ],
			"faces": {
				"down": { "uv": [ 5, 15.5, 6, 15.75 ], "texture": "#ht" },
				"up": { "uv": [ 8, 15.75, 9, 15.5 ], "texture": "#ht" },
				"north": { "uv": [ 4.5, 15.75, 3.5, 16 ], "texture": "#ht" },
				"south": { "uv": [ 4.5, 15.75, 5.5, 16 ], "texture": "#ht" },
				"west": { "uv": [ 2, 0, 2.25, 0.25 ], "texture": "#ht" },
				"east": { "uv": [ 2.5, 0, 2.25, 0.25 ], "texture": "#ht" }
			}
		},
		{
			"__comment": "Voxels",
			"from": [ 7, 0.5, 7 ],
			"to": [ 9, 1, 7.5 ],
			"faces": {
				"down": { "uv": [ 5.5, 15.75, 6.5, 16 ], "texture": "#ht" },
				"up": { "uv": [ 6.5, 16, 7.5, 15.75 ], "texture": "#ht" },
				"north": { "uv": [ 8.5, 15.75, 7.5, 16 ], "texture": "#ht" },
				"south": { "uv": [ 8.5, 15.75, 9.5, 16 ], "texture": "#ht" },
				"west": { "uv": [ 4.5, 14.75, 4.75, 15 ], "texture": "#ht" },
				"east": { "uv": [ 5, 14.75, 4.75, 15 ], "texture": "#ht" }
			}
		},
		{
			"__comment": "Voxels",
			"from": [ 7, 1, 7.5 ],
			"to": [ 9, 1.5, 8 ],
			"faces": {
				"down": { "uv": [ 9.5, 15.75, 10.5, 16 ], "texture": "#ht" },
				"up": { "uv": [ 10.5, 16, 11.5, 15.75 ], "texture": "#ht" },
				"north": { "uv": [ 12.5, 15.75, 11.5, 16 ], "texture": "#ht" },
				"south": { "uv": [ 12.5, 15.75, 13.5, 16 ], "texture": "#ht" },
				"west": { "uv": [ 9.5, 14.75, 9.75, 15 ], "texture": "#ht" },
				"east": { "uv": [ 5.25, 14.75, 5, 15 ], "texture": "#ht" }
			}
		},
		{
			"__comment": "Voxels",
			"from": [ 7, 1.5, 8 ],
			"to": [ 9, 2, 8.5 ],
			"faces": {
				"down": { "uv": [ 13.5, 15.75, 14.5, 16 ], "texture": "#ht" },
				"up": { "uv": [ 14.5, 16, 15.5, 15.75 ], "texture": "#ht" },
				"north": { "uv": [ 5, 15.5, 4, 15.75 ], "texture": "#ht" },
				"south": { "uv": [ 4, 15.25, 5, 15.5 ], "texture": "#ht" },
				"west": { "uv": [ 5.25, 14.75, 5.5, 15 ], "texture": "#ht" },
				"east": { "uv": [ 5.75, 14.75, 5.5, 15 ], "texture": "#ht" }
			}
		},
		{
			"__comment": "Voxels",
			"from": [ 7, 2, 8.5 ],
			"to": [ 9, 2.5, 9 ],
			"faces": {
				"down": { "uv": [ 6, 15.5, 7, 15.75 ], "texture": "#ht" },
				"up": { "uv": [ 6, 15.5, 7, 15.25 ], "texture": "#ht" },
				"north": { "uv": [ 8, 15.5, 7, 15.75 ], "texture": "#ht" },
				"south": { "uv": [ 7, 15.25, 8, 15.5 ], "texture": "#ht" },
				"west": { "uv": [ 5.75, 14.75, 6, 15 ], "texture": "#ht" },
				"east": { "uv": [ 10, 14.75, 9.75, 15 ], "texture": "#ht" }
			}
		},
		{
			"__comment": "Voxels",
			"from": [ 7, 2.5, 9 ],
			"to": [ 9, 3, 9.5 ],
			"faces": {
				"down": { "uv": [ 8, 15.25, 9, 15.5 ], "texture": "#ht" },
				"up": { "uv": [ 9.5, 15.75, 10.5, 15.5 ], "texture": "#ht" },
				"north": { "uv": [ 6, 15.25, 5, 15.5 ], "texture": "#ht" },
				"south": { "uv": [ 9.5, 15.25, 10.5, 15.5 ], "texture": "#ht" },
				"west": { "uv": [ 6.75, 14.75, 7, 15 ], "texture": "#ht" },
				"east": { "uv": [ 6.75, 14.75, 6.5, 15 ], "texture": "#ht" }
			}
		},
		{
			"__comment": "Voxels",
			"from": [ 7.5, -7.5, 7 ],
			"to": [ 8.5, -6.5, 8 ],
			"faces": {
				"down": { "uv": [ 12, 15.25, 12.5, 15.75 ], "texture": "#ht" },
				"up": { "uv": [ 1, 0.5, 1.5, 0 ], "texture": "#ht" },
				"north": { "uv": [ 2, 0, 1.5, 0.5 ], "texture": "#ht" },
				"south": { "uv": [ 3, 0.5, 3.5, 1 ], "texture": "#ht" },
				"west": { "uv": [ 3, 0, 3.5, 0.5 ], "texture": "#ht" },
				"east": { "uv": [ 4, 15.25, 3.5, 15.75 ], "texture": "#ht" }
			}
		},
		{
			"__comment": "Voxels",
			"from": [ 7.5, -7, 8 ],
			"to": [ 8.5, 1.5, 8.5 ],
			"faces": {
				"down": { "uv": [ 13.5, 15.25, 14, 15.5 ], "texture": "#ht" },
				"up": { "uv": [ 14, 15.75, 14.5, 15.5 ], "texture": "#ht" },
				"north": { "uv": [ 0.5, 0.25, 0, 4.5 ], "texture": "#ht" },
				"south": { "uv": [ 0.5, 0.25, 1, 4.5 ], "texture": "#ht" },
				"west": { "uv": [ 2, 0.25, 2.25, 4.5 ], "texture": "#ht" },
				"east": { "uv": [ 2.5, 0.25, 2.25, 4.5 ], "texture": "#ht" }
			}
		},
		{
			"__comment": "Voxels",
			"from": [ 7.5, -6.5, 7.5 ],
			"to": [ 8.5, 1, 8 ],
			"faces": {
				"down": { "uv": [ 14, 15.25, 14.5, 15.5 ], "texture": "#ht" },
				"up": { "uv": [ 14.5, 15.75, 15, 15.5 ], "texture": "#ht" },
				"north": { "uv": [ 3.5, 12.25, 3, 16 ], "texture": "#ht" },
				"south": { "uv": [ 3, 8.5, 3.5, 12.25 ], "texture": "#ht" },
				"west": { "uv": [ 3, 4.75, 3.25, 8.5 ], "texture": "#ht" },
				"east": { "uv": [ 3.5, 4.75, 3.25, 8.5 ], "texture": "#ht" }
			}
		},
		{
			"__comment": "Voxels",
			"from": [ 7.5, -0.5, 6 ],
			"to": [ 8.5, 0.5, 6.5 ],
			"faces": {
				"down": { "uv": [ 14.5, 15.25, 15, 15.5 ], "texture": "#ht" },
				"up": { "uv": [ 13, 15.5, 13.5, 15.25 ], "texture": "#ht" },
				"north": { "uv": [ 9.5, 15.25, 9, 15.75 ], "texture": "#ht" },
				"south": { "uv": [ 10.5, 15.25, 11, 15.75 ], "texture": "#ht" },
				"west": { "uv": [ 2.75, 0, 3, 0.5 ], "texture": "#ht" },
				"east": { "uv": [ 2.75, 0, 2.5, 0.5 ], "texture": "#ht" }
			}
		},
		{
			"__comment": "Voxels",
			"from": [ 7.5, -0.5, 6.5 ],
			"to": [ 8.5, 0, 7 ],
			"faces": {
				"down": { "uv": [ 9, 15, 9.5, 15.25 ], "texture": "#ht" },
				"up": { "uv": [ 8.5, 15.25, 9, 15 ], "texture": "#ht" },
				"north": { "uv": [ 8.5, 15, 8, 15.25 ], "texture": "#ht" },
				"south": { "uv": [ 6.5, 15, 7, 15.25 ], "texture": "#ht" },
				"west": { "uv": [ 7, 14.75, 7.25, 15 ], "texture": "#ht" },
				"east": { "uv": [ 6.25, 14.75, 6, 15 ], "texture": "#ht" }
			}
		},
		{
			"__comment": "Voxels",
			"from": [ 7.5, 0, 7 ],
			"to": [ 8.5, 0.5, 7.5 ],
			"faces": {
				"down": { "uv": [ 6, 15, 6.5, 15.25 ], "texture": "#ht" },
				"up": { "uv": [ 12, 15.25, 12.5, 15 ], "texture": "#ht" },
				"north": { "uv": [ 15.5, 15.5, 15, 15.75 ], "texture": "#ht" },
				"south": { "uv": [ 15, 15.25, 15.5, 15.5 ], "texture": "#ht" },
				"west": { "uv": [ 6.25, 14.75, 6.5, 15 ], "texture": "#ht" },
				"east": { "uv": [ 9.25, 14.75, 9, 15 ], "texture": "#ht" }
			}
		},
		{
			"__comment": "Voxels",
			"from": [ 7.5, 0.5, 6.5 ],
			"to": [ 8.5, 1, 7 ],
			"faces": {
				"down": { "uv": [ 15.5, 15.5, 16, 15.75 ], "texture": "#ht" },
				"up": { "uv": [ 15.5, 15.5, 16, 15.25 ], "texture": "#ht" },
				"north": { "uv": [ 4, 15, 3.5, 15.25 ], "texture": "#ht" },
				"south": { "uv": [ 4, 15, 4.5, 15.25 ], "texture": "#ht" },
				"west": { "uv": [ 8.25, 14.75, 8.5, 15 ], "texture": "#ht" },
				"east": { "uv": [ 7.5, 14.75, 7.25, 15 ], "texture": "#ht" }
			}
		},
		{
			"__comment": "Voxels",
			"from": [ 7.5, 1, 7 ],
			"to": [ 8.5, 15.5, 7.5 ],
			"faces": {
				"down": { "uv": [ 5, 15, 5.5, 15.25 ], "texture": "#ht" },
				"up": { "uv": [ 5.5, 15.25, 6, 15 ], "texture": "#ht" },
				"north": { "uv": [ 2, 0.5, 1.5, 7.75 ], "texture": "#ht" },
				"south": { "uv": [ 1, 0.5, 1.5, 7.75 ], "texture": "#ht" },
				"west": { "uv": [ 2.75, 0.5, 3, 7.75 ], "texture": "#ht" },
				"east": { "uv": [ 2.75, 0.5, 2.5, 7.75 ], "texture": "#ht" }
			}
		},
		{
			"__comment": "Voxels",
			"from": [ 7.5, 1.5, 7.5 ],
			"to": [ 8.5, 24.5, 8 ],
			"faces": {
				"down": { "uv": [ 7, 15, 7.5, 15.25 ], "texture": "#ht" },
				"up": { "uv": [ 7.5, 15.25, 8, 15 ], "texture": "#ht" },
				"north": { "uv": [ 1, 4.5, 0.5, 16 ], "texture": "#ht" },
				"south": { "uv": [ 0, 4.5, 0.5, 16 ], "texture": "#ht" },
				"west": { "uv": [ 2.25, 4.5, 2.5, 16 ], "texture": "#ht" },
				"east": { "uv": [ 2.25, 4.5, 2, 16 ], "texture": "#ht" }
			}
		},
		{
			"__comment": "Voxels",
			"from": [ 7.5, 1.5, 8.5 ],
			"to": [ 8.5, 2, 9 ],
			"faces": {
				"down": { "uv": [ 4.5, 15, 5, 15.25 ], "texture": "#ht" },
				"up": { "uv": [ 9.5, 15.25, 10, 15 ], "texture": "#ht" },
				"north": { "uv": [ 10.5, 15, 10, 15.25 ], "texture": "#ht" },
				"south": { "uv": [ 10.5, 15, 11, 15.25 ], "texture": "#ht" },
				"west": { "uv": [ 8, 14.75, 8.25, 15 ], "texture": "#ht" },
				"east": { "uv": [ 9.5, 14.75, 9.25, 15 ], "texture": "#ht" }
			}
		},
		{
			"__comment": "Voxels",
			"from": [ 7.5, 2, 8 ],
			"to": [ 8.5, 4.5, 8.5 ],
			"faces": {
				"down": { "uv": [ 11, 15, 11.5, 15.25 ], "texture": "#ht" },
				"up": { "uv": [ 11.5, 15.25, 12, 15 ], "texture": "#ht" },
				"north": { "uv": [ 3.5, 2.25, 3, 3.5 ], "texture": "#ht" },
				"south": { "uv": [ 3, 3.5, 3.5, 4.75 ], "texture": "#ht" },
				"west": { "uv": [ 3, 1, 3.25, 2.25 ], "texture": "#ht" },
				"east": { "uv": [ 3.5, 1, 3.25, 2.25 ], "texture": "#ht" }
			}
		},
		{
			"__comment": "Voxels",
			"from": [ 7.5, 2, 9 ],
			"to": [ 8.5, 2.5, 9.5 ],
			"faces": {
				"down": { "uv": [ 12.5, 15, 13, 15.25 ], "texture": "#ht" },
				"up": { "uv": [ 13, 15.25, 13.5, 15 ], "texture": "#ht" },
				"north": { "uv": [ 14, 15, 13.5, 15.25 ], "texture": "#ht" },
				"south": { "uv": [ 14, 15, 14.5, 15.25 ], "texture": "#ht" },
				"west": { "uv": [ 7.5, 14.75, 7.75, 15 ], "texture": "#ht" },
				"east": { "uv": [ 8, 14.75, 7.75, 15 ], "texture": "#ht" }
			}
		},
		{
			"__comment": "Voxels",
			"from": [ 7.5, 2.5, 8.5 ],
			"to": [ 8.5, 3, 9 ],
			"faces": {
				"down": { "uv": [ 14.5, 15, 15, 15.25 ], "texture": "#ht" },
				"up": { "uv": [ 15, 15.25, 15.5, 15 ], "texture": "#ht" },
				"north": { "uv": [ 16, 15, 15.5, 15.25 ], "texture": "#ht" },
				"south": { "uv": [ 3.5, 14.75, 4, 15 ], "texture": "#ht" },
				"west": { "uv": [ 10, 14.75, 10.25, 15 ], "texture": "#ht" },
				"east": { "uv": [ 10.5, 14.75, 10.25, 15 ], "texture": "#ht" }
			}
		},
		{
			"__comment": "Voxels",
			"from": [ 7.5, 2.5, 9.5 ],
			"to": [ 8.5, 3.5, 10 ],
			"faces": {
				"down": { "uv": [ 4, 14.75, 4.5, 15 ], "texture": "#ht" },
				"up": { "uv": [ 13.5, 15.75, 14, 15.5 ], "texture": "#ht" },
				"north": { "uv": [ 12, 15.25, 11.5, 15.75 ], "texture": "#ht" },
				"south": { "uv": [ 11, 15.25, 11.5, 15.75 ], "texture": "#ht" },
				"west": { "uv": [ 3.5, 14.25, 3.75, 14.75 ], "texture": "#ht" },
				"east": { "uv": [ 4, 14.25, 3.75, 14.75 ], "texture": "#ht" }
			}
		},
		{
			"__comment": "Voxels",
			"from": [ 7.5, 3, 9 ],
			"to": [ 8.5, 3.5, 9.5 ],
			"faces": {
				"down": { "uv": [ 0, 0, 0.5, 0.25 ], "texture": "#ht" },
				"up": { "uv": [ 0.5, 0.25, 1, 0 ], "texture": "#ht" },
				"north": { "uv": [ 16, 15.75, 15.5, 16 ], "texture": "#ht" },
				"south": { "uv": [ 12.5, 15.5, 13, 15.75 ], "texture": "#ht" },
				"west": { "uv": [ 8.5, 14.75, 8.75, 15 ], "texture": "#ht" },
				"east": { "uv": [ 9, 14.75, 8.75, 15 ], "texture": "#ht" }
			}
		},
		{
			"__comment": "Voxels",
			"from": [ 7.5, 11, 8 ],
			"to": [ 8.5, 27.5, 8.5 ],
			"faces": {
				"down": { "uv": [ 12.5, 15.25, 13, 15.5 ], "texture": "#ht" },
				"up": { "uv": [ 13, 15.75, 13.5, 15.5 ], "texture": "#ht" },
				"north": { "uv": [ 2, 7.75, 1.5, 16 ], "texture": "#ht" },
				"south": { "uv": [ 1, 7.75, 1.5, 16 ], "texture": "#ht" },
				"west": { "uv": [ 2.75, 7.75, 3, 16 ], "texture": "#ht" },
				"east": { "uv": [ 2.75, 7.75, 2.5, 16 ], "texture": "#ht" }
			}
		}
	],
	"display": {
		"thirdperson_righthand": {
			"translation":  [ 0, 8.5, 2 ]
		},
		"thirdperson_lefthand": {
			"rotation":  [ 0, 0, 180 ],
			"translation":  [ -1, -12, 2 ]
		},
		"firstperson_righthand": {
			"translation":  [ 0, 8.5, 2 ]
		},
		"firstperson_lefthand": {
			"rotation":  [ 0, 0, 180 ],
			"translation":  [ -1, -12, 2 ]
		},
		"gui": {
			"rotation":  [ 90, -135, 90 ],
			"scale":  [ 0.5, 0.5, 0.5 ]
		},
		"ground": {
			"translation":  [ 0, 12, 0 ]
		},
		"fixed": {
			"rotation":  [ 90, 180, 90 ]
		}
	}
}