{
	"__comment": "Designed by Ling_Meng with Cubik Studio - https://cubik.studio",
	"textures": {
		"bj": "blocks/bj"
	},
	"elements": [ 	 
		{
			"__comment": "Voxels",
			"from": [ 7, -6, 4.75 ],
			"to": [ 7.25, -5.75, 5 ],
			"faces": {
				"down": { "uv": [ 13, 12.75, 13.25, 13 ], "texture": "#bj" },
				"up": { "uv": [ 9.25, 12.75, 9.5, 12.5 ], "texture": "#bj" },
				"north": { "uv": [ 9.75, 12.5, 9.5, 12.75 ], "texture": "#bj" },
				"south": { "uv": [ 9.75, 12.5, 10, 12.75 ], "texture": "#bj" },
				"west": { "uv": [ 6.5, 12.75, 6.75, 13 ], "texture": "#bj" },
				"east": { "uv": [ 7, 12.75, 6.75, 13 ], "texture": "#bj" }
			}
		},
		{
			"__comment": "Voxels",
			"from": [ 7.25, -6.75, 5 ],
			"to": [ 7.5, -6.25, 5.25 ],
			"faces": {
				"down": { "uv": [ 7, 12.75, 7.25, 13 ], "texture": "#bj" },
				"up": { "uv": [ 7.25, 13, 7.5, 12.75 ], "texture": "#bj" },
				"north": { "uv": [ 4.75, 0, 4.5, 0.5 ], "texture": "#bj" },
				"south": { "uv": [ 5.75, 0, 6, 0.5 ], "texture": "#bj" },
				"west": { "uv": [ 15, 13.75, 15.25, 14.25 ], "texture": "#bj" },
				"east": { "uv": [ 15.5, 13.75, 15.25, 14.25 ], "texture": "#bj" }
			}
		},
		{
			"__comment": "Voxels",
			"from": [ 7.25, -6.5, 5.25 ],
			"to": [ 7.5, -6.25, 5.5 ],
			"faces": {
				"down": { "uv": [ 7.5, 12.75, 7.75, 13 ], "texture": "#bj" },
				"up": { "uv": [ 7.75, 13, 8, 12.75 ], "texture": "#bj" },
				"north": { "uv": [ 8.25, 12.75, 8, 13 ], "texture": "#bj" },
				"south": { "uv": [ 8.25, 12.75, 8.5, 13 ], "texture": "#bj" },
				"west": { "uv": [ 8.5, 12.75, 8.75, 13 ], "texture": "#bj" },
				"east": { "uv": [ 9, 12.75, 8.75, 13 ], "texture": "#bj" }
			}
		},
		{
			"__comment": "Voxels",
			"from": [ 7.25, -6, 4.5 ],
			"to": [ 8.75, -5.75, 4.75 ],
			"faces": {
				"down": { "uv": [ 7.5, 13.75, 9, 14 ], "texture": "#bj" },
				"up": { "uv": [ 9.5, 14.75, 11, 14.5 ], "texture": "#bj" },
				"north": { "uv": [ 11, 14.25, 9.5, 14.5 ], "texture": "#bj" },
				"south": { "uv": [ 9.5, 14, 11, 14.25 ], "texture": "#bj" },
				"west": { "uv": [ 11.25, 12.75, 11.5, 13 ], "texture": "#bj" },
				"east": { "uv": [ 9.25, 12.75, 9, 13 ], "texture": "#bj" }
			}
		},
		{
			"__comment": "Voxels",
			"from": [ 7.25, -6, 5 ],
			"to": [ 8.75, -5.75, 5.25 ],
			"faces": {
				"down": { "uv": [ 9.5, 13.75, 11, 14 ], "texture": "#bj" },
				"up": { "uv": [ 7.5, 14.75, 9, 14.5 ], "texture": "#bj" },
				"north": { "uv": [ 9, 14.25, 7.5, 14.5 ], "texture": "#bj" },
				"south": { "uv": [ 7.5, 14, 9, 14.25 ], "texture": "#bj" },
				"west": { "uv": [ 9.25, 12.75, 9.5, 13 ], "texture": "#bj" },
				"east": { "uv": [ 9.75, 12.75, 9.5, 13 ], "texture": "#bj" }
			}
		},
		{
			"__comment": "Voxels",
			"from": [ 7.5, -12, 5 ],
			"to": [ 8.5, -11.75, 5.25 ],
			"faces": {
				"down": { "uv": [ 12, 14.5, 13, 14.75 ], "texture": "#bj" },
				"up": { "uv": [ 14.5, 15, 15.5, 14.75 ], "texture": "#bj" },
				"north": { "uv": [ 13, 14.25, 12, 14.5 ], "texture": "#bj" },
				"south": { "uv": [ 12, 14, 13, 14.25 ], "texture": "#bj" },
				"west": { "uv": [ 9.75, 12.75, 10, 13 ], "texture": "#bj" },
				"east": { "uv": [ 10.75, 12.75, 10.5, 13 ], "texture": "#bj" }
			}
		},
		{
			"__comment": "Voxels",
			"from": [ 7.5, -9, 4.5 ],
			"to": [ 8.5, -8.5, 5 ],
			"faces": {
				"down": { "uv": [ 14.5, 15, 15.5, 15.5 ], "texture": "#bj" },
				"up": { "uv": [ 13.5, 15.5, 14.5, 15 ], "texture": "#bj" },
				"north": { "uv": [ 14.5, 15.5, 13.5, 16 ], "texture": "#bj" },
				"south": { "uv": [ 14.5, 15.5, 15.5, 16 ], "texture": "#bj" },
				"west": { "uv": [ 13, 13.75, 13.5, 14.25 ], "texture": "#bj" },
				"east": { "uv": [ 14, 14.25, 13.5, 14.75 ], "texture": "#bj" }
			}
		},
		{
			"__comment": "Voxels",
			"from": [ 7.5, -7.5, 4.75 ],
			"to": [ 8.5, -6.25, 5 ],
			"faces": {
				"down": { "uv": [ 12, 13.75, 13, 14 ], "texture": "#bj" },
				"up": { "uv": [ 14, 14.75, 15, 14.5 ], "texture": "#bj" },
				"north": { "uv": [ 8, 14.75, 7, 16 ], "texture": "#bj" },
				"south": { "uv": [ 6, 14.75, 7, 16 ], "texture": "#bj" },
				"west": { "uv": [ 5.5, 2.75, 5.75, 4 ], "texture": "#bj" },
				"east": { "uv": [ 4.25, 0, 4, 1.25 ], "texture": "#bj" }
			}
		},
		{
			"__comment": "Voxels",
			"from": [ 7.5, -7, 4.5 ],
			"to": [ 8.5, -6.75, 4.75 ],
			"faces": {
				"down": { "uv": [ 14, 14.25, 15, 14.5 ], "texture": "#bj" },
				"up": { "uv": [ 14, 14.25, 15, 14 ], "texture": "#bj" },
				"north": { "uv": [ 15, 13.75, 14, 14 ], "texture": "#bj" },
				"south": { "uv": [ 15, 14.5, 16, 14.75 ], "texture": "#bj" },
				"west": { "uv": [ 10.75, 12.75, 11, 13 ], "texture": "#bj" },
				"east": { "uv": [ 11.25, 12.75, 11, 13 ], "texture": "#bj" }
			}
		},
		{
			"__comment": "Voxels",
			"from": [ 7.5, -6, 4 ],
			"to": [ 7.75, -5.75, 4.25 ],
			"faces": {
				"down": { "uv": [ 15.25, 12.75, 15.5, 13 ], "texture": "#bj" },
				"up": { "uv": [ 14.75, 13, 15, 12.75 ], "texture": "#bj" },
				"north": { "uv": [ 14.75, 12.75, 14.5, 13 ], "texture": "#bj" },
				"south": { "uv": [ 13.75, 12.75, 14, 13 ], "texture": "#bj" },
				"west": { "uv": [ 13.5, 12.75, 13.75, 13 ], "texture": "#bj" },
				"east": { "uv": [ 13.5, 12.75, 13.25, 13 ], "texture": "#bj" }
			}
		},
		{
			"__comment": "Voxels",
			"from": [ 7.5, -6, 4.75 ],
			"to": [ 8.5, -5, 5 ],
			"faces": {
				"down": { "uv": [ 8, 14.75, 9, 15 ], "texture": "#bj" },
				"up": { "uv": [ 9, 15, 10, 14.75 ], "texture": "#bj" },
				"north": { "uv": [ 9, 15, 8, 16 ], "texture": "#bj" },
				"south": { "uv": [ 9, 15, 10, 16 ], "texture": "#bj" },
				"west": { "uv": [ 4.75, 0, 5, 1 ], "texture": "#bj" },
				"east": { "uv": [ 5.25, 0, 5, 1 ], "texture": "#bj" }
			}
		},
		{
			"__comment": "Voxels",
			"from": [ 7.5, -6, 5.5 ],
			"to": [ 7.75, -5.75, 5.75 ],
			"faces": {
				"down": { "uv": [ 12.25, 12.75, 12.5, 13 ], "texture": "#bj" },
				"up": { "uv": [ 12, 13, 12.25, 12.75 ], "texture": "#bj" },
				"north": { "uv": [ 12, 12.75, 11.75, 13 ], "texture": "#bj" },
				"south": { "uv": [ 11.5, 12.75, 11.75, 13 ], "texture": "#bj" },
				"west": { "uv": [ 10.25, 12.75, 10.5, 13 ], "texture": "#bj" },
				"east": { "uv": [ 10.25, 12.75, 10, 13 ], "texture": "#bj" }
			}
		},
		{
			"__comment": "Voxels",
			"from": [ 7.5, -5.75, 4.5 ],
			"to": [ 8.5, -5.25, 4.75 ],
			"faces": {
				"down": { "uv": [ 10, 14.75, 11, 15 ], "texture": "#bj" },
				"up": { "uv": [ 11, 15, 12, 14.75 ], "texture": "#bj" },
				"north": { "uv": [ 13.5, 15.5, 12.5, 16 ], "texture": "#bj" },
				"south": { "uv": [ 12.5, 15, 13.5, 15.5 ], "texture": "#bj" },
				"west": { "uv": [ 12, 13, 12.25, 13.5 ], "texture": "#bj" },
				"east": { "uv": [ 12, 13, 11.75, 13.5 ], "texture": "#bj" }
			}
		},
		{
			"__comment": "Voxels",
			"from": [ 7.5, -5.75, 5 ],
			"to": [ 8.5, -4.75, 5.25 ],
			"faces": {
				"down": { "uv": [ 12.5, 14.75, 13.5, 15 ], "texture": "#bj" },
				"up": { "uv": [ 13.5, 15, 14.5, 14.75 ], "texture": "#bj" },
				"north": { "uv": [ 11, 15, 10, 16 ], "texture": "#bj" },
				"south": { "uv": [ 11, 15, 12, 16 ], "texture": "#bj" },
				"west": { "uv": [ 5.5, 1.75, 5.75, 2.75 ], "texture": "#bj" },
				"east": { "uv": [ 5.75, 0.75, 5.5, 1.75 ], "texture": "#bj" }
			}
		},
		{
			"__comment": "Voxels",
			"from": [ 7.75, -12.25, 4.75 ],
			"to": [ 8.25, -11.75, 5 ],
			"faces": {
				"down": { "uv": [ 11.25, 13, 11.75, 13.25 ], "texture": "#bj" },
				"up": { "uv": [ 11.25, 13.5, 11.75, 13.25 ], "texture": "#bj" },
				"north": { "uv": [ 2.5, 0, 2, 0.5 ], "texture": "#bj" },
				"south": { "uv": [ 3, 0, 3.5, 0.5 ], "texture": "#bj" },
				"west": { "uv": [ 10.5, 13, 10.75, 13.5 ], "texture": "#bj" },
				"east": { "uv": [ 10.5, 13, 10.25, 13.5 ], "texture": "#bj" }
			}
		},
		{
			"__comment": "Voxels",
			"from": [ 7.75, -12.25, 5 ],
			"to": [ 8.25, -12, 5.25 ],
			"faces": {
				"down": { "uv": [ 9.75, 13, 10.25, 13.25 ], "texture": "#bj" },
				"up": { "uv": [ 9.75, 13.5, 10.25, 13.25 ], "texture": "#bj" },
				"north": { "uv": [ 8.5, 13.5, 8, 13.75 ], "texture": "#bj" },
				"south": { "uv": [ 7, 13.5, 7.5, 13.75 ], "texture": "#bj" },
				"west": { "uv": [ 9, 12.5, 9.25, 12.75 ], "texture": "#bj" },
				"east": { "uv": [ 12.75, 12.75, 12.5, 13 ], "texture": "#bj" }
			}
		},
		{
			"__comment": "Voxels",
			"from": [ 7.75, -12, 5.25 ],
			"to": [ 8.25, -11, 5.5 ],
			"faces": {
				"down": { "uv": [ 8.25, 13.25, 8.75, 13.5 ], "texture": "#bj" },
				"up": { "uv": [ 7.75, 13.25, 8.25, 13 ], "texture": "#bj" },
				"north": { "uv": [ 2, 0, 1.5, 1 ], "texture": "#bj" },
				"south": { "uv": [ 1, 0, 1.5, 1 ], "texture": "#bj" },
				"west": { "uv": [ 5.75, 5.5, 6, 6.5 ], "texture": "#bj" },
				"east": { "uv": [ 6, 4.5, 5.75, 5.5 ], "texture": "#bj" }
			}
		},
		{
			"__comment": "Voxels",
			"from": [ 7.75, -11.75, 5 ],
			"to": [ 8.25, -9.75, 5.25 ],
			"faces": {
				"down": { "uv": [ 7.25, 13.25, 7.75, 13.5 ], "texture": "#bj" },
				"up": { "uv": [ 15.5, 13.75, 16, 13.5 ], "texture": "#bj" },
				"north": { "uv": [ 3.5, 2.5, 3, 4.5 ], "texture": "#bj" },
				"south": { "uv": [ 3, 0.5, 3.5, 2.5 ], "texture": "#bj" },
				"west": { "uv": [ 5, 1, 5.25, 3 ], "texture": "#bj" },
				"east": { "uv": [ 5, 3, 4.75, 5 ], "texture": "#bj" }
			}
		},
		{
			"__comment": "Voxels",
			"from": [ 7.75, -11.25, 4.75 ],
			"to": [ 8.25, -9, 5 ],
			"faces": {
				"down": { "uv": [ 15, 13.5, 15.5, 13.75 ], "texture": "#bj" },
				"up": { "uv": [ 14.5, 13.75, 15, 13.5 ], "texture": "#bj" },
				"north": { "uv": [ 2.5, 0.5, 2, 2.75 ], "texture": "#bj" },
				"south": { "uv": [ 2, 2.75, 2.5, 5 ], "texture": "#bj" },
				"west": { "uv": [ 4.5, 2.75, 4.75, 5 ], "texture": "#bj" },
				"east": { "uv": [ 4.75, 0.5, 4.5, 2.75 ], "texture": "#bj" }
			}
		},
		{
			"__comment": "Voxels",
			"from": [ 7.75, -10.25, 4.5 ],
			"to": [ 8.25, -9, 4.75 ],
			"faces": {
				"down": { "uv": [ 12.5, 13.5, 13, 13.75 ], "texture": "#bj" },
				"up": { "uv": [ 12, 13.75, 12.5, 13.5 ], "texture": "#bj" },
				"north": { "uv": [ 12.5, 14.75, 12, 16 ], "texture": "#bj" },
				"south": { "uv": [ 3.5, 0.25, 4, 1.5 ], "texture": "#bj" },
				"west": { "uv": [ 5.5, 4, 5.75, 5.25 ], "texture": "#bj" },
				"east": { "uv": [ 4.5, 0, 4.25, 1.25 ], "texture": "#bj" }
			}
		},
		{
			"__comment": "Voxels",
			"from": [ 7.75, -9, 4.25 ],
			"to": [ 8.25, -8.5, 4.5 ],
			"faces": {
				"down": { "uv": [ 10.5, 13.5, 11, 13.75 ], "texture": "#bj" },
				"up": { "uv": [ 10, 13.75, 10.5, 13.5 ], "texture": "#bj" },
				"north": { "uv": [ 16, 15.5, 15.5, 16 ], "texture": "#bj" },
				"south": { "uv": [ 11, 14.25, 11.5, 14.75 ], "texture": "#bj" },
				"west": { "uv": [ 6.75, 13, 7, 13.5 ], "texture": "#bj" },
				"east": { "uv": [ 13.5, 13, 13.25, 13.5 ], "texture": "#bj" }
			}
		},
		{
			"__comment": "Voxels",
			"from": [ 7.75, -9, 5 ],
			"to": [ 8.25, -8.5, 5.25 ],
			"faces": {
				"down": { "uv": [ 15, 14.25, 15.5, 14.5 ], "texture": "#bj" },
				"up": { "uv": [ 13, 13.75, 13.5, 13.5 ], "texture": "#bj" },
				"north": { "uv": [ 11.5, 13.75, 11, 14.25 ], "texture": "#bj" },
				"south": { "uv": [ 11.5, 14.25, 12, 14.75 ], "texture": "#bj" },
				"west": { "uv": [ 7, 13, 7.25, 13.5 ], "texture": "#bj" },
				"east": { "uv": [ 6.25, 13, 6, 13.5 ], "texture": "#bj" }
			}
		},
		{
			"__comment": "Voxels",
			"from": [ 7.75, -8.5, 4.5 ],
			"to": [ 8.25, -7, 4.75 ],
			"faces": {
				"down": { "uv": [ 9.5, 13.5, 10, 13.75 ], "texture": "#bj" },
				"up": { "uv": [ 12.75, 13.5, 13.25, 13.25 ], "texture": "#bj" },
				"north": { "uv": [ 4, 1.5, 3.5, 3 ], "texture": "#bj" },
				"south": { "uv": [ 3.5, 3, 4, 4.5 ], "texture": "#bj" },
				"west": { "uv": [ 5.25, 2, 5.5, 3.5 ], "texture": "#bj" },
				"east": { "uv": [ 5.5, 3.5, 5.25, 5 ], "texture": "#bj" }
			}
		},
		{
			"__comment": "Voxels",
			"from": [ 7.75, -8.5, 4.75 ],
			"to": [ 8.25, -7.5, 5 ],
			"faces": {
				"down": { "uv": [ 11, 13.5, 11.5, 13.75 ], "texture": "#bj" },
				"up": { "uv": [ 11.5, 13.75, 12, 13.5 ], "texture": "#bj" },
				"north": { "uv": [ 7.5, 13.75, 7, 14.75 ], "texture": "#bj" },
				"south": { "uv": [ 6.5, 13.75, 7, 14.75 ], "texture": "#bj" },
				"west": { "uv": [ 5.75, 3.5, 6, 4.5 ], "texture": "#bj" },
				"east": { "uv": [ 6, 2.5, 5.75, 3.5 ], "texture": "#bj" }
			}
		},
		{
			"__comment": "Voxels",
			"from": [ 7.75, -8, 5 ],
			"to": [ 8.25, -6, 5.25 ],
			"faces": {
				"down": { "uv": [ 8.25, 13, 8.75, 13.25 ], "texture": "#bj" },
				"up": { "uv": [ 14, 13.75, 14.5, 13.5 ], "texture": "#bj" },
				"north": { "uv": [ 4, 4.5, 3.5, 6.5 ], "texture": "#bj" },
				"south": { "uv": [ 3, 4.5, 3.5, 6.5 ], "texture": "#bj" },
				"west": { "uv": [ 4.75, 1, 5, 3 ], "texture": "#bj" },
				"east": { "uv": [ 5.25, 3, 5, 5 ], "texture": "#bj" }
			}
		},
		{
			"__comment": "Voxels",
			"from": [ 7.75, -6.75, 4.5 ],
			"to": [ 8.25, -6, 4.75 ],
			"faces": {
				"down": { "uv": [ 7.25, 13, 7.75, 13.25 ], "texture": "#bj" },
				"up": { "uv": [ 7.75, 13.5, 8.25, 13.25 ], "texture": "#bj" },
				"north": { "uv": [ 9.5, 14, 9, 14.75 ], "texture": "#bj" },
				"south": { "uv": [ 15.5, 14.75, 16, 15.5 ], "texture": "#bj" },
				"west": { "uv": [ 5.5, 0, 5.75, 0.75 ], "texture": "#bj" },
				"east": { "uv": [ 5.5, 0, 5.25, 0.75 ], "texture": "#bj" }
			}
		},
		{
			"__comment": "Voxels",
			"from": [ 7.75, -6.25, 4.75 ],
			"to": [ 8.25, -6, 5 ],
			"faces": {
				"down": { "uv": [ 3.5, 0, 4, 0.25 ], "texture": "#bj" },
				"up": { "uv": [ 14.5, 13.25, 15, 13 ], "texture": "#bj" },
				"north": { "uv": [ 14, 14, 13.5, 14.25 ], "texture": "#bj" },
				"south": { "uv": [ 13.5, 13.75, 14, 14 ], "texture": "#bj" },
				"west": { "uv": [ 12.75, 12.75, 13, 13 ], "texture": "#bj" },
				"east": { "uv": [ 14.25, 12.75, 14, 13 ], "texture": "#bj" }
			}
		},
		{
			"__comment": "Voxels",
			"from": [ 7.75, -6, 3.75 ],
			"to": [ 8.25, -5.75, 4 ],
			"faces": {
				"down": { "uv": [ 15.5, 14, 16, 14.25 ], "texture": "#bj" },
				"up": { "uv": [ 15.5, 14, 16, 13.75 ], "texture": "#bj" },
				"north": { "uv": [ 6.5, 13.5, 6, 13.75 ], "texture": "#bj" },
				"south": { "uv": [ 6.5, 13.5, 7, 13.75 ], "texture": "#bj" },
				"west": { "uv": [ 14.25, 12.75, 14.5, 13 ], "texture": "#bj" },
				"east": { "uv": [ 15.25, 12.75, 15, 13 ], "texture": "#bj" }
			}
		},
		{
			"__comment": "Voxels",
			"from": [ 7.75, -6, 4.25 ],
			"to": [ 8.25, -5.5, 4.5 ],
			"faces": {
				"down": { "uv": [ 8.5, 13.5, 9, 13.75 ], "texture": "#bj" },
				"up": { "uv": [ 9, 13.75, 9.5, 13.5 ], "texture": "#bj" },
				"north": { "uv": [ 12, 13.75, 11.5, 14.25 ], "texture": "#bj" },
				"south": { "uv": [ 13, 14.25, 13.5, 14.75 ], "texture": "#bj" },
				"west": { "uv": [ 6.25, 13, 6.5, 13.5 ], "texture": "#bj" },
				"east": { "uv": [ 6.75, 13, 6.5, 13.5 ], "texture": "#bj" }
			}
		},
		{
			"__comment": "Voxels",
			"from": [ 7.75, -6, 5.25 ],
			"to": [ 8.25, -4.75, 5.5 ],
			"faces": {
				"down": { "uv": [ 13.5, 13.5, 14, 13.75 ], "texture": "#bj" },
				"up": { "uv": [ 9, 14, 9.5, 13.75 ], "texture": "#bj" },
				"north": { "uv": [ 1, 0, 0.5, 1.25 ], "texture": "#bj" },
				"south": { "uv": [ 0, 0, 0.5, 1.25 ], "texture": "#bj" },
				"west": { "uv": [ 5.25, 0.75, 5.5, 2 ], "texture": "#bj" },
				"east": { "uv": [ 5.75, 5.25, 5.5, 6.5 ], "texture": "#bj" }
			}
		},
		{
			"__comment": "Voxels",
			"from": [ 7.75, -6, 5.75 ],
			"to": [ 8.25, -5.75, 6 ],
			"faces": {
				"down": { "uv": [ 15.5, 14.25, 16, 14.5 ], "texture": "#bj" },
				"up": { "uv": [ 7.5, 13.75, 8, 13.5 ], "texture": "#bj" },
				"north": { "uv": [ 9.25, 13.25, 8.75, 13.5 ], "texture": "#bj" },
				"south": { "uv": [ 8.75, 13, 9.25, 13.25 ], "texture": "#bj" },
				"west": { "uv": [ 6, 12.75, 6.25, 13 ], "texture": "#bj" },
				"east": { "uv": [ 6.5, 12.75, 6.25, 13 ], "texture": "#bj" }
			}
		},
		{
			"__comment": "Voxels",
			"from": [ 7.75, -5.25, 4.5 ],
			"to": [ 8.25, 5.75, 4.75 ],
			"faces": {
				"down": { "uv": [ 9.25, 13.25, 9.75, 13.5 ], "texture": "#bj" },
				"up": { "uv": [ 9.25, 13.25, 9.75, 13 ], "texture": "#bj" },
				"north": { "uv": [ 1.5, 5, 1, 16 ], "texture": "#bj" },
				"south": { "uv": [ 2.5, 5, 3, 16 ], "texture": "#bj" },
				"west": { "uv": [ 4.75, 5, 5, 16 ], "texture": "#bj" },
				"east": { "uv": [ 4.75, 5, 4.5, 16 ], "texture": "#bj" }
			}
		},
		{
			"__comment": "Voxels",
			"from": [ 7.75, -5, 4.75 ],
			"to": [ 8.25, 9.75, 5 ],
			"faces": {
				"down": { "uv": [ 10.75, 13.25, 11.25, 13.5 ], "texture": "#bj" },
				"up": { "uv": [ 10.75, 13.25, 11.25, 13 ], "texture": "#bj" },
				"north": { "uv": [ 1, 1.25, 0.5, 16 ], "texture": "#bj" },
				"south": { "uv": [ 0, 1.25, 0.5, 16 ], "texture": "#bj" },
				"west": { "uv": [ 4.25, 1.25, 4.5, 16 ], "texture": "#bj" },
				"east": { "uv": [ 4.25, 1.25, 4, 16 ], "texture": "#bj" }
			}
		},
		{
			"__comment": "Voxels",
			"from": [ 7.75, -4.75, 5 ],
			"to": [ 8.25, -3.75, 5.25 ],
			"faces": {
				"down": { "uv": [ 12.25, 13.25, 12.75, 13.5 ], "texture": "#bj" },
				"up": { "uv": [ 12.25, 13.25, 12.75, 13 ], "texture": "#bj" },
				"north": { "uv": [ 6.5, 13.75, 6, 14.75 ], "texture": "#bj" },
				"south": { "uv": [ 2.5, 0, 3, 1 ], "texture": "#bj" },
				"west": { "uv": [ 5.75, 1.5, 6, 2.5 ], "texture": "#bj" },
				"east": { "uv": [ 6, 0.5, 5.75, 1.5 ], "texture": "#bj" }
			}
		},
		{
			"__comment": "Voxels",
			"from": [ 7.75, -2.25, 4.25 ],
			"to": [ 8.25, 1.75, 4.5 ],
			"faces": {
				"down": { "uv": [ 12.75, 13, 13.25, 13.25 ], "texture": "#bj" },
				"up": { "uv": [ 13.5, 13.5, 14, 13.25 ], "texture": "#bj" },
				"north": { "uv": [ 1.5, 1, 1, 5 ], "texture": "#bj" },
				"south": { "uv": [ 1.5, 1, 2, 5 ], "texture": "#bj" },
				"west": { "uv": [ 2.5, 1, 2.75, 5 ], "texture": "#bj" },
				"east": { "uv": [ 3, 1, 2.75, 5 ], "texture": "#bj" }
			}
		},
		{
			"__comment": "Voxels",
			"from": [ 7.75, 0.25, 5 ],
			"to": [ 8.25, 11.25, 5.25 ],
			"faces": {
				"down": { "uv": [ 13.5, 13, 14, 13.25 ], "texture": "#bj" },
				"up": { "uv": [ 14, 13.5, 14.5, 13.25 ], "texture": "#bj" },
				"north": { "uv": [ 2, 5, 1.5, 16 ], "texture": "#bj" },
				"south": { "uv": [ 2, 5, 2.5, 16 ], "texture": "#bj" },
				"west": { "uv": [ 5, 5, 5.25, 16 ], "texture": "#bj" },
				"east": { "uv": [ 5.5, 5, 5.25, 16 ], "texture": "#bj" }
			}
		},
		{
			"__comment": "Voxels",
			"from": [ 7.75, 3, 5.25 ],
			"to": [ 8.25, 12.5, 5.5 ],
			"faces": {
				"down": { "uv": [ 14, 13, 14.5, 13.25 ], "texture": "#bj" },
				"up": { "uv": [ 14.5, 13.5, 15, 13.25 ], "texture": "#bj" },
				"north": { "uv": [ 4, 6.5, 3.5, 16 ], "texture": "#bj" },
				"south": { "uv": [ 3, 6.5, 3.5, 16 ], "texture": "#bj" },
				"west": { "uv": [ 5.5, 6.5, 5.75, 16 ], "texture": "#bj" },
				"east": { "uv": [ 6, 6.5, 5.75, 16 ], "texture": "#bj" }
			}
		},
		{
			"__comment": "Voxels",
			"from": [ 8.25, -6, 4 ],
			"to": [ 8.5, -5.75, 4.25 ],
			"faces": {
				"down": { "uv": [ 15.5, 12.75, 15.75, 13 ], "texture": "#bj" },
				"up": { "uv": [ 15.75, 13, 16, 12.75 ], "texture": "#bj" },
				"north": { "uv": [ 6.25, 12.5, 6, 12.75 ], "texture": "#bj" },
				"south": { "uv": [ 6.25, 12.5, 6.5, 12.75 ], "texture": "#bj" },
				"west": { "uv": [ 6.5, 12.5, 6.75, 12.75 ], "texture": "#bj" },
				"east": { "uv": [ 7, 12.5, 6.75, 12.75 ], "texture": "#bj" }
			}
		},
		{
			"__comment": "Voxels",
			"from": [ 8.25, -6, 5.5 ],
			"to": [ 8.5, -5.75, 5.75 ],
			"faces": {
				"down": { "uv": [ 7, 12.5, 7.25, 12.75 ], "texture": "#bj" },
				"up": { "uv": [ 7.25, 12.75, 7.5, 12.5 ], "texture": "#bj" },
				"north": { "uv": [ 7.75, 12.5, 7.5, 12.75 ], "texture": "#bj" },
				"south": { "uv": [ 7.75, 12.5, 8, 12.75 ], "texture": "#bj" },
				"west": { "uv": [ 8, 12.5, 8.25, 12.75 ], "texture": "#bj" },
				"east": { "uv": [ 8.5, 12.5, 8.25, 12.75 ], "texture": "#bj" }
			}
		},
		{
			"__comment": "Voxels",
			"from": [ 8.5, -6.75, 5 ],
			"to": [ 8.75, -6.25, 5.25 ],
			"faces": {
				"down": { "uv": [ 8.5, 12.5, 8.75, 12.75 ], "texture": "#bj" },
				"up": { "uv": [ 8.75, 12.75, 9, 12.5 ], "texture": "#bj" },
				"north": { "uv": [ 15.25, 13, 15, 13.5 ], "texture": "#bj" },
				"south": { "uv": [ 15.25, 13, 15.5, 13.5 ], "texture": "#bj" },
				"west": { "uv": [ 15.5, 13, 15.75, 13.5 ], "texture": "#bj" },
				"east": { "uv": [ 16, 13, 15.75, 13.5 ], "texture": "#bj" }
			}
		},
		{
			"__comment": "Voxels",
			"from": [ 8.5, -6.5, 5.25 ],
			"to": [ 8.75, -6.25, 5.5 ],
			"faces": {
				"down": { "uv": [ 10, 12.5, 10.25, 12.75 ], "texture": "#bj" },
				"up": { "uv": [ 10.25, 12.75, 10.5, 12.5 ], "texture": "#bj" },
				"north": { "uv": [ 10.75, 12.5, 10.5, 12.75 ], "texture": "#bj" },
				"south": { "uv": [ 10.75, 12.5, 11, 12.75 ], "texture": "#bj" },
				"west": { "uv": [ 11, 12.5, 11.25, 12.75 ], "texture": "#bj" },
				"east": { "uv": [ 11.5, 12.5, 11.25, 12.75 ], "texture": "#bj" }
			}
		},
		{
			"__comment": "Voxels",
			"from": [ 8.75, -6, 4.75 ],
			"to": [ 9, -5.75, 5 ],
			"faces": {
				"down": { "uv": [ 11.5, 12.5, 11.75, 12.75 ], "texture": "#bj" },
				"up": { "uv": [ 11.75, 12.75, 12, 12.5 ], "texture": "#bj" },
				"north": { "uv": [ 12.25, 12.5, 12, 12.75 ], "texture": "#bj" },
				"south": { "uv": [ 12.25, 12.5, 12.5, 12.75 ], "texture": "#bj" },
				"west": { "uv": [ 12.5, 12.5, 12.75, 12.75 ], "texture": "#bj" },
				"east": { "uv": [ 13, 12.5, 12.75, 12.75 ], "texture": "#bj" }
			}
		}
	],
	"display": {
		"thirdperson_righthand": {
			"translation":  [ 0, 23, 5 ],
			"scale":  [ 1.2, 1.5, 1.2 ]
		},
		"thirdperson_lefthand": {
			"rotation":  [ 0, 0, 180 ],
			"translation":  [ -1.5, -22, 5 ],
			"scale":  [ 1.2, 1.2, 1.2 ]
		},
		"firstperson_righthand": {
			"translation":  [ 0, 23, 5 ],
			"scale":  [ 1.2, 1.5, 1.2 ]
		},
		"firstperson_lefthand": {
			"scale":  [ 0.0001, 0.0001, 0.0001 ]
		},
		"gui": {
			"rotation":  [ 90, -135, 90 ],
			"translation":  [ 4, 6, 0 ],
			"scale":  [ 0.7, 0.9, 0.7 ]
		},
		"ground": {
			"translation":  [ 0, 25, 0 ],
			"scale":  [ 1.2, 1.5, 1.2 ]
		},
		"fixed": {
			"rotation":  [ -90, 0, 90 ],
			"translation":  [ -10, 3, 0 ],
			"scale":  [ 1, 1.2, 1 ]
		}
	}
}