{
	"__comment": "Designed by Ling_Meng with Cubik Studio - https://cubik.studio",
	"textures": {
		"texture": "blocks/fyz"
	},
	"elements": [ 	 
		{
			"__comment": "Box1",
			"from": [ 7, -4, 7.5 ],
			"to": [ 8.5, -3, 8.5 ],
			"rotation": { "origin": [ 7, -4, 7.5 ], "axis": "x", "angle": -45 },
			"faces": {
				"down": { "uv": [ 15, 0, 16, 1 ], "texture": "#texture" },
				"up": { "uv": [ 15, 0, 16, 1 ], "texture": "#texture" },
				"north": { "uv": [ 15, 0, 16, 1 ], "texture": "#texture" },
				"south": { "uv": [ 15, 0, 16, 1 ], "texture": "#texture" },
				"west": { "uv": [ 15, 0, 16, 1 ], "texture": "#texture" },
				"east": { "uv": [ 15, 0, 16, 1 ], "texture": "#texture" }
			}
		},
		{
			"__comment": "Box2",
			"from": [ 7.5, -8.5, 7 ],
			"to": [ 8, -2, 8 ],
			"faces": {
				"down": { "uv": [ 9.5, 0, 10, 1 ], "texture": "#texture" },
				"up": { "uv": [ 10, 0, 10.5, 1 ], "texture": "#texture" },
				"north": { "uv": [ 8.5, 0, 10.5, 8.5 ], "texture": "#texture" },
				"south": { "uv": [ 8.5, 0, 10.5, 8.5 ], "texture": "#texture" },
				"west": { "uv": [ 8.5, 0, 10.5, 8.5 ], "texture": "#texture" },
				"east": { "uv": [ 8.5, 0, 10.5, 8.5 ], "texture": "#texture" }
			}
		},
		{
			"__comment": "Box5",
			"from": [ 7.5, -9.5, 8 ],
			"to": [ 8, -8.5, 9 ],
			"rotation": { "origin": [ 7.5, -9.5, 8 ], "axis": "x", "angle": -45 },
			"faces": {
				"down": { "uv": [ 9, 9.5, 9.5, 10 ], "texture": "#texture" },
				"up": { "uv": [ 7.5, 7, 8, 8 ], "texture": "#texture" },
				"north": { "uv": [ 8.5, 7.5, 9.5, 10 ], "texture": "#texture" },
				"south": { "uv": [ 8.5, 7.5, 9.5, 10 ], "texture": "#texture" },
				"west": { "uv": [ 8.5, 7.5, 9.5, 10 ], "texture": "#texture" },
				"east": { "uv": [ 8.5, 7.5, 9.5, 10 ], "texture": "#texture" }
			}
		},
		{
			"__comment": "Box6",
			"from": [ 7, -3, 6 ],
			"to": [ 8.5, -2.5, 9.5 ],
			"rotation": { "origin": [ 7, -3, 6 ], "axis": "x", "angle": -22.5 },
			"faces": {
				"down": { "uv": [ 14, 0, 16, 3.5 ], "texture": "#texture" },
				"up": { "uv": [ 14, 0, 16, 3.5 ], "texture": "#texture" },
				"north": { "uv": [ 14, 0, 16, 3.5 ], "texture": "#texture" },
				"south": { "uv": [ 14, 0, 16, 3.5 ], "texture": "#texture" },
				"west": { "uv": [ 14, 0, 16, 3.5 ], "texture": "#texture" },
				"east": { "uv": [ 14, 0, 16, 3.5 ], "texture": "#texture" }
			}
		},
		{
			"__comment": "Box7",
			"from": [ 7.5, -2.5, 6.5 ],
			"to": [ 8, 19.5, 7.5 ],
			"faces": {
				"down": { "uv": [ 0, 3.5, 0.5, 4.5 ], "texture": "#texture" },
				"up": { "uv": [ 0, 3.5, 0.5, 4.5 ], "texture": "#texture" },
				"north": { "uv": [ 0, 3.5, 0.5, 4.5 ], "texture": "#texture" },
				"south": { "uv": [ 0, 3.5, 0.5, 4.5 ], "texture": "#texture" },
				"west": { "uv": [ 0, 3.5, 0.5, 4.5 ], "texture": "#texture" },
				"east": { "uv": [ 0, 3.5, 0.5, 4.5 ], "texture": "#texture" }
			}
		},
		{
			"__comment": "Box8",
			"from": [ 7.5, -2, 7.5 ],
			"to": [ 8, 21.5, 8.5 ],
			"faces": {
				"down": { "uv": [ 0, 7.5, 0.5, 9 ], "texture": "#texture" },
				"up": { "uv": [ 0, 7.5, 0.5, 9 ], "texture": "#texture" },
				"north": { "uv": [ 0, 7.5, 0.5, 9 ], "texture": "#texture" },
				"south": { "uv": [ 0, 7.5, 0.5, 9 ], "texture": "#texture" },
				"west": { "uv": [ 0, 7.5, 0.5, 9 ], "texture": "#texture" },
				"east": { "uv": [ 0, 7.5, 0.5, 9 ], "texture": "#texture" }
			}
		},
		{
			"__comment": "Box1",
			"from": [ 7, -6.5, 7.5 ],
			"to": [ 8.5, -5.5, 8.5 ],
			"rotation": { "origin": [ 7, -6.5, 7.5 ], "axis": "x", "angle": -45 },
			"faces": {
				"down": { "uv": [ 15, 0, 16, 1 ], "texture": "#texture" },
				"up": { "uv": [ 15, 0, 16, 1 ], "texture": "#texture" },
				"north": { "uv": [ 15, 0, 16, 1 ], "texture": "#texture" },
				"south": { "uv": [ 15, 0, 16, 1 ], "texture": "#texture" },
				"west": { "uv": [ 15, 0, 16, 1 ], "texture": "#texture" },
				"east": { "uv": [ 15, 0, 16, 1 ], "texture": "#texture" }
			}
		},
		{
			"__comment": "Box1",
			"from": [ 7, -9, 7.5 ],
			"to": [ 8.5, -8, 8.5 ],
			"rotation": { "origin": [ 7, -9, 7.5 ], "axis": "x", "angle": -45 },
			"faces": {
				"down": { "uv": [ 15, 0, 16, 1 ], "texture": "#texture" },
				"up": { "uv": [ 15, 0, 16, 1 ], "texture": "#texture" },
				"north": { "uv": [ 15, 0, 16, 1 ], "texture": "#texture" },
				"south": { "uv": [ 15, 0, 16, 1 ], "texture": "#texture" },
				"west": { "uv": [ 15, 0, 16, 1 ], "texture": "#texture" },
				"east": { "uv": [ 15, 0, 16, 1 ], "texture": "#texture" }
			}
		},
		{
			"__comment": "Box7",
			"from": [ 7.5, 19.5, 6.5 ],
			"to": [ 8, 23.5, 7.5 ],
			"rotation": { "origin": [ 7.5, 19.5, 6.5 ], "axis": "x", "angle": 22.5 },
			"faces": {
				"down": { "uv": [ 0, 3.5, 0.5, 4.5 ], "texture": "#texture" },
				"up": { "uv": [ 0, 3.5, 0.5, 4.5 ], "texture": "#texture" },
				"north": { "uv": [ 0, 3.5, 0.5, 4.5 ], "texture": "#texture" },
				"south": { "uv": [ 0, 3.5, 0.5, 4.5 ], "texture": "#texture" },
				"west": { "uv": [ 0, 3.5, 0.5, 4.5 ], "texture": "#texture" },
				"east": { "uv": [ 0, 3.5, 0.5, 4.5 ], "texture": "#texture" }
			}
		}
	],
	"display": {
		"thirdperson_righthand": {
			"translation":  [ 0, 11, 2 ],
			"scale":  [ 0.7, 1, 0.8 ]
		},
		"thirdperson_lefthand": {
			"rotation":  [ 0, 0, 180 ],
			"translation":  [ 0, -15, 2 ],
			"scale":  [ 0.7, 1, 0.8 ]
		},
		"firstperson_righthand": {
			"translation":  [ 0, 11, 2 ],
			"scale":  [ 0.7, 1, 0.8 ]
		},
		"firstperson_lefthand": {
			"rotation":  [ 0, 0, 180 ],
			"translation":  [ 0, -15, 2 ],
			"scale":  [ 0.7, 1, 0.8 ]
		},
		"gui": {
			"rotation":  [ 90, -135, 90 ],
			"scale":  [ 0.4, 0.6, 0.5 ]
		},
		"ground": {
			"translation":  [ 0, 15, 0 ],
			"scale":  [ 0.7, 1, 0.8 ]
		},
		"fixed": {
			"rotation":  [ -90, 45, 90 ],
			"scale":  [ 0.7, 1, 0.8 ]
		}
	}
}