{
	"__comment": "Designed by Ling_Meng with Cubik Studio - https://cubik.studio",
	"textures": {
		"jtdb": "blocks/jtdb"
	},
	"elements": [ 	 
		{
			"__comment": "Voxels",
			"from": [ 7.375, -9.75, 7.375 ],
			"to": [ 8.625, -0.25, 7.5 ],
			"faces": {
				"down": { "uv": [ 14.75, 14.5, 15.375, 14.5625 ], "texture": "#jtdb" },
				"up": { "uv": [ 14.75, 14.5, 15.375, 14.4375 ], "texture": "#jtdb" },
				"north": { "uv": [ 0.625, 11.25, 0, 16 ], "texture": "#jtdb" },
				"south": { "uv": [ 0, 6.5, 0.625, 11.25 ], "texture": "#jtdb" },
				"west": { "uv": [ 0.5625, 1.75, 0.625, 6.5 ], "texture": "#jtdb" },
				"east": { "uv": [ 2.125, 3, 2.0625, 7.75 ], "texture": "#jtdb" }
			}
		},
		{
			"__comment": "Voxels",
			"from": [ 7.375, -9.75, 7.5 ],
			"to": [ 8.5, -0.25, 7.875 ],
			"faces": {
				"down": { "uv": [ 15, 15.8125, 15.5625, 16 ], "texture": "#jtdb" },
				"up": { "uv": [ 13.875, 15.6875, 14.4375, 15.5 ], "texture": "#jtdb" },
				"north": { "uv": [ 0.5625, 1.75, 0, 6.5 ], "texture": "#jtdb" },
				"south": { "uv": [ 0.625, 11.25, 1.1875, 16 ], "texture": "#jtdb" },
				"west": { "uv": [ 2.75, 3.0625, 2.9375, 7.8125 ], "texture": "#jtdb" },
				"east": { "uv": [ 3.25, 3.125, 3.0625, 7.875 ], "texture": "#jtdb" }
			}
		},
		{
			"__comment": "Voxels",
			"from": [ 7.375, -9.75, 8.125 ],
			"to": [ 8.5, -0.25, 8.625 ],
			"faces": {
				"down": { "uv": [ 11.125, 12.625, 11.6875, 12.875 ], "texture": "#jtdb" },
				"up": { "uv": [ 11.125, 12.625, 11.6875, 12.375 ], "texture": "#jtdb" },
				"north": { "uv": [ 1.1875, 6.5, 0.625, 11.25 ], "texture": "#jtdb" },
				"south": { "uv": [ 0.625, 1.75, 1.1875, 6.5 ], "texture": "#jtdb" },
				"west": { "uv": [ 1.8125, 3, 2.0625, 7.75 ], "texture": "#jtdb" },
				"east": { "uv": [ 2.375, 3, 2.125, 7.75 ], "texture": "#jtdb" }
			}
		},
		{
			"__comment": "Voxels",
			"from": [ 7.375, -8.625, 7.25 ],
			"to": [ 8.625, -0.25, 7.375 ],
			"faces": {
				"down": { "uv": [ 14.4375, 14.375, 15.0625, 14.4375 ], "texture": "#jtdb" },
				"up": { "uv": [ 14.4375, 14.375, 15.0625, 14.3125 ], "texture": "#jtdb" },
				"north": { "uv": [ 1.8125, 7.625, 1.1875, 11.8125 ], "texture": "#jtdb" },
				"south": { "uv": [ 1.1875, 11.8125, 1.8125, 16 ], "texture": "#jtdb" },
				"west": { "uv": [ 2.375, 3.5625, 2.4375, 7.75 ], "texture": "#jtdb" },
				"east": { "uv": [ 3.6875, 1.1875, 3.625, 5.375 ], "texture": "#jtdb" }
			}
		},
		{
			"__comment": "Voxels",
			"from": [ 7.375, -8.125, 8 ],
			"to": [ 8.5, -7, 8.125 ],
			"faces": {
				"down": { "uv": [ 14.9375, 14.125, 15.5, 14.1875 ], "texture": "#jtdb" },
				"up": { "uv": [ 14.375, 14.1875, 14.9375, 14.125 ], "texture": "#jtdb" },
				"north": { "uv": [ 9.875, 14.875, 9.3125, 15.4375 ], "texture": "#jtdb" },
				"south": { "uv": [ 9.3125, 14.3125, 9.875, 14.875 ], "texture": "#jtdb" },
				"west": { "uv": [ 8.875, 12.1875, 8.9375, 12.75 ], "texture": "#jtdb" },
				"east": { "uv": [ 2.4375, 0, 2.375, 0.5625 ], "texture": "#jtdb" }
			}
		},
		{
			"__comment": "Voxels",
			"from": [ 7.375, -7.875, 8.625 ],
			"to": [ 8.625, -0.25, 8.75 ],
			"faces": {
				"down": { "uv": [ 15.0625, 14.375, 15.6875, 14.4375 ], "texture": "#jtdb" },
				"up": { "uv": [ 15.0625, 14.375, 15.6875, 14.3125 ], "texture": "#jtdb" },
				"north": { "uv": [ 5.6875, 12.1875, 5.0625, 16 ], "texture": "#jtdb" },
				"south": { "uv": [ 5.6875, 12.1875, 6.3125, 16 ], "texture": "#jtdb" },
				"west": { "uv": [ 10.5625, 12.1875, 10.625, 16 ], "texture": "#jtdb" },
				"east": { "uv": [ 10.5625, 12.1875, 10.5, 16 ], "texture": "#jtdb" }
			}
		},
		{
			"__comment": "Voxels",
			"from": [ 7.375, -1.875, 7.125 ],
			"to": [ 8.625, -0.25, 7.25 ],
			"faces": {
				"down": { "uv": [ 13.8125, 14.25, 14.4375, 14.3125 ], "texture": "#jtdb" },
				"up": { "uv": [ 14.8125, 14.75, 15.4375, 14.6875 ], "texture": "#jtdb" },
				"north": { "uv": [ 8.9375, 14.375, 8.3125, 15.1875 ], "texture": "#jtdb" },
				"south": { "uv": [ 8.3125, 15.1875, 8.9375, 16 ], "texture": "#jtdb" },
				"west": { "uv": [ 13.125, 12.5625, 13.1875, 13.375 ], "texture": "#jtdb" },
				"east": { "uv": [ 13.3125, 12.625, 13.25, 13.4375 ], "texture": "#jtdb" }
			}
		},
		{
			"__comment": "Voxels",
			"from": [ 7.375, -1.125, 8.75 ],
			"to": [ 8.625, -0.25, 8.875 ],
			"faces": {
				"down": { "uv": [ 14.8125, 14.625, 15.4375, 14.6875 ], "texture": "#jtdb" },
				"up": { "uv": [ 13.8125, 14.625, 14.4375, 14.5625 ], "texture": "#jtdb" },
				"north": { "uv": [ 10.5, 15.125, 9.875, 15.5625 ], "texture": "#jtdb" },
				"south": { "uv": [ 9.875, 15.5625, 10.5, 16 ], "texture": "#jtdb" },
				"west": { "uv": [ 13.25, 12.1875, 13.3125, 12.625 ], "texture": "#jtdb" },
				"east": { "uv": [ 13, 12.9375, 12.9375, 13.375 ], "texture": "#jtdb" }
			}
		},
		{
			"__comment": "Voxels",
			"from": [ 7.5, -10.75, 7.375 ],
			"to": [ 8.625, -9.75, 7.5 ],
			"faces": {
				"down": { "uv": [ 15, 14.25, 15.5625, 14.3125 ], "texture": "#jtdb" },
				"up": { "uv": [ 14.4375, 14.3125, 15, 14.25 ], "texture": "#jtdb" },
				"north": { "uv": [ 0.5625, 0, 0, 0.5 ], "texture": "#jtdb" },
				"south": { "uv": [ 0.625, 0, 1.1875, 0.5 ], "texture": "#jtdb" },
				"west": { "uv": [ 13.8125, 13, 13.875, 13.5 ], "texture": "#jtdb" },
				"east": { "uv": [ 13.6875, 13.625, 13.625, 14.125 ], "texture": "#jtdb" }
			}
		},
		{
			"__comment": "Voxels",
			"from": [ 7.5, -10.75, 7.5 ],
			"to": [ 8.625, -10.625, 7.875 ],
			"faces": {
				"down": { "uv": [ 14.4375, 15.8125, 15, 16 ], "texture": "#jtdb" },
				"up": { "uv": [ 14.4375, 15.6875, 15, 15.5 ], "texture": "#jtdb" },
				"north": { "uv": [ 14.375, 14.0625, 13.8125, 14.125 ], "texture": "#jtdb" },
				"south": { "uv": [ 13.8125, 14.125, 14.375, 14.1875 ], "texture": "#jtdb" },
				"west": { "uv": [ 15.5, 12.8125, 15.6875, 12.875 ], "texture": "#jtdb" },
				"east": { "uv": [ 15.875, 12.875, 15.6875, 12.9375 ], "texture": "#jtdb" }
			}
		},
		{
			"__comment": "Voxels",
			"from": [ 7.5, -10.75, 7.875 ],
			"to": [ 7.625, 0.875, 8 ],
			"faces": {
				"down": { "uv": [ 5.1875, 3.75, 5.25, 3.8125 ], "texture": "#jtdb" },
				"up": { "uv": [ 5.5, 3.875, 5.5625, 3.8125 ], "texture": "#jtdb" },
				"north": { "uv": [ 5.0625, 2.25, 5, 8.0625 ], "texture": "#jtdb" },
				"south": { "uv": [ 6.8125, 6.375, 6.875, 12.1875 ], "texture": "#jtdb" },
				"west": { "uv": [ 6.8125, 0.5625, 6.875, 6.375 ], "texture": "#jtdb" },
				"east": { "uv": [ 6.9375, 6.375, 6.875, 12.1875 ], "texture": "#jtdb" }
			}
		},
		{
			"__comment": "Voxels",
			"from": [ 7.5, -10.75, 8 ],
			"to": [ 8.625, -10.625, 8.625 ],
			"faces": {
				"down": { "uv": [ 11.125, 13.875, 11.6875, 14.1875 ], "texture": "#jtdb" },
				"up": { "uv": [ 11.125, 14.5, 11.6875, 14.1875 ], "texture": "#jtdb" },
				"north": { "uv": [ 14.375, 14, 13.8125, 14.0625 ], "texture": "#jtdb" },
				"south": { "uv": [ 14.9375, 14.1875, 15.5, 14.25 ], "texture": "#jtdb" },
				"west": { "uv": [ 15.6875, 13.5, 16, 13.5625 ], "texture": "#jtdb" },
				"east": { "uv": [ 16, 13.5625, 15.6875, 13.625 ], "texture": "#jtdb" }
			}
		},
		{
			"__comment": "Voxels",
			"from": [ 7.5, -10.625, 7.25 ],
			"to": [ 8.5, -8.625, 7.375 ],
			"faces": {
				"down": { "uv": [ 15.5, 14.125, 16, 14.1875 ], "texture": "#jtdb" },
				"up": { "uv": [ 15.5, 14.125, 16, 14.0625 ], "texture": "#jtdb" },
				"north": { "uv": [ 6.8125, 12.25, 6.3125, 13.25 ], "texture": "#jtdb" },
				"south": { "uv": [ 6.8125, 12.25, 7.3125, 13.25 ], "texture": "#jtdb" },
				"west": { "uv": [ 3.625, 0.1875, 3.6875, 1.1875 ], "texture": "#jtdb" },
				"east": { "uv": [ 11.75, 12.25, 11.6875, 13.25 ], "texture": "#jtdb" }
			}
		},
		{
			"__comment": "Voxels",
			"from": [ 7.5, -10.625, 7.5 ],
			"to": [ 8.5, -9.75, 7.875 ],
			"faces": {
				"down": { "uv": [ 14.625, 15.125, 15.125, 15.3125 ], "texture": "#jtdb" },
				"up": { "uv": [ 15.125, 15.3125, 15.625, 15.125 ], "texture": "#jtdb" },
				"north": { "uv": [ 11.125, 15.5625, 10.625, 16 ], "texture": "#jtdb" },
				"south": { "uv": [ 9.875, 12.5625, 10.375, 13 ], "texture": "#jtdb" },
				"west": { "uv": [ 12.75, 12.9375, 12.9375, 13.375 ], "texture": "#jtdb" },
				"east": { "uv": [ 12.8125, 12.25, 12.625, 12.6875 ], "texture": "#jtdb" }
			}
		},
		{
			"__comment": "Voxels",
			"from": [ 7.5, -10.625, 8 ],
			"to": [ 8.5, -8.125, 8.125 ],
			"faces": {
				"down": { "uv": [ 14.375, 14, 14.875, 14.0625 ], "texture": "#jtdb" },
				"up": { "uv": [ 14.875, 14.0625, 15.375, 14 ], "texture": "#jtdb" },
				"north": { "uv": [ 1.125, 0.5, 0.625, 1.75 ], "texture": "#jtdb" },
				"south": { "uv": [ 0, 0.5, 0.5, 1.75 ], "texture": "#jtdb" },
				"west": { "uv": [ 1.125, 0.5, 1.1875, 1.75 ], "texture": "#jtdb" },
				"east": { "uv": [ 13.25, 12.1875, 13.1875, 13.4375 ], "texture": "#jtdb" }
			}
		},
		{
			"__comment": "Voxels",
			"from": [ 7.5, -10.625, 8.125 ],
			"to": [ 8.5, -9.75, 8.75 ],
			"faces": {
				"down": { "uv": [ 7.8125, 12.1875, 8.3125, 12.5 ], "texture": "#jtdb" },
				"up": { "uv": [ 7.3125, 12.5, 7.8125, 12.1875 ], "texture": "#jtdb" },
				"north": { "uv": [ 10.375, 13.4375, 9.875, 13.875 ], "texture": "#jtdb" },
				"south": { "uv": [ 9.875, 13, 10.375, 13.4375 ], "texture": "#jtdb" },
				"west": { "uv": [ 9.5625, 13.1875, 9.875, 13.625 ], "texture": "#jtdb" },
				"east": { "uv": [ 3.375, 0.1875, 3.0625, 0.625 ], "texture": "#jtdb" }
			}
		},
		{
			"__comment": "Voxels",
			"from": [ 7.5, -9.75, 8.625 ],
			"to": [ 8.625, -7.875, 8.75 ],
			"faces": {
				"down": { "uv": [ 14.375, 14.1875, 14.9375, 14.25 ], "texture": "#jtdb" },
				"up": { "uv": [ 13.8125, 14.25, 14.375, 14.1875 ], "texture": "#jtdb" },
				"north": { "uv": [ 1.75, 0.9375, 1.1875, 1.875 ], "texture": "#jtdb" },
				"south": { "uv": [ 1.1875, 0, 1.75, 0.9375 ], "texture": "#jtdb" },
				"west": { "uv": [ 12.1875, 12.4375, 12.25, 13.375 ], "texture": "#jtdb" },
				"east": { "uv": [ 12.4375, 12.4375, 12.375, 13.375 ], "texture": "#jtdb" }
			}
		},
		{
			"__comment": "Voxels",
			"from": [ 7.5, -7.25, 7.125 ],
			"to": [ 8.5, -1.875, 7.25 ],
			"faces": {
				"down": { "uv": [ 15.375, 14, 15.875, 14.0625 ], "texture": "#jtdb" },
				"up": { "uv": [ 14.25, 14, 14.75, 13.9375 ], "texture": "#jtdb" },
				"north": { "uv": [ 8.3125, 13.3125, 7.8125, 16 ], "texture": "#jtdb" },
				"south": { "uv": [ 7.3125, 13.3125, 7.8125, 16 ], "texture": "#jtdb" },
				"west": { "uv": [ 12.0625, 13.3125, 12.125, 16 ], "texture": "#jtdb" },
				"east": { "uv": [ 12.1875, 13.3125, 12.125, 16 ], "texture": "#jtdb" }
			}
		},
		{
			"__comment": "Voxels",
			"from": [ 7.5, -7, 8 ],
			"to": [ 8.5, 0.875, 8.125 ],
			"faces": {
				"down": { "uv": [ 14.75, 13.9375, 15.25, 14 ], "texture": "#jtdb" },
				"up": { "uv": [ 15.25, 14, 15.75, 13.9375 ], "texture": "#jtdb" },
				"north": { "uv": [ 5.5625, 4.3125, 5.0625, 8.25 ], "texture": "#jtdb" },
				"south": { "uv": [ 5.0625, 8.25, 5.5625, 12.1875 ], "texture": "#jtdb" },
				"west": { "uv": [ 5.0625, 0.375, 5.125, 4.3125 ], "texture": "#jtdb" },
				"east": { "uv": [ 5.1875, 0.375, 5.125, 4.3125 ], "texture": "#jtdb" }
			}
		},
		{
			"__comment": "Voxels",
			"from": [ 7.5, -6.625, 8.75 ],
			"to": [ 8.5, -1.125, 8.875 ],
			"faces": {
				"down": { "uv": [ 14.25, 13.875, 14.75, 13.9375 ], "texture": "#jtdb" },
				"up": { "uv": [ 14.75, 13.9375, 15.25, 13.875 ], "texture": "#jtdb" },
				"north": { "uv": [ 7.3125, 13.25, 6.8125, 16 ], "texture": "#jtdb" },
				"south": { "uv": [ 6.3125, 13.25, 6.8125, 16 ], "texture": "#jtdb" },
				"west": { "uv": [ 11.6875, 13.25, 11.75, 16 ], "texture": "#jtdb" },
				"east": { "uv": [ 11.8125, 13.25, 11.75, 16 ], "texture": "#jtdb" }
			}
		},
		{
			"__comment": "Voxels",
			"from": [ 7.5, -1.5, 7 ],
			"to": [ 8.5, 0.125, 7.125 ],
			"faces": {
				"down": { "uv": [ 15.25, 13.875, 15.75, 13.9375 ], "texture": "#jtdb" },
				"up": { "uv": [ 14.25, 13.875, 14.75, 13.8125 ], "texture": "#jtdb" },
				"north": { "uv": [ 8.3125, 12.5, 7.8125, 13.3125 ], "texture": "#jtdb" },
				"south": { "uv": [ 7.3125, 12.5, 7.8125, 13.3125 ], "texture": "#jtdb" },
				"west": { "uv": [ 13.5, 12.75, 13.5625, 13.5625 ], "texture": "#jtdb" },
				"east": { "uv": [ 13.5, 12.75, 13.4375, 13.5625 ], "texture": "#jtdb" }
			}
		},
		{
			"__comment": "Voxels",
			"from": [ 7.5, -0.75, 8.875 ],
			"to": [ 8.625, 0, 9 ],
			"faces": {
				"down": { "uv": [ 14.375, 14.0625, 14.9375, 14.125 ], "texture": "#jtdb" },
				"up": { "uv": [ 14.9375, 14.125, 15.5, 14.0625 ], "texture": "#jtdb" },
				"north": { "uv": [ 11.6875, 15.25, 11.125, 15.625 ], "texture": "#jtdb" },
				"south": { "uv": [ 11.125, 15.625, 11.6875, 16 ], "texture": "#jtdb" },
				"west": { "uv": [ 14.25, 12.4375, 14.3125, 12.8125 ], "texture": "#jtdb" },
				"east": { "uv": [ 14.375, 12.4375, 14.3125, 12.8125 ], "texture": "#jtdb" }
			}
		},
		{
			"__comment": "Voxels",
			"from": [ 7.5, -0.25, 7.125 ],
			"to": [ 8.625, 0.125, 7.875 ],
			"faces": {
				"down": { "uv": [ 9.875, 12.1875, 10.4375, 12.5625 ], "texture": "#jtdb" },
				"up": { "uv": [ 9.3125, 12.5625, 9.875, 12.1875 ], "texture": "#jtdb" },
				"north": { "uv": [ 11.6875, 12.1875, 11.125, 12.375 ], "texture": "#jtdb" },
				"south": { "uv": [ 13.875, 15.8125, 14.4375, 16 ], "texture": "#jtdb" },
				"west": { "uv": [ 15.625, 15.125, 16, 15.3125 ], "texture": "#jtdb" },
				"east": { "uv": [ 9.3125, 12.1875, 8.9375, 12.375 ], "texture": "#jtdb" }
			}
		},
		{
			"__comment": "Voxels",
			"from": [ 7.5, -0.25, 8.125 ],
			"to": [ 8.625, 0.875, 8.625 ],
			"faces": {
				"down": { "uv": [ 11.125, 13.625, 11.6875, 13.875 ], "texture": "#jtdb" },
				"up": { "uv": [ 11.125, 13.625, 11.6875, 13.375 ], "texture": "#jtdb" },
				"north": { "uv": [ 9.875, 15.4375, 9.3125, 16 ], "texture": "#jtdb" },
				"south": { "uv": [ 8.3125, 12.1875, 8.875, 12.75 ], "texture": "#jtdb" },
				"west": { "uv": [ 1.8125, 0, 2.0625, 0.5625 ], "texture": "#jtdb" },
				"east": { "uv": [ 2.375, 0, 2.125, 0.5625 ], "texture": "#jtdb" }
			}
		},
		{
			"__comment": "Voxels",
			"from": [ 7.5, -0.25, 8.625 ],
			"to": [ 8.625, 0.125, 8.875 ],
			"faces": {
				"down": { "uv": [ 13.875, 15.6875, 14.4375, 15.8125 ], "texture": "#jtdb" },
				"up": { "uv": [ 14.4375, 15.8125, 15, 15.6875 ], "texture": "#jtdb" },
				"north": { "uv": [ 14.4375, 15.3125, 13.875, 15.5 ], "texture": "#jtdb" },
				"south": { "uv": [ 14.4375, 15.3125, 15, 15.5 ], "texture": "#jtdb" },
				"west": { "uv": [ 14.25, 12.25, 14.375, 12.4375 ], "texture": "#jtdb" },
				"east": { "uv": [ 14.5, 12.625, 14.375, 12.8125 ], "texture": "#jtdb" }
			}
		},
		{
			"__comment": "Voxels",
			"from": [ 7.5, 0, 8.875 ],
			"to": [ 8.5, 0.125, 9 ],
			"faces": {
				"down": { "uv": [ 6.3125, 12.1875, 6.8125, 12.25 ], "texture": "#jtdb" },
				"up": { "uv": [ 6.8125, 12.25, 7.3125, 12.1875 ], "texture": "#jtdb" },
				"north": { "uv": [ 15, 14.75, 14.5, 14.8125 ], "texture": "#jtdb" },
				"south": { "uv": [ 15.5, 14.1875, 16, 14.25 ], "texture": "#jtdb" },
				"west": { "uv": [ 5.4375, 3.8125, 5.5, 3.875 ], "texture": "#jtdb" },
				"east": { "uv": [ 14.5, 12.1875, 14.4375, 12.25 ], "texture": "#jtdb" }
			}
		},
		{
			"__comment": "Voxels",
			"from": [ 7.5, 0.125, 7.375 ],
			"to": [ 8.625, 0.875, 7.875 ],
			"faces": {
				"down": { "uv": [ 11.125, 13.125, 11.6875, 13.375 ], "texture": "#jtdb" },
				"up": { "uv": [ 11.125, 13.125, 11.6875, 12.875 ], "texture": "#jtdb" },
				"north": { "uv": [ 11.6875, 14.5, 11.125, 14.875 ], "texture": "#jtdb" },
				"south": { "uv": [ 11.125, 14.875, 11.6875, 15.25 ], "texture": "#jtdb" },
				"west": { "uv": [ 12.625, 14.5, 12.875, 14.875 ], "texture": "#jtdb" },
				"east": { "uv": [ 12.875, 14.125, 12.625, 14.5 ], "texture": "#jtdb" }
			}
		},
		{
			"__comment": "Voxels",
			"from": [ 7.625, -10.875, 7.375 ],
			"to": [ 8.5, -10.75, 8.625 ],
			"faces": {
				"down": { "uv": [ 9.875, 14.5, 10.3125, 15.125 ], "texture": "#jtdb" },
				"up": { "uv": [ 9.3125, 13.1875, 9.75, 12.5625 ], "texture": "#jtdb" },
				"north": { "uv": [ 15.25, 13.5625, 14.8125, 13.625 ], "texture": "#jtdb" },
				"south": { "uv": [ 14.375, 13.25, 14.8125, 13.3125 ], "texture": "#jtdb" },
				"west": { "uv": [ 14.4375, 14.5625, 15.0625, 14.625 ], "texture": "#jtdb" },
				"east": { "uv": [ 15.6875, 14.5625, 15.0625, 14.625 ], "texture": "#jtdb" }
			}
		},
		{
			"__comment": "Voxels",
			"from": [ 7.625, -10.75, 7.25 ],
			"to": [ 8.5, -10.625, 7.375 ],
			"faces": {
				"down": { "uv": [ 14.375, 13.5625, 14.8125, 13.625 ], "texture": "#jtdb" },
				"up": { "uv": [ 15.25, 13.6875, 15.6875, 13.625 ], "texture": "#jtdb" },
				"north": { "uv": [ 15.6875, 13.6875, 15.25, 13.75 ], "texture": "#jtdb" },
				"south": { "uv": [ 14.8125, 13.6875, 15.25, 13.75 ], "texture": "#jtdb" },
				"west": { "uv": [ 5.375, 3.8125, 5.4375, 3.875 ], "texture": "#jtdb" },
				"east": { "uv": [ 5.25, 3.8125, 5.1875, 3.875 ], "texture": "#jtdb" }
			}
		},
		{
			"__comment": "Voxels",
			"from": [ 7.625, -10.75, 8.625 ],
			"to": [ 8.5, -10.625, 8.75 ],
			"faces": {
				"down": { "uv": [ 15.1875, 13.8125, 15.625, 13.875 ], "texture": "#jtdb" },
				"up": { "uv": [ 14.75, 13.875, 15.1875, 13.8125 ], "texture": "#jtdb" },
				"north": { "uv": [ 14.8125, 13.1875, 14.375, 13.25 ], "texture": "#jtdb" },
				"south": { "uv": [ 14.375, 13.3125, 14.8125, 13.375 ], "texture": "#jtdb" },
				"west": { "uv": [ 5.5, 3.875, 5.5625, 3.9375 ], "texture": "#jtdb" },
				"east": { "uv": [ 5.5, 3.875, 5.4375, 3.9375 ], "texture": "#jtdb" }
			}
		},
		{
			"__comment": "Voxels",
			"from": [ 7.625, -10.625, 7.875 ],
			"to": [ 8.5, 0.875, 8 ],
			"faces": {
				"down": { "uv": [ 15.25, 13.375, 15.6875, 13.4375 ], "texture": "#jtdb" },
				"up": { "uv": [ 15.25, 13.5, 15.6875, 13.4375 ], "texture": "#jtdb" },
				"north": { "uv": [ 1.625, 1.875, 1.1875, 7.625 ], "texture": "#jtdb" },
				"south": { "uv": [ 3.6875, 10.25, 4.125, 16 ], "texture": "#jtdb" },
				"west": { "uv": [ 6.9375, 6.4375, 7, 12.1875 ], "texture": "#jtdb" },
				"east": { "uv": [ 6.9375, 0.625, 6.875, 6.375 ], "texture": "#jtdb" }
			}
		},
		{
			"__comment": "Voxels",
			"from": [ 7.625, 0.125, 7.25 ],
			"to": [ 8.5, 0.875, 7.375 ],
			"faces": {
				"down": { "uv": [ 14.375, 13.4375, 14.8125, 13.5 ], "texture": "#jtdb" },
				"up": { "uv": [ 15.5625, 14.3125, 16, 14.25 ], "texture": "#jtdb" },
				"north": { "uv": [ 4.125, 0.125, 3.6875, 0.5 ], "texture": "#jtdb" },
				"south": { "uv": [ 10.625, 14.0625, 11.0625, 14.4375 ], "texture": "#jtdb" },
				"west": { "uv": [ 14.375, 12.25, 14.4375, 12.625 ], "texture": "#jtdb" },
				"east": { "uv": [ 14.5, 12.25, 14.4375, 12.625 ], "texture": "#jtdb" }
			}
		},
		{
			"__comment": "Voxels",
			"from": [ 7.625, 0.125, 8.625 ],
			"to": [ 8.5, 0.875, 8.75 ],
			"faces": {
				"down": { "uv": [ 13.4375, 15.6875, 13.875, 15.75 ], "texture": "#jtdb" },
				"up": { "uv": [ 15, 14.8125, 15.4375, 14.75 ], "texture": "#jtdb" },
				"north": { "uv": [ 11.0625, 13.6875, 10.625, 14.0625 ], "texture": "#jtdb" },
				"south": { "uv": [ 10.625, 13.3125, 11.0625, 13.6875 ], "texture": "#jtdb" },
				"west": { "uv": [ 10.4375, 12.1875, 10.5, 12.5625 ], "texture": "#jtdb" },
				"east": { "uv": [ 11.125, 14.0625, 11.0625, 14.4375 ], "texture": "#jtdb" }
			}
		},
		{
			"__comment": "Voxels",
			"from": [ 7.625, 0.875, 8.125 ],
			"to": [ 8.5, 2.625, 8.375 ],
			"faces": {
				"down": { "uv": [ 15, 14.8125, 15.4375, 14.9375 ], "texture": "#jtdb" },
				"up": { "uv": [ 3.6875, 0.125, 4.125, 0 ], "texture": "#jtdb" },
				"north": { "uv": [ 4.125, 0.5, 3.6875, 1.375 ], "texture": "#jtdb" },
				"south": { "uv": [ 3.6875, 1.375, 4.125, 2.25 ], "texture": "#jtdb" },
				"west": { "uv": [ 9.1875, 13.25, 9.3125, 14.125 ], "texture": "#jtdb" },
				"east": { "uv": [ 3.0625, 3.375, 2.9375, 4.25 ], "texture": "#jtdb" }
			}
		},
		{
			"__comment": "Voxels",
			"from": [ 7.625, 0.875, 8.375 ],
			"to": [ 8.5, 1.5, 8.5 ],
			"faces": {
				"down": { "uv": [ 14.8125, 13.4375, 15.25, 13.5 ], "texture": "#jtdb" },
				"up": { "uv": [ 13, 15.75, 13.4375, 15.6875 ], "texture": "#jtdb" },
				"north": { "uv": [ 11.0625, 12.6875, 10.625, 13 ], "texture": "#jtdb" },
				"south": { "uv": [ 10.625, 13, 11.0625, 13.3125 ], "texture": "#jtdb" },
				"west": { "uv": [ 14.625, 12.3125, 14.6875, 12.625 ], "texture": "#jtdb" },
				"east": { "uv": [ 14.25, 12.1875, 14.1875, 12.5 ], "texture": "#jtdb" }
			}
		},
		{
			"__comment": "Voxels",
			"from": [ 7.625, 0.875, 8.5 ],
			"to": [ 8.375, 1.5, 8.625 ],
			"faces": {
				"down": { "uv": [ 15.625, 15.3125, 16, 15.375 ], "texture": "#jtdb" },
				"up": { "uv": [ 15.4375, 14.8125, 15.8125, 14.75 ], "texture": "#jtdb" },
				"north": { "uv": [ 13, 15.6875, 12.625, 16 ], "texture": "#jtdb" },
				"south": { "uv": [ 10.625, 12.375, 11, 12.6875 ], "texture": "#jtdb" },
				"west": { "uv": [ 14.125, 12.1875, 14.1875, 12.5 ], "texture": "#jtdb" },
				"east": { "uv": [ 11.125, 13, 11.0625, 13.3125 ], "texture": "#jtdb" }
			}
		},
		{
			"__comment": "Voxels",
			"from": [ 7.625, 1, 8 ],
			"to": [ 8.5, 2.625, 8.125 ],
			"faces": {
				"down": { "uv": [ 14.375, 13.375, 14.8125, 13.4375 ], "texture": "#jtdb" },
				"up": { "uv": [ 14.8125, 13.4375, 15.25, 13.375 ], "texture": "#jtdb" },
				"north": { "uv": [ 8.75, 12.75, 8.3125, 13.5625 ], "texture": "#jtdb" },
				"south": { "uv": [ 8.3125, 13.5625, 8.75, 14.375 ], "texture": "#jtdb" },
				"west": { "uv": [ 13.5625, 12.75, 13.625, 13.5625 ], "texture": "#jtdb" },
				"east": { "uv": [ 13.4375, 12.625, 13.375, 13.4375 ], "texture": "#jtdb" }
			}
		},
		{
			"__comment": "Voxels",
			"from": [ 7.625, 1.5, 7.75 ],
			"to": [ 8.375, 2, 8 ],
			"faces": {
				"down": { "uv": [ 13.6875, 14.625, 14.0625, 14.75 ], "texture": "#jtdb" },
				"up": { "uv": [ 14.0625, 14.75, 14.4375, 14.625 ], "texture": "#jtdb" },
				"north": { "uv": [ 13, 13.875, 12.625, 14.125 ], "texture": "#jtdb" },
				"south": { "uv": [ 12.625, 14.875, 13, 15.125 ], "texture": "#jtdb" },
				"west": { "uv": [ 12.875, 14.625, 13, 14.875 ], "texture": "#jtdb" },
				"east": { "uv": [ 13, 14.25, 12.875, 14.5 ], "texture": "#jtdb" }
			}
		},
		{
			"__comment": "Voxels",
			"from": [ 7.625, 1.5, 8.375 ],
			"to": [ 8.375, 2.75, 8.5 ],
			"faces": {
				"down": { "uv": [ 15.625, 13.8125, 16, 13.875 ], "texture": "#jtdb" },
				"up": { "uv": [ 14.375, 13.1875, 14.75, 13.125 ], "texture": "#jtdb" },
				"north": { "uv": [ 9.3125, 12.375, 8.9375, 13 ], "texture": "#jtdb" },
				"south": { "uv": [ 9.875, 13.875, 10.25, 14.5 ], "texture": "#jtdb" },
				"west": { "uv": [ 13.75, 12.6875, 13.8125, 13.3125 ], "texture": "#jtdb" },
				"east": { "uv": [ 13.8125, 13.3125, 13.75, 13.9375 ], "texture": "#jtdb" }
			}
		},
		{
			"__comment": "Voxels",
			"from": [ 7.625, 2, 7.875 ],
			"to": [ 8.5, 2.125, 8 ],
			"faces": {
				"down": { "uv": [ 14.375, 13.75, 14.8125, 13.8125 ], "texture": "#jtdb" },
				"up": { "uv": [ 14.8125, 13.8125, 15.25, 13.75 ], "texture": "#jtdb" },
				"north": { "uv": [ 15.6875, 13.75, 15.25, 13.8125 ], "texture": "#jtdb" },
				"south": { "uv": [ 14.375, 13.6875, 14.8125, 13.75 ], "texture": "#jtdb" },
				"west": { "uv": [ 5.375, 3.875, 5.4375, 3.9375 ], "texture": "#jtdb" },
				"east": { "uv": [ 15.8125, 12.1875, 15.75, 12.25 ], "texture": "#jtdb" }
			}
		},
		{
			"__comment": "Voxels",
			"from": [ 7.625, 2.125, 8.5 ],
			"to": [ 8.5, 2.625, 8.625 ],
			"faces": {
				"down": { "uv": [ 14.375, 13.625, 14.8125, 13.6875 ], "texture": "#jtdb" },
				"up": { "uv": [ 14.8125, 13.6875, 15.25, 13.625 ], "texture": "#jtdb" },
				"north": { "uv": [ 13.875, 15.75, 13.4375, 16 ], "texture": "#jtdb" },
				"south": { "uv": [ 13, 15.75, 13.4375, 16 ], "texture": "#jtdb" },
				"west": { "uv": [ 15.1875, 12.6875, 15.25, 12.9375 ], "texture": "#jtdb" },
				"east": { "uv": [ 15.1875, 12.1875, 15.125, 12.4375 ], "texture": "#jtdb" }
			}
		},
		{
			"__comment": "Voxels",
			"from": [ 7.625, 2.25, 8.625 ],
			"to": [ 8.375, 2.5, 8.75 ],
			"faces": {
				"down": { "uv": [ 14.8125, 13.3125, 15.1875, 13.375 ], "texture": "#jtdb" },
				"up": { "uv": [ 14.375, 12.875, 14.75, 12.8125 ], "texture": "#jtdb" },
				"north": { "uv": [ 14.8125, 14.625, 14.4375, 14.75 ], "texture": "#jtdb" },
				"south": { "uv": [ 15.4375, 14.8125, 15.8125, 14.9375 ], "texture": "#jtdb" },
				"west": { "uv": [ 14.5, 12.1875, 14.5625, 12.3125 ], "texture": "#jtdb" },
				"east": { "uv": [ 14.8125, 13, 14.75, 13.125 ], "texture": "#jtdb" }
			}
		},
		{
			"__comment": "Voxels",
			"from": [ 7.625, 2.625, 8.25 ],
			"to": [ 8.5, 2.75, 8.375 ],
			"faces": {
				"down": { "uv": [ 15.25, 13.5, 15.6875, 13.5625 ], "texture": "#jtdb" },
				"up": { "uv": [ 14.8125, 13.5625, 15.25, 13.5 ], "texture": "#jtdb" },
				"north": { "uv": [ 14.8125, 13.5, 14.375, 13.5625 ], "texture": "#jtdb" },
				"south": { "uv": [ 15.25, 13.5625, 15.6875, 13.625 ], "texture": "#jtdb" },
				"west": { "uv": [ 5.4375, 3.375, 5.5, 3.4375 ], "texture": "#jtdb" },
				"east": { "uv": [ 5.3125, 3.375, 5.25, 3.4375 ], "texture": "#jtdb" }
			}
		},
		{
			"__comment": "Voxels",
			"from": [ 7.75, 0.125, 7.125 ],
			"to": [ 8.375, 0.875, 7.25 ],
			"faces": {
				"down": { "uv": [ 14.8125, 13.125, 15.125, 13.1875 ], "texture": "#jtdb" },
				"up": { "uv": [ 14.8125, 13.25, 15.125, 13.1875 ], "texture": "#jtdb" },
				"north": { "uv": [ 13.875, 15.3125, 13.5625, 15.6875 ], "texture": "#jtdb" },
				"south": { "uv": [ 13.25, 15.3125, 13.5625, 15.6875 ], "texture": "#jtdb" },
				"west": { "uv": [ 13.125, 12.1875, 13.1875, 12.5625 ], "texture": "#jtdb" },
				"east": { "uv": [ 13.125, 12.1875, 13.0625, 12.5625 ], "texture": "#jtdb" }
			}
		},
		{
			"__comment": "Voxels",
			"from": [ 7.75, 0.125, 8.75 ],
			"to": [ 8.375, 0.875, 8.875 ],
			"faces": {
				"down": { "uv": [ 14.8125, 13.25, 15.125, 13.3125 ], "texture": "#jtdb" },
				"up": { "uv": [ 15.5, 13.375, 15.8125, 13.3125 ], "texture": "#jtdb" },
				"north": { "uv": [ 13.25, 15.3125, 12.9375, 15.6875 ], "texture": "#jtdb" },
				"south": { "uv": [ 12.625, 15.3125, 12.9375, 15.6875 ], "texture": "#jtdb" },
				"west": { "uv": [ 11.0625, 13.3125, 11.125, 13.6875 ], "texture": "#jtdb" },
				"east": { "uv": [ 11.125, 13.6875, 11.0625, 14.0625 ], "texture": "#jtdb" }
			}
		},
		{
			"__comment": "Voxels",
			"from": [ 7.75, 0.875, 7.5 ],
			"to": [ 8.375, 5.75, 7.75 ],
			"faces": {
				"down": { "uv": [ 15.4375, 14.625, 15.75, 14.75 ], "texture": "#jtdb" },
				"up": { "uv": [ 14.125, 14.4375, 14.4375, 14.3125 ], "texture": "#jtdb" },
				"north": { "uv": [ 2.4375, 0.5625, 2.125, 3 ], "texture": "#jtdb" },
				"south": { "uv": [ 1.8125, 0.5625, 2.125, 3 ], "texture": "#jtdb" },
				"west": { "uv": [ 3.25, 5.4375, 3.375, 7.875 ], "texture": "#jtdb" },
				"east": { "uv": [ 3.0625, 5.375, 2.9375, 7.8125 ], "texture": "#jtdb" }
			}
		},
		{
			"__comment": "Voxels",
			"from": [ 7.75, 0.875, 7.75 ],
			"to": [ 8.375, 1.5, 8 ],
			"faces": {
				"down": { "uv": [ 13.8125, 14.3125, 14.125, 14.4375 ], "texture": "#jtdb" },
				"up": { "uv": [ 14.4375, 14.5625, 14.75, 14.4375 ], "texture": "#jtdb" },
				"north": { "uv": [ 15.9375, 15.375, 15.625, 15.6875 ], "texture": "#jtdb" },
				"south": { "uv": [ 15.3125, 15.375, 15.625, 15.6875 ], "texture": "#jtdb" },
				"west": { "uv": [ 10.375, 13.5625, 10.5, 13.875 ], "texture": "#jtdb" },
				"east": { "uv": [ 3.0625, 3.0625, 2.9375, 3.375 ], "texture": "#jtdb" }
			}
		},
		{
			"__comment": "Voxels",
			"from": [ 7.75, 0.875, 8 ],
			"to": [ 8.375, 1, 8.125 ],
			"faces": {
				"down": { "uv": [ 15.1875, 13.3125, 15.5, 13.375 ], "texture": "#jtdb" },
				"up": { "uv": [ 14.5, 12.6875, 14.8125, 12.625 ], "texture": "#jtdb" },
				"north": { "uv": [ 14.8125, 12.6875, 14.5, 12.75 ], "texture": "#jtdb" },
				"south": { "uv": [ 15.6875, 14.5625, 16, 14.625 ], "texture": "#jtdb" },
				"west": { "uv": [ 5.5, 3.625, 5.5625, 3.6875 ], "texture": "#jtdb" },
				"east": { "uv": [ 5.4375, 3.625, 5.375, 3.6875 ], "texture": "#jtdb" }
			}
		},
		{
			"__comment": "Voxels",
			"from": [ 7.75, 0.875, 8.625 ],
			"to": [ 8.375, 2.25, 8.75 ],
			"faces": {
				"down": { "uv": [ 15.6875, 13.375, 16, 13.4375 ], "texture": "#jtdb" },
				"up": { "uv": [ 15.6875, 13.6875, 16, 13.625 ], "texture": "#jtdb" },
				"north": { "uv": [ 9.875, 13.625, 9.5625, 14.3125 ], "texture": "#jtdb" },
				"south": { "uv": [ 2.75, 0.25, 3.0625, 0.9375 ], "texture": "#jtdb" },
				"west": { "uv": [ 13.6875, 12.4375, 13.75, 13.125 ], "texture": "#jtdb" },
				"east": { "uv": [ 13.8125, 13.9375, 13.75, 14.625 ], "texture": "#jtdb" }
			}
		},
		{
			"__comment": "Voxels",
			"from": [ 7.75, 1.5, 8.5 ],
			"to": [ 8.375, 2.125, 8.625 ],
			"faces": {
				"down": { "uv": [ 15.6875, 13.75, 16, 13.8125 ], "texture": "#jtdb" },
				"up": { "uv": [ 15.125, 13.1875, 15.4375, 13.125 ], "texture": "#jtdb" },
				"north": { "uv": [ 15.875, 15.6875, 15.5625, 16 ], "texture": "#jtdb" },
				"south": { "uv": [ 15, 15.375, 15.3125, 15.6875 ], "texture": "#jtdb" },
				"west": { "uv": [ 14.75, 12.3125, 14.8125, 12.625 ], "texture": "#jtdb" },
				"east": { "uv": [ 13.875, 12.1875, 13.8125, 12.5 ], "texture": "#jtdb" }
			}
		},
		{
			"__comment": "Voxels",
			"from": [ 7.75, 2, 7.75 ],
			"to": [ 8.375, 18, 7.875 ],
			"faces": {
				"down": { "uv": [ 14.5, 12.75, 14.8125, 12.8125 ], "texture": "#jtdb" },
				"up": { "uv": [ 15.125, 13.3125, 15.4375, 13.25 ], "texture": "#jtdb" },
				"north": { "uv": [ 4, 2.25, 3.6875, 10.25 ], "texture": "#jtdb" },
				"south": { "uv": [ 4.4375, 8, 4.75, 16 ], "texture": "#jtdb" },
				"west": { "uv": [ 6.6875, 4.1875, 6.75, 12.1875 ], "texture": "#jtdb" },
				"east": { "uv": [ 6.8125, 4.1875, 6.75, 12.1875 ], "texture": "#jtdb" }
			}
		},
		{
			"__comment": "Voxels",
			"from": [ 7.75, 2.125, 7.875 ],
			"to": [ 8.375, 18.5, 8 ],
			"faces": {
				"down": { "uv": [ 15.4375, 13.25, 15.75, 13.3125 ], "texture": "#jtdb" },
				"up": { "uv": [ 15.1875, 13.125, 15.5, 13.0625 ], "texture": "#jtdb" },
				"north": { "uv": [ 2.75, 7.8125, 2.4375, 16 ], "texture": "#jtdb" },
				"south": { "uv": [ 2.75, 7.8125, 3.0625, 16 ], "texture": "#jtdb" },
				"west": { "uv": [ 6.5, 4, 6.5625, 12.1875 ], "texture": "#jtdb" },
				"east": { "uv": [ 6.5, 4, 6.4375, 12.1875 ], "texture": "#jtdb" }
			}
		},
		{
			"__comment": "Voxels",
			"from": [ 7.75, 2.5, 8.625 ],
			"to": [ 8.375, 19, 8.75 ],
			"faces": {
				"down": { "uv": [ 14.875, 13.0625, 15.1875, 13.125 ], "texture": "#jtdb" },
				"up": { "uv": [ 15.4375, 13.1875, 15.75, 13.125 ], "texture": "#jtdb" },
				"north": { "uv": [ 2.125, 7.75, 1.8125, 16 ], "texture": "#jtdb" },
				"south": { "uv": [ 2.125, 7.75, 2.4375, 16 ], "texture": "#jtdb" },
				"west": { "uv": [ 6.3125, 3.9375, 6.375, 12.1875 ], "texture": "#jtdb" },
				"east": { "uv": [ 6.4375, 3.9375, 6.375, 12.1875 ], "texture": "#jtdb" }
			}
		},
		{
			"__comment": "Voxels",
			"from": [ 7.75, 2.625, 8 ],
			"to": [ 8.375, 18.625, 8.25 ],
			"faces": {
				"down": { "uv": [ 14.125, 14.4375, 14.4375, 14.5625 ], "texture": "#jtdb" },
				"up": { "uv": [ 13.8125, 14.5625, 14.125, 14.4375 ], "texture": "#jtdb" },
				"north": { "uv": [ 4.4375, 0, 4.125, 8 ], "texture": "#jtdb" },
				"south": { "uv": [ 4.125, 8, 4.4375, 16 ], "texture": "#jtdb" },
				"west": { "uv": [ 4, 2.25, 4.125, 10.25 ], "texture": "#jtdb" },
				"east": { "uv": [ 4.875, 0.0625, 4.75, 8.0625 ], "texture": "#jtdb" }
			}
		},
		{
			"__comment": "Voxels",
			"from": [ 7.75, 2.625, 8.5 ],
			"to": [ 8.375, 18.875, 8.625 ],
			"faces": {
				"down": { "uv": [ 15.4375, 13.1875, 15.75, 13.25 ], "texture": "#jtdb" },
				"up": { "uv": [ 15.125, 13.25, 15.4375, 13.1875 ], "texture": "#jtdb" },
				"north": { "uv": [ 3.6875, 7.875, 3.375, 16 ], "texture": "#jtdb" },
				"south": { "uv": [ 3.0625, 7.875, 3.375, 16 ], "texture": "#jtdb" },
				"west": { "uv": [ 6.625, 4.0625, 6.6875, 12.1875 ], "texture": "#jtdb" },
				"east": { "uv": [ 6.625, 4.0625, 6.5625, 12.1875 ], "texture": "#jtdb" }
			}
		},
		{
			"__comment": "Voxels",
			"from": [ 7.75, 2.75, 8.25 ],
			"to": [ 8.375, 18.625, 8.5 ],
			"faces": {
				"down": { "uv": [ 15.375, 14.4375, 15.6875, 14.5625 ], "texture": "#jtdb" },
				"up": { "uv": [ 15.6875, 14.5625, 16, 14.4375 ], "texture": "#jtdb" },
				"north": { "uv": [ 4.75, 0.0625, 4.4375, 8 ], "texture": "#jtdb" },
				"south": { "uv": [ 4.75, 8.0625, 5.0625, 16 ], "texture": "#jtdb" },
				"west": { "uv": [ 6.1875, 4.25, 6.3125, 12.1875 ], "texture": "#jtdb" },
				"east": { "uv": [ 5, 0.125, 4.875, 8.0625 ], "texture": "#jtdb" }
			}
		},
		{
			"__comment": "Voxels",
			"from": [ 7.75, 5.75, 7.5 ],
			"to": [ 8.25, 8, 7.75 ],
			"faces": {
				"down": { "uv": [ 13.875, 13.625, 14.125, 13.75 ], "texture": "#jtdb" },
				"up": { "uv": [ 13.875, 13.625, 14.125, 13.5 ], "texture": "#jtdb" },
				"north": { "uv": [ 9.1875, 13, 8.9375, 14.125 ], "texture": "#jtdb" },
				"south": { "uv": [ 9.3125, 13.1875, 9.5625, 14.3125 ], "texture": "#jtdb" },
				"west": { "uv": [ 2.9375, 4.25, 3.0625, 5.375 ], "texture": "#jtdb" },
				"east": { "uv": [ 0.625, 0.625, 0.5, 1.75 ], "texture": "#jtdb" }
			}
		},
		{
			"__comment": "Voxels",
			"from": [ 7.75, 8, 7.625 ],
			"to": [ 8.375, 12.25, 7.75 ],
			"faces": {
				"down": { "uv": [ 15.6875, 13.4375, 16, 13.5 ], "texture": "#jtdb" },
				"up": { "uv": [ 15.6875, 13.75, 16, 13.6875 ], "texture": "#jtdb" },
				"north": { "uv": [ 3.0625, 0.9375, 2.75, 3.0625 ], "texture": "#jtdb" },
				"south": { "uv": [ 2.4375, 0.0625, 2.75, 2.1875 ], "texture": "#jtdb" },
				"west": { "uv": [ 3.3125, 3.3125, 3.375, 5.4375 ], "texture": "#jtdb" },
				"east": { "uv": [ 3.3125, 3.3125, 3.25, 5.4375 ], "texture": "#jtdb" }
			}
		},
		{
			"__comment": "Voxels",
			"from": [ 7.75, 12.25, 7.625 ],
			"to": [ 8.25, 17.25, 7.75 ],
			"faces": {
				"down": { "uv": [ 15.75, 13.9375, 16, 14 ], "texture": "#jtdb" },
				"up": { "uv": [ 13.875, 12.25, 14.125, 12.1875 ], "texture": "#jtdb" },
				"north": { "uv": [ 3.3125, 0.625, 3.0625, 3.125 ], "texture": "#jtdb" },
				"south": { "uv": [ 3.375, 5.375, 3.625, 7.875 ], "texture": "#jtdb" },
				"west": { "uv": [ 3.625, 5.375, 3.6875, 7.875 ], "texture": "#jtdb" },
				"east": { "uv": [ 3.375, 0.625, 3.3125, 3.125 ], "texture": "#jtdb" }
			}
		},
		{
			"__comment": "Voxels",
			"from": [ 7.75, 18, 7.75 ],
			"to": [ 8.25, 18.625, 7.875 ],
			"faces": {
				"down": { "uv": [ 13.4375, 12.1875, 13.6875, 12.25 ], "texture": "#jtdb" },
				"up": { "uv": [ 14.5625, 12.9375, 14.8125, 12.875 ], "texture": "#jtdb" },
				"north": { "uv": [ 13.6875, 14.4375, 13.4375, 14.75 ], "texture": "#jtdb" },
				"south": { "uv": [ 13.4375, 14.125, 13.6875, 14.4375 ], "texture": "#jtdb" },
				"west": { "uv": [ 14.6875, 12.3125, 14.75, 12.625 ], "texture": "#jtdb" },
				"east": { "uv": [ 14.875, 12.8125, 14.8125, 13.125 ], "texture": "#jtdb" }
			}
		},
		{
			"__comment": "Voxels",
			"from": [ 7.75, 18.5, 7.875 ],
			"to": [ 8.25, 18.75, 8 ],
			"faces": {
				"down": { "uv": [ 15.25, 12.9375, 15.5, 13 ], "texture": "#jtdb" },
				"up": { "uv": [ 15.25, 13.0625, 15.5, 13 ], "texture": "#jtdb" },
				"north": { "uv": [ 16, 14.625, 15.75, 14.75 ], "texture": "#jtdb" },
				"south": { "uv": [ 13.4375, 12.25, 13.6875, 12.375 ], "texture": "#jtdb" },
				"west": { "uv": [ 11.75, 12.1875, 11.8125, 12.3125 ], "texture": "#jtdb" },
				"east": { "uv": [ 15.8125, 12.375, 15.75, 12.5 ], "texture": "#jtdb" }
			}
		},
		{
			"__comment": "Voxels",
			"from": [ 7.75, 18.625, 8 ],
			"to": [ 8.25, 18.75, 8.5 ],
			"faces": {
				"down": { "uv": [ 2.75, 0, 3, 0.25 ], "texture": "#jtdb" },
				"up": { "uv": [ 12.75, 12.9375, 13, 12.6875 ], "texture": "#jtdb" },
				"north": { "uv": [ 16, 13.875, 15.75, 13.9375 ], "texture": "#jtdb" },
				"south": { "uv": [ 14.5625, 12.9375, 14.8125, 13 ], "texture": "#jtdb" },
				"west": { "uv": [ 10.25, 13.875, 10.5, 13.9375 ], "texture": "#jtdb" },
				"east": { "uv": [ 15.125, 12.4375, 14.875, 12.5 ], "texture": "#jtdb" }
			}
		},
		{
			"__comment": "Voxels",
			"from": [ 7.75, 18.75, 8.25 ],
			"to": [ 8.25, 19, 8.5 ],
			"faces": {
				"down": { "uv": [ 15.6875, 14.3125, 15.9375, 14.4375 ], "texture": "#jtdb" },
				"up": { "uv": [ 13.875, 12.375, 14.125, 12.25 ], "texture": "#jtdb" },
				"north": { "uv": [ 14.125, 13.875, 13.875, 14 ], "texture": "#jtdb" },
				"south": { "uv": [ 13.875, 13.75, 14.125, 13.875 ], "texture": "#jtdb" },
				"west": { "uv": [ 15, 12.875, 15.125, 13 ], "texture": "#jtdb" },
				"east": { "uv": [ 15, 12.875, 14.875, 13 ], "texture": "#jtdb" }
			}
		},
		{
			"__comment": "Voxels",
			"from": [ 7.75, 18.875, 8.5 ],
			"to": [ 8.25, 19.25, 8.625 ],
			"faces": {
				"down": { "uv": [ 14.875, 13, 15.125, 13.0625 ], "texture": "#jtdb" },
				"up": { "uv": [ 15.75, 13.125, 16, 13.0625 ], "texture": "#jtdb" },
				"north": { "uv": [ 3.6875, 0, 3.4375, 0.1875 ], "texture": "#jtdb" },
				"south": { "uv": [ 3.0625, 0, 3.3125, 0.1875 ], "texture": "#jtdb" },
				"west": { "uv": [ 15.75, 12.625, 15.8125, 12.8125 ], "texture": "#jtdb" },
				"east": { "uv": [ 15.875, 12.625, 15.8125, 12.8125 ], "texture": "#jtdb" }
			}
		},
		{
			"__comment": "Voxels",
			"from": [ 7.75, 19, 8.625 ],
			"to": [ 8.25, 19.25, 8.75 ],
			"faces": {
				"down": { "uv": [ 15.75, 13.1875, 16, 13.25 ], "texture": "#jtdb" },
				"up": { "uv": [ 15.75, 13.3125, 16, 13.25 ], "texture": "#jtdb" },
				"north": { "uv": [ 14.125, 12.375, 13.875, 12.5 ], "texture": "#jtdb" },
				"south": { "uv": [ 13.4375, 12.5, 13.6875, 12.625 ], "texture": "#jtdb" },
				"west": { "uv": [ 15.875, 12.375, 15.9375, 12.5 ], "texture": "#jtdb" },
				"east": { "uv": [ 15.875, 12.375, 15.8125, 12.5 ], "texture": "#jtdb" }
			}
		},
		{
			"__comment": "Voxels",
			"from": [ 7.875, 0.875, 7.25 ],
			"to": [ 8.25, 18.75, 7.5 ],
			"faces": {
				"down": { "uv": [ 1.625, 1.875, 1.8125, 2 ], "texture": "#jtdb" },
				"up": { "uv": [ 4.875, 0.125, 5.0625, 0 ], "texture": "#jtdb" },
				"north": { "uv": [ 5.9375, 3.25, 5.75, 12.1875 ], "texture": "#jtdb" },
				"south": { "uv": [ 5.5625, 3.25, 5.75, 12.1875 ], "texture": "#jtdb" },
				"west": { "uv": [ 5.9375, 3.25, 6.0625, 12.1875 ], "texture": "#jtdb" },
				"east": { "uv": [ 6.1875, 3.25, 6.0625, 12.1875 ], "texture": "#jtdb" }
			}
		},
		{
			"__comment": "Voxels",
			"from": [ 7.875, 8, 7.5 ],
			"to": [ 8.25, 19.25, 7.625 ],
			"faces": {
				"down": { "uv": [ 15.6875, 12.8125, 15.875, 12.875 ], "texture": "#jtdb" },
				"up": { "uv": [ 15.5, 12.625, 15.6875, 12.5625 ], "texture": "#jtdb" },
				"north": { "uv": [ 1.8125, 2, 1.625, 7.625 ], "texture": "#jtdb" },
				"south": { "uv": [ 2.4375, 2.1875, 2.625, 7.8125 ], "texture": "#jtdb" },
				"west": { "uv": [ 2.6875, 2.1875, 2.75, 7.8125 ], "texture": "#jtdb" },
				"east": { "uv": [ 2.6875, 2.1875, 2.625, 7.8125 ], "texture": "#jtdb" }
			}
		},
		{
			"__comment": "Voxels",
			"from": [ 7.875, 17.25, 7.625 ],
			"to": [ 8.25, 19.5, 7.75 ],
			"faces": {
				"down": { "uv": [ 15.6875, 12.5625, 15.875, 12.625 ], "texture": "#jtdb" },
				"up": { "uv": [ 15.5, 12.5625, 15.6875, 12.5 ], "texture": "#jtdb" },
				"north": { "uv": [ 11, 14.4375, 10.8125, 15.5625 ], "texture": "#jtdb" },
				"south": { "uv": [ 10.625, 14.4375, 10.8125, 15.5625 ], "texture": "#jtdb" },
				"west": { "uv": [ 12, 12.1875, 12.0625, 13.3125 ], "texture": "#jtdb" },
				"east": { "uv": [ 12.1875, 12.1875, 12.125, 13.3125 ], "texture": "#jtdb" }
			}
		},
		{
			"__comment": "Voxels",
			"from": [ 7.875, 18.625, 7.75 ],
			"to": [ 8.25, 19.625, 7.875 ],
			"faces": {
				"down": { "uv": [ 15.6875, 12.5, 15.875, 12.5625 ], "texture": "#jtdb" },
				"up": { "uv": [ 15.5, 12.5, 15.6875, 12.4375 ], "texture": "#jtdb" },
				"north": { "uv": [ 13, 13.375, 12.8125, 13.875 ], "texture": "#jtdb" },
				"south": { "uv": [ 12.625, 13.375, 12.8125, 13.875 ], "texture": "#jtdb" },
				"west": { "uv": [ 13.8125, 13.5, 13.875, 14 ], "texture": "#jtdb" },
				"east": { "uv": [ 13.8125, 12.1875, 13.75, 12.6875 ], "texture": "#jtdb" }
			}
		},
		{
			"__comment": "Voxels",
			"from": [ 7.875, 18.75, 7.25 ],
			"to": [ 8.125, 19.25, 7.5 ],
			"faces": {
				"down": { "uv": [ 12.875, 14.125, 13, 14.25 ], "texture": "#jtdb" },
				"up": { "uv": [ 14.625, 12.3125, 14.75, 12.1875 ], "texture": "#jtdb" },
				"north": { "uv": [ 11.125, 14.625, 11, 14.875 ], "texture": "#jtdb" },
				"south": { "uv": [ 10.375, 12.75, 10.5, 13 ], "texture": "#jtdb" },
				"west": { "uv": [ 14.25, 13.5625, 14.375, 13.8125 ], "texture": "#jtdb" },
				"east": { "uv": [ 12.9375, 12.25, 12.8125, 12.5 ], "texture": "#jtdb" }
			}
		},
		{
			"__comment": "Voxels",
			"from": [ 7.875, 18.75, 7.875 ],
			"to": [ 8.25, 19.875, 8.25 ],
			"faces": {
				"down": { "uv": [ 12.8125, 12.5, 13, 12.6875 ], "texture": "#jtdb" },
				"up": { "uv": [ 12.4375, 12.375, 12.625, 12.1875 ], "texture": "#jtdb" },
				"north": { "uv": [ 12.625, 12.9375, 12.4375, 13.5 ], "texture": "#jtdb" },
				"south": { "uv": [ 12.4375, 14.0625, 12.625, 14.625 ], "texture": "#jtdb" },
				"west": { "uv": [ 10.3125, 14.5625, 10.5, 15.125 ], "texture": "#jtdb" },
				"east": { "uv": [ 10.4375, 13.9375, 10.25, 14.5 ], "texture": "#jtdb" }
			}
		},
		{
			"__comment": "Voxels",
			"from": [ 7.875, 19, 8.25 ],
			"to": [ 8.25, 20.375, 8.5 ],
			"faces": {
				"down": { "uv": [ 15.8125, 14.8125, 16, 14.9375 ], "texture": "#jtdb" },
				"up": { "uv": [ 14.375, 13.125, 14.5625, 13 ], "texture": "#jtdb" },
				"north": { "uv": [ 12.625, 15.3125, 12.4375, 16 ], "texture": "#jtdb" },
				"south": { "uv": [ 12.4375, 14.625, 12.625, 15.3125 ], "texture": "#jtdb" },
				"west": { "uv": [ 11, 14.875, 11.125, 15.5625 ], "texture": "#jtdb" },
				"east": { "uv": [ 12.75, 12.6875, 12.625, 13.375 ], "texture": "#jtdb" }
			}
		},
		{
			"__comment": "Voxels",
			"from": [ 7.875, 19.25, 7.375 ],
			"to": [ 8.125, 19.5, 7.625 ],
			"faces": {
				"down": { "uv": [ 15, 12.3125, 15.125, 12.4375 ], "texture": "#jtdb" },
				"up": { "uv": [ 14.875, 12.3125, 15, 12.1875 ], "texture": "#jtdb" },
				"north": { "uv": [ 15.125, 12.1875, 15, 12.3125 ], "texture": "#jtdb" },
				"south": { "uv": [ 15.125, 12.9375, 15.25, 13.0625 ], "texture": "#jtdb" },
				"west": { "uv": [ 15.375, 12.8125, 15.5, 12.9375 ], "texture": "#jtdb" },
				"east": { "uv": [ 15.625, 12.9375, 15.5, 13.0625 ], "texture": "#jtdb" }
			}
		},
		{
			"__comment": "Voxels",
			"from": [ 7.875, 19.25, 8.5 ],
			"to": [ 8.25, 20.875, 8.625 ],
			"faces": {
				"down": { "uv": [ 10.3125, 14.5, 10.5, 14.5625 ], "texture": "#jtdb" },
				"up": { "uv": [ 12.625, 12.25, 12.8125, 12.1875 ], "texture": "#jtdb" },
				"north": { "uv": [ 8.9375, 12.75, 8.75, 13.5625 ], "texture": "#jtdb" },
				"south": { "uv": [ 8.75, 13.5625, 8.9375, 14.375 ], "texture": "#jtdb" },
				"west": { "uv": [ 13.3125, 12.625, 13.375, 13.4375 ], "texture": "#jtdb" },
				"east": { "uv": [ 13.125, 12.5625, 13.0625, 13.375 ], "texture": "#jtdb" }
			}
		},
		{
			"__comment": "Voxels",
			"from": [ 7.875, 19.25, 8.625 ],
			"to": [ 8.25, 20.375, 8.75 ],
			"faces": {
				"down": { "uv": [ 12.8125, 12.1875, 13, 12.25 ], "texture": "#jtdb" },
				"up": { "uv": [ 15.8125, 14.8125, 16, 14.75 ], "texture": "#jtdb" },
				"north": { "uv": [ 12.625, 12.375, 12.4375, 12.9375 ], "texture": "#jtdb" },
				"south": { "uv": [ 12.4375, 13.5, 12.625, 14.0625 ], "texture": "#jtdb" },
				"west": { "uv": [ 2.375, 3, 2.4375, 3.5625 ], "texture": "#jtdb" },
				"east": { "uv": [ 10.5, 13.9375, 10.4375, 14.5 ], "texture": "#jtdb" }
			}
		},
		{
			"__comment": "Voxels",
			"from": [ 7.875, 19.5, 7.5 ],
			"to": [ 8.125, 19.625, 7.75 ],
			"faces": {
				"down": { "uv": [ 10.375, 13.4375, 10.5, 13.5625 ], "texture": "#jtdb" },
				"up": { "uv": [ 12.875, 14.625, 13, 14.5 ], "texture": "#jtdb" },
				"north": { "uv": [ 4.875, 0, 4.75, 0.0625 ], "texture": "#jtdb" },
				"south": { "uv": [ 15.875, 12.5625, 16, 12.625 ], "texture": "#jtdb" },
				"west": { "uv": [ 14.25, 12.1875, 14.375, 12.25 ], "texture": "#jtdb" },
				"east": { "uv": [ 5.3125, 3.875, 5.1875, 3.9375 ], "texture": "#jtdb" }
			}
		},
		{
			"__comment": "Voxels",
			"from": [ 7.875, 19.625, 7.625 ],
			"to": [ 8.125, 19.875, 7.875 ],
			"faces": {
				"down": { "uv": [ 14.875, 12.75, 15, 12.875 ], "texture": "#jtdb" },
				"up": { "uv": [ 15, 12.875, 15.125, 12.75 ], "texture": "#jtdb" },
				"north": { "uv": [ 15, 12.625, 14.875, 12.75 ], "texture": "#jtdb" },
				"south": { "uv": [ 0.5, 0.5, 0.625, 0.625 ], "texture": "#jtdb" },
				"west": { "uv": [ 15, 12.625, 15.125, 12.75 ], "texture": "#jtdb" },
				"east": { "uv": [ 15, 12.5, 14.875, 12.625 ], "texture": "#jtdb" }
			}
		},
		{
			"__comment": "Voxels",
			"from": [ 7.875, 19.875, 7.75 ],
			"to": [ 8.125, 20.125, 8.25 ],
			"faces": {
				"down": { "uv": [ 15.875, 15.75, 16, 16 ], "texture": "#jtdb" },
				"up": { "uv": [ 11, 12.6875, 11.125, 12.4375 ], "texture": "#jtdb" },
				"north": { "uv": [ 15.125, 12.5, 15, 12.625 ], "texture": "#jtdb" },
				"south": { "uv": [ 14.875, 12.3125, 15, 12.4375 ], "texture": "#jtdb" },
				"west": { "uv": [ 13.4375, 12.375, 13.6875, 12.5 ], "texture": "#jtdb" },
				"east": { "uv": [ 13.6875, 12.625, 13.4375, 12.75 ], "texture": "#jtdb" }
			}
		},
		{
			"__comment": "Voxels",
			"from": [ 7.875, 20.125, 7.875 ],
			"to": [ 8.125, 20.375, 8.25 ],
			"faces": {
				"down": { "uv": [ 11, 14.4375, 11.125, 14.625 ], "texture": "#jtdb" },
				"up": { "uv": [ 3.25, 3.3125, 3.375, 3.125 ], "texture": "#jtdb" },
				"north": { "uv": [ 15.75, 12.9375, 15.625, 13.0625 ], "texture": "#jtdb" },
				"south": { "uv": [ 15.25, 12.8125, 15.375, 12.9375 ], "texture": "#jtdb" },
				"west": { "uv": [ 14.5625, 13, 14.75, 13.125 ], "texture": "#jtdb" },
				"east": { "uv": [ 14.5625, 12.875, 14.375, 13 ], "texture": "#jtdb" }
			}
		},
		{
			"__comment": "Voxels",
			"from": [ 7.875, 20.375, 8 ],
			"to": [ 8.125, 20.5, 8.5 ],
			"faces": {
				"down": { "uv": [ 10.375, 13.1875, 10.5, 13.4375 ], "texture": "#jtdb" },
				"up": { "uv": [ 9.1875, 13.25, 9.3125, 13 ], "texture": "#jtdb" },
				"north": { "uv": [ 5.3125, 3.9375, 5.1875, 4 ], "texture": "#jtdb" },
				"south": { "uv": [ 5.4375, 4, 5.5625, 4.0625 ], "texture": "#jtdb" },
				"west": { "uv": [ 15.5, 13.0625, 15.75, 13.125 ], "texture": "#jtdb" },
				"east": { "uv": [ 16, 13.125, 15.75, 13.1875 ], "texture": "#jtdb" }
			}
		},
		{
			"__comment": "Voxels",
			"from": [ 7.875, 20.375, 8.625 ],
			"to": [ 8.125, 20.5, 8.75 ],
			"faces": {
				"down": { "uv": [ 5.3125, 4, 5.4375, 4.0625 ], "texture": "#jtdb" },
				"up": { "uv": [ 5.1875, 4.0625, 5.3125, 4 ], "texture": "#jtdb" },
				"north": { "uv": [ 5.5625, 3.9375, 5.4375, 4 ], "texture": "#jtdb" },
				"south": { "uv": [ 5.3125, 3.9375, 5.4375, 4 ], "texture": "#jtdb" },
				"west": { "uv": [ 5.3125, 3.6875, 5.375, 3.75 ], "texture": "#jtdb" },
				"east": { "uv": [ 5.3125, 3.6875, 5.25, 3.75 ], "texture": "#jtdb" }
			}
		},
		{
			"__comment": "Voxels",
			"from": [ 7.875, 20.5, 8.125 ],
			"to": [ 8.125, 20.625, 8.5 ],
			"faces": {
				"down": { "uv": [ 10.375, 13, 10.5, 13.1875 ], "texture": "#jtdb" },
				"up": { "uv": [ 10.375, 12.75, 10.5, 12.5625 ], "texture": "#jtdb" },
				"north": { "uv": [ 16, 12.1875, 15.875, 12.25 ], "texture": "#jtdb" },
				"south": { "uv": [ 15.875, 12.5, 16, 12.5625 ], "texture": "#jtdb" },
				"west": { "uv": [ 15.8125, 13.3125, 16, 13.375 ], "texture": "#jtdb" },
				"east": { "uv": [ 15.6875, 12.875, 15.5, 12.9375 ], "texture": "#jtdb" }
			}
		},
		{
			"__comment": "Voxels",
			"from": [ 7.875, 20.625, 8.25 ],
			"to": [ 8.125, 20.75, 8.5 ],
			"faces": {
				"down": { "uv": [ 15.875, 12.9375, 16, 13.0625 ], "texture": "#jtdb" },
				"up": { "uv": [ 15.75, 13.0625, 15.875, 12.9375 ], "texture": "#jtdb" },
				"north": { "uv": [ 5.3125, 4.25, 5.1875, 4.3125 ], "texture": "#jtdb" },
				"south": { "uv": [ 5.3125, 4.25, 5.4375, 4.3125 ], "texture": "#jtdb" },
				"west": { "uv": [ 5.4375, 4.25, 5.5625, 4.3125 ], "texture": "#jtdb" },
				"east": { "uv": [ 5.3125, 4.1875, 5.1875, 4.25 ], "texture": "#jtdb" }
			}
		},
		{
			"__comment": "Voxels",
			"from": [ 7.875, 20.75, 8.375 ],
			"to": [ 8.125, 20.875, 8.5 ],
			"faces": {
				"down": { "uv": [ 5.3125, 4.1875, 5.4375, 4.25 ], "texture": "#jtdb" },
				"up": { "uv": [ 5.4375, 4.25, 5.5625, 4.1875 ], "texture": "#jtdb" },
				"north": { "uv": [ 5.375, 4.125, 5.25, 4.1875 ], "texture": "#jtdb" },
				"south": { "uv": [ 5.25, 4.0625, 5.375, 4.125 ], "texture": "#jtdb" },
				"west": { "uv": [ 5.375, 3.75, 5.4375, 3.8125 ], "texture": "#jtdb" },
				"east": { "uv": [ 5.5, 3.75, 5.4375, 3.8125 ], "texture": "#jtdb" }
			}
		},
		{
			"__comment": "Voxels",
			"from": [ 8, -10.75, 7.875 ],
			"to": [ 8.625, -10.625, 8 ],
			"faces": {
				"down": { "uv": [ 4.4375, 0, 4.75, 0.0625 ], "texture": "#jtdb" },
				"up": { "uv": [ 2.4375, 0.0625, 2.75, 0 ], "texture": "#jtdb" },
				"north": { "uv": [ 15.625, 15.3125, 15.3125, 15.375 ], "texture": "#jtdb" },
				"south": { "uv": [ 15, 15.3125, 15.3125, 15.375 ], "texture": "#jtdb" },
				"west": { "uv": [ 5.4375, 3.6875, 5.5, 3.75 ], "texture": "#jtdb" },
				"east": { "uv": [ 5.5625, 3.6875, 5.5, 3.75 ], "texture": "#jtdb" }
			}
		},
		{
			"__comment": "Voxels",
			"from": [ 8, 19.25, 7.25 ],
			"to": [ 8.125, 19.5, 7.375 ],
			"faces": {
				"down": { "uv": [ 5.1875, 3.625, 5.25, 3.6875 ], "texture": "#jtdb" },
				"up": { "uv": [ 5.25, 3.6875, 5.3125, 3.625 ], "texture": "#jtdb" },
				"north": { "uv": [ 15.5625, 12.3125, 15.5, 12.4375 ], "texture": "#jtdb" },
				"south": { "uv": [ 15.5625, 12.3125, 15.625, 12.4375 ], "texture": "#jtdb" },
				"west": { "uv": [ 15.6875, 12.375, 15.75, 12.5 ], "texture": "#jtdb" },
				"east": { "uv": [ 15.75, 12.25, 15.6875, 12.375 ], "texture": "#jtdb" }
			}
		},
		{
			"__comment": "Voxels",
			"from": [ 8, 19.5, 7.375 ],
			"to": [ 8.125, 19.75, 7.5 ],
			"faces": {
				"down": { "uv": [ 5.3125, 3.625, 5.375, 3.6875 ], "texture": "#jtdb" },
				"up": { "uv": [ 5.4375, 3.6875, 5.5, 3.625 ], "texture": "#jtdb" },
				"north": { "uv": [ 15.8125, 12.25, 15.75, 12.375 ], "texture": "#jtdb" },
				"south": { "uv": [ 15.8125, 12.25, 15.875, 12.375 ], "texture": "#jtdb" },
				"west": { "uv": [ 15.875, 12.25, 15.9375, 12.375 ], "texture": "#jtdb" },
				"east": { "uv": [ 5.125, 0.25, 5.0625, 0.375 ], "texture": "#jtdb" }
			}
		},
		{
			"__comment": "Voxels",
			"from": [ 8, 19.625, 7.5 ],
			"to": [ 8.125, 20, 7.625 ],
			"faces": {
				"down": { "uv": [ 5.1875, 3.5625, 5.25, 3.625 ], "texture": "#jtdb" },
				"up": { "uv": [ 5.25, 3.625, 5.3125, 3.5625 ], "texture": "#jtdb" },
				"north": { "uv": [ 15.3125, 12.625, 15.25, 12.8125 ], "texture": "#jtdb" },
				"south": { "uv": [ 15.3125, 12.25, 15.375, 12.4375 ], "texture": "#jtdb" },
				"west": { "uv": [ 15.375, 12.625, 15.4375, 12.8125 ], "texture": "#jtdb" },
				"east": { "uv": [ 15.5, 12.625, 15.4375, 12.8125 ], "texture": "#jtdb" }
			}
		},
		{
			"__comment": "Voxels",
			"from": [ 8, 19.875, 7.625 ],
			"to": [ 8.125, 20.25, 7.75 ],
			"faces": {
				"down": { "uv": [ 5.5, 3.25, 5.5625, 3.3125 ], "texture": "#jtdb" },
				"up": { "uv": [ 5.1875, 3.5625, 5.25, 3.5 ], "texture": "#jtdb" },
				"north": { "uv": [ 15.5, 12.4375, 15.4375, 12.625 ], "texture": "#jtdb" },
				"south": { "uv": [ 15.4375, 12.25, 15.5, 12.4375 ], "texture": "#jtdb" },
				"west": { "uv": [ 15.5, 12.625, 15.5625, 12.8125 ], "texture": "#jtdb" },
				"east": { "uv": [ 15.625, 12.625, 15.5625, 12.8125 ], "texture": "#jtdb" }
			}
		},
		{
			"__comment": "Voxels",
			"from": [ 8, 20.125, 7.75 ],
			"to": [ 8.125, 20.375, 7.875 ],
			"faces": {
				"down": { "uv": [ 5.5, 3.5, 5.5625, 3.5625 ], "texture": "#jtdb" },
				"up": { "uv": [ 5.25, 3.5, 5.3125, 3.4375 ], "texture": "#jtdb" },
				"north": { "uv": [ 5.25, 4.0625, 5.1875, 4.1875 ], "texture": "#jtdb" },
				"south": { "uv": [ 5.375, 4.0625, 5.4375, 4.1875 ], "texture": "#jtdb" },
				"west": { "uv": [ 5.0625, 0.125, 5.125, 0.25 ], "texture": "#jtdb" },
				"east": { "uv": [ 5.5, 4.0625, 5.4375, 4.1875 ], "texture": "#jtdb" }
			}
		},
		{
			"__comment": "Voxels",
			"from": [ 8, 20.375, 7.875 ],
			"to": [ 8.125, 20.5, 8 ],
			"faces": {
				"down": { "uv": [ 5.1875, 3.1875, 5.25, 3.25 ], "texture": "#jtdb" },
				"up": { "uv": [ 5.3125, 3.1875, 5.375, 3.125 ], "texture": "#jtdb" },
				"north": { "uv": [ 5.4375, 3.125, 5.375, 3.1875 ], "texture": "#jtdb" },
				"south": { "uv": [ 5.5, 3.125, 5.5625, 3.1875 ], "texture": "#jtdb" },
				"west": { "uv": [ 5.1875, 3.0625, 5.25, 3.125 ], "texture": "#jtdb" },
				"east": { "uv": [ 5.375, 3.5625, 5.3125, 3.625 ], "texture": "#jtdb" }
			}
		},
		{
			"__comment": "Voxels",
			"from": [ 8, 20.5, 8 ],
			"to": [ 8.125, 20.625, 8.125 ],
			"faces": {
				"down": { "uv": [ 5.375, 3.5625, 5.4375, 3.625 ], "texture": "#jtdb" },
				"up": { "uv": [ 5.4375, 3.625, 5.5, 3.5625 ], "texture": "#jtdb" },
				"north": { "uv": [ 5.5625, 3.5625, 5.5, 3.625 ], "texture": "#jtdb" },
				"south": { "uv": [ 5.25, 3.0625, 5.3125, 3.125 ], "texture": "#jtdb" },
				"west": { "uv": [ 5.25, 3.5, 5.3125, 3.5625 ], "texture": "#jtdb" },
				"east": { "uv": [ 5.375, 3.5, 5.3125, 3.5625 ], "texture": "#jtdb" }
			}
		},
		{
			"__comment": "Voxels",
			"from": [ 8, 20.5, 8.625 ],
			"to": [ 8.125, 21, 8.75 ],
			"faces": {
				"down": { "uv": [ 5.375, 3.5, 5.4375, 3.5625 ], "texture": "#jtdb" },
				"up": { "uv": [ 5.4375, 3.5625, 5.5, 3.5 ], "texture": "#jtdb" },
				"north": { "uv": [ 13.0625, 12.1875, 13, 12.4375 ], "texture": "#jtdb" },
				"south": { "uv": [ 12.1875, 12.1875, 12.25, 12.4375 ], "texture": "#jtdb" },
				"west": { "uv": [ 12.25, 12.1875, 12.3125, 12.4375 ], "texture": "#jtdb" },
				"east": { "uv": [ 14.875, 12.3125, 14.8125, 12.5625 ], "texture": "#jtdb" }
			}
		},
		{
			"__comment": "Voxels",
			"from": [ 8, 20.625, 8.125 ],
			"to": [ 8.125, 20.75, 8.25 ],
			"faces": {
				"down": { "uv": [ 5.375, 3.4375, 5.4375, 3.5 ], "texture": "#jtdb" },
				"up": { "uv": [ 5.4375, 3.5, 5.5, 3.4375 ], "texture": "#jtdb" },
				"north": { "uv": [ 5.5625, 3.4375, 5.5, 3.5 ], "texture": "#jtdb" },
				"south": { "uv": [ 5.1875, 3.375, 5.25, 3.4375 ], "texture": "#jtdb" },
				"west": { "uv": [ 5.5, 3.375, 5.5625, 3.4375 ], "texture": "#jtdb" },
				"east": { "uv": [ 5.25, 3.3125, 5.1875, 3.375 ], "texture": "#jtdb" }
			}
		},
		{
			"__comment": "Voxels",
			"from": [ 8, 20.75, 8.25 ],
			"to": [ 8.125, 20.875, 8.375 ],
			"faces": {
				"down": { "uv": [ 5.25, 3.3125, 5.3125, 3.375 ], "texture": "#jtdb" },
				"up": { "uv": [ 5.4375, 3.375, 5.5, 3.3125 ], "texture": "#jtdb" },
				"north": { "uv": [ 5.3125, 3.25, 5.25, 3.3125 ], "texture": "#jtdb" },
				"south": { "uv": [ 5.3125, 3.25, 5.375, 3.3125 ], "texture": "#jtdb" },
				"west": { "uv": [ 5.375, 3.25, 5.4375, 3.3125 ], "texture": "#jtdb" },
				"east": { "uv": [ 5.5, 3.25, 5.4375, 3.3125 ], "texture": "#jtdb" }
			}
		},
		{
			"__comment": "Voxels",
			"from": [ 8, 20.875, 8.375 ],
			"to": [ 8.125, 21, 8.625 ],
			"faces": {
				"down": { "uv": [ 14.5625, 12.1875, 14.625, 12.3125 ], "texture": "#jtdb" },
				"up": { "uv": [ 14.75, 12.3125, 14.8125, 12.1875 ], "texture": "#jtdb" },
				"north": { "uv": [ 5.3125, 3.1875, 5.25, 3.25 ], "texture": "#jtdb" },
				"south": { "uv": [ 5.4375, 3.1875, 5.5, 3.25 ], "texture": "#jtdb" },
				"west": { "uv": [ 15.875, 15.6875, 16, 15.75 ], "texture": "#jtdb" },
				"east": { "uv": [ 16, 14, 15.875, 14.0625 ], "texture": "#jtdb" }
			}
		},
		{
			"__comment": "Voxels",
			"from": [ 8.125, 18.75, 7.375 ],
			"to": [ 8.25, 19.25, 7.5 ],
			"faces": {
				"down": { "uv": [ 5.25, 3.125, 5.3125, 3.1875 ], "texture": "#jtdb" },
				"up": { "uv": [ 5.4375, 3.1875, 5.5, 3.125 ], "texture": "#jtdb" },
				"north": { "uv": [ 14.875, 12.5625, 14.8125, 12.8125 ], "texture": "#jtdb" },
				"south": { "uv": [ 13.6875, 12.1875, 13.75, 12.4375 ], "texture": "#jtdb" },
				"west": { "uv": [ 12.9375, 12.25, 13, 12.5 ], "texture": "#jtdb" },
				"east": { "uv": [ 12.375, 12.1875, 12.3125, 12.4375 ], "texture": "#jtdb" }
			}
		},
		{
			"__comment": "Voxels",
			"from": [ 8.125, 19.875, 8 ],
			"to": [ 8.25, 20, 8.25 ],
			"faces": {
				"down": { "uv": [ 15.5, 15.6875, 15.5625, 15.8125 ], "texture": "#jtdb" },
				"up": { "uv": [ 15.9375, 14.4375, 16, 14.3125 ], "texture": "#jtdb" },
				"north": { "uv": [ 11.75, 12.1875, 11.6875, 12.25 ], "texture": "#jtdb" },
				"south": { "uv": [ 13.3125, 12.1875, 13.375, 12.25 ], "texture": "#jtdb" },
				"west": { "uv": [ 9.75, 12.5625, 9.875, 12.625 ], "texture": "#jtdb" },
				"east": { "uv": [ 11.125, 12.375, 11, 12.4375 ], "texture": "#jtdb" }
			}
		},
		{
			"__comment": "Voxels",
			"from": [ 8.125, 20, 8.125 ],
			"to": [ 8.25, 20.25, 8.25 ],
			"faces": {
				"down": { "uv": [ 13.375, 12.1875, 13.4375, 12.25 ], "texture": "#jtdb" },
				"up": { "uv": [ 13.625, 13.625, 13.6875, 13.5625 ], "texture": "#jtdb" },
				"north": { "uv": [ 14.875, 12.1875, 14.8125, 12.3125 ], "texture": "#jtdb" },
				"south": { "uv": [ 15.1875, 12.1875, 15.25, 12.3125 ], "texture": "#jtdb" },
				"west": { "uv": [ 15.875, 12.8125, 15.9375, 12.9375 ], "texture": "#jtdb" },
				"east": { "uv": [ 16, 12.8125, 15.9375, 12.9375 ], "texture": "#jtdb" }
			}
		},
		{
			"__comment": "Voxels",
			"from": [ 8.125, 20.375, 8.375 ],
			"to": [ 8.25, 20.625, 8.5 ],
			"faces": {
				"down": { "uv": [ 13.625, 12.75, 13.6875, 12.8125 ], "texture": "#jtdb" },
				"up": { "uv": [ 14.75, 13.1875, 14.8125, 13.125 ], "texture": "#jtdb" },
				"north": { "uv": [ 15.6875, 12.3125, 15.625, 12.4375 ], "texture": "#jtdb" },
				"south": { "uv": [ 15.5, 12.1875, 15.5625, 12.3125 ], "texture": "#jtdb" },
				"west": { "uv": [ 15.5625, 12.1875, 15.625, 12.3125 ], "texture": "#jtdb" },
				"east": { "uv": [ 15.6875, 12.1875, 15.625, 12.3125 ], "texture": "#jtdb" }
			}
		},
		{
			"__comment": "Voxels",
			"from": [ 8.25, 5.75, 7.625 ],
			"to": [ 8.375, 8, 7.75 ],
			"faces": {
				"down": { "uv": [ 14.75, 12.8125, 14.8125, 12.875 ], "texture": "#jtdb" },
				"up": { "uv": [ 14.375, 12.25, 14.4375, 12.1875 ], "texture": "#jtdb" },
				"north": { "uv": [ 11.9375, 12.1875, 11.875, 13.3125 ], "texture": "#jtdb" },
				"south": { "uv": [ 11.8125, 12.1875, 11.875, 13.3125 ], "texture": "#jtdb" },
				"west": { "uv": [ 12.0625, 12.1875, 12.125, 13.3125 ], "texture": "#jtdb" },
				"east": { "uv": [ 12, 12.1875, 11.9375, 13.3125 ], "texture": "#jtdb" }
			}
		},
		{
			"__comment": "Voxels",
			"from": [ 8.25, 18.625, 8.375 ],
			"to": [ 8.375, 18.75, 8.5 ],
			"faces": {
				"down": { "uv": [ 15.25, 12.1875, 15.3125, 12.25 ], "texture": "#jtdb" },
				"up": { "uv": [ 15.3125, 12.25, 15.375, 12.1875 ], "texture": "#jtdb" },
				"north": { "uv": [ 15.4375, 12.1875, 15.375, 12.25 ], "texture": "#jtdb" },
				"south": { "uv": [ 15.4375, 12.1875, 15.5, 12.25 ], "texture": "#jtdb" },
				"west": { "uv": [ 15.6875, 12.1875, 15.75, 12.25 ], "texture": "#jtdb" },
				"east": { "uv": [ 5.25, 3.4375, 5.1875, 3.5 ], "texture": "#jtdb" }
			}
		},
		{
			"__comment": "Voxels",
			"from": [ 8.375, 1.5, 7.875 ],
			"to": [ 8.5, 2, 8 ],
			"faces": {
				"down": { "uv": [ 15.8125, 12.1875, 15.875, 12.25 ], "texture": "#jtdb" },
				"up": { "uv": [ 5.3125, 3.9375, 5.375, 3.875 ], "texture": "#jtdb" },
				"north": { "uv": [ 12.4375, 12.1875, 12.375, 12.4375 ], "texture": "#jtdb" },
				"south": { "uv": [ 15.125, 12.6875, 15.1875, 12.9375 ], "texture": "#jtdb" },
				"west": { "uv": [ 15.125, 12.4375, 15.1875, 12.6875 ], "texture": "#jtdb" },
				"east": { "uv": [ 3.0625, 0, 3, 0.25 ], "texture": "#jtdb" }
			}
		},
		{
			"__comment": "Voxels",
			"from": [ 8.375, 2, 8.375 ],
			"to": [ 8.5, 2.625, 8.5 ],
			"faces": {
				"down": { "uv": [ 5.25, 3.8125, 5.3125, 3.875 ], "texture": "#jtdb" },
				"up": { "uv": [ 5.3125, 3.875, 5.375, 3.8125 ], "texture": "#jtdb" },
				"north": { "uv": [ 11.125, 12.6875, 11.0625, 13 ], "texture": "#jtdb" },
				"south": { "uv": [ 15.9375, 15.375, 16, 15.6875 ], "texture": "#jtdb" },
				"west": { "uv": [ 14.5, 12.3125, 14.5625, 12.625 ], "texture": "#jtdb" },
				"east": { "uv": [ 14.625, 12.3125, 14.5625, 12.625 ], "texture": "#jtdb" }
			}
		},
		{
			"__comment": "Voxels",
			"from": [ 8.5, -10.625, 8.5 ],
			"to": [ 8.625, -0.25, 8.625 ],
			"faces": {
				"down": { "uv": [ 5.25, 3.75, 5.3125, 3.8125 ], "texture": "#jtdb" },
				"up": { "uv": [ 5.3125, 3.8125, 5.375, 3.75 ], "texture": "#jtdb" },
				"north": { "uv": [ 3.5625, 0.1875, 3.5, 5.375 ], "texture": "#jtdb" },
				"south": { "uv": [ 3.375, 0.1875, 3.4375, 5.375 ], "texture": "#jtdb" },
				"west": { "uv": [ 3.5625, 0.1875, 3.625, 5.375 ], "texture": "#jtdb" },
				"east": { "uv": [ 3.5, 0.1875, 3.4375, 5.375 ], "texture": "#jtdb" }
			}
		},
		{
			"__comment": "Voxels",
			"from": [ 8.5, -10.5, 7.25 ],
			"to": [ 8.625, -8.625, 7.375 ],
			"faces": {
				"down": { "uv": [ 5.5, 3.75, 5.5625, 3.8125 ], "texture": "#jtdb" },
				"up": { "uv": [ 5.1875, 3.75, 5.25, 3.6875 ], "texture": "#jtdb" },
				"north": { "uv": [ 12.375, 12.4375, 12.3125, 13.375 ], "texture": "#jtdb" },
				"south": { "uv": [ 12.25, 12.4375, 12.3125, 13.375 ], "texture": "#jtdb" },
				"west": { "uv": [ 1.75, 0, 1.8125, 0.9375 ], "texture": "#jtdb" },
				"east": { "uv": [ 1.8125, 0.9375, 1.75, 1.875 ], "texture": "#jtdb" }
			}
		},
		{
			"__comment": "Voxels",
			"from": [ 8.5, -10.5, 8.625 ],
			"to": [ 8.625, -9.75, 8.75 ],
			"faces": {
				"down": { "uv": [ 5.375, 3.6875, 5.4375, 3.75 ], "texture": "#jtdb" },
				"up": { "uv": [ 5.1875, 3.3125, 5.25, 3.25 ], "texture": "#jtdb" },
				"north": { "uv": [ 13.375, 12.25, 13.3125, 12.625 ], "texture": "#jtdb" },
				"south": { "uv": [ 14.3125, 13.1875, 14.375, 13.5625 ], "texture": "#jtdb" },
				"west": { "uv": [ 14.25, 12.8125, 14.3125, 13.1875 ], "texture": "#jtdb" },
				"east": { "uv": [ 14.375, 12.8125, 14.3125, 13.1875 ], "texture": "#jtdb" }
			}
		},
		{
			"__comment": "Voxels",
			"from": [ 8.5, -10.375, 7.5 ],
			"to": [ 8.625, -10, 8.5 ],
			"faces": {
				"down": { "uv": [ 13.875, 13, 13.9375, 13.5 ], "texture": "#jtdb" },
				"up": { "uv": [ 13.8125, 13, 13.875, 12.5 ], "texture": "#jtdb" },
				"north": { "uv": [ 3.375, 0, 3.3125, 0.1875 ], "texture": "#jtdb" },
				"south": { "uv": [ 15.1875, 12.3125, 15.25, 12.5 ], "texture": "#jtdb" },
				"west": { "uv": [ 13.5, 14.9375, 14, 15.125 ], "texture": "#jtdb" },
				"east": { "uv": [ 13.5, 14.75, 13, 14.9375 ], "texture": "#jtdb" }
			}
		},
		{
			"__comment": "Voxels",
			"from": [ 8.5, -9.375, 7.5 ],
			"to": [ 8.625, -9, 8.5 ],
			"faces": {
				"down": { "uv": [ 13.9375, 13, 14, 13.5 ], "texture": "#jtdb" },
				"up": { "uv": [ 14, 13.5, 14.0625, 13 ], "texture": "#jtdb" },
				"north": { "uv": [ 15.375, 12.625, 15.3125, 12.8125 ], "texture": "#jtdb" },
				"south": { "uv": [ 15.3125, 12.4375, 15.375, 12.625 ], "texture": "#jtdb" },
				"west": { "uv": [ 15.5, 14.9375, 16, 15.125 ], "texture": "#jtdb" },
				"east": { "uv": [ 14, 14.75, 13.5, 14.9375 ], "texture": "#jtdb" }
			}
		},
		{
			"__comment": "Voxels",
			"from": [ 8.5, -8.375, 7.5 ],
			"to": [ 8.625, -8.125, 8.5 ],
			"faces": {
				"down": { "uv": [ 14.0625, 13, 14.125, 13.5 ], "texture": "#jtdb" },
				"up": { "uv": [ 13.875, 13, 13.9375, 12.5 ], "texture": "#jtdb" },
				"north": { "uv": [ 5.5625, 4.0625, 5.5, 4.1875 ], "texture": "#jtdb" },
				"south": { "uv": [ 5.0625, 0, 5.125, 0.125 ], "texture": "#jtdb" },
				"west": { "uv": [ 15, 15.6875, 15.5, 15.8125 ], "texture": "#jtdb" },
				"east": { "uv": [ 15, 14.8125, 14.5, 14.9375 ], "texture": "#jtdb" }
			}
		},
		{
			"__comment": "Voxels",
			"from": [ 8.5, -7.5, 7.5 ],
			"to": [ 8.625, -7.125, 8.5 ],
			"faces": {
				"down": { "uv": [ 13.9375, 12.5, 14, 13 ], "texture": "#jtdb" },
				"up": { "uv": [ 14, 13, 14.0625, 12.5 ], "texture": "#jtdb" },
				"north": { "uv": [ 15.6875, 12.625, 15.625, 12.8125 ], "texture": "#jtdb" },
				"south": { "uv": [ 15.6875, 12.625, 15.75, 12.8125 ], "texture": "#jtdb" },
				"west": { "uv": [ 14.125, 15.125, 14.625, 15.3125 ], "texture": "#jtdb" },
				"east": { "uv": [ 13.125, 15.125, 12.625, 15.3125 ], "texture": "#jtdb" }
			}
		},
		{
			"__comment": "Voxels",
			"from": [ 8.5, -7.125, 7.125 ],
			"to": [ 8.625, -1.875, 7.25 ],
			"faces": {
				"down": { "uv": [ 5.3125, 3.4375, 5.375, 3.5 ], "texture": "#jtdb" },
				"up": { "uv": [ 5.5, 3.375, 5.5625, 3.3125 ], "texture": "#jtdb" },
				"north": { "uv": [ 12.4375, 13.375, 12.375, 16 ], "texture": "#jtdb" },
				"south": { "uv": [ 12.3125, 13.375, 12.375, 16 ], "texture": "#jtdb" },
				"west": { "uv": [ 12.25, 13.375, 12.3125, 16 ], "texture": "#jtdb" },
				"east": { "uv": [ 12.25, 13.375, 12.1875, 16 ], "texture": "#jtdb" }
			}
		},
		{
			"__comment": "Voxels",
			"from": [ 8.5, -6.5, 7.5 ],
			"to": [ 8.625, -6.125, 8.5 ],
			"faces": {
				"down": { "uv": [ 0.5625, 0, 0.625, 0.5 ], "texture": "#jtdb" },
				"up": { "uv": [ 14.0625, 13, 14.125, 12.5 ], "texture": "#jtdb" },
				"north": { "uv": [ 15.9375, 12.625, 15.875, 12.8125 ], "texture": "#jtdb" },
				"south": { "uv": [ 15.9375, 12.625, 16, 12.8125 ], "texture": "#jtdb" },
				"west": { "uv": [ 13.125, 15.125, 13.625, 15.3125 ], "texture": "#jtdb" },
				"east": { "uv": [ 14.5, 14.75, 14, 14.9375 ], "texture": "#jtdb" }
			}
		},
		{
			"__comment": "Voxels",
			"from": [ 8.5, -6.5, 8.75 ],
			"to": [ 8.625, -1.125, 8.875 ],
			"faces": {
				"down": { "uv": [ 5.5, 3.1875, 5.5625, 3.25 ], "texture": "#jtdb" },
				"up": { "uv": [ 5.1875, 3.1875, 5.25, 3.125 ], "texture": "#jtdb" },
				"north": { "uv": [ 12.0625, 13.3125, 12, 16 ], "texture": "#jtdb" },
				"south": { "uv": [ 11.8125, 13.3125, 11.875, 16 ], "texture": "#jtdb" },
				"west": { "uv": [ 11.9375, 13.3125, 12, 16 ], "texture": "#jtdb" },
				"east": { "uv": [ 11.9375, 13.3125, 11.875, 16 ], "texture": "#jtdb" }
			}
		},
		{
			"__comment": "Voxels",
			"from": [ 8.5, -5.5, 7.5 ],
			"to": [ 8.625, -5.125, 8.5 ],
			"faces": {
				"down": { "uv": [ 14.125, 13.5, 14.1875, 14 ], "texture": "#jtdb" },
				"up": { "uv": [ 14.125, 13.5, 14.1875, 13 ], "texture": "#jtdb" },
				"north": { "uv": [ 3.4375, 0, 3.375, 0.1875 ], "texture": "#jtdb" },
				"south": { "uv": [ 15.1875, 12.5, 15.25, 12.6875 ], "texture": "#jtdb" },
				"west": { "uv": [ 14.5, 14.9375, 15, 15.125 ], "texture": "#jtdb" },
				"east": { "uv": [ 11.125, 12.1875, 10.625, 12.375 ], "texture": "#jtdb" }
			}
		},
		{
			"__comment": "Voxels",
			"from": [ 8.5, -4.5, 7.5 ],
			"to": [ 8.625, -4.125, 8.5 ],
			"faces": {
				"down": { "uv": [ 14.125, 12.5, 14.1875, 13 ], "texture": "#jtdb" },
				"up": { "uv": [ 14.1875, 14, 14.25, 13.5 ], "texture": "#jtdb" },
				"north": { "uv": [ 15.3125, 12.4375, 15.25, 12.625 ], "texture": "#jtdb" },
				"south": { "uv": [ 15.25, 12.25, 15.3125, 12.4375 ], "texture": "#jtdb" },
				"west": { "uv": [ 13, 14.9375, 13.5, 15.125 ], "texture": "#jtdb" },
				"east": { "uv": [ 15.5, 14.9375, 15, 15.125 ], "texture": "#jtdb" }
			}
		},
		{
			"__comment": "Voxels",
			"from": [ 8.5, -3.5, 7.5 ],
			"to": [ 8.625, -3.125, 8.5 ],
			"faces": {
				"down": { "uv": [ 14.1875, 13, 14.25, 13.5 ], "texture": "#jtdb" },
				"up": { "uv": [ 14.1875, 13, 14.25, 12.5 ], "texture": "#jtdb" },
				"north": { "uv": [ 15.4375, 12.4375, 15.375, 12.625 ], "texture": "#jtdb" },
				"south": { "uv": [ 15.375, 12.25, 15.4375, 12.4375 ], "texture": "#jtdb" },
				"west": { "uv": [ 13.625, 15.125, 14.125, 15.3125 ], "texture": "#jtdb" },
				"east": { "uv": [ 14.5, 14.9375, 14, 15.125 ], "texture": "#jtdb" }
			}
		},
		{
			"__comment": "Voxels",
			"from": [ 8.5, -3, 7.5 ],
			"to": [ 8.625, -0.25, 7.625 ],
			"faces": {
				"down": { "uv": [ 5.3125, 3.375, 5.375, 3.4375 ], "texture": "#jtdb" },
				"up": { "uv": [ 5.375, 3.4375, 5.4375, 3.375 ], "texture": "#jtdb" },
				"north": { "uv": [ 5.0625, 0.875, 5, 2.25 ], "texture": "#jtdb" },
				"south": { "uv": [ 13, 13.375, 13.0625, 14.75 ], "texture": "#jtdb" },
				"west": { "uv": [ 13.0625, 13.375, 13.125, 14.75 ], "texture": "#jtdb" },
				"east": { "uv": [ 13.1875, 13.375, 13.125, 14.75 ], "texture": "#jtdb" }
			}
		},
		{
			"__comment": "Voxels",
			"from": [ 8.5, -2.875, 8.375 ],
			"to": [ 8.625, -0.25, 8.5 ],
			"faces": {
				"down": { "uv": [ 5.3125, 3.3125, 5.375, 3.375 ], "texture": "#jtdb" },
				"up": { "uv": [ 5.375, 3.375, 5.4375, 3.3125 ], "texture": "#jtdb" },
				"north": { "uv": [ 13.25, 13.4375, 13.1875, 14.75 ], "texture": "#jtdb" },
				"south": { "uv": [ 13.3125, 13.4375, 13.375, 14.75 ], "texture": "#jtdb" },
				"west": { "uv": [ 13.25, 13.4375, 13.3125, 14.75 ], "texture": "#jtdb" },
				"east": { "uv": [ 13.4375, 13.4375, 13.375, 14.75 ], "texture": "#jtdb" }
			}
		},
		{
			"__comment": "Voxels",
			"from": [ 8.5, -2.125, 7.625 ],
			"to": [ 8.625, -0.25, 8.375 ],
			"faces": {
				"down": { "uv": [ 13.375, 12.25, 13.4375, 12.625 ], "texture": "#jtdb" },
				"up": { "uv": [ 14.25, 13.5625, 14.3125, 13.1875 ], "texture": "#jtdb" },
				"north": { "uv": [ 11.8125, 12.3125, 11.75, 13.25 ], "texture": "#jtdb" },
				"south": { "uv": [ 13, 12.4375, 13.0625, 13.375 ], "texture": "#jtdb" },
				"west": { "uv": [ 8.9375, 15.0625, 9.3125, 16 ], "texture": "#jtdb" },
				"east": { "uv": [ 9.3125, 14.125, 8.9375, 15.0625 ], "texture": "#jtdb" }
			}
		},
		{
			"__comment": "Voxels",
			"from": [ 8.5, -1.375, 7 ],
			"to": [ 8.625, 0.125, 7.125 ],
			"faces": {
				"down": { "uv": [ 5.3125, 3.1875, 5.375, 3.25 ], "texture": "#jtdb" },
				"up": { "uv": [ 5.375, 3.25, 5.4375, 3.1875 ], "texture": "#jtdb" },
				"north": { "uv": [ 5.0625, 0.125, 5, 0.875 ], "texture": "#jtdb" },
				"south": { "uv": [ 13.625, 12.8125, 13.6875, 13.5625 ], "texture": "#jtdb" },
				"west": { "uv": [ 13.6875, 13.875, 13.75, 14.625 ], "texture": "#jtdb" },
				"east": { "uv": [ 13.75, 13.125, 13.6875, 13.875 ], "texture": "#jtdb" }
			}
		},
		{
			"__comment": "Voxels",
			"from": [ 8.5, -0.25, 7.875 ],
			"to": [ 8.625, 0.875, 8.125 ],
			"faces": {
				"down": { "uv": [ 15.9375, 12.375, 16, 12.5 ], "texture": "#jtdb" },
				"up": { "uv": [ 15.9375, 12.375, 16, 12.25 ], "texture": "#jtdb" },
				"north": { "uv": [ 13.625, 13.5625, 13.5625, 14.125 ], "texture": "#jtdb" },
				"south": { "uv": [ 2.0625, 0, 2.125, 0.5625 ], "texture": "#jtdb" },
				"west": { "uv": [ 13.4375, 13.5625, 13.5625, 14.125 ], "texture": "#jtdb" },
				"east": { "uv": [ 9.875, 12.625, 9.75, 13.1875 ], "texture": "#jtdb" }
			}
		}
	],
	"display": {
		"thirdperson_righthand": {
			"translation":  [ 0, 4.5, 2 ],
			"scale":  [ 0.5, 0.5, 0.5 ]
		},
		"thirdperson_lefthand": {
			"rotation":  [ 0, 0, -180 ],
			"translation":  [ 0, -8.5, 2 ],
			"scale":  [ 0.5, 0.5, 0.5 ]
		},
		"firstperson_righthand": {
			"translation":  [ 0, 4.5, 2 ],
			"scale":  [ 0.5, 0.5, 0.5 ]
		},
		"firstperson_lefthand": {
			"rotation":  [ 0, 0, -180 ],
			"translation":  [ 0, -8.5, 2 ],
			"scale":  [ 0.5, 0.5, 0.5 ]
		},
		"gui": {
			"rotation":  [ 90, -135, 90 ],
			"translation":  [ 1, 1, 0 ],
			"scale":  [ 0.5, 0.5, 0.5 ]
		},
		"ground": {
			"translation":  [ 0, 9, 0 ],
			"scale":  [ 0.5, 0.5, 0.5 ]
		},
		"fixed": {
			"rotation":  [ 90, 0, 90 ],
			"scale":  [ 0.5, 0.5, 0.5 ]
		}
	}
}