{
	"__comment": "Designed by Ling_Meng with Cubik Studio - https://cubik.studio",
	"textures": {
		"djdj": "blocks/djdj"
	},
	"elements": [ 	 
		{
			"__comment": "Voxels",
			"from": [ -2.25, -9.375, 1 ],
			"to": [ 0.25, -9.125, 2 ],
			"faces": {
				"down": { "uv": [ 7.0625, 15.5, 8.3125, 16 ], "texture": "#djdj" },
				"up": { "uv": [ 3.3125, 16, 4.5625, 15.5 ], "texture": "#djdj" },
				"north": { "uv": [ 11.0625, 15.125, 9.8125, 15.25 ], "texture": "#djdj" },
				"south": { "uv": [ 8.5625, 15.125, 9.8125, 15.25 ], "texture": "#djdj" },
				"west": { "uv": [ 14.625, 14.75, 15.125, 14.875 ], "texture": "#djdj" },
				"east": { "uv": [ 15.625, 14.75, 15.125, 14.875 ], "texture": "#djdj" }
			}
		},
		{
			"__comment": "Voxels",
			"from": [ -2.25, -9.25, 0.875 ],
			"to": [ 0.25, -9.125, 1 ],
			"faces": {
				"down": { "uv": [ 7.6875, 14.5625, 8.9375, 14.625 ], "texture": "#djdj" },
				"up": { "uv": [ 7.6875, 14.5625, 8.9375, 14.5 ], "texture": "#djdj" },
				"north": { "uv": [ 10.1875, 14.5625, 8.9375, 14.625 ], "texture": "#djdj" },
				"south": { "uv": [ 8.9375, 14.5, 10.1875, 14.5625 ], "texture": "#djdj" },
				"west": { "uv": [ 8.3125, 13.625, 8.375, 13.6875 ], "texture": "#djdj" },
				"east": { "uv": [ 3.5625, 4.375, 3.5, 4.4375 ], "texture": "#djdj" }
			}
		},
		{
			"__comment": "Voxels",
			"from": [ -2.25, -9.25, 2 ],
			"to": [ 0.25, -8.75, 2.125 ],
			"faces": {
				"down": { "uv": [ 10.8125, 14.5625, 12.0625, 14.625 ], "texture": "#djdj" },
				"up": { "uv": [ 10.8125, 14.5625, 12.0625, 14.5 ], "texture": "#djdj" },
				"north": { "uv": [ 11.0625, 15.25, 9.8125, 15.5 ], "texture": "#djdj" },
				"south": { "uv": [ 8.5625, 15.25, 9.8125, 15.5 ], "texture": "#djdj" },
				"west": { "uv": [ 3.3125, 0, 3.375, 0.25 ], "texture": "#djdj" },
				"east": { "uv": [ 1, 0.3125, 0.9375, 0.5625 ], "texture": "#djdj" }
			}
		},
		{
			"__comment": "Voxels",
			"from": [ -2.25, -9.125, 0.875 ],
			"to": [ -1.5, -8.75, 2 ],
			"faces": {
				"down": { "uv": [ 0.625, 0.5625, 1, 1.125 ], "texture": "#djdj" },
				"up": { "uv": [ 0.625, 2, 1, 1.4375 ], "texture": "#djdj" },
				"north": { "uv": [ 1, 0.125, 0.625, 0.3125 ], "texture": "#djdj" },
				"south": { "uv": [ 15.625, 14.9375, 16, 15.125 ], "texture": "#djdj" },
				"west": { "uv": [ 3.5625, 14.3125, 4.125, 14.5 ], "texture": "#djdj" },
				"east": { "uv": [ 4.6875, 14.3125, 4.125, 14.5 ], "texture": "#djdj" }
			}
		},
		{
			"__comment": "Voxels",
			"from": [ -2.25, -8.75, 1 ],
			"to": [ 0.25, -8.625, 2 ],
			"faces": {
				"down": { "uv": [ 5.8125, 15.5, 7.0625, 16 ], "texture": "#djdj" },
				"up": { "uv": [ 4.5625, 16, 5.8125, 15.5 ], "texture": "#djdj" },
				"north": { "uv": [ 15.1875, 14.5, 13.9375, 14.5625 ], "texture": "#djdj" },
				"south": { "uv": [ 13.9375, 14.5625, 15.1875, 14.625 ], "texture": "#djdj" },
				"west": { "uv": [ 9.9375, 13.875, 10.4375, 13.9375 ], "texture": "#djdj" },
				"east": { "uv": [ 10.9375, 13.875, 10.4375, 13.9375 ], "texture": "#djdj" }
			}
		},
		{
			"__comment": "Voxels",
			"from": [ -2.125, -9.5, 1 ],
			"to": [ 0.125, -9.375, 2 ],
			"faces": {
				"down": { "uv": [ 10.5625, 15.5, 11.6875, 16 ], "texture": "#djdj" },
				"up": { "uv": [ 8.3125, 16, 9.4375, 15.5 ], "texture": "#djdj" },
				"north": { "uv": [ 11.4375, 14.3125, 10.3125, 14.375 ], "texture": "#djdj" },
				"south": { "uv": [ 10.3125, 14.375, 11.4375, 14.4375 ], "texture": "#djdj" },
				"west": { "uv": [ 10.9375, 13.875, 11.4375, 13.9375 ], "texture": "#djdj" },
				"east": { "uv": [ 13.9375, 13.875, 13.4375, 13.9375 ], "texture": "#djdj" }
			}
		},
		{
			"__comment": "Voxels",
			"from": [ -2.125, -9.375, 0.75 ],
			"to": [ 0.125, -9.125, 0.875 ],
			"faces": {
				"down": { "uv": [ 5.8125, 14.375, 6.9375, 14.4375 ], "texture": "#djdj" },
				"up": { "uv": [ 9.1875, 14.375, 10.3125, 14.3125 ], "texture": "#djdj" },
				"north": { "uv": [ 13.625, 15, 12.5, 15.125 ], "texture": "#djdj" },
				"south": { "uv": [ 11.375, 15, 12.5, 15.125 ], "texture": "#djdj" },
				"west": { "uv": [ 2.5, 0, 2.5625, 0.125 ], "texture": "#djdj" },
				"east": { "uv": [ 16, 15.5, 15.9375, 15.625 ], "texture": "#djdj" }
			}
		},
		{
			"__comment": "Voxels",
			"from": [ -2.125, -9.375, 0.875 ],
			"to": [ 0.125, -9.25, 1 ],
			"faces": {
				"down": { "uv": [ 4.6875, 14.3125, 5.8125, 14.375 ], "texture": "#djdj" },
				"up": { "uv": [ 6.9375, 14.4375, 8.0625, 14.375 ], "texture": "#djdj" },
				"north": { "uv": [ 8.0625, 14.3125, 6.9375, 14.375 ], "texture": "#djdj" },
				"south": { "uv": [ 11.4375, 14.4375, 12.5625, 14.5 ], "texture": "#djdj" },
				"west": { "uv": [ 3.4375, 0, 3.5, 0.0625 ], "texture": "#djdj" },
				"east": { "uv": [ 3.5625, 5.3125, 3.5, 5.375 ], "texture": "#djdj" }
			}
		},
		{
			"__comment": "Voxels",
			"from": [ -2.125, -9.375, 2 ],
			"to": [ 0.125, -9.25, 2.25 ],
			"faces": {
				"down": { "uv": [ 11.375, 14.875, 12.5, 15 ], "texture": "#djdj" },
				"up": { "uv": [ 11.375, 14.875, 12.5, 14.75 ], "texture": "#djdj" },
				"north": { "uv": [ 12.5625, 14.375, 11.4375, 14.4375 ], "texture": "#djdj" },
				"south": { "uv": [ 6.9375, 14.4375, 8.0625, 14.5 ], "texture": "#djdj" },
				"west": { "uv": [ 8.8125, 13.75, 8.9375, 13.8125 ], "texture": "#djdj" },
				"east": { "uv": [ 9.0625, 13.75, 8.9375, 13.8125 ], "texture": "#djdj" }
			}
		},
		{
			"__comment": "Voxels",
			"from": [ -2.125, -9.25, 2.125 ],
			"to": [ 0.125, -8.625, 2.25 ],
			"faces": {
				"down": { "uv": [ 8.0625, 14.4375, 9.1875, 14.5 ], "texture": "#djdj" },
				"up": { "uv": [ 9.1875, 14.5, 10.3125, 14.4375 ], "texture": "#djdj" },
				"north": { "uv": [ 7.4375, 15.1875, 6.3125, 15.5 ], "texture": "#djdj" },
				"south": { "uv": [ 7.4375, 15.1875, 8.5625, 15.5 ], "texture": "#djdj" },
				"west": { "uv": [ 2.5, 0.875, 2.5625, 1.1875 ], "texture": "#djdj" },
				"east": { "uv": [ 2.5625, 1.9375, 2.5, 2.25 ], "texture": "#djdj" }
			}
		},
		{
			"__comment": "Voxels",
			"from": [ -2.125, -9.125, 0.75 ],
			"to": [ -1.5, -8.625, 0.875 ],
			"faces": {
				"down": { "uv": [ 4.625, 13.75, 4.9375, 13.8125 ], "texture": "#djdj" },
				"up": { "uv": [ 15.6875, 14.125, 16, 14.0625 ], "texture": "#djdj" },
				"north": { "uv": [ 0.9375, 0.3125, 0.625, 0.5625 ], "texture": "#djdj" },
				"south": { "uv": [ 0.625, 1.1875, 0.9375, 1.4375 ], "texture": "#djdj" },
				"west": { "uv": [ 3.375, 0.125, 3.4375, 0.375 ], "texture": "#djdj" },
				"east": { "uv": [ 3.5, 1.625, 3.4375, 1.875 ], "texture": "#djdj" }
			}
		},
		{
			"__comment": "Voxels",
			"from": [ -2.125, -8.75, 0.875 ],
			"to": [ 0.125, -8.625, 1 ],
			"faces": {
				"down": { "uv": [ 7.4375, 15.125, 8.5625, 15.1875 ], "texture": "#djdj" },
				"up": { "uv": [ 6.3125, 15.1875, 7.4375, 15.125 ], "texture": "#djdj" },
				"north": { "uv": [ 5.8125, 14.375, 4.6875, 14.4375 ], "texture": "#djdj" },
				"south": { "uv": [ 10.3125, 14.4375, 11.4375, 14.5 ], "texture": "#djdj" },
				"west": { "uv": [ 3.5, 5.25, 3.5625, 5.3125 ], "texture": "#djdj" },
				"east": { "uv": [ 3.5625, 5.1875, 3.5, 5.25 ], "texture": "#djdj" }
			}
		},
		{
			"__comment": "Voxels",
			"from": [ -2.125, -8.75, 2 ],
			"to": [ 0.125, -8.625, 2.125 ],
			"faces": {
				"down": { "uv": [ 5.8125, 14.3125, 6.9375, 14.375 ], "texture": "#djdj" },
				"up": { "uv": [ 5.8125, 14.5, 6.9375, 14.4375 ], "texture": "#djdj" },
				"north": { "uv": [ 5.8125, 14.4375, 4.6875, 14.5 ], "texture": "#djdj" },
				"south": { "uv": [ 9.1875, 14.375, 10.3125, 14.4375 ], "texture": "#djdj" },
				"west": { "uv": [ 3.5, 5.125, 3.5625, 5.1875 ], "texture": "#djdj" },
				"east": { "uv": [ 3.5625, 5.0625, 3.5, 5.125 ], "texture": "#djdj" }
			}
		},
		{
			"__comment": "Voxels",
			"from": [ -2.125, -8.625, 1 ],
			"to": [ 0.125, -8.5, 2 ],
			"faces": {
				"down": { "uv": [ 9.4375, 15.5, 10.5625, 16 ], "texture": "#djdj" },
				"up": { "uv": [ 11.6875, 16, 12.8125, 15.5 ], "texture": "#djdj" },
				"north": { "uv": [ 9.1875, 14.3125, 8.0625, 14.375 ], "texture": "#djdj" },
				"south": { "uv": [ 8.0625, 14.375, 9.1875, 14.4375 ], "texture": "#djdj" },
				"west": { "uv": [ 4.0625, 13.8125, 4.5625, 13.875 ], "texture": "#djdj" },
				"east": { "uv": [ 4.0625, 13.8125, 3.5625, 13.875 ], "texture": "#djdj" }
			}
		},
		{
			"__comment": "Voxels",
			"from": [ -2, -9.625, 1.375 ],
			"to": [ -1.75, -9.5, 1.625 ],
			"faces": {
				"down": { "uv": [ 5.4375, 13.625, 5.5625, 13.75 ], "texture": "#djdj" },
				"up": { "uv": [ 5.3125, 13.75, 5.4375, 13.625 ], "texture": "#djdj" },
				"north": { "uv": [ 9.6875, 13.75, 9.5625, 13.8125 ], "texture": "#djdj" },
				"south": { "uv": [ 9.6875, 13.75, 9.8125, 13.8125 ], "texture": "#djdj" },
				"west": { "uv": [ 9.8125, 13.75, 9.9375, 13.8125 ], "texture": "#djdj" },
				"east": { "uv": [ 10.0625, 13.75, 9.9375, 13.8125 ], "texture": "#djdj" }
			}
		},
		{
			"__comment": "Voxels",
			"from": [ -2, -9.5, 0.75 ],
			"to": [ 0, -9.375, 1 ],
			"faces": {
				"down": { "uv": [ 4.5625, 14.625, 5.5625, 14.75 ], "texture": "#djdj" },
				"up": { "uv": [ 5.5625, 14.75, 6.5625, 14.625 ], "texture": "#djdj" },
				"north": { "uv": [ 6.5625, 14.25, 5.5625, 14.3125 ], "texture": "#djdj" },
				"south": { "uv": [ 9.5625, 14.25, 10.5625, 14.3125 ], "texture": "#djdj" },
				"west": { "uv": [ 10.0625, 13.75, 10.1875, 13.8125 ], "texture": "#djdj" },
				"east": { "uv": [ 10.3125, 13.75, 10.1875, 13.8125 ], "texture": "#djdj" }
			}
		},
		{
			"__comment": "Voxels",
			"from": [ -2, -9.5, 2 ],
			"to": [ 0, -9.375, 2.25 ],
			"faces": {
				"down": { "uv": [ 12.5, 14.75, 13.5, 14.875 ], "texture": "#djdj" },
				"up": { "uv": [ 13.625, 15.125, 14.625, 15 ], "texture": "#djdj" },
				"north": { "uv": [ 9.5625, 14.25, 8.5625, 14.3125 ], "texture": "#djdj" },
				"south": { "uv": [ 14.625, 14.375, 15.625, 14.4375 ], "texture": "#djdj" },
				"west": { "uv": [ 10.3125, 13.75, 10.4375, 13.8125 ], "texture": "#djdj" },
				"east": { "uv": [ 10.5625, 13.75, 10.4375, 13.8125 ], "texture": "#djdj" }
			}
		},
		{
			"__comment": "Voxels",
			"from": [ -2, -9.375, 0.625 ],
			"to": [ 0, -8.625, 0.75 ],
			"faces": {
				"down": { "uv": [ 7.5625, 14.25, 8.5625, 14.3125 ], "texture": "#djdj" },
				"up": { "uv": [ 6.5625, 14.3125, 7.5625, 14.25 ], "texture": "#djdj" },
				"north": { "uv": [ 5.3125, 15.125, 4.3125, 15.5 ], "texture": "#djdj" },
				"south": { "uv": [ 5.3125, 15.125, 6.3125, 15.5 ], "texture": "#djdj" },
				"west": { "uv": [ 15.9375, 15.125, 16, 15.5 ], "texture": "#djdj" },
				"east": { "uv": [ 3.375, 1.375, 3.3125, 1.75 ], "texture": "#djdj" }
			}
		},
		{
			"__comment": "Voxels",
			"from": [ -2, -9.375, 2.25 ],
			"to": [ 0, -8.625, 2.375 ],
			"faces": {
				"down": { "uv": [ 12.5625, 14.25, 13.5625, 14.3125 ], "texture": "#djdj" },
				"up": { "uv": [ 4.5625, 14.3125, 5.5625, 14.25 ], "texture": "#djdj" },
				"north": { "uv": [ 4.3125, 15.125, 3.3125, 15.5 ], "texture": "#djdj" },
				"south": { "uv": [ 14.5625, 15.625, 15.5625, 16 ], "texture": "#djdj" },
				"west": { "uv": [ 3.3125, 1, 3.375, 1.375 ], "texture": "#djdj" },
				"east": { "uv": [ 3.375, 0.625, 3.3125, 1 ], "texture": "#djdj" }
			}
		},
		{
			"__comment": "Voxels",
			"from": [ -2, -9.125, 0.5 ],
			"to": [ 0, -8.875, 0.625 ],
			"faces": {
				"down": { "uv": [ 3.5625, 14.25, 4.5625, 14.3125 ], "texture": "#djdj" },
				"up": { "uv": [ 14.625, 14.375, 15.625, 14.3125 ], "texture": "#djdj" },
				"north": { "uv": [ 14.625, 14.75, 13.625, 14.875 ], "texture": "#djdj" },
				"south": { "uv": [ 13.625, 14.875, 14.625, 15 ], "texture": "#djdj" },
				"west": { "uv": [ 3.375, 0, 3.4375, 0.125 ], "texture": "#djdj" },
				"east": { "uv": [ 3.5, 0.5625, 3.4375, 0.6875 ], "texture": "#djdj" }
			}
		},
		{
			"__comment": "Voxels",
			"from": [ -2, -9.125, 2.375 ],
			"to": [ 0, -8.875, 2.5 ],
			"faces": {
				"down": { "uv": [ 13.625, 14.375, 14.625, 14.4375 ], "texture": "#djdj" },
				"up": { "uv": [ 13.625, 14.5, 14.625, 14.4375 ], "texture": "#djdj" },
				"north": { "uv": [ 7.5625, 14.625, 6.5625, 14.75 ], "texture": "#djdj" },
				"south": { "uv": [ 14.5625, 15.5, 15.5625, 15.625 ], "texture": "#djdj" },
				"west": { "uv": [ 3.4375, 0.4375, 3.5, 0.5625 ], "texture": "#djdj" },
				"east": { "uv": [ 3.5, 0.3125, 3.4375, 0.4375 ], "texture": "#djdj" }
			}
		},
		{
			"__comment": "Voxels",
			"from": [ -2, -8.625, 0.75 ],
			"to": [ 0, -8.5, 1 ],
			"faces": {
				"down": { "uv": [ 12.5, 14.875, 13.5, 15 ], "texture": "#djdj" },
				"up": { "uv": [ 7.5625, 14.75, 8.5625, 14.625 ], "texture": "#djdj" },
				"north": { "uv": [ 14.625, 14.3125, 13.625, 14.375 ], "texture": "#djdj" },
				"south": { "uv": [ 14.625, 14.4375, 15.625, 14.5 ], "texture": "#djdj" },
				"west": { "uv": [ 10.5625, 13.75, 10.6875, 13.8125 ], "texture": "#djdj" },
				"east": { "uv": [ 10.8125, 13.75, 10.6875, 13.8125 ], "texture": "#djdj" }
			}
		},
		{
			"__comment": "Voxels",
			"from": [ -2, -8.625, 2 ],
			"to": [ 0, -8.5, 2.25 ],
			"faces": {
				"down": { "uv": [ 3.5625, 14.625, 4.5625, 14.75 ], "texture": "#djdj" },
				"up": { "uv": [ 8.5625, 14.75, 9.5625, 14.625 ], "texture": "#djdj" },
				"north": { "uv": [ 11.5625, 14.25, 10.5625, 14.3125 ], "texture": "#djdj" },
				"south": { "uv": [ 11.5625, 14.25, 12.5625, 14.3125 ], "texture": "#djdj" },
				"west": { "uv": [ 10.8125, 13.75, 10.9375, 13.8125 ], "texture": "#djdj" },
				"east": { "uv": [ 11.0625, 13.75, 10.9375, 13.8125 ], "texture": "#djdj" }
			}
		},
		{
			"__comment": "Voxels",
			"from": [ -2, -8.5, 1.375 ],
			"to": [ -1.75, -8.375, 1.625 ],
			"faces": {
				"down": { "uv": [ 3.6875, 13.625, 3.8125, 13.75 ], "texture": "#djdj" },
				"up": { "uv": [ 4.3125, 13.75, 4.4375, 13.625 ], "texture": "#djdj" },
				"north": { "uv": [ 11.1875, 13.75, 11.0625, 13.8125 ], "texture": "#djdj" },
				"south": { "uv": [ 11.1875, 13.75, 11.3125, 13.8125 ], "texture": "#djdj" },
				"west": { "uv": [ 8.4375, 13.75, 8.5625, 13.8125 ], "texture": "#djdj" },
				"east": { "uv": [ 11.5625, 13.75, 11.4375, 13.8125 ], "texture": "#djdj" }
			}
		},
		{
			"__comment": "Voxels",
			"from": [ -1.875, -9.625, 1 ],
			"to": [ -1.625, -9.5, 1.125 ],
			"faces": {
				"down": { "uv": [ 11.5625, 13.75, 11.6875, 13.8125 ], "texture": "#djdj" },
				"up": { "uv": [ 11.6875, 13.8125, 11.8125, 13.75 ], "texture": "#djdj" },
				"north": { "uv": [ 11.9375, 13.75, 11.8125, 13.8125 ], "texture": "#djdj" },
				"south": { "uv": [ 11.9375, 13.75, 12.0625, 13.8125 ], "texture": "#djdj" },
				"west": { "uv": [ 3.5, 5, 3.5625, 5.0625 ], "texture": "#djdj" },
				"east": { "uv": [ 3.5625, 4.9375, 3.5, 5 ], "texture": "#djdj" }
			}
		},
		{
			"__comment": "Voxels",
			"from": [ -1.875, -9.625, 1.125 ],
			"to": [ -1.75, -9.5, 1.375 ],
			"faces": {
				"down": { "uv": [ 3.5, 8, 3.5625, 8.125 ], "texture": "#djdj" },
				"up": { "uv": [ 3.5, 8.25, 3.5625, 8.125 ], "texture": "#djdj" },
				"north": { "uv": [ 3.5625, 1.4375, 3.5, 1.5 ], "texture": "#djdj" },
				"south": { "uv": [ 3.5, 1.875, 3.5625, 1.9375 ], "texture": "#djdj" },
				"west": { "uv": [ 7.8125, 13.625, 7.9375, 13.6875 ], "texture": "#djdj" },
				"east": { "uv": [ 7.9375, 13.6875, 7.8125, 13.75 ], "texture": "#djdj" }
			}
		},
		{
			"__comment": "Voxels",
			"from": [ -1.875, -9.625, 1.625 ],
			"to": [ -1.75, -9.5, 2 ],
			"faces": {
				"down": { "uv": [ 3.4375, 1.4375, 3.5, 1.625 ], "texture": "#djdj" },
				"up": { "uv": [ 15.9375, 14.9375, 16, 14.75 ], "texture": "#djdj" },
				"north": { "uv": [ 3.5625, 2.5, 3.5, 2.5625 ], "texture": "#djdj" },
				"south": { "uv": [ 3.5, 2.5625, 3.5625, 2.625 ], "texture": "#djdj" },
				"west": { "uv": [ 5.8125, 13.75, 6, 13.8125 ], "texture": "#djdj" },
				"east": { "uv": [ 5.8125, 13.75, 5.625, 13.8125 ], "texture": "#djdj" }
			}
		},
		{
			"__comment": "Voxels",
			"from": [ -1.875, -9.5, 0.625 ],
			"to": [ -0.125, -9.375, 0.75 ],
			"faces": {
				"down": { "uv": [ 9.5625, 14.1875, 10.4375, 14.25 ], "texture": "#djdj" },
				"up": { "uv": [ 8.6875, 14.1875, 9.5625, 14.125 ], "texture": "#djdj" },
				"north": { "uv": [ 10.4375, 14.125, 9.5625, 14.1875 ], "texture": "#djdj" },
				"south": { "uv": [ 8.6875, 14.1875, 9.5625, 14.25 ], "texture": "#djdj" },
				"west": { "uv": [ 3.5, 2.8125, 3.5625, 2.875 ], "texture": "#djdj" },
				"east": { "uv": [ 3.5625, 2.875, 3.5, 2.9375 ], "texture": "#djdj" }
			}
		},
		{
			"__comment": "Voxels",
			"from": [ -1.875, -9.5, 2.25 ],
			"to": [ -0.125, -9.375, 2.375 ],
			"faces": {
				"down": { "uv": [ 7.8125, 14.125, 8.6875, 14.1875 ], "texture": "#djdj" },
				"up": { "uv": [ 7.8125, 14.25, 8.6875, 14.1875 ], "texture": "#djdj" },
				"north": { "uv": [ 15.3125, 14.25, 14.4375, 14.3125 ], "texture": "#djdj" },
				"south": { "uv": [ 13.0625, 14.1875, 13.9375, 14.25 ], "texture": "#djdj" },
				"west": { "uv": [ 3.5, 2.9375, 3.5625, 3 ], "texture": "#djdj" },
				"east": { "uv": [ 3.5625, 3.125, 3.5, 3.1875 ], "texture": "#djdj" }
			}
		},
		{
			"__comment": "Voxels",
			"from": [ -1.875, -9.375, 0.5 ],
			"to": [ -0.125, -9.125, 0.625 ],
			"faces": {
				"down": { "uv": [ 5.3125, 14.0625, 6.1875, 14.125 ], "texture": "#djdj" },
				"up": { "uv": [ 4.4375, 14.125, 5.3125, 14.0625 ], "texture": "#djdj" },
				"north": { "uv": [ 4.8125, 14.75, 3.9375, 14.875 ], "texture": "#djdj" },
				"south": { "uv": [ 4.8125, 14.75, 5.6875, 14.875 ], "texture": "#djdj" },
				"west": { "uv": [ 3.5, 6.5, 3.5625, 6.625 ], "texture": "#djdj" },
				"east": { "uv": [ 3.5625, 6.625, 3.5, 6.75 ], "texture": "#djdj" }
			}
		},
		{
			"__comment": "Voxels",
			"from": [ -1.875, -9.375, 2.375 ],
			"to": [ -0.125, -9.125, 2.5 ],
			"faces": {
				"down": { "uv": [ 11.3125, 14.125, 12.1875, 14.1875 ], "texture": "#djdj" },
				"up": { "uv": [ 11.3125, 14.25, 12.1875, 14.1875 ], "texture": "#djdj" },
				"north": { "uv": [ 6.5625, 14.75, 5.6875, 14.875 ], "texture": "#djdj" },
				"south": { "uv": [ 3.5625, 14.5, 4.4375, 14.625 ], "texture": "#djdj" },
				"west": { "uv": [ 3.5, 6.75, 3.5625, 6.875 ], "texture": "#djdj" },
				"east": { "uv": [ 3.5625, 6.875, 3.5, 7 ], "texture": "#djdj" }
			}
		},
		{
			"__comment": "Voxels",
			"from": [ -1.875, -8.875, 0.5 ],
			"to": [ -0.125, -8.625, 0.625 ],
			"faces": {
				"down": { "uv": [ 13.0625, 14.125, 13.9375, 14.1875 ], "texture": "#djdj" },
				"up": { "uv": [ 6.9375, 14.1875, 7.8125, 14.125 ], "texture": "#djdj" },
				"north": { "uv": [ 7.4375, 14.75, 6.5625, 14.875 ], "texture": "#djdj" },
				"south": { "uv": [ 9.5625, 14.625, 10.4375, 14.75 ], "texture": "#djdj" },
				"west": { "uv": [ 3.5, 7, 3.5625, 7.125 ], "texture": "#djdj" },
				"east": { "uv": [ 3.5625, 7.125, 3.5, 7.25 ], "texture": "#djdj" }
			}
		},
		{
			"__comment": "Voxels",
			"from": [ -1.875, -8.875, 2.375 ],
			"to": [ -0.125, -8.625, 2.5 ],
			"faces": {
				"down": { "uv": [ 12.1875, 14.1875, 13.0625, 14.25 ], "texture": "#djdj" },
				"up": { "uv": [ 12.1875, 14.1875, 13.0625, 14.125 ], "texture": "#djdj" },
				"north": { "uv": [ 11.3125, 14.625, 10.4375, 14.75 ], "texture": "#djdj" },
				"south": { "uv": [ 11.3125, 14.625, 12.1875, 14.75 ], "texture": "#djdj" },
				"west": { "uv": [ 3.5, 7.25, 3.5625, 7.375 ], "texture": "#djdj" },
				"east": { "uv": [ 3.5625, 7.75, 3.5, 7.875 ], "texture": "#djdj" }
			}
		},
		{
			"__comment": "Voxels",
			"from": [ -1.875, -8.625, 0.625 ],
			"to": [ -0.125, -8.5, 0.75 ],
			"faces": {
				"down": { "uv": [ 13.9375, 14.1875, 14.8125, 14.25 ], "texture": "#djdj" },
				"up": { "uv": [ 13.9375, 14.1875, 14.8125, 14.125 ], "texture": "#djdj" },
				"north": { "uv": [ 15.6875, 14.1875, 14.8125, 14.25 ], "texture": "#djdj" },
				"south": { "uv": [ 14.8125, 14.125, 15.6875, 14.1875 ], "texture": "#djdj" },
				"west": { "uv": [ 3.5, 3.625, 3.5625, 3.6875 ], "texture": "#djdj" },
				"east": { "uv": [ 3.5625, 3.6875, 3.5, 3.75 ], "texture": "#djdj" }
			}
		},
		{
			"__comment": "Voxels",
			"from": [ -1.875, -8.625, 2.25 ],
			"to": [ -0.125, -8.5, 2.375 ],
			"faces": {
				"down": { "uv": [ 6.1875, 14.0625, 7.0625, 14.125 ], "texture": "#djdj" },
				"up": { "uv": [ 13.5625, 14.3125, 14.4375, 14.25 ], "texture": "#djdj" },
				"north": { "uv": [ 13.6875, 15.5, 12.8125, 15.5625 ], "texture": "#djdj" },
				"south": { "uv": [ 13.6875, 15.5, 14.5625, 15.5625 ], "texture": "#djdj" },
				"west": { "uv": [ 3.5, 3.75, 3.5625, 3.8125 ], "texture": "#djdj" },
				"east": { "uv": [ 3.5625, 4.0625, 3.5, 4.125 ], "texture": "#djdj" }
			}
		},
		{
			"__comment": "Voxels",
			"from": [ -1.875, -8.5, 1 ],
			"to": [ -0.125, -8.375, 1.125 ],
			"faces": {
				"down": { "uv": [ 6.0625, 14.1875, 6.9375, 14.25 ], "texture": "#djdj" },
				"up": { "uv": [ 6.0625, 14.1875, 6.9375, 14.125 ], "texture": "#djdj" },
				"north": { "uv": [ 7.8125, 14.1875, 6.9375, 14.25 ], "texture": "#djdj" },
				"south": { "uv": [ 10.4375, 14.125, 11.3125, 14.1875 ], "texture": "#djdj" },
				"west": { "uv": [ 3.5, 4.125, 3.5625, 4.1875 ], "texture": "#djdj" },
				"east": { "uv": [ 3.5625, 4.1875, 3.5, 4.25 ], "texture": "#djdj" }
			}
		},
		{
			"__comment": "Voxels",
			"from": [ -1.875, -8.5, 1.125 ],
			"to": [ -1.75, -8.375, 1.375 ],
			"faces": {
				"down": { "uv": [ 3.5, 8.25, 3.5625, 8.375 ], "texture": "#djdj" },
				"up": { "uv": [ 3.5, 5.625, 3.5625, 5.5 ], "texture": "#djdj" },
				"north": { "uv": [ 3.5625, 2.625, 3.5, 2.6875 ], "texture": "#djdj" },
				"south": { "uv": [ 3.5, 2.6875, 3.5625, 2.75 ], "texture": "#djdj" },
				"west": { "uv": [ 14.8125, 13.75, 14.9375, 13.8125 ], "texture": "#djdj" },
				"east": { "uv": [ 11.4375, 13.75, 11.3125, 13.8125 ], "texture": "#djdj" }
			}
		},
		{
			"__comment": "Voxels",
			"from": [ -1.875, -8.5, 1.625 ],
			"to": [ -1.75, -8.375, 2 ],
			"faces": {
				"down": { "uv": [ 3.4375, 0.6875, 3.5, 0.875 ], "texture": "#djdj" },
				"up": { "uv": [ 3.4375, 1.0625, 3.5, 0.875 ], "texture": "#djdj" },
				"north": { "uv": [ 8.3125, 13.625, 8.25, 13.6875 ], "texture": "#djdj" },
				"south": { "uv": [ 3.5, 2.0625, 3.5625, 2.125 ], "texture": "#djdj" },
				"west": { "uv": [ 7.875, 13.75, 8.0625, 13.8125 ], "texture": "#djdj" },
				"east": { "uv": [ 7.875, 13.75, 7.6875, 13.8125 ], "texture": "#djdj" }
			}
		},
		{
			"__comment": "Voxels",
			"from": [ -1.75, -9.625, 0.875 ],
			"to": [ -1.5, -9.5, 1 ],
			"faces": {
				"down": { "uv": [ 8.5625, 13.75, 8.6875, 13.8125 ], "texture": "#djdj" },
				"up": { "uv": [ 7.6875, 13.6875, 7.8125, 13.625 ], "texture": "#djdj" },
				"north": { "uv": [ 14.3125, 13.75, 14.1875, 13.8125 ], "texture": "#djdj" },
				"south": { "uv": [ 14.3125, 13.75, 14.4375, 13.8125 ], "texture": "#djdj" },
				"west": { "uv": [ 3.5, 3.4375, 3.5625, 3.5 ], "texture": "#djdj" },
				"east": { "uv": [ 3.5625, 3.375, 3.5, 3.4375 ], "texture": "#djdj" }
			}
		},
		{
			"__comment": "Voxels",
			"from": [ -1.75, -9.625, 1.875 ],
			"to": [ -1.625, -9.5, 2.125 ],
			"faces": {
				"down": { "uv": [ 3.5, 7.625, 3.5625, 7.75 ], "texture": "#djdj" },
				"up": { "uv": [ 3.5, 7.625, 3.5625, 7.5 ], "texture": "#djdj" },
				"north": { "uv": [ 3.5625, 3.0625, 3.5, 3.125 ], "texture": "#djdj" },
				"south": { "uv": [ 3.5, 3, 3.5625, 3.0625 ], "texture": "#djdj" },
				"west": { "uv": [ 7.4375, 13.625, 7.5625, 13.6875 ], "texture": "#djdj" },
				"east": { "uv": [ 7.6875, 13.6875, 7.5625, 13.75 ], "texture": "#djdj" }
			}
		},
		{
			"__comment": "Voxels",
			"from": [ -1.75, -9.5, 0.5 ],
			"to": [ -0.25, -9.375, 0.625 ],
			"faces": {
				"down": { "uv": [ 5.0625, 13.9375, 5.8125, 14 ], "texture": "#djdj" },
				"up": { "uv": [ 5.8125, 14, 6.5625, 13.9375 ], "texture": "#djdj" },
				"north": { "uv": [ 7.3125, 13.9375, 6.5625, 14 ], "texture": "#djdj" },
				"south": { "uv": [ 7.3125, 13.9375, 8.0625, 14 ], "texture": "#djdj" },
				"west": { "uv": [ 3.5, 2.75, 3.5625, 2.8125 ], "texture": "#djdj" },
				"east": { "uv": [ 3.5625, 2.4375, 3.5, 2.5 ], "texture": "#djdj" }
			}
		},
		{
			"__comment": "Voxels",
			"from": [ -1.75, -9.5, 2.375 ],
			"to": [ -0.25, -9.375, 2.5 ],
			"faces": {
				"down": { "uv": [ 8.0625, 13.9375, 8.8125, 14 ], "texture": "#djdj" },
				"up": { "uv": [ 11.9375, 14.125, 12.6875, 14.0625 ], "texture": "#djdj" },
				"north": { "uv": [ 5.0625, 13.9375, 4.3125, 14 ], "texture": "#djdj" },
				"south": { "uv": [ 12.6875, 14.0625, 13.4375, 14.125 ], "texture": "#djdj" },
				"west": { "uv": [ 3.5, 1.8125, 3.5625, 1.875 ], "texture": "#djdj" },
				"east": { "uv": [ 8.375, 13.6875, 8.3125, 13.75 ], "texture": "#djdj" }
			}
		},
		{
			"__comment": "Voxels",
			"from": [ -1.75, -9.375, 0.375 ],
			"to": [ -0.25, -8.625, 0.5 ],
			"faces": {
				"down": { "uv": [ 13.4375, 14.0625, 14.1875, 14.125 ], "texture": "#djdj" },
				"up": { "uv": [ 14.1875, 14.125, 14.9375, 14.0625 ], "texture": "#djdj" },
				"north": { "uv": [ 12.5625, 15.125, 11.8125, 15.5 ], "texture": "#djdj" },
				"south": { "uv": [ 12.5625, 15.125, 13.3125, 15.5 ], "texture": "#djdj" },
				"west": { "uv": [ 3.375, 0.625, 3.4375, 1 ], "texture": "#djdj" },
				"east": { "uv": [ 3.4375, 1, 3.375, 1.375 ], "texture": "#djdj" }
			}
		},
		{
			"__comment": "Voxels",
			"from": [ -1.75, -9.375, 2.5 ],
			"to": [ -0.25, -8.625, 2.625 ],
			"faces": {
				"down": { "uv": [ 14.9375, 14.0625, 15.6875, 14.125 ], "texture": "#djdj" },
				"up": { "uv": [ 3.5625, 14.0625, 4.3125, 14 ], "texture": "#djdj" },
				"north": { "uv": [ 11.8125, 15.125, 11.0625, 15.5 ], "texture": "#djdj" },
				"south": { "uv": [ 13.3125, 15.125, 14.0625, 15.5 ], "texture": "#djdj" },
				"west": { "uv": [ 3.375, 1.375, 3.4375, 1.75 ], "texture": "#djdj" },
				"east": { "uv": [ 3.375, 0.25, 3.3125, 0.625 ], "texture": "#djdj" }
			}
		},
		{
			"__comment": "Voxels",
			"from": [ -1.75, -8.625, 0.5 ],
			"to": [ -0.25, -8.5, 0.625 ],
			"faces": {
				"down": { "uv": [ 4.3125, 14, 5.0625, 14.0625 ], "texture": "#djdj" },
				"up": { "uv": [ 5.0625, 14.0625, 5.8125, 14 ], "texture": "#djdj" },
				"north": { "uv": [ 6.5625, 14, 5.8125, 14.0625 ], "texture": "#djdj" },
				"south": { "uv": [ 6.5625, 14, 7.3125, 14.0625 ], "texture": "#djdj" },
				"west": { "uv": [ 3.5, 2.125, 3.5625, 2.1875 ], "texture": "#djdj" },
				"east": { "uv": [ 3.5625, 1.375, 3.5, 1.4375 ], "texture": "#djdj" }
			}
		},
		{
			"__comment": "Voxels",
			"from": [ -1.75, -8.625, 2.375 ],
			"to": [ -0.25, -8.5, 2.5 ],
			"faces": {
				"down": { "uv": [ 7.3125, 14, 8.0625, 14.0625 ], "texture": "#djdj" },
				"up": { "uv": [ 8.0625, 14.0625, 8.8125, 14 ], "texture": "#djdj" },
				"north": { "uv": [ 9.5625, 14, 8.8125, 14.0625 ], "texture": "#djdj" },
				"south": { "uv": [ 9.5625, 14, 10.3125, 14.0625 ], "texture": "#djdj" },
				"west": { "uv": [ 3.5, 3.3125, 3.5625, 3.375 ], "texture": "#djdj" },
				"east": { "uv": [ 3.5625, 1.3125, 3.5, 1.375 ], "texture": "#djdj" }
			}
		},
		{
			"__comment": "Voxels",
			"from": [ -1.75, -8.5, 0.875 ],
			"to": [ -0.25, -8.375, 1 ],
			"faces": {
				"down": { "uv": [ 10.3125, 14, 11.0625, 14.0625 ], "texture": "#djdj" },
				"up": { "uv": [ 11.0625, 14.0625, 11.8125, 14 ], "texture": "#djdj" },
				"north": { "uv": [ 12.5625, 14, 11.8125, 14.0625 ], "texture": "#djdj" },
				"south": { "uv": [ 12.5625, 14, 13.3125, 14.0625 ], "texture": "#djdj" },
				"west": { "uv": [ 3.5, 1.125, 3.5625, 1.1875 ], "texture": "#djdj" },
				"east": { "uv": [ 3.5625, 0.9375, 3.5, 1 ], "texture": "#djdj" }
			}
		},
		{
			"__comment": "Voxels",
			"from": [ -1.75, -8.5, 1.875 ],
			"to": [ -0.125, -8.375, 2 ],
			"faces": {
				"down": { "uv": [ 11.125, 14.0625, 11.9375, 14.125 ], "texture": "#djdj" },
				"up": { "uv": [ 8.6875, 14.125, 9.5, 14.0625 ], "texture": "#djdj" },
				"north": { "uv": [ 10.3125, 14.0625, 9.5, 14.125 ], "texture": "#djdj" },
				"south": { "uv": [ 7.0625, 14.0625, 7.875, 14.125 ], "texture": "#djdj" },
				"west": { "uv": [ 3.5, 0.375, 3.5625, 0.4375 ], "texture": "#djdj" },
				"east": { "uv": [ 3.5625, 0.6875, 3.5, 0.75 ], "texture": "#djdj" }
			}
		},
		{
			"__comment": "Voxels",
			"from": [ -1.75, -8.5, 2 ],
			"to": [ -0.25, -8.375, 2.125 ],
			"faces": {
				"down": { "uv": [ 13.3125, 14, 14.0625, 14.0625 ], "texture": "#djdj" },
				"up": { "uv": [ 14.0625, 14.0625, 14.8125, 14 ], "texture": "#djdj" },
				"north": { "uv": [ 15.5625, 14, 14.8125, 14.0625 ], "texture": "#djdj" },
				"south": { "uv": [ 3.5625, 13.9375, 4.3125, 14 ], "texture": "#djdj" },
				"west": { "uv": [ 3.5, 0.5, 3.5625, 0.5625 ], "texture": "#djdj" },
				"east": { "uv": [ 3.5625, 0.4375, 3.5, 0.5 ], "texture": "#djdj" }
			}
		},
		{
			"__comment": "Voxels",
			"from": [ -1.625, -16, 1.375 ],
			"to": [ -0.375, -9.5, 1.5 ],
			"faces": {
				"down": { "uv": [ 13.8125, 13.9375, 14.4375, 14 ], "texture": "#djdj" },
				"up": { "uv": [ 15.3125, 14.3125, 15.9375, 14.25 ], "texture": "#djdj" },
				"north": { "uv": [ 0.625, 2, 0, 5.25 ], "texture": "#djdj" },
				"south": { "uv": [ 1, 2, 1.625, 5.25 ], "texture": "#djdj" },
				"west": { "uv": [ 3.375, 1.75, 3.4375, 5 ], "texture": "#djdj" },
				"east": { "uv": [ 3.4375, 5, 3.375, 8.25 ], "texture": "#djdj" }
			}
		},
		{
			"__comment": "Voxels",
			"from": [ -1.625, -16, 1.5 ],
			"to": [ -0.5, -9.5, 1.625 ],
			"faces": {
				"down": { "uv": [ 7.875, 13.875, 8.4375, 13.9375 ], "texture": "#djdj" },
				"up": { "uv": [ 7.3125, 13.9375, 7.875, 13.875 ], "texture": "#djdj" },
				"north": { "uv": [ 2.5625, 9.5, 2, 12.75 ], "texture": "#djdj" },
				"south": { "uv": [ 2, 12.75, 2.5625, 16 ], "texture": "#djdj" },
				"west": { "uv": [ 3.4375, 11.5, 3.5, 14.75 ], "texture": "#djdj" },
				"east": { "uv": [ 3.5, 8.25, 3.4375, 11.5 ], "texture": "#djdj" }
			}
		},
		{
			"__comment": "Voxels",
			"from": [ -1.625, -9.625, 0.75 ],
			"to": [ -1.375, -9.5, 0.875 ],
			"faces": {
				"down": { "uv": [ 7.1875, 13.6875, 7.3125, 13.75 ], "texture": "#djdj" },
				"up": { "uv": [ 7.1875, 13.6875, 7.3125, 13.625 ], "texture": "#djdj" },
				"north": { "uv": [ 7.4375, 13.6875, 7.3125, 13.75 ], "texture": "#djdj" },
				"south": { "uv": [ 14.0625, 13.75, 14.1875, 13.8125 ], "texture": "#djdj" },
				"west": { "uv": [ 3.5, 4.4375, 3.5625, 4.5 ], "texture": "#djdj" },
				"east": { "uv": [ 3.5625, 4.5, 3.5, 4.5625 ], "texture": "#djdj" }
			}
		},
		{
			"__comment": "Voxels",
			"from": [ -1.625, -9.625, 2 ],
			"to": [ -1.5, -9.5, 2.25 ],
			"faces": {
				"down": { "uv": [ 3.4375, 0.0625, 3.5, 0.1875 ], "texture": "#djdj" },
				"up": { "uv": [ 3.4375, 0.3125, 3.5, 0.1875 ], "texture": "#djdj" },
				"north": { "uv": [ 3.5625, 4.5625, 3.5, 4.625 ], "texture": "#djdj" },
				"south": { "uv": [ 3.5, 4.875, 3.5625, 4.9375 ], "texture": "#djdj" },
				"west": { "uv": [ 12.4375, 13.75, 12.5625, 13.8125 ], "texture": "#djdj" },
				"east": { "uv": [ 12.4375, 13.75, 12.3125, 13.8125 ], "texture": "#djdj" }
			}
		},
		{
			"__comment": "Voxels",
			"from": [ -1.625, -9.25, 0.25 ],
			"to": [ -0.375, -8.5, 0.375 ],
			"faces": {
				"down": { "uv": [ 10.0625, 13.9375, 10.6875, 14 ], "texture": "#djdj" },
				"up": { "uv": [ 12.5625, 14, 13.1875, 13.9375 ], "texture": "#djdj" },
				"north": { "uv": [ 15.3125, 15.125, 14.6875, 15.5 ], "texture": "#djdj" },
				"south": { "uv": [ 15.3125, 15.125, 15.9375, 15.5 ], "texture": "#djdj" },
				"west": { "uv": [ 2.5, 2.25, 2.5625, 2.625 ], "texture": "#djdj" },
				"east": { "uv": [ 2.5625, 2.625, 2.5, 3 ], "texture": "#djdj" }
			}
		},
		{
			"__comment": "Voxels",
			"from": [ -1.625, -9.25, 2.625 ],
			"to": [ -0.375, -8.5, 2.75 ],
			"faces": {
				"down": { "uv": [ 11.3125, 13.9375, 11.9375, 14 ], "texture": "#djdj" },
				"up": { "uv": [ 11.9375, 14, 12.5625, 13.9375 ], "texture": "#djdj" },
				"north": { "uv": [ 14.6875, 15.125, 14.0625, 15.5 ], "texture": "#djdj" },
				"south": { "uv": [ 3.3125, 14.75, 3.9375, 15.125 ], "texture": "#djdj" },
				"west": { "uv": [ 2.5, 0.125, 2.5625, 0.5 ], "texture": "#djdj" },
				"east": { "uv": [ 3.3125, 0, 3.25, 0.375 ], "texture": "#djdj" }
			}
		},
		{
			"__comment": "Voxels",
			"from": [ -1.625, -9, -1.5 ],
			"to": [ -0.375, -8.5, 0.25 ],
			"faces": {
				"down": { "uv": [ 0, 0.25, 0.625, 1.125 ], "texture": "#djdj" },
				"up": { "uv": [ 1, 1.125, 1.625, 0.25 ], "texture": "#djdj" },
				"north": { "uv": [ 10.5625, 14.875, 9.9375, 15.125 ], "texture": "#djdj" },
				"south": { "uv": [ 9.3125, 14.875, 9.9375, 15.125 ], "texture": "#djdj" },
				"west": { "uv": [ 6.5625, 14.875, 7.4375, 15.125 ], "texture": "#djdj" },
				"east": { "uv": [ 6.5625, 14.875, 5.6875, 15.125 ], "texture": "#djdj" }
			}
		},
		{
			"__comment": "Voxels",
			"from": [ -1.625, -9, 2.75 ],
			"to": [ -0.375, -8.5, 4.5 ],
			"faces": {
				"down": { "uv": [ 1, 1.125, 1.625, 2 ], "texture": "#djdj" },
				"up": { "uv": [ 0, 2, 0.625, 1.125 ], "texture": "#djdj" },
				"north": { "uv": [ 0.625, 0, 0, 0.25 ], "texture": "#djdj" },
				"south": { "uv": [ 1, 0, 1.625, 0.25 ], "texture": "#djdj" },
				"west": { "uv": [ 3.9375, 14.875, 4.8125, 15.125 ], "texture": "#djdj" },
				"east": { "uv": [ 5.6875, 14.875, 4.8125, 15.125 ], "texture": "#djdj" }
			}
		},
		{
			"__comment": "Voxels",
			"from": [ -1.625, -8.625, 0.375 ],
			"to": [ -0.375, -8.5, 0.5 ],
			"faces": {
				"down": { "uv": [ 3.5625, 13.875, 4.1875, 13.9375 ], "texture": "#djdj" },
				"up": { "uv": [ 10.6875, 14, 11.3125, 13.9375 ], "texture": "#djdj" },
				"north": { "uv": [ 15.6875, 13.9375, 15.0625, 14 ], "texture": "#djdj" },
				"south": { "uv": [ 4.1875, 13.875, 4.8125, 13.9375 ], "texture": "#djdj" },
				"west": { "uv": [ 3.5, 4.8125, 3.5625, 4.875 ], "texture": "#djdj" },
				"east": { "uv": [ 3.5625, 4.75, 3.5, 4.8125 ], "texture": "#djdj" }
			}
		},
		{
			"__comment": "Voxels",
			"from": [ -1.625, -8.625, 2.5 ],
			"to": [ -0.375, -8.5, 2.625 ],
			"faces": {
				"down": { "uv": [ 4.8125, 13.875, 5.4375, 13.9375 ], "texture": "#djdj" },
				"up": { "uv": [ 13.1875, 14, 13.8125, 13.9375 ], "texture": "#djdj" },
				"north": { "uv": [ 6.6875, 13.875, 6.0625, 13.9375 ], "texture": "#djdj" },
				"south": { "uv": [ 8.8125, 13.9375, 9.4375, 14 ], "texture": "#djdj" },
				"west": { "uv": [ 3.5, 4.6875, 3.5625, 4.75 ], "texture": "#djdj" },
				"east": { "uv": [ 3.5625, 4.625, 3.5, 4.6875 ], "texture": "#djdj" }
			}
		},
		{
			"__comment": "Voxels",
			"from": [ -1.625, -8.5, 0.625 ],
			"to": [ -0.375, -8.375, 0.875 ],
			"faces": {
				"down": { "uv": [ 10.1875, 14.5, 10.8125, 14.625 ], "texture": "#djdj" },
				"up": { "uv": [ 9.9375, 14.875, 10.5625, 14.75 ], "texture": "#djdj" },
				"north": { "uv": [ 7.3125, 13.875, 6.6875, 13.9375 ], "texture": "#djdj" },
				"south": { "uv": [ 5.4375, 13.875, 6.0625, 13.9375 ], "texture": "#djdj" },
				"west": { "uv": [ 13.3125, 13.75, 13.4375, 13.8125 ], "texture": "#djdj" },
				"east": { "uv": [ 13.5625, 13.75, 13.4375, 13.8125 ], "texture": "#djdj" }
			}
		},
		{
			"__comment": "Voxels",
			"from": [ -1.625, -8.5, 2.125 ],
			"to": [ -0.375, -8.375, 2.375 ],
			"faces": {
				"down": { "uv": [ 9.3125, 14.75, 9.9375, 14.875 ], "texture": "#djdj" },
				"up": { "uv": [ 13.3125, 14.625, 13.9375, 14.5 ], "texture": "#djdj" },
				"north": { "uv": [ 15.0625, 13.9375, 14.4375, 14 ], "texture": "#djdj" },
				"south": { "uv": [ 9.4375, 13.9375, 10.0625, 14 ], "texture": "#djdj" },
				"west": { "uv": [ 13.6875, 13.75, 13.8125, 13.8125 ], "texture": "#djdj" },
				"east": { "uv": [ 13.9375, 13.75, 13.8125, 13.8125 ], "texture": "#djdj" }
			}
		},
		{
			"__comment": "Voxels",
			"from": [ -1.5, -16, 1.125 ],
			"to": [ -0.5, -9.5, 1.375 ],
			"faces": {
				"down": { "uv": [ 15.1875, 14.5, 15.6875, 14.625 ], "texture": "#djdj" },
				"up": { "uv": [ 4.5625, 14.25, 5.0625, 14.125 ], "texture": "#djdj" },
				"north": { "uv": [ 2.5, 3, 2, 6.25 ], "texture": "#djdj" },
				"south": { "uv": [ 2, 6.25, 2.5, 9.5 ], "texture": "#djdj" },
				"west": { "uv": [ 2.9375, 6.25, 3.0625, 9.5 ], "texture": "#djdj" },
				"east": { "uv": [ 3.0625, 3, 2.9375, 6.25 ], "texture": "#djdj" }
			}
		},
		{
			"__comment": "Voxels",
			"from": [ -1.5, -16, 1.625 ],
			"to": [ -0.5, -9.5, 1.875 ],
			"faces": {
				"down": { "uv": [ 4.0625, 14.125, 4.5625, 14.25 ], "texture": "#djdj" },
				"up": { "uv": [ 3.5625, 14.25, 4.0625, 14.125 ], "texture": "#djdj" },
				"north": { "uv": [ 3.0625, 12.75, 2.5625, 16 ], "texture": "#djdj" },
				"south": { "uv": [ 2.5625, 9.5, 3.0625, 12.75 ], "texture": "#djdj" },
				"west": { "uv": [ 3.1875, 2, 3.3125, 5.25 ], "texture": "#djdj" },
				"east": { "uv": [ 3.1875, 2, 3.0625, 5.25 ], "texture": "#djdj" }
			}
		},
		{
			"__comment": "Voxels",
			"from": [ -1.5, -9.625, 0.625 ],
			"to": [ -1.125, -9.5, 0.75 ],
			"faces": {
				"down": { "uv": [ 6.9375, 13.75, 7.125, 13.8125 ], "texture": "#djdj" },
				"up": { "uv": [ 7.125, 13.8125, 7.3125, 13.75 ], "texture": "#djdj" },
				"north": { "uv": [ 7.5, 13.75, 7.3125, 13.8125 ], "texture": "#djdj" },
				"south": { "uv": [ 7.5, 13.75, 7.6875, 13.8125 ], "texture": "#djdj" },
				"west": { "uv": [ 3.5, 0.75, 3.5625, 0.8125 ], "texture": "#djdj" },
				"east": { "uv": [ 3.5625, 1.6875, 3.5, 1.75 ], "texture": "#djdj" }
			}
		},
		{
			"__comment": "Voxels",
			"from": [ -1.5, -9.625, 2.125 ],
			"to": [ -1.375, -9.5, 2.375 ],
			"faces": {
				"down": { "uv": [ 3.5, 7.875, 3.5625, 8 ], "texture": "#djdj" },
				"up": { "uv": [ 3.5, 5.5, 3.5625, 5.375 ], "texture": "#djdj" },
				"north": { "uv": [ 3.5625, 2.1875, 3.5, 2.25 ], "texture": "#djdj" },
				"south": { "uv": [ 3.5, 2.25, 3.5625, 2.3125 ], "texture": "#djdj" },
				"west": { "uv": [ 7.9375, 13.625, 8.0625, 13.6875 ], "texture": "#djdj" },
				"east": { "uv": [ 8.0625, 13.6875, 7.9375, 13.75 ], "texture": "#djdj" }
			}
		},
		{
			"__comment": "Voxels",
			"from": [ -1.5, -9.5, 0.375 ],
			"to": [ -0.5, -9.375, 0.5 ],
			"faces": {
				"down": { "uv": [ 8.0625, 13.8125, 8.5625, 13.875 ], "texture": "#djdj" },
				"up": { "uv": [ 8.5625, 13.875, 9.0625, 13.8125 ], "texture": "#djdj" },
				"north": { "uv": [ 9.5625, 13.8125, 9.0625, 13.875 ], "texture": "#djdj" },
				"south": { "uv": [ 9.5625, 13.8125, 10.0625, 13.875 ], "texture": "#djdj" },
				"west": { "uv": [ 8.25, 13.6875, 8.3125, 13.75 ], "texture": "#djdj" },
				"east": { "uv": [ 8.1875, 13.625, 8.125, 13.6875 ], "texture": "#djdj" }
			}
		},
		{
			"__comment": "Voxels",
			"from": [ -1.5, -9.5, 2.5 ],
			"to": [ -0.5, -9.375, 2.625 ],
			"faces": {
				"down": { "uv": [ 10.0625, 13.8125, 10.5625, 13.875 ], "texture": "#djdj" },
				"up": { "uv": [ 10.5625, 13.875, 11.0625, 13.8125 ], "texture": "#djdj" },
				"north": { "uv": [ 11.5625, 13.8125, 11.0625, 13.875 ], "texture": "#djdj" },
				"south": { "uv": [ 11.5625, 13.8125, 12.0625, 13.875 ], "texture": "#djdj" },
				"west": { "uv": [ 15.9375, 13.875, 16, 13.9375 ], "texture": "#djdj" },
				"east": { "uv": [ 12.5625, 14.3125, 12.5, 14.375 ], "texture": "#djdj" }
			}
		},
		{
			"__comment": "Voxels",
			"from": [ -1.5, -9.375, 0.25 ],
			"to": [ -0.5, -9.25, 0.375 ],
			"faces": {
				"down": { "uv": [ 13.9375, 13.875, 14.4375, 13.9375 ], "texture": "#djdj" },
				"up": { "uv": [ 7.5625, 13.875, 8.0625, 13.8125 ], "texture": "#djdj" },
				"north": { "uv": [ 8.9375, 13.875, 8.4375, 13.9375 ], "texture": "#djdj" },
				"south": { "uv": [ 11.4375, 13.875, 11.9375, 13.9375 ], "texture": "#djdj" },
				"west": { "uv": [ 15.9375, 14.5, 16, 14.5625 ], "texture": "#djdj" },
				"east": { "uv": [ 16, 14.6875, 15.9375, 14.75 ], "texture": "#djdj" }
			}
		},
		{
			"__comment": "Voxels",
			"from": [ -1.5, -9.375, 2.625 ],
			"to": [ -0.5, -9.25, 2.75 ],
			"faces": {
				"down": { "uv": [ 11.9375, 13.875, 12.4375, 13.9375 ], "texture": "#djdj" },
				"up": { "uv": [ 12.4375, 13.9375, 12.9375, 13.875 ], "texture": "#djdj" },
				"north": { "uv": [ 13.4375, 13.875, 12.9375, 13.9375 ], "texture": "#djdj" },
				"south": { "uv": [ 6.0625, 13.8125, 6.5625, 13.875 ], "texture": "#djdj" },
				"west": { "uv": [ 3.5, 0.125, 3.5625, 0.1875 ], "texture": "#djdj" },
				"east": { "uv": [ 3.5625, 0.3125, 3.5, 0.375 ], "texture": "#djdj" }
			}
		},
		{
			"__comment": "Voxels",
			"from": [ -1.5, -9.125, -1.5 ],
			"to": [ -0.5, -9, 0.25 ],
			"faces": {
				"down": { "uv": [ 2, 0, 2.5, 0.875 ], "texture": "#djdj" },
				"up": { "uv": [ 2.5625, 0.875, 3.0625, 0 ], "texture": "#djdj" },
				"north": { "uv": [ 15.4375, 13.875, 14.9375, 13.9375 ], "texture": "#djdj" },
				"south": { "uv": [ 14.4375, 13.875, 14.9375, 13.9375 ], "texture": "#djdj" },
				"west": { "uv": [ 3.5625, 14.0625, 4.4375, 14.125 ], "texture": "#djdj" },
				"east": { "uv": [ 11.3125, 14.1875, 10.4375, 14.25 ], "texture": "#djdj" }
			}
		},
		{
			"__comment": "Voxels",
			"from": [ -1.5, -9.125, 1.125 ],
			"to": [ 0.25, -8.75, 2 ],
			"faces": {
				"down": { "uv": [ 13.6875, 15.5625, 14.5625, 16 ], "texture": "#djdj" },
				"up": { "uv": [ 12.8125, 16, 13.6875, 15.5625 ], "texture": "#djdj" },
				"north": { "uv": [ 9.3125, 14.9375, 8.4375, 15.125 ], "texture": "#djdj" },
				"south": { "uv": [ 8.4375, 14.75, 9.3125, 14.9375 ], "texture": "#djdj" },
				"west": { "uv": [ 15.5625, 15.8125, 16, 16 ], "texture": "#djdj" },
				"east": { "uv": [ 16, 15.625, 15.5625, 15.8125 ], "texture": "#djdj" }
			}
		},
		{
			"__comment": "Voxels",
			"from": [ -1.5, -9, -1.625 ],
			"to": [ -0.5, -8.5, -1.5 ],
			"faces": {
				"down": { "uv": [ 5.0625, 13.8125, 5.5625, 13.875 ], "texture": "#djdj" },
				"up": { "uv": [ 5.5625, 13.875, 6.0625, 13.8125 ], "texture": "#djdj" },
				"north": { "uv": [ 15.125, 14.875, 14.625, 15.125 ], "texture": "#djdj" },
				"south": { "uv": [ 15.125, 14.875, 15.625, 15.125 ], "texture": "#djdj" },
				"west": { "uv": [ 3.375, 0.375, 3.4375, 0.625 ], "texture": "#djdj" },
				"east": { "uv": [ 1, 1.1875, 0.9375, 1.4375 ], "texture": "#djdj" }
			}
		},
		{
			"__comment": "Voxels",
			"from": [ -1.5, -9, 0.75 ],
			"to": [ 0.125, -8.625, 0.875 ],
			"faces": {
				"down": { "uv": [ 10.3125, 14.0625, 11.125, 14.125 ], "texture": "#djdj" },
				"up": { "uv": [ 7.875, 14.125, 8.6875, 14.0625 ], "texture": "#djdj" },
				"north": { "uv": [ 11.375, 14.9375, 10.5625, 15.125 ], "texture": "#djdj" },
				"south": { "uv": [ 10.5625, 14.75, 11.375, 14.9375 ], "texture": "#djdj" },
				"west": { "uv": [ 3.4375, 1.25, 3.5, 1.4375 ], "texture": "#djdj" },
				"east": { "uv": [ 3.5, 1.0625, 3.4375, 1.25 ], "texture": "#djdj" }
			}
		},
		{
			"__comment": "Voxels",
			"from": [ -1.5, -9, 0.875 ],
			"to": [ 0.25, -8.75, 1.125 ],
			"faces": {
				"down": { "uv": [ 14.8125, 14.625, 15.6875, 14.75 ], "texture": "#djdj" },
				"up": { "uv": [ 13.9375, 14.75, 14.8125, 14.625 ], "texture": "#djdj" },
				"north": { "uv": [ 13.9375, 14.625, 13.0625, 14.75 ], "texture": "#djdj" },
				"south": { "uv": [ 12.1875, 14.625, 13.0625, 14.75 ], "texture": "#djdj" },
				"west": { "uv": [ 4.8125, 13.625, 4.9375, 13.75 ], "texture": "#djdj" },
				"east": { "uv": [ 4.8125, 13.625, 4.6875, 13.75 ], "texture": "#djdj" }
			}
		},
		{
			"__comment": "Voxels",
			"from": [ -1.5, -8.5, -1.5 ],
			"to": [ -0.5, -8.375, 0.625 ],
			"faces": {
				"down": { "uv": [ 2, 0.875, 2.5, 1.9375 ], "texture": "#djdj" },
				"up": { "uv": [ 2.5625, 3, 3.0625, 1.9375 ], "texture": "#djdj" },
				"north": { "uv": [ 7.5625, 13.8125, 7.0625, 13.875 ], "texture": "#djdj" },
				"south": { "uv": [ 6.5625, 13.8125, 7.0625, 13.875 ], "texture": "#djdj" },
				"west": { "uv": [ 12.5625, 14.4375, 13.625, 14.5 ], "texture": "#djdj" },
				"east": { "uv": [ 13.625, 14.3125, 12.5625, 14.375 ], "texture": "#djdj" }
			}
		},
		{
			"__comment": "Voxels",
			"from": [ -1.5, -8.5, 1.125 ],
			"to": [ -0.5, -8.375, 1.875 ],
			"faces": {
				"down": { "uv": [ 7.9375, 14.75, 8.4375, 15.125 ], "texture": "#djdj" },
				"up": { "uv": [ 7.4375, 15.125, 7.9375, 14.75 ], "texture": "#djdj" },
				"north": { "uv": [ 15.9375, 13.875, 15.4375, 13.9375 ], "texture": "#djdj" },
				"south": { "uv": [ 4.5625, 13.8125, 5.0625, 13.875 ], "texture": "#djdj" },
				"west": { "uv": [ 13.375, 13.8125, 13.75, 13.875 ], "texture": "#djdj" },
				"east": { "uv": [ 14.125, 13.8125, 13.75, 13.875 ], "texture": "#djdj" }
			}
		},
		{
			"__comment": "Voxels",
			"from": [ -1.5, -8.5, 2.375 ],
			"to": [ -0.5, -8.375, 4.5 ],
			"faces": {
				"down": { "uv": [ 2, 1.9375, 2.5, 3 ], "texture": "#djdj" },
				"up": { "uv": [ 2.5625, 1.9375, 3.0625, 0.875 ], "texture": "#djdj" },
				"north": { "uv": [ 9.9375, 13.875, 9.4375, 13.9375 ], "texture": "#djdj" },
				"south": { "uv": [ 8.9375, 13.875, 9.4375, 13.9375 ], "texture": "#djdj" },
				"west": { "uv": [ 11.4375, 14.3125, 12.5, 14.375 ], "texture": "#djdj" },
				"east": { "uv": [ 13.625, 14.375, 12.5625, 14.4375 ], "texture": "#djdj" }
			}
		},
		{
			"__comment": "Voxels",
			"from": [ -1.375, -16, 1 ],
			"to": [ -0.625, -9.5, 1.125 ],
			"faces": {
				"down": { "uv": [ 3.5625, 13.75, 3.9375, 13.8125 ], "texture": "#djdj" },
				"up": { "uv": [ 3.9375, 13.8125, 4.3125, 13.75 ], "texture": "#djdj" },
				"north": { "uv": [ 2.9375, 3, 2.5625, 6.25 ], "texture": "#djdj" },
				"south": { "uv": [ 2.5625, 6.25, 2.9375, 9.5 ], "texture": "#djdj" },
				"west": { "uv": [ 2.5, 6.25, 2.5625, 9.5 ], "texture": "#djdj" },
				"east": { "uv": [ 2.5625, 3, 2.5, 6.25 ], "texture": "#djdj" }
			}
		},
		{
			"__comment": "Voxels",
			"from": [ -1.375, -16, 1.875 ],
			"to": [ -0.625, -9.5, 2 ],
			"faces": {
				"down": { "uv": [ 0.625, 1.125, 1, 1.1875 ], "texture": "#djdj" },
				"up": { "uv": [ 15.625, 13.875, 16, 13.8125 ], "texture": "#djdj" },
				"north": { "uv": [ 1, 2, 0.625, 5.25 ], "texture": "#djdj" },
				"south": { "uv": [ 1.625, 2, 2, 5.25 ], "texture": "#djdj" },
				"west": { "uv": [ 3.3125, 11.5, 3.375, 14.75 ], "texture": "#djdj" },
				"east": { "uv": [ 3.375, 8.25, 3.3125, 11.5 ], "texture": "#djdj" }
			}
		},
		{
			"__comment": "Voxels",
			"from": [ -1.375, -9.625, 2.25 ],
			"to": [ -0.5, -9.5, 2.375 ],
			"faces": {
				"down": { "uv": [ 12.5, 13.8125, 12.9375, 13.875 ], "texture": "#djdj" },
				"up": { "uv": [ 12.0625, 13.875, 12.5, 13.8125 ], "texture": "#djdj" },
				"north": { "uv": [ 13.375, 13.8125, 12.9375, 13.875 ], "texture": "#djdj" },
				"south": { "uv": [ 15.5625, 14, 16, 14.0625 ], "texture": "#djdj" },
				"west": { "uv": [ 3.5, 1.75, 3.5625, 1.8125 ], "texture": "#djdj" },
				"east": { "uv": [ 3.5625, 1.625, 3.5, 1.6875 ], "texture": "#djdj" }
			}
		},
		{
			"__comment": "Voxels",
			"from": [ -1.375, -9.125, 0.75 ],
			"to": [ -1.125, -9, 1.125 ],
			"faces": {
				"down": { "uv": [ 3.1875, 0.375, 3.3125, 0.5625 ], "texture": "#djdj" },
				"up": { "uv": [ 3.1875, 0.75, 3.3125, 0.5625 ], "texture": "#djdj" },
				"north": { "uv": [ 14.5625, 13.75, 14.4375, 13.8125 ], "texture": "#djdj" },
				"south": { "uv": [ 14.5625, 13.75, 14.6875, 13.8125 ], "texture": "#djdj" },
				"west": { "uv": [ 8.25, 13.75, 8.4375, 13.8125 ], "texture": "#djdj" },
				"east": { "uv": [ 5.625, 13.75, 5.4375, 13.8125 ], "texture": "#djdj" }
			}
		},
		{
			"__comment": "Voxels",
			"from": [ -1.125, -16, 0.875 ],
			"to": [ -1, -9.5, 1 ],
			"faces": {
				"down": { "uv": [ 3.5, 4.3125, 3.5625, 4.375 ], "texture": "#djdj" },
				"up": { "uv": [ 3.5, 4.3125, 3.5625, 4.25 ], "texture": "#djdj" },
				"north": { "uv": [ 3.375, 5, 3.3125, 8.25 ], "texture": "#djdj" },
				"south": { "uv": [ 3.3125, 1.75, 3.375, 5 ], "texture": "#djdj" },
				"west": { "uv": [ 3.375, 11.5, 3.4375, 14.75 ], "texture": "#djdj" },
				"east": { "uv": [ 3.4375, 8.25, 3.375, 11.5 ], "texture": "#djdj" }
			}
		},
		{
			"__comment": "Voxels",
			"from": [ -1.125, -16, 2 ],
			"to": [ -0.875, -15.875, 2.125 ],
			"faces": {
				"down": { "uv": [ 15.4375, 13.75, 15.5625, 13.8125 ], "texture": "#djdj" },
				"up": { "uv": [ 15.5625, 13.8125, 15.6875, 13.75 ], "texture": "#djdj" },
				"north": { "uv": [ 15.8125, 13.75, 15.6875, 13.8125 ], "texture": "#djdj" },
				"south": { "uv": [ 15.8125, 13.75, 15.9375, 13.8125 ], "texture": "#djdj" },
				"west": { "uv": [ 3.5, 4, 3.5625, 4.0625 ], "texture": "#djdj" },
				"east": { "uv": [ 3.5625, 3.9375, 3.5, 4 ], "texture": "#djdj" }
			}
		},
		{
			"__comment": "Voxels",
			"from": [ -1.125, -15.875, 2 ],
			"to": [ -1, -9.5, 2.125 ],
			"faces": {
				"down": { "uv": [ 3.5, 3.875, 3.5625, 3.9375 ], "texture": "#djdj" },
				"up": { "uv": [ 3.5, 3.875, 3.5625, 3.8125 ], "texture": "#djdj" },
				"north": { "uv": [ 3.5, 5.0625, 3.4375, 8.25 ], "texture": "#djdj" },
				"south": { "uv": [ 3.4375, 1.875, 3.5, 5.0625 ], "texture": "#djdj" },
				"west": { "uv": [ 3.5, 11.5625, 3.5625, 14.75 ], "texture": "#djdj" },
				"east": { "uv": [ 3.5625, 8.375, 3.5, 11.5625 ], "texture": "#djdj" }
			}
		},
		{
			"__comment": "Voxels",
			"from": [ -1.125, -9.625, 2.375 ],
			"to": [ -0.875, -9.5, 2.5 ],
			"faces": {
				"down": { "uv": [ 6.3125, 13.625, 6.4375, 13.6875 ], "texture": "#djdj" },
				"up": { "uv": [ 6.4375, 13.75, 6.5625, 13.6875 ], "texture": "#djdj" },
				"north": { "uv": [ 6.5625, 13.625, 6.4375, 13.6875 ], "texture": "#djdj" },
				"south": { "uv": [ 6.5625, 13.6875, 6.6875, 13.75 ], "texture": "#djdj" },
				"west": { "uv": [ 3.5, 3.5625, 3.5625, 3.625 ], "texture": "#djdj" },
				"east": { "uv": [ 3.5625, 3.5, 3.5, 3.5625 ], "texture": "#djdj" }
			}
		},
		{
			"__comment": "Voxels",
			"from": [ -1.125, -9.125, 0.875 ],
			"to": [ -0.625, -9, 1.125 ],
			"faces": {
				"down": { "uv": [ 1.75, 0, 2, 0.125 ], "texture": "#djdj" },
				"up": { "uv": [ 15.6875, 14.75, 15.9375, 14.625 ], "texture": "#djdj" },
				"north": { "uv": [ 5.1875, 13.75, 4.9375, 13.8125 ], "texture": "#djdj" },
				"south": { "uv": [ 5.1875, 13.75, 5.4375, 13.8125 ], "texture": "#djdj" },
				"west": { "uv": [ 6.8125, 13.625, 6.9375, 13.6875 ], "texture": "#djdj" },
				"east": { "uv": [ 7.0625, 13.6875, 6.9375, 13.75 ], "texture": "#djdj" }
			}
		},
		{
			"__comment": "Voxels",
			"from": [ -1.125, -9.125, 2.75 ],
			"to": [ -0.875, -9, 2.875 ],
			"faces": {
				"down": { "uv": [ 6.0625, 13.6875, 6.1875, 13.75 ], "texture": "#djdj" },
				"up": { "uv": [ 6.9375, 13.6875, 7.0625, 13.625 ], "texture": "#djdj" },
				"north": { "uv": [ 7.1875, 13.6875, 7.0625, 13.75 ], "texture": "#djdj" },
				"south": { "uv": [ 7.0625, 13.625, 7.1875, 13.6875 ], "texture": "#djdj" },
				"west": { "uv": [ 3.5, 3.25, 3.5625, 3.3125 ], "texture": "#djdj" },
				"east": { "uv": [ 3.5625, 3.1875, 3.5, 3.25 ], "texture": "#djdj" }
			}
		},
		{
			"__comment": "Voxels",
			"from": [ -1.125, -8.375, 0.5 ],
			"to": [ -0.875, 13.125, 2.5 ],
			"faces": {
				"down": { "uv": [ 1.625, 0.125, 1.75, 1.125 ], "texture": "#djdj" },
				"up": { "uv": [ 1.75, 1.125, 1.875, 0.125 ], "texture": "#djdj" },
				"north": { "uv": [ 3.3125, 5.25, 3.1875, 16 ], "texture": "#djdj" },
				"south": { "uv": [ 3.0625, 5.25, 3.1875, 16 ], "texture": "#djdj" },
				"west": { "uv": [ 0, 5.25, 1, 16 ], "texture": "#djdj" },
				"east": { "uv": [ 2, 5.25, 1, 16 ], "texture": "#djdj" }
			}
		},
		{
			"__comment": "Voxels",
			"from": [ -1.125, 13.125, 0.625 ],
			"to": [ -0.875, 13.375, 2.375 ],
			"faces": {
				"down": { "uv": [ 1.625, 1.125, 1.75, 2 ], "texture": "#djdj" },
				"up": { "uv": [ 1.75, 2, 1.875, 1.125 ], "texture": "#djdj" },
				"north": { "uv": [ 5.6875, 13.625, 5.5625, 13.75 ], "texture": "#djdj" },
				"south": { "uv": [ 5.8125, 13.625, 5.9375, 13.75 ], "texture": "#djdj" },
				"west": { "uv": [ 5.3125, 14.5, 6.1875, 14.625 ], "texture": "#djdj" },
				"east": { "uv": [ 5.3125, 14.5, 4.4375, 14.625 ], "texture": "#djdj" }
			}
		},
		{
			"__comment": "Voxels",
			"from": [ -1.125, 13.375, 0.75 ],
			"to": [ -0.875, 13.625, 2.25 ],
			"faces": {
				"down": { "uv": [ 1.875, 0.375, 2, 1.125 ], "texture": "#djdj" },
				"up": { "uv": [ 1.875, 2, 2, 1.25 ], "texture": "#djdj" },
				"north": { "uv": [ 2, 1.125, 1.875, 1.25 ], "texture": "#djdj" },
				"south": { "uv": [ 1.625, 0, 1.75, 0.125 ], "texture": "#djdj" },
				"west": { "uv": [ 6.9375, 14.5, 7.6875, 14.625 ], "texture": "#djdj" },
				"east": { "uv": [ 6.9375, 14.5, 6.1875, 14.625 ], "texture": "#djdj" }
			}
		},
		{
			"__comment": "Voxels",
			"from": [ -1.125, 13.625, 0.875 ],
			"to": [ -0.875, 13.875, 2.125 ],
			"faces": {
				"down": { "uv": [ 3.0625, 1.375, 3.1875, 2 ], "texture": "#djdj" },
				"up": { "uv": [ 3.0625, 1.375, 3.1875, 0.75 ], "texture": "#djdj" },
				"north": { "uv": [ 13.625, 14.875, 13.5, 15 ], "texture": "#djdj" },
				"south": { "uv": [ 3.5625, 13.625, 3.6875, 13.75 ], "texture": "#djdj" },
				"west": { "uv": [ 12.6875, 14.5, 13.3125, 14.625 ], "texture": "#djdj" },
				"east": { "uv": [ 12.6875, 14.5, 12.0625, 14.625 ], "texture": "#djdj" }
			}
		},
		{
			"__comment": "Voxels",
			"from": [ -1.125, 13.875, 1 ],
			"to": [ -0.875, 14.125, 2 ],
			"faces": {
				"down": { "uv": [ 3.0625, 0.25, 3.1875, 0.75 ], "texture": "#djdj" },
				"up": { "uv": [ 3.1875, 2, 3.3125, 1.5 ], "texture": "#djdj" },
				"north": { "uv": [ 3.9375, 13.625, 3.8125, 13.75 ], "texture": "#djdj" },
				"south": { "uv": [ 3.9375, 13.625, 4.0625, 13.75 ], "texture": "#djdj" },
				"west": { "uv": [ 5.5625, 14.125, 6.0625, 14.25 ], "texture": "#djdj" },
				"east": { "uv": [ 5.5625, 14.125, 5.0625, 14.25 ], "texture": "#djdj" }
			}
		},
		{
			"__comment": "Voxels",
			"from": [ -1.125, 14.125, 1.125 ],
			"to": [ -0.875, 14.375, 1.875 ],
			"faces": {
				"down": { "uv": [ 3.1875, 1.125, 3.3125, 1.5 ], "texture": "#djdj" },
				"up": { "uv": [ 3.1875, 1.125, 3.3125, 0.75 ], "texture": "#djdj" },
				"north": { "uv": [ 5.1875, 13.625, 5.0625, 13.75 ], "texture": "#djdj" },
				"south": { "uv": [ 5.1875, 13.625, 5.3125, 13.75 ], "texture": "#djdj" },
				"west": { "uv": [ 0.625, 0, 1, 0.125 ], "texture": "#djdj" },
				"east": { "uv": [ 15.9375, 15.5, 15.5625, 15.625 ], "texture": "#djdj" }
			}
		},
		{
			"__comment": "Voxels",
			"from": [ -1.125, 14.375, 1.25 ],
			"to": [ -0.875, 14.625, 1.75 ],
			"faces": {
				"down": { "uv": [ 3.0625, 0, 3.1875, 0.25 ], "texture": "#djdj" },
				"up": { "uv": [ 1.875, 0.375, 2, 0.125 ], "texture": "#djdj" },
				"north": { "uv": [ 13.625, 14.75, 13.5, 14.875 ], "texture": "#djdj" },
				"south": { "uv": [ 5.6875, 13.625, 5.8125, 13.75 ], "texture": "#djdj" },
				"west": { "uv": [ 15.6875, 14.125, 15.9375, 14.25 ], "texture": "#djdj" },
				"east": { "uv": [ 15.9375, 14.5, 15.6875, 14.625 ], "texture": "#djdj" }
			}
		},
		{
			"__comment": "Voxels",
			"from": [ -1.125, 14.625, 1.375 ],
			"to": [ -0.875, 14.875, 1.625 ],
			"faces": {
				"down": { "uv": [ 4.9375, 13.625, 5.0625, 13.75 ], "texture": "#djdj" },
				"up": { "uv": [ 4.5625, 13.75, 4.6875, 13.625 ], "texture": "#djdj" },
				"north": { "uv": [ 4.5625, 13.625, 4.4375, 13.75 ], "texture": "#djdj" },
				"south": { "uv": [ 5.9375, 13.625, 6.0625, 13.75 ], "texture": "#djdj" },
				"west": { "uv": [ 4.1875, 13.625, 4.3125, 13.75 ], "texture": "#djdj" },
				"east": { "uv": [ 4.1875, 13.625, 4.0625, 13.75 ], "texture": "#djdj" }
			}
		},
		{
			"__comment": "Voxels",
			"from": [ -0.875, -9.625, 0.625 ],
			"to": [ -0.5, -9.5, 0.75 ],
			"faces": {
				"down": { "uv": [ 6, 13.75, 6.1875, 13.8125 ], "texture": "#djdj" },
				"up": { "uv": [ 6.1875, 13.8125, 6.375, 13.75 ], "texture": "#djdj" },
				"north": { "uv": [ 6.5625, 13.75, 6.375, 13.8125 ], "texture": "#djdj" },
				"south": { "uv": [ 6.5625, 13.75, 6.75, 13.8125 ], "texture": "#djdj" },
				"west": { "uv": [ 3.5, 1.5625, 3.5625, 1.625 ], "texture": "#djdj" },
				"east": { "uv": [ 3.5625, 1.5, 3.5, 1.5625 ], "texture": "#djdj" }
			}
		},
		{
			"__comment": "Voxels",
			"from": [ -0.875, -9.125, 0.75 ],
			"to": [ -0.625, -9, 0.875 ],
			"faces": {
				"down": { "uv": [ 8.6875, 13.75, 8.8125, 13.8125 ], "texture": "#djdj" },
				"up": { "uv": [ 9.0625, 13.8125, 9.1875, 13.75 ], "texture": "#djdj" },
				"north": { "uv": [ 9.3125, 13.75, 9.1875, 13.8125 ], "texture": "#djdj" },
				"south": { "uv": [ 9.3125, 13.75, 9.4375, 13.8125 ], "texture": "#djdj" },
				"west": { "uv": [ 3.5, 1.0625, 3.5625, 1.125 ], "texture": "#djdj" },
				"east": { "uv": [ 3.5625, 1, 3.5, 1.0625 ], "texture": "#djdj" }
			}
		},
		{
			"__comment": "Voxels",
			"from": [ -0.625, -9.625, 0.75 ],
			"to": [ -0.375, -9.5, 0.875 ],
			"faces": {
				"down": { "uv": [ 9.4375, 13.75, 9.5625, 13.8125 ], "texture": "#djdj" },
				"up": { "uv": [ 12.0625, 13.8125, 12.1875, 13.75 ], "texture": "#djdj" },
				"north": { "uv": [ 12.3125, 13.75, 12.1875, 13.8125 ], "texture": "#djdj" },
				"south": { "uv": [ 12.5625, 13.75, 12.6875, 13.8125 ], "texture": "#djdj" },
				"west": { "uv": [ 3.5, 0.0625, 3.5625, 0.125 ], "texture": "#djdj" },
				"east": { "uv": [ 3.5625, 0, 3.5, 0.0625 ], "texture": "#djdj" }
			}
		},
		{
			"__comment": "Voxels",
			"from": [ -0.625, -9.625, 2.125 ],
			"to": [ -0.375, -9.5, 2.25 ],
			"faces": {
				"down": { "uv": [ 12.6875, 13.75, 12.8125, 13.8125 ], "texture": "#djdj" },
				"up": { "uv": [ 12.8125, 13.8125, 12.9375, 13.75 ], "texture": "#djdj" },
				"north": { "uv": [ 13.0625, 13.75, 12.9375, 13.8125 ], "texture": "#djdj" },
				"south": { "uv": [ 13.0625, 13.75, 13.1875, 13.8125 ], "texture": "#djdj" },
				"west": { "uv": [ 15.9375, 13.75, 16, 13.8125 ], "texture": "#djdj" },
				"east": { "uv": [ 8.1875, 13.6875, 8.125, 13.75 ], "texture": "#djdj" }
			}
		},
		{
			"__comment": "Voxels",
			"from": [ -0.5, -9.625, 0.875 ],
			"to": [ -0.25, -9.5, 1 ],
			"faces": {
				"down": { "uv": [ 13.1875, 13.75, 13.3125, 13.8125 ], "texture": "#djdj" },
				"up": { "uv": [ 13.5625, 13.8125, 13.6875, 13.75 ], "texture": "#djdj" },
				"north": { "uv": [ 14.0625, 13.75, 13.9375, 13.8125 ], "texture": "#djdj" },
				"south": { "uv": [ 14.6875, 13.75, 14.8125, 13.8125 ], "texture": "#djdj" },
				"west": { "uv": [ 3.5, 2.375, 3.5625, 2.4375 ], "texture": "#djdj" },
				"east": { "uv": [ 3.5625, 2.3125, 3.5, 2.375 ], "texture": "#djdj" }
			}
		},
		{
			"__comment": "Voxels",
			"from": [ -0.5, -9.625, 2 ],
			"to": [ -0.25, -9.5, 2.125 ],
			"faces": {
				"down": { "uv": [ 14.9375, 13.75, 15.0625, 13.8125 ], "texture": "#djdj" },
				"up": { "uv": [ 15.0625, 13.8125, 15.1875, 13.75 ], "texture": "#djdj" },
				"north": { "uv": [ 15.3125, 13.75, 15.1875, 13.8125 ], "texture": "#djdj" },
				"south": { "uv": [ 15.3125, 13.75, 15.4375, 13.8125 ], "texture": "#djdj" },
				"west": { "uv": [ 3.5, 2, 3.5625, 2.0625 ], "texture": "#djdj" },
				"east": { "uv": [ 3.5625, 1.9375, 3.5, 2 ], "texture": "#djdj" }
			}
		},
		{
			"__comment": "Voxels",
			"from": [ -0.5, -9.125, 0.75 ],
			"to": [ 0.125, -9, 1.125 ],
			"faces": {
				"down": { "uv": [ 15.625, 14.3125, 15.9375, 14.5 ], "texture": "#djdj" },
				"up": { "uv": [ 15.625, 14.9375, 15.9375, 14.75 ], "texture": "#djdj" },
				"north": { "uv": [ 4.625, 13.75, 4.3125, 13.8125 ], "texture": "#djdj" },
				"south": { "uv": [ 15.6875, 13.9375, 16, 14 ], "texture": "#djdj" },
				"west": { "uv": [ 6.75, 13.75, 6.9375, 13.8125 ], "texture": "#djdj" },
				"east": { "uv": [ 8.25, 13.75, 8.0625, 13.8125 ], "texture": "#djdj" }
			}
		},
		{
			"__comment": "Voxels",
			"from": [ -0.375, -9.625, 1 ],
			"to": [ -0.125, -9.5, 1.125 ],
			"faces": {
				"down": { "uv": [ 6.0625, 13.625, 6.1875, 13.6875 ], "texture": "#djdj" },
				"up": { "uv": [ 6.1875, 13.75, 6.3125, 13.6875 ], "texture": "#djdj" },
				"north": { "uv": [ 6.3125, 13.625, 6.1875, 13.6875 ], "texture": "#djdj" },
				"south": { "uv": [ 6.3125, 13.6875, 6.4375, 13.75 ], "texture": "#djdj" },
				"west": { "uv": [ 3.5, 1.25, 3.5625, 1.3125 ], "texture": "#djdj" },
				"east": { "uv": [ 3.5625, 1.1875, 3.5, 1.25 ], "texture": "#djdj" }
			}
		},
		{
			"__comment": "Voxels",
			"from": [ -0.375, -9.625, 1.875 ],
			"to": [ -0.125, -9.5, 2 ],
			"faces": {
				"down": { "uv": [ 6.5625, 13.625, 6.6875, 13.6875 ], "texture": "#djdj" },
				"up": { "uv": [ 6.6875, 13.75, 6.8125, 13.6875 ], "texture": "#djdj" },
				"north": { "uv": [ 6.8125, 13.625, 6.6875, 13.6875 ], "texture": "#djdj" },
				"south": { "uv": [ 6.8125, 13.6875, 6.9375, 13.75 ], "texture": "#djdj" },
				"west": { "uv": [ 3.5, 0.875, 3.5625, 0.9375 ], "texture": "#djdj" },
				"east": { "uv": [ 3.5625, 0.8125, 3.5, 0.875 ], "texture": "#djdj" }
			}
		},
		{
			"__comment": "Voxels",
			"from": [ -0.25, -9.625, 1.125 ],
			"to": [ -0.125, -9.5, 1.875 ],
			"faces": {
				"down": { "uv": [ 3.1875, 0, 3.25, 0.375 ], "texture": "#djdj" },
				"up": { "uv": [ 2.5, 0.875, 2.5625, 0.5 ], "texture": "#djdj" },
				"north": { "uv": [ 3.5625, 0.625, 3.5, 0.6875 ], "texture": "#djdj" },
				"south": { "uv": [ 3.5, 0.5625, 3.5625, 0.625 ], "texture": "#djdj" },
				"west": { "uv": [ 15.25, 13.8125, 15.625, 13.875 ], "texture": "#djdj" },
				"east": { "uv": [ 15.25, 13.8125, 14.875, 13.875 ], "texture": "#djdj" }
			}
		},
		{
			"__comment": "Voxels",
			"from": [ -0.25, -8.5, 1.125 ],
			"to": [ -0.125, -8.375, 1.875 ],
			"faces": {
				"down": { "uv": [ 2.5, 1.1875, 2.5625, 1.5625 ], "texture": "#djdj" },
				"up": { "uv": [ 2.5, 1.9375, 2.5625, 1.5625 ], "texture": "#djdj" },
				"north": { "uv": [ 3.5625, 0.25, 3.5, 0.3125 ], "texture": "#djdj" },
				"south": { "uv": [ 3.5, 0.1875, 3.5625, 0.25 ], "texture": "#djdj" },
				"west": { "uv": [ 14.5, 13.8125, 14.875, 13.875 ], "texture": "#djdj" },
				"east": { "uv": [ 14.5, 13.8125, 14.125, 13.875 ], "texture": "#djdj" }
			}
		},
		{
			"__comment": "Voxels",
			"from": [ -0.125, -9.625, 1.375 ],
			"to": [ 0, -9.5, 1.625 ],
			"faces": {
				"down": { "uv": [ 3.5, 6.375, 3.5625, 6.5 ], "texture": "#djdj" },
				"up": { "uv": [ 3.5, 6.375, 3.5625, 6.25 ], "texture": "#djdj" },
				"north": { "uv": [ 16, 14.625, 15.9375, 14.6875 ], "texture": "#djdj" },
				"south": { "uv": [ 15.9375, 14.5625, 16, 14.625 ], "texture": "#djdj" },
				"west": { "uv": [ 7.3125, 13.625, 7.4375, 13.6875 ], "texture": "#djdj" },
				"east": { "uv": [ 7.5625, 13.6875, 7.4375, 13.75 ], "texture": "#djdj" }
			}
		},
		{
			"__comment": "Voxels",
			"from": [ -0.125, -8.5, 1.5 ],
			"to": [ 0, -8.375, 1.625 ],
			"faces": {
				"down": { "uv": [ 15.9375, 14.4375, 16, 14.5 ], "texture": "#djdj" },
				"up": { "uv": [ 15.9375, 14.4375, 16, 14.375 ], "texture": "#djdj" },
				"north": { "uv": [ 16, 14.3125, 15.9375, 14.375 ], "texture": "#djdj" },
				"south": { "uv": [ 15.9375, 14.25, 16, 14.3125 ], "texture": "#djdj" },
				"west": { "uv": [ 15.9375, 14.1875, 16, 14.25 ], "texture": "#djdj" },
				"east": { "uv": [ 16, 14.125, 15.9375, 14.1875 ], "texture": "#djdj" }
			}
		},
		{
			"__comment": "Voxels",
			"from": [ 0.125, -9.125, 0.875 ],
			"to": [ 0.25, -9, 1.125 ],
			"faces": {
				"down": { "uv": [ 3.5, 6.125, 3.5625, 6.25 ], "texture": "#djdj" },
				"up": { "uv": [ 3.5, 6.125, 3.5625, 6 ], "texture": "#djdj" },
				"north": { "uv": [ 8.125, 13.6875, 8.0625, 13.75 ], "texture": "#djdj" },
				"south": { "uv": [ 8.0625, 13.625, 8.125, 13.6875 ], "texture": "#djdj" },
				"west": { "uv": [ 7.5625, 13.625, 7.6875, 13.6875 ], "texture": "#djdj" },
				"east": { "uv": [ 7.8125, 13.6875, 7.6875, 13.75 ], "texture": "#djdj" }
			}
		},
		{
			"__comment": "Voxels",
			"from": [ 0.25, -9.125, 1.5 ],
			"to": [ 0.375, -8.875, 1.625 ],
			"faces": {
				"down": { "uv": [ 8.1875, 13.6875, 8.25, 13.75 ], "texture": "#djdj" },
				"up": { "uv": [ 8.1875, 13.6875, 8.25, 13.625 ], "texture": "#djdj" },
				"north": { "uv": [ 3.5625, 5.875, 3.5, 6 ], "texture": "#djdj" },
				"south": { "uv": [ 3.5, 5.75, 3.5625, 5.875 ], "texture": "#djdj" },
				"west": { "uv": [ 3.5, 5.625, 3.5625, 5.75 ], "texture": "#djdj" },
				"east": { "uv": [ 3.5625, 7.375, 3.5, 7.5 ], "texture": "#djdj" }
			}
		}
	],
	"display": {
		"thirdperson_righthand": {
			"rotation":  [ 2, 0, 0 ],
			"translation":  [ 8.3478, 18.782, 7.6521 ]
		},
		"thirdperson_lefthand": {
			"rotation":  [ -7, 55, -84 ],
			"translation":  [ 3.4782, 2.7826, 0 ]
		},
		"firstperson_righthand": {
			"translation":  [ 18.782, 14.608, 0 ]
		},
		"firstperson_lefthand": {
			"rotation":  [ -121, 0, 0 ]
		},
		"gui": {
			"rotation":  [ -50, -61, -69 ],
			"translation":  [ 2.0913, 6.2608, 13.913 ],
			"scale":  [ 0.7, 0.7, 0.7 ]
		},
		"ground": {
			"translation":  [ 12.521, 23.652, 0 ]
		},
		"fixed": {
			"rotation":  [ 42, -77, 39 ],
			"translation":  [ -8.347, 11.827, 9.0434 ]
		}
	}
}