{
	"__comment": "这里是万华镜工作室制作",
	"textures": {
		"gczzc": "blocks/gczzc"
	},
	"elements": [ 	 
		{
			"__comment": "Voxels",
			"from": [ 4, -9, -2.2 ],
			"to": [ 5.6, -8.8, -2 ],
			"faces": {
				"down": { "uv": [ 13.5, 14.875, 14.5, 15 ], "texture": "#gczzc" },
				"up": { "uv": [ 6.5, 15, 7.5, 14.875 ], "texture": "#gczzc" },
				"north": { "uv": [ 8.5, 14.875, 7.5, 15 ], "texture": "#gczzc" },
				"south": { "uv": [ 5.5, 14.875, 6.5, 15 ], "texture": "#gczzc" },
				"west": { "uv": [ 3.625, 6.625, 3.75, 6.75 ], "texture": "#gczzc" },
				"east": { "uv": [ 3.75, 6.375, 3.625, 6.5 ], "texture": "#gczzc" }
			}
		},
		{
			"__comment": "Voxels",
			"from": [ 4, -9, -2 ],
			"to": [ 4.6, -8.8, -1.2 ],
			"faces": {
				"down": { "uv": [ 14.5, 15.125, 14.875, 15.625 ], "texture": "#gczzc" },
				"up": { "uv": [ 15, 16, 15.375, 15.5 ], "texture": "#gczzc" },
				"north": { "uv": [ 7, 13, 6.625, 13.125 ], "texture": "#gczzc" },
				"south": { "uv": [ 6.625, 12.875, 7, 13 ], "texture": "#gczzc" },
				"west": { "uv": [ 13.375, 13, 13.875, 13.125 ], "texture": "#gczzc" },
				"east": { "uv": [ 13.875, 12.875, 13.375, 13 ], "texture": "#gczzc" }
			}
		},
		{
			"__comment": "Voxels",
			"from": [ 4, -8.8, -2.4 ],
			"to": [ 4.6, -8.6, -2 ],
			"faces": {
				"down": { "uv": [ 0, 0, 0.375, 0.25 ], "texture": "#gczzc" },
				"up": { "uv": [ 0.375, 0.25, 0.75, 0 ], "texture": "#gczzc" },
				"north": { "uv": [ 3.875, 12.625, 3.5, 12.75 ], "texture": "#gczzc" },
				"south": { "uv": [ 3.875, 12.625, 4.25, 12.75 ], "texture": "#gczzc" },
				"west": { "uv": [ 7, 13.625, 7.25, 13.75 ], "texture": "#gczzc" },
				"east": { "uv": [ 11, 13.75, 10.75, 13.875 ], "texture": "#gczzc" }
			}
		},
		{
			"__comment": "Voxels",
			"from": [ 4, -8.8, -2 ],
			"to": [ 4.2, -8.400001, -1.4 ],
			"faces": {
				"down": { "uv": [ 1.75, 0, 1.875, 0.375 ], "texture": "#gczzc" },
				"up": { "uv": [ 1.875, 0.375, 2, 0 ], "texture": "#gczzc" },
				"north": { "uv": [ 11, 13.875, 10.875, 14.125 ], "texture": "#gczzc" },
				"south": { "uv": [ 12.625, 13.625, 12.75, 13.875 ], "texture": "#gczzc" },
				"west": { "uv": [ 10.375, 13.625, 10.75, 13.875 ], "texture": "#gczzc" },
				"east": { "uv": [ 13.375, 13.625, 13, 13.875 ], "texture": "#gczzc" }
			}
		},
		{
			"__comment": "Voxels",
			"from": [ 4, -8.8, -1.4 ],
			"to": [ 4.4, -8.6, -1.2 ],
			"faces": {
				"down": { "uv": [ 10.75, 13.625, 11, 13.75 ], "texture": "#gczzc" },
				"up": { "uv": [ 10.375, 12.5, 10.625, 12.375 ], "texture": "#gczzc" },
				"north": { "uv": [ 10.875, 12.375, 10.625, 12.5 ], "texture": "#gczzc" },
				"south": { "uv": [ 10.875, 12.375, 11.125, 12.5 ], "texture": "#gczzc" },
				"west": { "uv": [ 3.625, 5.875, 3.75, 6 ], "texture": "#gczzc" },
				"east": { "uv": [ 3.75, 5.75, 3.625, 5.875 ], "texture": "#gczzc" }
			}
		},
		{
			"__comment": "Voxels",
			"from": [ 4, -8.599999, -2.2 ],
			"to": [ 5.4, -8.4, -2 ],
			"faces": {
				"down": { "uv": [ 12.5, 14.625, 13.375, 14.75 ], "texture": "#gczzc" },
				"up": { "uv": [ 12.5, 14.875, 13.375, 14.75 ], "texture": "#gczzc" },
				"north": { "uv": [ 12.125, 14.25, 11.25, 14.375 ], "texture": "#gczzc" },
				"south": { "uv": [ 13.375, 14.75, 14.25, 14.875 ], "texture": "#gczzc" },
				"west": { "uv": [ 3.625, 5.625, 3.75, 5.75 ], "texture": "#gczzc" },
				"east": { "uv": [ 3.75, 5.5, 3.625, 5.625 ], "texture": "#gczzc" }
			}
		},
		{
			"__comment": "Voxels",
			"from": [ 4, -1.8, -2 ],
			"to": [ 4.8, -1.2, -1.8 ],
			"faces": {
				"down": { "uv": [ 13.875, 13, 14.375, 13.125 ], "texture": "#gczzc" },
				"up": { "uv": [ 13, 12.875, 13.5, 12.75 ], "texture": "#gczzc" },
				"north": { "uv": [ 15, 15.625, 14.5, 16 ], "texture": "#gczzc" },
				"south": { "uv": [ 15.375, 15.625, 15.875, 16 ], "texture": "#gczzc" },
				"west": { "uv": [ 15.875, 15.625, 16, 16 ], "texture": "#gczzc" },
				"east": { "uv": [ 12.375, 13.625, 12.25, 14 ], "texture": "#gczzc" }
			}
		},
		{
			"__comment": "Voxels",
			"from": [ 4, -1.8, -1.8 ],
			"to": [ 4.8, -1.6, -1.6 ],
			"faces": {
				"down": { "uv": [ 11.5, 12.75, 12, 12.875 ], "texture": "#gczzc" },
				"up": { "uv": [ 11, 12.875, 11.5, 12.75 ], "texture": "#gczzc" },
				"north": { "uv": [ 11, 12.75, 10.5, 12.875 ], "texture": "#gczzc" },
				"south": { "uv": [ 13.875, 13.125, 14.375, 13.25 ], "texture": "#gczzc" },
				"west": { "uv": [ 3.625, 4.25, 3.75, 4.375 ], "texture": "#gczzc" },
				"east": { "uv": [ 3.75, 4.125, 3.625, 4.25 ], "texture": "#gczzc" }
			}
		},
		{
			"__comment": "Voxels",
			"from": [ 4, -1.8, -1.6 ],
			"to": [ 4.6, -1.4, -1.4 ],
			"faces": {
				"down": { "uv": [ 9.5, 12.625, 9.875, 12.75 ], "texture": "#gczzc" },
				"up": { "uv": [ 9.875, 12.75, 10.25, 12.625 ], "texture": "#gczzc" },
				"north": { "uv": [ 13.875, 14.375, 13.5, 14.625 ], "texture": "#gczzc" },
				"south": { "uv": [ 13.875, 14.375, 14.25, 14.625 ], "texture": "#gczzc" },
				"west": { "uv": [ 12.75, 13.625, 12.875, 13.875 ], "texture": "#gczzc" },
				"east": { "uv": [ 13, 13.625, 12.875, 13.875 ], "texture": "#gczzc" }
			}
		},
		{
			"__comment": "Voxels",
			"from": [ 4, -1.6, -1.8 ],
			"to": [ 4.4, -1.2, -1.6 ],
			"faces": {
				"down": { "uv": [ 12.625, 12.375, 12.875, 12.5 ], "texture": "#gczzc" },
				"up": { "uv": [ 12.875, 12.5, 13.125, 12.375 ], "texture": "#gczzc" },
				"north": { "uv": [ 7.25, 13.875, 7, 14.125 ], "texture": "#gczzc" },
				"south": { "uv": [ 6.5, 13.625, 6.75, 13.875 ], "texture": "#gczzc" },
				"west": { "uv": [ 13.375, 13.625, 13.5, 13.875 ], "texture": "#gczzc" },
				"east": { "uv": [ 3.625, 8.625, 3.5, 8.875 ], "texture": "#gczzc" }
			}
		},
		{
			"__comment": "Voxels",
			"from": [ 4, 20.8, -2.6 ],
			"to": [ 5.6, 21.2, -0.9999999 ],
			"faces": {
				"down": { "uv": [ 7.5, 15, 8.5, 16 ], "texture": "#gczzc" },
				"up": { "uv": [ 8.5, 16, 9.5, 15 ], "texture": "#gczzc" },
				"north": { "uv": [ 13.5, 15.25, 12.5, 15.5 ], "texture": "#gczzc" },
				"south": { "uv": [ 12.5, 15, 13.5, 15.25 ], "texture": "#gczzc" },
				"west": { "uv": [ 13.5, 15.75, 14.5, 16 ], "texture": "#gczzc" },
				"east": { "uv": [ 14.5, 15.5, 13.5, 15.75 ], "texture": "#gczzc" }
			}
		},
		{
			"__comment": "Voxels",
			"from": [ 4, 22.4, -2.6 ],
			"to": [ 5.6, 22.6, -0.7999998 ],
			"faces": {
				"down": { "uv": [ 4.5, 14.875, 5.5, 16 ], "texture": "#gczzc" },
				"up": { "uv": [ 3.5, 16, 4.5, 14.875 ], "texture": "#gczzc" },
				"north": { "uv": [ 9.5, 14.875, 8.5, 15 ], "texture": "#gczzc" },
				"south": { "uv": [ 12.5, 14.875, 13.5, 15 ], "texture": "#gczzc" },
				"west": { "uv": [ 11.125, 14.625, 12.25, 14.75 ], "texture": "#gczzc" },
				"east": { "uv": [ 12.25, 14.75, 11.125, 14.875 ], "texture": "#gczzc" }
			}
		},
		{
			"__comment": "Voxels",
			"from": [ 4, 23.8, -2.6 ],
			"to": [ 5.6, 24.2, -0.9999999 ],
			"faces": {
				"down": { "uv": [ 5.5, 15, 6.5, 16 ], "texture": "#gczzc" },
				"up": { "uv": [ 6.5, 16, 7.5, 15 ], "texture": "#gczzc" },
				"north": { "uv": [ 14.5, 15.25, 13.5, 15.5 ], "texture": "#gczzc" },
				"south": { "uv": [ 13.5, 15, 14.5, 15.25 ], "texture": "#gczzc" },
				"west": { "uv": [ 12.5, 15.75, 13.5, 16 ], "texture": "#gczzc" },
				"east": { "uv": [ 13.5, 15.5, 12.5, 15.75 ], "texture": "#gczzc" }
			}
		},
		{
			"__comment": "Voxels",
			"from": [ 4.2, -9.2, -2.2 ],
			"to": [ 5.4, -9, -1.4 ],
			"faces": {
				"down": { "uv": [ 9.5, 15, 10.25, 15.5 ], "texture": "#gczzc" },
				"up": { "uv": [ 9.5, 16, 10.25, 15.5 ], "texture": "#gczzc" },
				"north": { "uv": [ 10.25, 14.875, 9.5, 15 ], "texture": "#gczzc" },
				"south": { "uv": [ 10.25, 14.875, 11, 15 ], "texture": "#gczzc" },
				"west": { "uv": [ 14.375, 12.875, 14.875, 13 ], "texture": "#gczzc" },
				"east": { "uv": [ 14.875, 13, 14.375, 13.125 ], "texture": "#gczzc" }
			}
		},
		{
			"__comment": "Voxels",
			"from": [ 4.2, -9.2, -1.4 ],
			"to": [ 5.2, -9, -1.2 ],
			"faces": {
				"down": { "uv": [ 11.375, 13.5, 12, 13.625 ], "texture": "#gczzc" },
				"up": { "uv": [ 10.75, 13.125, 11.375, 13 ], "texture": "#gczzc" },
				"north": { "uv": [ 11.375, 13.125, 10.75, 13.25 ], "texture": "#gczzc" },
				"south": { "uv": [ 10.75, 13.25, 11.375, 13.375 ], "texture": "#gczzc" },
				"west": { "uv": [ 3.625, 1.875, 3.75, 2 ], "texture": "#gczzc" },
				"east": { "uv": [ 3.75, 1.75, 3.625, 1.875 ], "texture": "#gczzc" }
			}
		},
		{
			"__comment": "Voxels",
			"from": [ 4.2, -9, -2.4 ],
			"to": [ 5.4, -8.8, -2.2 ],
			"faces": {
				"down": { "uv": [ 13.5, 13.75, 14.25, 13.875 ], "texture": "#gczzc" },
				"up": { "uv": [ 15, 15, 15.75, 14.875 ], "texture": "#gczzc" },
				"north": { "uv": [ 14.25, 14.25, 13.5, 14.375 ], "texture": "#gczzc" },
				"south": { "uv": [ 13.5, 14.125, 14.25, 14.25 ], "texture": "#gczzc" },
				"west": { "uv": [ 3.625, 1.625, 3.75, 1.75 ], "texture": "#gczzc" },
				"east": { "uv": [ 3.75, 1.5, 3.625, 1.625 ], "texture": "#gczzc" }
			}
		},
		{
			"__comment": "Voxels",
			"from": [ 4.2, -9, -1.2 ],
			"to": [ 5.2, -8.6, -0.9999999 ],
			"faces": {
				"down": { "uv": [ 10.75, 13.375, 11.375, 13.5 ], "texture": "#gczzc" },
				"up": { "uv": [ 8.25, 13.25, 8.875, 13.125 ], "texture": "#gczzc" },
				"north": { "uv": [ 9.125, 13.625, 8.5, 13.875 ], "texture": "#gczzc" },
				"south": { "uv": [ 9.625, 14.625, 10.25, 14.875 ], "texture": "#gczzc" },
				"west": { "uv": [ 3.5, 8.375, 3.625, 8.625 ], "texture": "#gczzc" },
				"east": { "uv": [ 3.625, 8.125, 3.5, 8.375 ], "texture": "#gczzc" }
			}
		},
		{
			"__comment": "Voxels",
			"from": [ 4.2, -8.8, -2.6 ],
			"to": [ 5.2, -8.6, -2.4 ],
			"faces": {
				"down": { "uv": [ 10.125, 12.875, 10.75, 13 ], "texture": "#gczzc" },
				"up": { "uv": [ 10.125, 13.125, 10.75, 13 ], "texture": "#gczzc" },
				"north": { "uv": [ 10.75, 13.25, 10.125, 13.375 ], "texture": "#gczzc" },
				"south": { "uv": [ 10.125, 13.5, 10.75, 13.625 ], "texture": "#gczzc" },
				"west": { "uv": [ 3.625, 0.125, 3.75, 0.25 ], "texture": "#gczzc" },
				"east": { "uv": [ 3.75, 0, 3.625, 0.125 ], "texture": "#gczzc" }
			}
		},
		{
			"__comment": "Voxels",
			"from": [ 4.2, -8.599999, -2.4 ],
			"to": [ 5.2, -8.4, -2.2 ],
			"faces": {
				"down": { "uv": [ 7.25, 12.875, 7.875, 13 ], "texture": "#gczzc" },
				"up": { "uv": [ 7.25, 13.625, 7.875, 13.5 ], "texture": "#gczzc" },
				"north": { "uv": [ 11.375, 13.5, 10.75, 13.625 ], "texture": "#gczzc" },
				"south": { "uv": [ 10.125, 13.375, 10.75, 13.5 ], "texture": "#gczzc" },
				"west": { "uv": [ 3.75, 11.5, 3.875, 11.625 ], "texture": "#gczzc" },
				"east": { "uv": [ 3.875, 11.375, 3.75, 11.5 ], "texture": "#gczzc" }
			}
		},
		{
			"__comment": "Voxels",
			"from": [ 4.2, -8.599999, -2 ],
			"to": [ 5.4, -8.4, -1.2 ],
			"faces": {
				"down": { "uv": [ 10.25, 15, 11, 15.5 ], "texture": "#gczzc" },
				"up": { "uv": [ 10.25, 16, 11, 15.5 ], "texture": "#gczzc" },
				"north": { "uv": [ 14.25, 14, 13.5, 14.125 ], "texture": "#gczzc" },
				"south": { "uv": [ 13.5, 13.875, 14.25, 14 ], "texture": "#gczzc" },
				"west": { "uv": [ 12.25, 12.875, 12.75, 13 ], "texture": "#gczzc" },
				"east": { "uv": [ 15.375, 12.875, 14.875, 13 ], "texture": "#gczzc" }
			}
		},
		{
			"__comment": "Voxels",
			"from": [ 4.2, -2, -2 ],
			"to": [ 4.4, -1.8, -1.6 ],
			"faces": {
				"down": { "uv": [ 3.5, 7.875, 3.625, 8.125 ], "texture": "#gczzc" },
				"up": { "uv": [ 3.5, 7.875, 3.625, 7.625 ], "texture": "#gczzc" },
				"north": { "uv": [ 3.875, 11.125, 3.75, 11.25 ], "texture": "#gczzc" },
				"south": { "uv": [ 3.75, 11, 3.875, 11.125 ], "texture": "#gczzc" },
				"west": { "uv": [ 15.625, 12.375, 15.875, 12.5 ], "texture": "#gczzc" },
				"east": { "uv": [ 3.875, 12.25, 3.625, 12.375 ], "texture": "#gczzc" }
			}
		},
		{
			"__comment": "Voxels",
			"from": [ 4.2, -1.8, -2.2 ],
			"to": [ 4.4, -1.4, -2 ],
			"faces": {
				"down": { "uv": [ 3.75, 10.875, 3.875, 11 ], "texture": "#gczzc" },
				"up": { "uv": [ 3.75, 10.625, 3.875, 10.5 ], "texture": "#gczzc" },
				"north": { "uv": [ 3.625, 7.375, 3.5, 7.625 ], "texture": "#gczzc" },
				"south": { "uv": [ 3.5, 7.125, 3.625, 7.375 ], "texture": "#gczzc" },
				"west": { "uv": [ 3.5, 6.875, 3.625, 7.125 ], "texture": "#gczzc" },
				"east": { "uv": [ 3.625, 6.625, 3.5, 6.875 ], "texture": "#gczzc" }
			}
		},
		{
			"__comment": "Voxels",
			"from": [ 4.2, -1.4, -1.6 ],
			"to": [ 5.6, -1.2, -1.4 ],
			"faces": {
				"down": { "uv": [ 11.25, 14.125, 12.125, 14.25 ], "texture": "#gczzc" },
				"up": { "uv": [ 11.25, 13.875, 12.125, 13.75 ], "texture": "#gczzc" },
				"north": { "uv": [ 12.125, 13.625, 11.25, 13.75 ], "texture": "#gczzc" },
				"south": { "uv": [ 11.25, 14.5, 12.125, 14.625 ], "texture": "#gczzc" },
				"west": { "uv": [ 3.75, 10.375, 3.875, 10.5 ], "texture": "#gczzc" },
				"east": { "uv": [ 3.875, 10.25, 3.75, 10.375 ], "texture": "#gczzc" }
			}
		},
		{
			"__comment": "Voxels",
			"from": [ 4.4, -9.8, -2 ],
			"to": [ 5, -9.2, -1.8 ],
			"faces": {
				"down": { "uv": [ 5.5, 12.5, 5.875, 12.625 ], "texture": "#gczzc" },
				"up": { "uv": [ 5.875, 12.625, 6.25, 12.5 ], "texture": "#gczzc" },
				"north": { "uv": [ 12.125, 14.875, 11.75, 15.25 ], "texture": "#gczzc" },
				"south": { "uv": [ 11, 14.875, 11.375, 15.25 ], "texture": "#gczzc" },
				"west": { "uv": [ 3.5, 10.75, 3.625, 11.125 ], "texture": "#gczzc" },
				"east": { "uv": [ 3.625, 10.375, 3.5, 10.75 ], "texture": "#gczzc" }
			}
		},
		{
			"__comment": "Voxels",
			"from": [ 4.4, -9.8, -1.8 ],
			"to": [ 5, -9.6, -1.6 ],
			"faces": {
				"down": { "uv": [ 6.25, 12.5, 6.625, 12.625 ], "texture": "#gczzc" },
				"up": { "uv": [ 6.625, 12.625, 7, 12.5 ], "texture": "#gczzc" },
				"north": { "uv": [ 7.375, 12.5, 7, 12.625 ], "texture": "#gczzc" },
				"south": { "uv": [ 7.375, 12.5, 7.75, 12.625 ], "texture": "#gczzc" },
				"west": { "uv": [ 3.75, 10.125, 3.875, 10.25 ], "texture": "#gczzc" },
				"east": { "uv": [ 3.875, 7.5, 3.75, 7.625 ], "texture": "#gczzc" }
			}
		},
		{
			"__comment": "Voxels",
			"from": [ 4.4, -9.599999, -1.8 ],
			"to": [ 4.6, -9.2, -1.6 ],
			"faces": {
				"down": { "uv": [ 3.75, 7.375, 3.875, 7.5 ], "texture": "#gczzc" },
				"up": { "uv": [ 3.75, 7.375, 3.875, 7.25 ], "texture": "#gczzc" },
				"north": { "uv": [ 3.625, 6.375, 3.5, 6.625 ], "texture": "#gczzc" },
				"south": { "uv": [ 3.5, 6.125, 3.625, 6.375 ], "texture": "#gczzc" },
				"west": { "uv": [ 3.5, 5.875, 3.625, 6.125 ], "texture": "#gczzc" },
				"east": { "uv": [ 3.625, 5.625, 3.5, 5.875 ], "texture": "#gczzc" }
			}
		},
		{
			"__comment": "Voxels",
			"from": [ 4.4, -9.2, -2.4 ],
			"to": [ 5.2, -9, -2.2 ],
			"faces": {
				"down": { "uv": [ 14.375, 13.375, 14.875, 13.5 ], "texture": "#gczzc" },
				"up": { "uv": [ 13.875, 13.375, 14.375, 13.25 ], "texture": "#gczzc" },
				"north": { "uv": [ 13.375, 13, 12.875, 13.125 ], "texture": "#gczzc" },
				"south": { "uv": [ 12.875, 13.375, 13.375, 13.5 ], "texture": "#gczzc" },
				"west": { "uv": [ 3.75, 7.125, 3.875, 7.25 ], "texture": "#gczzc" },
				"east": { "uv": [ 3.875, 6, 3.75, 6.125 ], "texture": "#gczzc" }
			}
		},
		{
			"__comment": "Voxels",
			"from": [ 4.4, -9, -2.6 ],
			"to": [ 5.2, -8.8, -2.4 ],
			"faces": {
				"down": { "uv": [ 9.5, 12.75, 10, 12.875 ], "texture": "#gczzc" },
				"up": { "uv": [ 6, 12.875, 6.5, 12.75 ], "texture": "#gczzc" },
				"north": { "uv": [ 5.5, 12.75, 5, 12.875 ], "texture": "#gczzc" },
				"south": { "uv": [ 4.5, 12.75, 5, 12.875 ], "texture": "#gczzc" },
				"west": { "uv": [ 3.75, 5.875, 3.875, 6 ], "texture": "#gczzc" },
				"east": { "uv": [ 3.875, 5.5, 3.75, 5.625 ], "texture": "#gczzc" }
			}
		},
		{
			"__comment": "Voxels",
			"from": [ 4.4, -8.8, -2 ],
			"to": [ 4.6, -8.6, -1.4 ],
			"faces": {
				"down": { "uv": [ 3.5, 10, 3.625, 10.375 ], "texture": "#gczzc" },
				"up": { "uv": [ 3.5, 10, 3.625, 9.625 ], "texture": "#gczzc" },
				"north": { "uv": [ 3.875, 5.375, 3.75, 5.5 ], "texture": "#gczzc" },
				"south": { "uv": [ 3.75, 5, 3.875, 5.125 ], "texture": "#gczzc" },
				"west": { "uv": [ 13, 12.5, 13.375, 12.625 ], "texture": "#gczzc" },
				"east": { "uv": [ 13.75, 12.5, 13.375, 12.625 ], "texture": "#gczzc" }
			}
		},
		{
			"__comment": "Voxels",
			"from": [ 4.4, -8.599999, -1.2 ],
			"to": [ 5.2, -8.4, -0.9999999 ],
			"faces": {
				"down": { "uv": [ 14.875, 13.25, 15.375, 13.375 ], "texture": "#gczzc" },
				"up": { "uv": [ 15.375, 13.625, 15.875, 13.5 ], "texture": "#gczzc" },
				"north": { "uv": [ 13.375, 13.125, 12.875, 13.25 ], "texture": "#gczzc" },
				"south": { "uv": [ 12.875, 13.25, 13.375, 13.375 ], "texture": "#gczzc" },
				"west": { "uv": [ 3.75, 4.875, 3.875, 5 ], "texture": "#gczzc" },
				"east": { "uv": [ 5.75, 12, 5.625, 12.125 ], "texture": "#gczzc" }
			}
		},
		{
			"__comment": "Voxels",
			"from": [ 4.4, -8.4, -2 ],
			"to": [ 5, -6.4, -1.8 ],
			"faces": {
				"down": { "uv": [ 14.125, 12.5, 14.5, 12.625 ], "texture": "#gczzc" },
				"up": { "uv": [ 14.5, 12.625, 14.875, 12.5 ], "texture": "#gczzc" },
				"north": { "uv": [ 4.25, 13.625, 3.875, 14.875 ], "texture": "#gczzc" },
				"south": { "uv": [ 3.5, 13.625, 3.875, 14.875 ], "texture": "#gczzc" },
				"west": { "uv": [ 9.25, 13.625, 9.375, 14.875 ], "texture": "#gczzc" },
				"east": { "uv": [ 3.375, 1.375, 3.25, 2.625 ], "texture": "#gczzc" }
			}
		},
		{
			"__comment": "Voxels",
			"from": [ 4.4, -8.4, -1.8 ],
			"to": [ 4.6, -6.2, -1.6 ],
			"faces": {
				"down": { "uv": [ 5.5, 12, 5.625, 12.125 ], "texture": "#gczzc" },
				"up": { "uv": [ 5.375, 12.125, 5.5, 12 ], "texture": "#gczzc" },
				"north": { "uv": [ 2.875, 1.125, 2.75, 2.5 ], "texture": "#gczzc" },
				"south": { "uv": [ 3.125, 1.125, 3.25, 2.5 ], "texture": "#gczzc" },
				"west": { "uv": [ 3, 1.125, 3.125, 2.5 ], "texture": "#gczzc" },
				"east": { "uv": [ 3, 1.125, 2.875, 2.5 ], "texture": "#gczzc" }
			}
		},
		{
			"__comment": "Voxels",
			"from": [ 4.4, -5, -2 ],
			"to": [ 5, -3, -1.6 ],
			"faces": {
				"down": { "uv": [ 15.25, 14.625, 15.625, 14.875 ], "texture": "#gczzc" },
				"up": { "uv": [ 15.625, 14.875, 16, 14.625 ], "texture": "#gczzc" },
				"north": { "uv": [ 5, 13.625, 4.625, 14.875 ], "texture": "#gczzc" },
				"south": { "uv": [ 4.25, 13.625, 4.625, 14.875 ], "texture": "#gczzc" },
				"west": { "uv": [ 1.5, 0, 1.75, 1.25 ], "texture": "#gczzc" },
				"east": { "uv": [ 1.75, 1.25, 1.5, 2.5 ], "texture": "#gczzc" }
			}
		},
		{
			"__comment": "Voxels",
			"from": [ 4.4, -2, -1.8 ],
			"to": [ 4.6, -1.8, -1.6 ],
			"faces": {
				"down": { "uv": [ 5.25, 12, 5.375, 12.125 ], "texture": "#gczzc" },
				"up": { "uv": [ 3.75, 2.75, 3.875, 2.625 ], "texture": "#gczzc" },
				"north": { "uv": [ 3.875, 2.75, 3.75, 2.875 ], "texture": "#gczzc" },
				"south": { "uv": [ 3.75, 2.875, 3.875, 3 ], "texture": "#gczzc" },
				"west": { "uv": [ 3.75, 3, 3.875, 3.125 ], "texture": "#gczzc" },
				"east": { "uv": [ 3.875, 3.375, 3.75, 3.5 ], "texture": "#gczzc" }
			}
		},
		{
			"__comment": "Voxels",
			"from": [ 4.4, -1.6, -2.2 ],
			"to": [ 4.6, -1.2, -2 ],
			"faces": {
				"down": { "uv": [ 3.75, 3.5, 3.875, 3.625 ], "texture": "#gczzc" },
				"up": { "uv": [ 3.75, 3.75, 3.875, 3.625 ], "texture": "#gczzc" },
				"north": { "uv": [ 3.75, 10.875, 3.625, 11.125 ], "texture": "#gczzc" },
				"south": { "uv": [ 3.625, 11.125, 3.75, 11.375 ], "texture": "#gczzc" },
				"west": { "uv": [ 3.625, 11.375, 3.75, 11.625 ], "texture": "#gczzc" },
				"east": { "uv": [ 3.75, 11.625, 3.625, 11.875 ], "texture": "#gczzc" }
			}
		},
		{
			"__comment": "Voxels",
			"from": [ 4.4, -1.4, -1.8 ],
			"to": [ 4.6, 20.8, -1.6 ],
			"faces": {
				"down": { "uv": [ 3.75, 9.375, 3.875, 9.5 ], "texture": "#gczzc" },
				"up": { "uv": [ 3.75, 9.625, 3.875, 9.5 ], "texture": "#gczzc" },
				"north": { "uv": [ 2.25, 2.125, 2.125, 16 ], "texture": "#gczzc" },
				"south": { "uv": [ 2, 2.125, 2.125, 16 ], "texture": "#gczzc" },
				"west": { "uv": [ 1.875, 2.125, 2, 16 ], "texture": "#gczzc" },
				"east": { "uv": [ 1.875, 2.125, 1.75, 16 ], "texture": "#gczzc" }
			}
		},
		{
			"__comment": "Voxels",
			"from": [ 4.4, -1.2, -2 ],
			"to": [ 5.6, -0.9999999, -1.8 ],
			"faces": {
				"down": { "uv": [ 15.25, 14.375, 16, 14.5 ], "texture": "#gczzc" },
				"up": { "uv": [ 15.25, 14.375, 16, 14.25 ], "texture": "#gczzc" },
				"north": { "uv": [ 16, 14.125, 15.25, 14.25 ], "texture": "#gczzc" },
				"south": { "uv": [ 15.25, 14, 16, 14.125 ], "texture": "#gczzc" },
				"west": { "uv": [ 3.75, 9.625, 3.875, 9.75 ], "texture": "#gczzc" },
				"east": { "uv": [ 3.875, 9.75, 3.75, 9.875 ], "texture": "#gczzc" }
			}
		},
		{
			"__comment": "Voxels",
			"from": [ 4.4, -1, -2 ],
			"to": [ 5.4, -0.8, -1.8 ],
			"faces": {
				"down": { "uv": [ 11.375, 13.125, 12, 13.25 ], "texture": "#gczzc" },
				"up": { "uv": [ 11.375, 13.125, 12, 13 ], "texture": "#gczzc" },
				"north": { "uv": [ 12, 12.875, 11.375, 13 ], "texture": "#gczzc" },
				"south": { "uv": [ 12.25, 13.25, 12.875, 13.375 ], "texture": "#gczzc" },
				"west": { "uv": [ 3.75, 11.625, 3.875, 11.75 ], "texture": "#gczzc" },
				"east": { "uv": [ 3.875, 11.75, 3.75, 11.875 ], "texture": "#gczzc" }
			}
		},
		{
			"__comment": "Voxels",
			"from": [ 4.4, -0.8, -2 ],
			"to": [ 5.2, -0.6, -1.8 ],
			"faces": {
				"down": { "uv": [ 15, 12.75, 15.5, 12.875 ], "texture": "#gczzc" },
				"up": { "uv": [ 13.875, 13, 14.375, 12.875 ], "texture": "#gczzc" },
				"north": { "uv": [ 14.875, 13.5, 14.375, 13.625 ], "texture": "#gczzc" },
				"south": { "uv": [ 14.375, 13.25, 14.875, 13.375 ], "texture": "#gczzc" },
				"west": { "uv": [ 3.75, 11.875, 3.875, 12 ], "texture": "#gczzc" },
				"east": { "uv": [ 3.875, 12, 3.75, 12.125 ], "texture": "#gczzc" }
			}
		},
		{
			"__comment": "Voxels",
			"from": [ 4.4, -0.6, -2 ],
			"to": [ 5, 20.8, -1.8 ],
			"faces": {
				"down": { "uv": [ 14.875, 12.5, 15.25, 12.625 ], "texture": "#gczzc" },
				"up": { "uv": [ 15.25, 12.625, 15.625, 12.5 ], "texture": "#gczzc" },
				"north": { "uv": [ 0.375, 2.625, 0, 16 ], "texture": "#gczzc" },
				"south": { "uv": [ 0.375, 2.625, 0.75, 16 ], "texture": "#gczzc" },
				"west": { "uv": [ 3.25, 2.625, 3.375, 16 ], "texture": "#gczzc" },
				"east": { "uv": [ 3.5, 2.625, 3.375, 16 ], "texture": "#gczzc" }
			}
		},
		{
			"__comment": "Voxels",
			"from": [ 4.4, 21.2, -2 ],
			"to": [ 5, 22.4, -1.8 ],
			"faces": {
				"down": { "uv": [ 15.625, 12.5, 16, 12.625 ], "texture": "#gczzc" },
				"up": { "uv": [ 3.625, 12.5, 4, 12.375 ], "texture": "#gczzc" },
				"north": { "uv": [ 11.375, 15.25, 11, 16 ], "texture": "#gczzc" },
				"south": { "uv": [ 11.375, 15.25, 11.75, 16 ], "texture": "#gczzc" },
				"west": { "uv": [ 3.5, 12.875, 3.625, 13.625 ], "texture": "#gczzc" },
				"east": { "uv": [ 3.75, 12.875, 3.625, 13.625 ], "texture": "#gczzc" }
			}
		},
		{
			"__comment": "Voxels",
			"from": [ 4.4, 21.2, -1.8 ],
			"to": [ 4.6, 22.4, -1.6 ],
			"faces": {
				"down": { "uv": [ 3.625, 0.25, 3.75, 0.375 ], "texture": "#gczzc" },
				"up": { "uv": [ 3.625, 0.5, 3.75, 0.375 ], "texture": "#gczzc" },
				"north": { "uv": [ 3.875, 12.875, 3.75, 13.625 ], "texture": "#gczzc" },
				"south": { "uv": [ 3.875, 12.875, 4, 13.625 ], "texture": "#gczzc" },
				"west": { "uv": [ 4, 12.875, 4.125, 13.625 ], "texture": "#gczzc" },
				"east": { "uv": [ 4.25, 12.875, 4.125, 13.625 ], "texture": "#gczzc" }
			}
		},
		{
			"__comment": "Voxels",
			"from": [ 4.4, 22.2, -1.6 ],
			"to": [ 5, 22.4, -1.4 ],
			"faces": {
				"down": { "uv": [ 4, 12.375, 4.375, 12.5 ], "texture": "#gczzc" },
				"up": { "uv": [ 4.375, 12.5, 4.75, 12.375 ], "texture": "#gczzc" },
				"north": { "uv": [ 5.125, 12.375, 4.75, 12.5 ], "texture": "#gczzc" },
				"south": { "uv": [ 5.125, 12.375, 5.5, 12.5 ], "texture": "#gczzc" },
				"west": { "uv": [ 3.625, 2.25, 3.75, 2.375 ], "texture": "#gczzc" },
				"east": { "uv": [ 3.75, 2.375, 3.625, 2.5 ], "texture": "#gczzc" }
			}
		},
		{
			"__comment": "Voxels",
			"from": [ 4.4, 22.6, -2 ],
			"to": [ 5, 23.8, -1.8 ],
			"faces": {
				"down": { "uv": [ 5.5, 12.375, 5.875, 12.5 ], "texture": "#gczzc" },
				"up": { "uv": [ 5.875, 12.5, 6.25, 12.375 ], "texture": "#gczzc" },
				"north": { "uv": [ 12.125, 15.25, 11.75, 16 ], "texture": "#gczzc" },
				"south": { "uv": [ 0, 0.25, 0.375, 1 ], "texture": "#gczzc" },
				"west": { "uv": [ 4.625, 12.875, 4.75, 13.625 ], "texture": "#gczzc" },
				"east": { "uv": [ 4.875, 12.875, 4.75, 13.625 ], "texture": "#gczzc" }
			}
		},
		{
			"__comment": "Voxels",
			"from": [ 4.4, 22.6, -1.8 ],
			"to": [ 4.6, 23.8, -1.6 ],
			"faces": {
				"down": { "uv": [ 3.625, 2.5, 3.75, 2.625 ], "texture": "#gczzc" },
				"up": { "uv": [ 3.625, 2.75, 3.75, 2.625 ], "texture": "#gczzc" },
				"north": { "uv": [ 5, 12.875, 4.875, 13.625 ], "texture": "#gczzc" },
				"south": { "uv": [ 5, 12.875, 5.125, 13.625 ], "texture": "#gczzc" },
				"west": { "uv": [ 5.125, 12.875, 5.25, 13.625 ], "texture": "#gczzc" },
				"east": { "uv": [ 12.75, 13.875, 12.625, 14.625 ], "texture": "#gczzc" }
			}
		},
		{
			"__comment": "Voxels",
			"from": [ 4.4, 22.6, -1.6 ],
			"to": [ 5, 22.8, -1.4 ],
			"faces": {
				"down": { "uv": [ 6.25, 12.375, 6.625, 12.5 ], "texture": "#gczzc" },
				"up": { "uv": [ 6.625, 12.5, 7, 12.375 ], "texture": "#gczzc" },
				"north": { "uv": [ 7.375, 12.375, 7, 12.5 ], "texture": "#gczzc" },
				"south": { "uv": [ 7.375, 12.375, 7.75, 12.5 ], "texture": "#gczzc" },
				"west": { "uv": [ 3.625, 6.5, 3.75, 6.625 ], "texture": "#gczzc" },
				"east": { "uv": [ 3.75, 6.75, 3.625, 6.875 ], "texture": "#gczzc" }
			}
		},
		{
			"__comment": "Voxels",
			"from": [ 4.4, 24.2, -2 ],
			"to": [ 5, 25.4, -1.8 ],
			"faces": {
				"down": { "uv": [ 7.75, 12.375, 8.125, 12.5 ], "texture": "#gczzc" },
				"up": { "uv": [ 8.125, 12.5, 8.5, 12.375 ], "texture": "#gczzc" },
				"north": { "uv": [ 12.5, 15.25, 12.125, 16 ], "texture": "#gczzc" },
				"south": { "uv": [ 0.375, 0.25, 0.75, 1 ], "texture": "#gczzc" },
				"west": { "uv": [ 5.375, 12.875, 5.5, 13.625 ], "texture": "#gczzc" },
				"east": { "uv": [ 5.625, 12.875, 5.5, 13.625 ], "texture": "#gczzc" }
			}
		},
		{
			"__comment": "Voxels",
			"from": [ 4.4, 24.2, -1.8 ],
			"to": [ 4.6, 25.6, -1.6 ],
			"faces": {
				"down": { "uv": [ 3.625, 6.875, 3.75, 7 ], "texture": "#gczzc" },
				"up": { "uv": [ 3.625, 7.125, 3.75, 7 ], "texture": "#gczzc" },
				"north": { "uv": [ 2.75, 0, 2.625, 0.875 ], "texture": "#gczzc" },
				"south": { "uv": [ 2.375, 0, 2.5, 0.875 ], "texture": "#gczzc" },
				"west": { "uv": [ 2.5, 0, 2.625, 0.875 ], "texture": "#gczzc" },
				"east": { "uv": [ 11.25, 13.75, 11.125, 14.625 ], "texture": "#gczzc" }
			}
		},
		{
			"__comment": "Voxels",
			"from": [ 4.4, 27, -1.8 ],
			"to": [ 5, 27.6, -1.6 ],
			"faces": {
				"down": { "uv": [ 8.5, 12.375, 8.875, 12.5 ], "texture": "#gczzc" },
				"up": { "uv": [ 8.875, 12.5, 9.25, 12.375 ], "texture": "#gczzc" },
				"north": { "uv": [ 12.5, 14.875, 12.125, 15.25 ], "texture": "#gczzc" },
				"south": { "uv": [ 11.375, 14.875, 11.75, 15.25 ], "texture": "#gczzc" },
				"west": { "uv": [ 3.5, 9.25, 3.625, 9.625 ], "texture": "#gczzc" },
				"east": { "uv": [ 3.625, 8.875, 3.5, 9.25 ], "texture": "#gczzc" }
			}
		},
		{
			"__comment": "Voxels",
			"from": [ 4.4, 27.2, -2 ],
			"to": [ 5, 29.8, -1.8 ],
			"faces": {
				"down": { "uv": [ 9.25, 12.375, 9.625, 12.5 ], "texture": "#gczzc" },
				"up": { "uv": [ 9.625, 12.5, 10, 12.375 ], "texture": "#gczzc" },
				"north": { "uv": [ 0.375, 1, 0, 2.625 ], "texture": "#gczzc" },
				"south": { "uv": [ 0.375, 1, 0.75, 2.625 ], "texture": "#gczzc" },
				"west": { "uv": [ 2.125, 0.5, 2.25, 2.125 ], "texture": "#gczzc" },
				"east": { "uv": [ 2.125, 0.5, 2, 2.125 ], "texture": "#gczzc" }
			}
		},
		{
			"__comment": "Voxels",
			"from": [ 4.4, 27.6, -1.8 ],
			"to": [ 4.6, 30, -1.6 ],
			"faces": {
				"down": { "uv": [ 3.625, 7.125, 3.75, 7.25 ], "texture": "#gczzc" },
				"up": { "uv": [ 3.625, 7.625, 3.75, 7.5 ], "texture": "#gczzc" },
				"north": { "uv": [ 2.75, 0.875, 2.625, 2.375 ], "texture": "#gczzc" },
				"south": { "uv": [ 2.5, 0.875, 2.625, 2.375 ], "texture": "#gczzc" },
				"west": { "uv": [ 2.375, 0.875, 2.5, 2.375 ], "texture": "#gczzc" },
				"east": { "uv": [ 2.375, 0.875, 2.25, 2.375 ], "texture": "#gczzc" }
			}
		},
		{
			"__comment": "Voxels",
			"from": [ 4.4, 28.2, -1.6 ],
			"to": [ 5, 28.6, -1.4 ],
			"faces": {
				"down": { "uv": [ 10, 12.375, 10.375, 12.5 ], "texture": "#gczzc" },
				"up": { "uv": [ 15.25, 13.75, 15.625, 13.625 ], "texture": "#gczzc" },
				"north": { "uv": [ 7, 13.375, 6.625, 13.625 ], "texture": "#gczzc" },
				"south": { "uv": [ 6.625, 13.125, 7, 13.375 ], "texture": "#gczzc" },
				"west": { "uv": [ 3.5, 5.375, 3.625, 5.625 ], "texture": "#gczzc" },
				"east": { "uv": [ 3.625, 3.875, 3.5, 4.125 ], "texture": "#gczzc" }
			}
		},
		{
			"__comment": "Voxels",
			"from": [ 4.4, 28.4, -2.2 ],
			"to": [ 5, 28.6, -2 ],
			"faces": {
				"down": { "uv": [ 15.625, 13.625, 16, 13.75 ], "texture": "#gczzc" },
				"up": { "uv": [ 4.25, 12.75, 4.625, 12.625 ], "texture": "#gczzc" },
				"north": { "uv": [ 5, 12.625, 4.625, 12.75 ], "texture": "#gczzc" },
				"south": { "uv": [ 5, 12.625, 5.375, 12.75 ], "texture": "#gczzc" },
				"west": { "uv": [ 3.625, 7.625, 3.75, 7.75 ], "texture": "#gczzc" },
				"east": { "uv": [ 3.75, 8, 3.625, 8.125 ], "texture": "#gczzc" }
			}
		},
		{
			"__comment": "Voxels",
			"from": [ 4.6, -10.8, -1.8 ],
			"to": [ 4.8, -9.8, -1.6 ],
			"faces": {
				"down": { "uv": [ 3.625, 8.125, 3.75, 8.25 ], "texture": "#gczzc" },
				"up": { "uv": [ 3.625, 8.375, 3.75, 8.25 ], "texture": "#gczzc" },
				"north": { "uv": [ 10, 12.875, 9.875, 13.5 ], "texture": "#gczzc" },
				"south": { "uv": [ 10, 12.875, 10.125, 13.5 ], "texture": "#gczzc" },
				"west": { "uv": [ 12, 13, 12.125, 13.625 ], "texture": "#gczzc" },
				"east": { "uv": [ 12.25, 13, 12.125, 13.625 ], "texture": "#gczzc" }
			}
		},
		{
			"__comment": "Voxels",
			"from": [ 4.6, -10.6, -2 ],
			"to": [ 4.8, -9.799999, -1.8 ],
			"faces": {
				"down": { "uv": [ 3.625, 8.375, 3.75, 8.5 ], "texture": "#gczzc" },
				"up": { "uv": [ 15.25, 12.25, 15.375, 12.125 ], "texture": "#gczzc" },
				"north": { "uv": [ 7.75, 13.625, 7.625, 14.125 ], "texture": "#gczzc" },
				"south": { "uv": [ 7.75, 13.625, 7.875, 14.125 ], "texture": "#gczzc" },
				"west": { "uv": [ 7.875, 13.625, 8, 14.125 ], "texture": "#gczzc" },
				"east": { "uv": [ 8.125, 13.625, 8, 14.125 ], "texture": "#gczzc" }
			}
		},
		{
			"__comment": "Voxels",
			"from": [ 4.6, -10, -1.6 ],
			"to": [ 4.8, -9.2, -1.4 ],
			"faces": {
				"down": { "uv": [ 15.125, 12.125, 15.25, 12.25 ], "texture": "#gczzc" },
				"up": { "uv": [ 15, 12.25, 15.125, 12.125 ], "texture": "#gczzc" },
				"north": { "uv": [ 8.25, 13.625, 8.125, 14.125 ], "texture": "#gczzc" },
				"south": { "uv": [ 8.25, 13.625, 8.375, 14.125 ], "texture": "#gczzc" },
				"west": { "uv": [ 8.375, 13.625, 8.5, 14.125 ], "texture": "#gczzc" },
				"east": { "uv": [ 14.375, 13.625, 14.25, 14.125 ], "texture": "#gczzc" }
			}
		},
		{
			"__comment": "Voxels",
			"from": [ 4.6, -9, -1.6 ],
			"to": [ 5.6, -8.6, -1.4 ],
			"faces": {
				"down": { "uv": [ 12.25, 13.5, 12.875, 13.625 ], "texture": "#gczzc" },
				"up": { "uv": [ 12.25, 13.5, 12.875, 13.375 ], "texture": "#gczzc" },
				"north": { "uv": [ 10.25, 13.75, 9.625, 14 ], "texture": "#gczzc" },
				"south": { "uv": [ 10.375, 14.625, 11, 14.875 ], "texture": "#gczzc" },
				"west": { "uv": [ 3.5, 4.125, 3.625, 4.375 ], "texture": "#gczzc" },
				"east": { "uv": [ 3.625, 5.125, 3.5, 5.375 ], "texture": "#gczzc" }
			}
		},
		{
			"__comment": "Voxels",
			"from": [ 4.6, -9, -1.4 ],
			"to": [ 5.4, -8.8, -1.2 ],
			"faces": {
				"down": { "uv": [ 7, 12.75, 7.5, 12.875 ], "texture": "#gczzc" },
				"up": { "uv": [ 7.5, 12.875, 8, 12.75 ], "texture": "#gczzc" },
				"north": { "uv": [ 8.5, 12.75, 8, 12.875 ], "texture": "#gczzc" },
				"south": { "uv": [ 8.5, 12.75, 9, 12.875 ], "texture": "#gczzc" },
				"west": { "uv": [ 14.875, 12.125, 15, 12.25 ], "texture": "#gczzc" },
				"east": { "uv": [ 14.875, 12.125, 14.75, 12.25 ], "texture": "#gczzc" }
			}
		},
		{
			"__comment": "Voxels",
			"from": [ 4.6, -8.8, -2.2 ],
			"to": [ 5, -8.6, -2 ],
			"faces": {
				"down": { "uv": [ 13.875, 12.375, 14.125, 12.5 ], "texture": "#gczzc" },
				"up": { "uv": [ 13.125, 12.5, 13.375, 12.375 ], "texture": "#gczzc" },
				"north": { "uv": [ 11.625, 12.375, 11.375, 12.5 ], "texture": "#gczzc" },
				"south": { "uv": [ 6, 13.625, 6.25, 13.75 ], "texture": "#gczzc" },
				"west": { "uv": [ 14.625, 12.125, 14.75, 12.25 ], "texture": "#gczzc" },
				"east": { "uv": [ 14.625, 12.125, 14.5, 12.25 ], "texture": "#gczzc" }
			}
		},
		{
			"__comment": "Voxels",
			"from": [ 4.6, -8.8, -1 ],
			"to": [ 4.8, -8.6, -0.8 ],
			"faces": {
				"down": { "uv": [ 14.375, 12.125, 14.5, 12.25 ], "texture": "#gczzc" },
				"up": { "uv": [ 15.875, 13, 16, 12.875 ], "texture": "#gczzc" },
				"north": { "uv": [ 16, 13, 15.875, 13.125 ], "texture": "#gczzc" },
				"south": { "uv": [ 15.875, 13.125, 16, 13.25 ], "texture": "#gczzc" },
				"west": { "uv": [ 2.875, 0, 3, 0.125 ], "texture": "#gczzc" },
				"east": { "uv": [ 16, 13.25, 15.875, 13.375 ], "texture": "#gczzc" }
			}
		},
		{
			"__comment": "Voxels",
			"from": [ 4.6, -8.4, -1.6 ],
			"to": [ 5, -6.4, -1.4 ],
			"faces": {
				"down": { "uv": [ 11.625, 12.25, 11.875, 12.375 ], "texture": "#gczzc" },
				"up": { "uv": [ 10.375, 12.375, 10.625, 12.25 ], "texture": "#gczzc" },
				"north": { "uv": [ 6, 13.625, 5.75, 14.875 ], "texture": "#gczzc" },
				"south": { "uv": [ 1.25, 1.25, 1.5, 2.5 ], "texture": "#gczzc" },
				"west": { "uv": [ 3.375, 0.125, 3.5, 1.375 ], "texture": "#gczzc" },
				"east": { "uv": [ 9.25, 13.625, 9.125, 14.875 ], "texture": "#gczzc" }
			}
		},
		{
			"__comment": "Voxels",
			"from": [ 4.6, -7.8, -1.8 ],
			"to": [ 5, -5, -1.6 ],
			"faces": {
				"down": { "uv": [ 10.125, 12.25, 10.375, 12.375 ], "texture": "#gczzc" },
				"up": { "uv": [ 9.375, 12.375, 9.625, 12.25 ], "texture": "#gczzc" },
				"north": { "uv": [ 1, 0.75, 0.75, 2.5 ], "texture": "#gczzc" },
				"south": { "uv": [ 1, 0.75, 1.25, 2.5 ], "texture": "#gczzc" },
				"west": { "uv": [ 1.75, 0.375, 1.875, 2.125 ], "texture": "#gczzc" },
				"east": { "uv": [ 2, 0.375, 1.875, 2.125 ], "texture": "#gczzc" }
			}
		},
		{
			"__comment": "Voxels",
			"from": [ 4.6, -6.4, -2 ],
			"to": [ 4.8, -5, -1.8 ],
			"faces": {
				"down": { "uv": [ 9, 12.875, 9.125, 13 ], "texture": "#gczzc" },
				"up": { "uv": [ 8.875, 13, 9, 12.875 ], "texture": "#gczzc" },
				"north": { "uv": [ 2.375, 0, 2.25, 0.875 ], "texture": "#gczzc" },
				"south": { "uv": [ 12.375, 14, 12.5, 14.875 ], "texture": "#gczzc" },
				"west": { "uv": [ 12.25, 14, 12.375, 14.875 ], "texture": "#gczzc" },
				"east": { "uv": [ 12.625, 13.75, 12.5, 14.625 ], "texture": "#gczzc" }
			}
		},
		{
			"__comment": "Voxels",
			"from": [ 4.6, -6.4, -1.6 ],
			"to": [ 4.8, -6.2, -1.4 ],
			"faces": {
				"down": { "uv": [ 8.125, 12.875, 8.25, 13 ], "texture": "#gczzc" },
				"up": { "uv": [ 8, 13, 8.125, 12.875 ], "texture": "#gczzc" },
				"north": { "uv": [ 3.5, 0, 3.375, 0.125 ], "texture": "#gczzc" },
				"south": { "uv": [ 3.25, 0, 3.375, 0.125 ], "texture": "#gczzc" },
				"west": { "uv": [ 3.125, 0, 3.25, 0.125 ], "texture": "#gczzc" },
				"east": { "uv": [ 3.125, 0, 3, 0.125 ], "texture": "#gczzc" }
			}
		},
		{
			"__comment": "Voxels",
			"from": [ 4.6, -5, -1.6 ],
			"to": [ 5, -3, -1.4 ],
			"faces": {
				"down": { "uv": [ 4.625, 12.25, 4.875, 12.375 ], "texture": "#gczzc" },
				"up": { "uv": [ 4.375, 12.375, 4.625, 12.25 ], "texture": "#gczzc" },
				"north": { "uv": [ 5.5, 13.625, 5.25, 14.875 ], "texture": "#gczzc" },
				"south": { "uv": [ 5.5, 13.625, 5.75, 14.875 ], "texture": "#gczzc" },
				"west": { "uv": [ 11, 13.625, 11.125, 14.875 ], "texture": "#gczzc" },
				"east": { "uv": [ 10.375, 13.625, 10.25, 14.875 ], "texture": "#gczzc" }
			}
		},
		{
			"__comment": "Voxels",
			"from": [ 4.6, -4.6, -2.2 ],
			"to": [ 4.8, -4.4, -2 ],
			"faces": {
				"down": { "uv": [ 9.875, 12, 10, 12.125 ], "texture": "#gczzc" },
				"up": { "uv": [ 9.75, 12.125, 9.875, 12 ], "texture": "#gczzc" },
				"north": { "uv": [ 5.25, 12, 5.125, 12.125 ], "texture": "#gczzc" },
				"south": { "uv": [ 5, 12, 5.125, 12.125 ], "texture": "#gczzc" },
				"west": { "uv": [ 4.875, 12, 5, 12.125 ], "texture": "#gczzc" },
				"east": { "uv": [ 4.875, 12, 4.75, 12.125 ], "texture": "#gczzc" }
			}
		},
		{
			"__comment": "Voxels",
			"from": [ 4.6, -4, -2.2 ],
			"to": [ 4.8, -3, -2 ],
			"faces": {
				"down": { "uv": [ 3.75, 1.375, 3.875, 1.5 ], "texture": "#gczzc" },
				"up": { "uv": [ 3.75, 1.625, 3.875, 1.5 ], "texture": "#gczzc" },
				"north": { "uv": [ 9.625, 12.875, 9.5, 13.5 ], "texture": "#gczzc" },
				"south": { "uv": [ 8.875, 13, 9, 13.625 ], "texture": "#gczzc" },
				"west": { "uv": [ 9.125, 13, 9.25, 13.625 ], "texture": "#gczzc" },
				"east": { "uv": [ 9.125, 13, 9, 13.625 ], "texture": "#gczzc" }
			}
		},
		{
			"__comment": "Voxels",
			"from": [ 4.6, -3, -2 ],
			"to": [ 5.4, -2.8, -1.6 ],
			"faces": {
				"down": { "uv": [ 14.5, 14.875, 15, 15.125 ], "texture": "#gczzc" },
				"up": { "uv": [ 10.375, 14.125, 10.875, 13.875 ], "texture": "#gczzc" },
				"north": { "uv": [ 4, 12.75, 3.5, 12.875 ], "texture": "#gczzc" },
				"south": { "uv": [ 15.375, 12.875, 15.875, 13 ], "texture": "#gczzc" },
				"west": { "uv": [ 9.875, 12.25, 10.125, 12.375 ], "texture": "#gczzc" },
				"east": { "uv": [ 9.875, 12.25, 9.625, 12.375 ], "texture": "#gczzc" }
			}
		},
		{
			"__comment": "Voxels",
			"from": [ 4.6, -1.6, -1.8 ],
			"to": [ 6, -1.4, -1.6 ],
			"faces": {
				"down": { "uv": [ 11.25, 13.875, 12.125, 14 ], "texture": "#gczzc" },
				"up": { "uv": [ 13.375, 14.75, 14.25, 14.625 ], "texture": "#gczzc" },
				"north": { "uv": [ 12.125, 14, 11.25, 14.125 ], "texture": "#gczzc" },
				"south": { "uv": [ 11.25, 14.375, 12.125, 14.5 ], "texture": "#gczzc" },
				"west": { "uv": [ 3.75, 2.25, 3.875, 2.375 ], "texture": "#gczzc" },
				"east": { "uv": [ 3.875, 3.125, 3.75, 3.25 ], "texture": "#gczzc" }
			}
		},
		{
			"__comment": "Voxels",
			"from": [ 4.6, -1.6, -1.6 ],
			"to": [ 4.8, -1.4, -1.4 ],
			"faces": {
				"down": { "uv": [ 3.75, 4.375, 3.875, 4.5 ], "texture": "#gczzc" },
				"up": { "uv": [ 3.75, 4.625, 3.875, 4.5 ], "texture": "#gczzc" },
				"north": { "uv": [ 3.875, 4.625, 3.75, 4.75 ], "texture": "#gczzc" },
				"south": { "uv": [ 3.75, 4.75, 3.875, 4.875 ], "texture": "#gczzc" },
				"west": { "uv": [ 11.5, 12, 11.625, 12.125 ], "texture": "#gczzc" },
				"east": { "uv": [ 11.5, 12, 11.375, 12.125 ], "texture": "#gczzc" }
			}
		},
		{
			"__comment": "Voxels",
			"from": [ 4.6, -1.4, -2.2 ],
			"to": [ 5.4, -1.2, -2 ],
			"faces": {
				"down": { "uv": [ 15.375, 13, 15.875, 13.125 ], "texture": "#gczzc" },
				"up": { "uv": [ 15.375, 13.375, 15.875, 13.25 ], "texture": "#gczzc" },
				"north": { "uv": [ 13.875, 13.125, 13.375, 13.25 ], "texture": "#gczzc" },
				"south": { "uv": [ 14.875, 13.375, 15.375, 13.5 ], "texture": "#gczzc" },
				"west": { "uv": [ 11.25, 12, 11.375, 12.125 ], "texture": "#gczzc" },
				"east": { "uv": [ 11, 12, 10.875, 12.125 ], "texture": "#gczzc" }
			}
		},
		{
			"__comment": "Voxels",
			"from": [ 4.6, -1.2, -1.8 ],
			"to": [ 5.6, -0.9999999, -1.6 ],
			"faces": {
				"down": { "uv": [ 12.25, 13, 12.875, 13.125 ], "texture": "#gczzc" },
				"up": { "uv": [ 12.25, 13.25, 12.875, 13.125 ], "texture": "#gczzc" },
				"north": { "uv": [ 12, 13.375, 11.375, 13.5 ], "texture": "#gczzc" },
				"south": { "uv": [ 10.75, 12.875, 11.375, 13 ], "texture": "#gczzc" },
				"west": { "uv": [ 3.75, 11.25, 3.875, 11.375 ], "texture": "#gczzc" },
				"east": { "uv": [ 3.75, 0.5, 3.625, 0.625 ], "texture": "#gczzc" }
			}
		},
		{
			"__comment": "Voxels",
			"from": [ 4.6, -1.2, -1.6 ],
			"to": [ 5.4, -0.9999999, -1.4 ],
			"faces": {
				"down": { "uv": [ 12.875, 13.5, 13.375, 13.625 ], "texture": "#gczzc" },
				"up": { "uv": [ 10, 12.875, 10.5, 12.75 ], "texture": "#gczzc" },
				"north": { "uv": [ 4.5, 12.75, 4, 12.875 ], "texture": "#gczzc" },
				"south": { "uv": [ 14.875, 13.125, 15.375, 13.25 ], "texture": "#gczzc" },
				"west": { "uv": [ 3.625, 0.625, 3.75, 0.75 ], "texture": "#gczzc" },
				"east": { "uv": [ 3.75, 4, 3.625, 4.125 ], "texture": "#gczzc" }
			}
		},
		{
			"__comment": "Voxels",
			"from": [ 4.6, -1, -2.2 ],
			"to": [ 4.8, 20.8, -2 ],
			"faces": {
				"down": { "uv": [ 12, 12.875, 12.125, 13 ], "texture": "#gczzc" },
				"up": { "uv": [ 9.375, 13, 9.5, 12.875 ], "texture": "#gczzc" },
				"north": { "uv": [ 2.75, 2.375, 2.625, 16 ], "texture": "#gczzc" },
				"south": { "uv": [ 2.5, 2.375, 2.625, 16 ], "texture": "#gczzc" },
				"west": { "uv": [ 2.375, 2.375, 2.5, 16 ], "texture": "#gczzc" },
				"east": { "uv": [ 2.375, 2.375, 2.25, 16 ], "texture": "#gczzc" }
			}
		},
		{
			"__comment": "Voxels",
			"from": [ 4.6, -1, -1.8 ],
			"to": [ 5.4, -0.8, -1.6 ],
			"faces": {
				"down": { "uv": [ 5.5, 12.75, 6, 12.875 ], "texture": "#gczzc" },
				"up": { "uv": [ 14.375, 13.25, 14.875, 13.125 ], "texture": "#gczzc" },
				"north": { "uv": [ 15.375, 13.5, 14.875, 13.625 ], "texture": "#gczzc" },
				"south": { "uv": [ 15.375, 13.125, 15.875, 13.25 ], "texture": "#gczzc" },
				"west": { "uv": [ 9.25, 12.875, 9.375, 13 ], "texture": "#gczzc" },
				"east": { "uv": [ 9.25, 12.875, 9.125, 13 ], "texture": "#gczzc" }
			}
		},
		{
			"__comment": "Voxels",
			"from": [ 4.6, -1, -1.6 ],
			"to": [ 5.2, -0.8, -1.4 ],
			"faces": {
				"down": { "uv": [ 5.375, 12.625, 5.75, 12.75 ], "texture": "#gczzc" },
				"up": { "uv": [ 5.75, 12.75, 6.125, 12.625 ], "texture": "#gczzc" },
				"north": { "uv": [ 6.5, 12.625, 6.125, 12.75 ], "texture": "#gczzc" },
				"south": { "uv": [ 6.5, 12.625, 6.875, 12.75 ], "texture": "#gczzc" },
				"west": { "uv": [ 12.125, 13.75, 12.25, 13.875 ], "texture": "#gczzc" },
				"east": { "uv": [ 12.25, 13.875, 12.125, 14 ], "texture": "#gczzc" }
			}
		},
		{
			"__comment": "Voxels",
			"from": [ 4.6, -0.8, -1.6 ],
			"to": [ 5, 20.8, -1.4 ],
			"faces": {
				"down": { "uv": [ 7.625, 12.25, 7.875, 12.375 ], "texture": "#gczzc" },
				"up": { "uv": [ 7.125, 12.375, 7.375, 12.25 ], "texture": "#gczzc" },
				"north": { "uv": [ 1.5, 2.5, 1.25, 16 ], "texture": "#gczzc" },
				"south": { "uv": [ 1.5, 2.5, 1.75, 16 ], "texture": "#gczzc" },
				"west": { "uv": [ 3.125, 2.5, 3.25, 16 ], "texture": "#gczzc" },
				"east": { "uv": [ 2.875, 2.5, 2.75, 16 ], "texture": "#gczzc" }
			}
		},
		{
			"__comment": "Voxels",
			"from": [ 4.6, 21.2, -2.2 ],
			"to": [ 4.8, 22.4, -2 ],
			"faces": {
				"down": { "uv": [ 3.75, 4.125, 3.875, 4.25 ], "texture": "#gczzc" },
				"up": { "uv": [ 3.75, 4.375, 3.875, 4.25 ], "texture": "#gczzc" },
				"north": { "uv": [ 6, 12.875, 5.875, 13.625 ], "texture": "#gczzc" },
				"south": { "uv": [ 6, 12.875, 6.125, 13.625 ], "texture": "#gczzc" },
				"west": { "uv": [ 6.125, 12.875, 6.25, 13.625 ], "texture": "#gczzc" },
				"east": { "uv": [ 6.625, 12.875, 6.5, 13.625 ], "texture": "#gczzc" }
			}
		},
		{
			"__comment": "Voxels",
			"from": [ 4.6, 21.2, -1.6 ],
			"to": [ 5, 22.2, -1.4 ],
			"faces": {
				"down": { "uv": [ 8.625, 12.25, 8.875, 12.375 ], "texture": "#gczzc" },
				"up": { "uv": [ 8.375, 12.375, 8.625, 12.25 ], "texture": "#gczzc" },
				"north": { "uv": [ 9.625, 13.625, 9.375, 14.25 ], "texture": "#gczzc" },
				"south": { "uv": [ 9.875, 14, 10.125, 14.625 ], "texture": "#gczzc" },
				"west": { "uv": [ 9.75, 12.875, 9.875, 13.5 ], "texture": "#gczzc" },
				"east": { "uv": [ 10.25, 14, 10.125, 14.625 ], "texture": "#gczzc" }
			}
		},
		{
			"__comment": "Voxels",
			"from": [ 4.6, 22.6, -2.2 ],
			"to": [ 4.8, 23.8, -2 ],
			"faces": {
				"down": { "uv": [ 15.5, 12.125, 15.625, 12.25 ], "texture": "#gczzc" },
				"up": { "uv": [ 15.375, 12.25, 15.5, 12.125 ], "texture": "#gczzc" },
				"north": { "uv": [ 4.625, 12.875, 4.5, 13.625 ], "texture": "#gczzc" },
				"south": { "uv": [ 13.375, 13.875, 13.5, 14.625 ], "texture": "#gczzc" },
				"west": { "uv": [ 4.375, 12.875, 4.5, 13.625 ], "texture": "#gczzc" },
				"east": { "uv": [ 4.375, 12.875, 4.25, 13.625 ], "texture": "#gczzc" }
			}
		},
		{
			"__comment": "Voxels",
			"from": [ 4.6, 22.8, -1.6 ],
			"to": [ 5, 23.8, -1.4 ],
			"faces": {
				"down": { "uv": [ 13.125, 12.25, 13.375, 12.375 ], "texture": "#gczzc" },
				"up": { "uv": [ 13.375, 12.375, 13.625, 12.25 ], "texture": "#gczzc" },
				"north": { "uv": [ 9.625, 14.25, 9.375, 14.875 ], "texture": "#gczzc" },
				"south": { "uv": [ 9.625, 14, 9.875, 14.625 ], "texture": "#gczzc" },
				"west": { "uv": [ 9.625, 12.875, 9.75, 13.5 ], "texture": "#gczzc" },
				"east": { "uv": [ 8, 13, 7.875, 13.625 ], "texture": "#gczzc" }
			}
		},
		{
			"__comment": "Voxels",
			"from": [ 4.6, 24.2, -2.2 ],
			"to": [ 4.8, 25, -2 ],
			"faces": {
				"down": { "uv": [ 13.625, 12, 13.75, 12.125 ], "texture": "#gczzc" },
				"up": { "uv": [ 13.75, 12.125, 13.875, 12 ], "texture": "#gczzc" },
				"north": { "uv": [ 6.375, 13.625, 6.25, 14.125 ], "texture": "#gczzc" },
				"south": { "uv": [ 14.875, 15.125, 15, 15.625 ], "texture": "#gczzc" },
				"west": { "uv": [ 2.125, 0, 2.25, 0.5 ], "texture": "#gczzc" },
				"east": { "uv": [ 2.125, 0, 2, 0.5 ], "texture": "#gczzc" }
			}
		},
		{
			"__comment": "Voxels",
			"from": [ 4.6, 24.2, -1.6 ],
			"to": [ 5, 25.4, -1.4 ],
			"faces": {
				"down": { "uv": [ 13.375, 12.375, 13.625, 12.5 ], "texture": "#gczzc" },
				"up": { "uv": [ 13.625, 12.5, 13.875, 12.375 ], "texture": "#gczzc" },
				"north": { "uv": [ 8, 14.125, 7.75, 14.875 ], "texture": "#gczzc" },
				"south": { "uv": [ 6.5, 14.125, 6.75, 14.875 ], "texture": "#gczzc" },
				"west": { "uv": [ 15.125, 14.125, 15.25, 14.875 ], "texture": "#gczzc" },
				"east": { "uv": [ 15.125, 14.125, 15, 14.875 ], "texture": "#gczzc" }
			}
		},
		{
			"__comment": "Voxels",
			"from": [ 4.6, 24.8, -1.8 ],
			"to": [ 5.2, 25, -1.6 ],
			"faces": {
				"down": { "uv": [ 7.25, 12.625, 7.625, 12.75 ], "texture": "#gczzc" },
				"up": { "uv": [ 7.625, 12.75, 8, 12.625 ], "texture": "#gczzc" },
				"north": { "uv": [ 8.375, 12.625, 8, 12.75 ], "texture": "#gczzc" },
				"south": { "uv": [ 8.375, 12.625, 8.75, 12.75 ], "texture": "#gczzc" },
				"west": { "uv": [ 3.625, 6.25, 3.75, 6.375 ], "texture": "#gczzc" },
				"east": { "uv": [ 3.75, 4.375, 3.625, 4.5 ], "texture": "#gczzc" }
			}
		},
		{
			"__comment": "Voxels",
			"from": [ 4.6, 25, -1.8 ],
			"to": [ 5, 27, -1.6 ],
			"faces": {
				"down": { "uv": [ 14.625, 12.25, 14.875, 12.375 ], "texture": "#gczzc" },
				"up": { "uv": [ 14.875, 12.375, 15.125, 12.25 ], "texture": "#gczzc" },
				"north": { "uv": [ 5.25, 13.625, 5, 14.875 ], "texture": "#gczzc" },
				"south": { "uv": [ 1.25, 0, 1.5, 1.25 ], "texture": "#gczzc" },
				"west": { "uv": [ 3.375, 1.375, 3.5, 2.625 ], "texture": "#gczzc" },
				"east": { "uv": [ 3.375, 0.125, 3.25, 1.375 ], "texture": "#gczzc" }
			}
		},
		{
			"__comment": "Voxels",
			"from": [ 4.6, 25.4, -2 ],
			"to": [ 5, 25.6, -1.8 ],
			"faces": {
				"down": { "uv": [ 15.125, 12.25, 15.375, 12.375 ], "texture": "#gczzc" },
				"up": { "uv": [ 15.375, 12.375, 15.625, 12.25 ], "texture": "#gczzc" },
				"north": { "uv": [ 15.875, 12.25, 15.625, 12.375 ], "texture": "#gczzc" },
				"south": { "uv": [ 6.625, 12.125, 6.875, 12.25 ], "texture": "#gczzc" },
				"west": { "uv": [ 3.75, 2.125, 3.875, 2.25 ], "texture": "#gczzc" },
				"east": { "uv": [ 3.875, 2, 3.75, 2.125 ], "texture": "#gczzc" }
			}
		},
		{
			"__comment": "Voxels",
			"from": [ 4.6, 25.4, -1.6 ],
			"to": [ 4.8, 25.6, -1.4 ],
			"faces": {
				"down": { "uv": [ 3.75, 1.875, 3.875, 2 ], "texture": "#gczzc" },
				"up": { "uv": [ 8.25, 12.125, 8.375, 12 ], "texture": "#gczzc" },
				"north": { "uv": [ 8.5, 12, 8.375, 12.125 ], "texture": "#gczzc" },
				"south": { "uv": [ 8.5, 12, 8.625, 12.125 ], "texture": "#gczzc" },
				"west": { "uv": [ 8.625, 12, 8.75, 12.125 ], "texture": "#gczzc" },
				"east": { "uv": [ 10.625, 12, 10.5, 12.125 ], "texture": "#gczzc" }
			}
		},
		{
			"__comment": "Voxels",
			"from": [ 4.6, 25.6, -2 ],
			"to": [ 4.8, 27.2, -1.8 ],
			"faces": {
				"down": { "uv": [ 10.625, 12, 10.75, 12.125 ], "texture": "#gczzc" },
				"up": { "uv": [ 10.75, 12.125, 10.875, 12 ], "texture": "#gczzc" },
				"north": { "uv": [ 2.875, 0.125, 2.75, 1.125 ], "texture": "#gczzc" },
				"south": { "uv": [ 3.125, 0.125, 3.25, 1.125 ], "texture": "#gczzc" },
				"west": { "uv": [ 3, 0.125, 3.125, 1.125 ], "texture": "#gczzc" },
				"east": { "uv": [ 3, 0.125, 2.875, 1.125 ], "texture": "#gczzc" }
			}
		},
		{
			"__comment": "Voxels",
			"from": [ 4.6, 27, -1.6 ],
			"to": [ 5, 28.2, -1.4 ],
			"faces": {
				"down": { "uv": [ 11.875, 12.125, 12.125, 12.25 ], "texture": "#gczzc" },
				"up": { "uv": [ 7.375, 12.375, 7.625, 12.25 ], "texture": "#gczzc" },
				"north": { "uv": [ 7, 14.125, 6.75, 14.875 ], "texture": "#gczzc" },
				"south": { "uv": [ 7.5, 14.125, 7.75, 14.875 ], "texture": "#gczzc" },
				"west": { "uv": [ 14.875, 14.125, 15, 14.875 ], "texture": "#gczzc" },
				"east": { "uv": [ 14.875, 14.125, 14.75, 14.875 ], "texture": "#gczzc" }
			}
		},
		{
			"__comment": "Voxels",
			"from": [ 4.6, 28.4, -1.8 ],
			"to": [ 5.2, 28.6, -1.6 ],
			"faces": {
				"down": { "uv": [ 8.75, 12.625, 9.125, 12.75 ], "texture": "#gczzc" },
				"up": { "uv": [ 9.125, 12.75, 9.5, 12.625 ], "texture": "#gczzc" },
				"north": { "uv": [ 10.625, 12.625, 10.25, 12.75 ], "texture": "#gczzc" },
				"south": { "uv": [ 10.625, 12.625, 11, 12.75 ], "texture": "#gczzc" },
				"west": { "uv": [ 3.75, 3.75, 3.875, 3.875 ], "texture": "#gczzc" },
				"east": { "uv": [ 3.875, 3.25, 3.75, 3.375 ], "texture": "#gczzc" }
			}
		},
		{
			"__comment": "Voxels",
			"from": [ 4.6, 28.6, -1.6 ],
			"to": [ 5, 29.8, -1.4 ],
			"faces": {
				"down": { "uv": [ 8.875, 12.25, 9.125, 12.375 ], "texture": "#gczzc" },
				"up": { "uv": [ 9.125, 12.375, 9.375, 12.25 ], "texture": "#gczzc" },
				"north": { "uv": [ 7.25, 14.125, 7, 14.875 ], "texture": "#gczzc" },
				"south": { "uv": [ 7.25, 14.125, 7.5, 14.875 ], "texture": "#gczzc" },
				"west": { "uv": [ 14.625, 14.125, 14.75, 14.875 ], "texture": "#gczzc" },
				"east": { "uv": [ 14.625, 14.125, 14.5, 14.875 ], "texture": "#gczzc" }
			}
		},
		{
			"__comment": "Voxels",
			"from": [ 4.6, 29.8, -2 ],
			"to": [ 5, 30, -1.6 ],
			"faces": {
				"down": { "uv": [ 15.75, 15.25, 16, 15.5 ], "texture": "#gczzc" },
				"up": { "uv": [ 6.5, 14.125, 6.75, 13.875 ], "texture": "#gczzc" },
				"north": { "uv": [ 10.875, 12.25, 10.625, 12.375 ], "texture": "#gczzc" },
				"south": { "uv": [ 10.875, 12.25, 11.125, 12.375 ], "texture": "#gczzc" },
				"west": { "uv": [ 11.125, 12.25, 11.375, 12.375 ], "texture": "#gczzc" },
				"east": { "uv": [ 11.625, 12.25, 11.375, 12.375 ], "texture": "#gczzc" }
			}
		},
		{
			"__comment": "Voxels",
			"from": [ 4.6, 29.8, -1.6 ],
			"to": [ 4.8, 30, -1.4 ],
			"faces": {
				"down": { "uv": [ 3.75, 1.25, 3.875, 1.375 ], "texture": "#gczzc" },
				"up": { "uv": [ 3.75, 1.25, 3.875, 1.125 ], "texture": "#gczzc" },
				"north": { "uv": [ 3.875, 0.75, 3.75, 0.875 ], "texture": "#gczzc" },
				"south": { "uv": [ 3.75, 0.625, 3.875, 0.75 ], "texture": "#gczzc" },
				"west": { "uv": [ 3.75, 0.25, 3.875, 0.375 ], "texture": "#gczzc" },
				"east": { "uv": [ 3.875, 0.125, 3.75, 0.25 ], "texture": "#gczzc" }
			}
		},
		{
			"__comment": "Voxels",
			"from": [ 4.6, 30, -2 ],
			"to": [ 4.8, 31.2, -1.6 ],
			"faces": {
				"down": { "uv": [ 3.5, 3.625, 3.625, 3.875 ], "texture": "#gczzc" },
				"up": { "uv": [ 3.5, 3.625, 3.625, 3.375 ], "texture": "#gczzc" },
				"north": { "uv": [ 14.5, 14.125, 14.375, 14.875 ], "texture": "#gczzc" },
				"south": { "uv": [ 14.25, 14.125, 14.375, 14.875 ], "texture": "#gczzc" },
				"west": { "uv": [ 8.25, 14.125, 8.5, 14.875 ], "texture": "#gczzc" },
				"east": { "uv": [ 8.25, 14.125, 8, 14.875 ], "texture": "#gczzc" }
			}
		},
		{
			"__comment": "Voxels",
			"from": [ 4.6, 31.2, -1.8 ],
			"to": [ 5, 31.4, -1.6 ],
			"faces": {
				"down": { "uv": [ 11.625, 12.375, 11.875, 12.5 ], "texture": "#gczzc" },
				"up": { "uv": [ 11.875, 12.5, 12.125, 12.375 ], "texture": "#gczzc" },
				"north": { "uv": [ 12.375, 12.375, 12.125, 12.5 ], "texture": "#gczzc" },
				"south": { "uv": [ 12.375, 12.375, 12.625, 12.5 ], "texture": "#gczzc" },
				"west": { "uv": [ 5.75, 12, 5.875, 12.125 ], "texture": "#gczzc" },
				"east": { "uv": [ 6, 12, 5.875, 12.125 ], "texture": "#gczzc" }
			}
		},
		{
			"__comment": "Voxels",
			"from": [ 4.6, 31.4, -1.8 ],
			"to": [ 4.8, 31.6, -1.6 ],
			"faces": {
				"down": { "uv": [ 6.75, 12, 6.875, 12.125 ], "texture": "#gczzc" },
				"up": { "uv": [ 6.875, 12.125, 7, 12 ], "texture": "#gczzc" },
				"north": { "uv": [ 7.125, 12, 7, 12.125 ], "texture": "#gczzc" },
				"south": { "uv": [ 7.125, 12, 7.25, 12.125 ], "texture": "#gczzc" },
				"west": { "uv": [ 7.5, 12, 7.625, 12.125 ], "texture": "#gczzc" },
				"east": { "uv": [ 7.75, 12, 7.625, 12.125 ], "texture": "#gczzc" }
			}
		},
		{
			"__comment": "Voxels",
			"from": [ 4.8, -10.6, -1.8 ],
			"to": [ 5, -9.799999, -1.6 ],
			"faces": {
				"down": { "uv": [ 7.75, 12, 7.875, 12.125 ], "texture": "#gczzc" },
				"up": { "uv": [ 7.875, 12.125, 8, 12 ], "texture": "#gczzc" },
				"north": { "uv": [ 6.5, 13.625, 6.375, 14.125 ], "texture": "#gczzc" },
				"south": { "uv": [ 6.75, 13.625, 6.875, 14.125 ], "texture": "#gczzc" },
				"west": { "uv": [ 14.375, 13.625, 14.5, 14.125 ], "texture": "#gczzc" },
				"east": { "uv": [ 14.625, 13.625, 14.5, 14.125 ], "texture": "#gczzc" }
			}
		},
		{
			"__comment": "Voxels",
			"from": [ 4.8, -10, -2 ],
			"to": [ 5, -9.8, -1.8 ],
			"faces": {
				"down": { "uv": [ 10, 12, 10.125, 12.125 ], "texture": "#gczzc" },
				"up": { "uv": [ 10.125, 12.125, 10.25, 12 ], "texture": "#gczzc" },
				"north": { "uv": [ 11.75, 12, 11.625, 12.125 ], "texture": "#gczzc" },
				"south": { "uv": [ 12, 12, 12.125, 12.125 ], "texture": "#gczzc" },
				"west": { "uv": [ 12.125, 12, 12.25, 12.125 ], "texture": "#gczzc" },
				"east": { "uv": [ 12.375, 12, 12.25, 12.125 ], "texture": "#gczzc" }
			}
		},
		{
			"__comment": "Voxels",
			"from": [ 4.8, -9.8, -1.6 ],
			"to": [ 5, -9.2, -1.4 ],
			"faces": {
				"down": { "uv": [ 12.375, 12, 12.5, 12.125 ], "texture": "#gczzc" },
				"up": { "uv": [ 13.5, 12.125, 13.625, 12 ], "texture": "#gczzc" },
				"north": { "uv": [ 12.5, 13.625, 12.375, 14 ], "texture": "#gczzc" },
				"south": { "uv": [ 14.625, 13.75, 14.75, 14.125 ], "texture": "#gczzc" },
				"west": { "uv": [ 14.75, 13.75, 14.875, 14.125 ], "texture": "#gczzc" },
				"east": { "uv": [ 15, 13.75, 14.875, 14.125 ], "texture": "#gczzc" }
			}
		},
		{
			"__comment": "Voxels",
			"from": [ 4.8, -9.599999, -1.8 ],
			"to": [ 5, -9.2, -1.6 ],
			"faces": {
				"down": { "uv": [ 13.875, 12, 14, 12.125 ], "texture": "#gczzc" },
				"up": { "uv": [ 2.75, 0.125, 2.875, 0 ], "texture": "#gczzc" },
				"north": { "uv": [ 3.75, 10.625, 3.625, 10.875 ], "texture": "#gczzc" },
				"south": { "uv": [ 3.5, 4.875, 3.625, 5.125 ], "texture": "#gczzc" },
				"west": { "uv": [ 3.5, 4.625, 3.625, 4.875 ], "texture": "#gczzc" },
				"east": { "uv": [ 3.625, 4.375, 3.5, 4.625 ], "texture": "#gczzc" }
			}
		},
		{
			"__comment": "Voxels",
			"from": [ 4.8, -9, -2 ],
			"to": [ 5.6, -8.8, -1.8 ],
			"faces": {
				"down": { "uv": [ 6.5, 12.75, 7, 12.875 ], "texture": "#gczzc" },
				"up": { "uv": [ 9, 12.875, 9.5, 12.75 ], "texture": "#gczzc" },
				"north": { "uv": [ 12.5, 12.75, 12, 12.875 ], "texture": "#gczzc" },
				"south": { "uv": [ 12.5, 12.75, 13, 12.875 ], "texture": "#gczzc" },
				"west": { "uv": [ 11.125, 13.625, 11.25, 13.75 ], "texture": "#gczzc" },
				"east": { "uv": [ 12.25, 14.5, 12.125, 14.625 ], "texture": "#gczzc" }
			}
		},
		{
			"__comment": "Voxels",
			"from": [ 4.8, -8.8, -2 ],
			"to": [ 5.2, -8.6, -1.8 ],
			"faces": {
				"down": { "uv": [ 11.875, 12.25, 12.125, 12.375 ], "texture": "#gczzc" },
				"up": { "uv": [ 12.125, 12.375, 12.375, 12.25 ], "texture": "#gczzc" },
				"north": { "uv": [ 12.625, 12.25, 12.375, 12.375 ], "texture": "#gczzc" },
				"south": { "uv": [ 12.625, 12.25, 12.875, 12.375 ], "texture": "#gczzc" },
				"west": { "uv": [ 12.125, 14.375, 12.25, 14.5 ], "texture": "#gczzc" },
				"east": { "uv": [ 12.25, 14.25, 12.125, 14.375 ], "texture": "#gczzc" }
			}
		},
		{
			"__comment": "Voxels",
			"from": [ 4.8, -8.4, -1.8 ],
			"to": [ 5, -7.8, -1.6 ],
			"faces": {
				"down": { "uv": [ 12.125, 14.125, 12.25, 14.25 ], "texture": "#gczzc" },
				"up": { "uv": [ 12.125, 14.125, 12.25, 14 ], "texture": "#gczzc" },
				"north": { "uv": [ 15.125, 13.75, 15, 14.125 ], "texture": "#gczzc" },
				"south": { "uv": [ 15.125, 13.75, 15.25, 14.125 ], "texture": "#gczzc" },
				"west": { "uv": [ 3.5, 12.25, 3.625, 12.625 ], "texture": "#gczzc" },
				"east": { "uv": [ 3.625, 11.875, 3.5, 12.25 ], "texture": "#gczzc" }
			}
		},
		{
			"__comment": "Voxels",
			"from": [ 4.8, -5.2, -2 ],
			"to": [ 5, -5, -1.8 ],
			"faces": {
				"down": { "uv": [ 12.125, 13.625, 12.25, 13.75 ], "texture": "#gczzc" },
				"up": { "uv": [ 12.5, 13.75, 12.625, 13.625 ], "texture": "#gczzc" },
				"north": { "uv": [ 14.75, 13.625, 14.625, 13.75 ], "texture": "#gczzc" },
				"south": { "uv": [ 14.75, 13.625, 14.875, 13.75 ], "texture": "#gczzc" },
				"west": { "uv": [ 14.875, 13.625, 15, 13.75 ], "texture": "#gczzc" },
				"east": { "uv": [ 15.125, 13.625, 15, 13.75 ], "texture": "#gczzc" }
			}
		},
		{
			"__comment": "Voxels",
			"from": [ 4.8, -3, -1.6 ],
			"to": [ 5.2, -2.8, -1.4 ],
			"faces": {
				"down": { "uv": [ 15.375, 12.375, 15.625, 12.5 ], "texture": "#gczzc" },
				"up": { "uv": [ 3.875, 12.375, 4.125, 12.25 ], "texture": "#gczzc" },
				"north": { "uv": [ 4.375, 12.25, 4.125, 12.375 ], "texture": "#gczzc" },
				"south": { "uv": [ 4.875, 12.25, 5.125, 12.375 ], "texture": "#gczzc" },
				"west": { "uv": [ 15.125, 13.625, 15.25, 13.75 ], "texture": "#gczzc" },
				"east": { "uv": [ 8, 12.875, 7.875, 13 ], "texture": "#gczzc" }
			}
		},
		{
			"__comment": "Voxels",
			"from": [ 4.8, -2.8, -2 ],
			"to": [ 5.8, -2.6, -1.6 ],
			"faces": {
				"down": { "uv": [ 10.375, 14.375, 11, 14.625 ], "texture": "#gczzc" },
				"up": { "uv": [ 10.375, 14.375, 11, 14.125 ], "texture": "#gczzc" },
				"north": { "uv": [ 7.875, 13, 7.25, 13.125 ], "texture": "#gczzc" },
				"south": { "uv": [ 7.25, 13.125, 7.875, 13.25 ], "texture": "#gczzc" },
				"west": { "uv": [ 6.625, 12.25, 6.875, 12.375 ], "texture": "#gczzc" },
				"east": { "uv": [ 7.125, 12.25, 6.875, 12.375 ], "texture": "#gczzc" }
			}
		},
		{
			"__comment": "Voxels",
			"from": [ 4.8, -2.6, -1.8 ],
			"to": [ 5.4, -2.4, -1.6 ],
			"faces": {
				"down": { "uv": [ 11, 12.625, 11.375, 12.75 ], "texture": "#gczzc" },
				"up": { "uv": [ 11.375, 12.75, 11.75, 12.625 ], "texture": "#gczzc" },
				"north": { "uv": [ 12.125, 12.625, 11.75, 12.75 ], "texture": "#gczzc" },
				"south": { "uv": [ 12.125, 12.625, 12.5, 12.75 ], "texture": "#gczzc" },
				"west": { "uv": [ 12.125, 12.875, 12.25, 13 ], "texture": "#gczzc" },
				"east": { "uv": [ 12.875, 12.875, 12.75, 13 ], "texture": "#gczzc" }
			}
		},
		{
			"__comment": "Voxels",
			"from": [ 4.8, -1.6, -2 ],
			"to": [ 5.8, -1.4, -1.8 ],
			"faces": {
				"down": { "uv": [ 7.25, 13.25, 7.875, 13.375 ], "texture": "#gczzc" },
				"up": { "uv": [ 7.25, 13.5, 7.875, 13.375 ], "texture": "#gczzc" },
				"north": { "uv": [ 10.25, 13.625, 9.625, 13.75 ], "texture": "#gczzc" },
				"south": { "uv": [ 15.375, 15.5, 16, 15.625 ], "texture": "#gczzc" },
				"west": { "uv": [ 15.875, 13.5, 16, 13.625 ], "texture": "#gczzc" },
				"east": { "uv": [ 16, 13.375, 15.875, 13.5 ], "texture": "#gczzc" }
			}
		},
		{
			"__comment": "Voxels",
			"from": [ 4.8, -1.4, -2 ],
			"to": [ 5.6, -1.2, -1.8 ],
			"faces": {
				"down": { "uv": [ 15.5, 12.75, 16, 12.875 ], "texture": "#gczzc" },
				"up": { "uv": [ 14.5, 12.875, 15, 12.75 ], "texture": "#gczzc" },
				"north": { "uv": [ 14.5, 12.75, 14, 12.875 ], "texture": "#gczzc" },
				"south": { "uv": [ 13.5, 12.75, 14, 12.875 ], "texture": "#gczzc" },
				"west": { "uv": [ 15.875, 12.625, 16, 12.75 ], "texture": "#gczzc" },
				"east": { "uv": [ 3.625, 0, 3.5, 0.125 ], "texture": "#gczzc" }
			}
		},
		{
			"__comment": "Voxels",
			"from": [ 4.8, -1.4, -1.8 ],
			"to": [ 5.2, -1.2, -1.6 ],
			"faces": {
				"down": { "uv": [ 14.375, 12.375, 14.625, 12.5 ], "texture": "#gczzc" },
				"up": { "uv": [ 14.625, 12.5, 14.875, 12.375 ], "texture": "#gczzc" },
				"north": { "uv": [ 15.125, 12.375, 14.875, 12.5 ], "texture": "#gczzc" },
				"south": { "uv": [ 15.125, 12.375, 15.375, 12.5 ], "texture": "#gczzc" },
				"west": { "uv": [ 15.875, 12.375, 16, 12.5 ], "texture": "#gczzc" },
				"east": { "uv": [ 16, 12.25, 15.875, 12.375 ], "texture": "#gczzc" }
			}
		},
		{
			"__comment": "Voxels",
			"from": [ 4.8, -1.2, -2.2 ],
			"to": [ 5.2, -0.9999999, -2 ],
			"faces": {
				"down": { "uv": [ 5.625, 12.25, 5.875, 12.375 ], "texture": "#gczzc" },
				"up": { "uv": [ 5.875, 12.375, 6.125, 12.25 ], "texture": "#gczzc" },
				"north": { "uv": [ 6.375, 12.25, 6.125, 12.375 ], "texture": "#gczzc" },
				"south": { "uv": [ 6.375, 12.25, 6.625, 12.375 ], "texture": "#gczzc" },
				"west": { "uv": [ 14.125, 12.125, 14.25, 12.25 ], "texture": "#gczzc" },
				"east": { "uv": [ 14.375, 12.125, 14.25, 12.25 ], "texture": "#gczzc" }
			}
		},
		{
			"__comment": "Voxels",
			"from": [ 4.8, -0.8, -1.8 ],
			"to": [ 5.2, 20.8, -1.6 ],
			"faces": {
				"down": { "uv": [ 7.875, 12.25, 8.125, 12.375 ], "texture": "#gczzc" },
				"up": { "uv": [ 8.125, 12.375, 8.375, 12.25 ], "texture": "#gczzc" },
				"north": { "uv": [ 1, 2.5, 0.75, 16 ], "texture": "#gczzc" },
				"south": { "uv": [ 1, 2.5, 1.25, 16 ], "texture": "#gczzc" },
				"west": { "uv": [ 2.875, 2.5, 3, 16 ], "texture": "#gczzc" },
				"east": { "uv": [ 3.125, 2.5, 3, 16 ], "texture": "#gczzc" }
			}
		},
		{
			"__comment": "Voxels",
			"from": [ 4.8, 21.2, -1.8 ],
			"to": [ 5.2, 22.4, -1.6 ],
			"faces": {
				"down": { "uv": [ 7, 13.75, 7.25, 13.875 ], "texture": "#gczzc" },
				"up": { "uv": [ 11.125, 12.5, 11.375, 12.375 ], "texture": "#gczzc" },
				"north": { "uv": [ 1.25, 0, 1, 0.75 ], "texture": "#gczzc" },
				"south": { "uv": [ 6, 14.125, 6.25, 14.875 ], "texture": "#gczzc" },
				"west": { "uv": [ 13.25, 13.875, 13.375, 14.625 ], "texture": "#gczzc" },
				"east": { "uv": [ 13.25, 13.875, 13.125, 14.625 ], "texture": "#gczzc" }
			}
		},
		{
			"__comment": "Voxels",
			"from": [ 4.8, 22.6, -1.8 ],
			"to": [ 5.2, 23.8, -1.6 ],
			"faces": {
				"down": { "uv": [ 5.125, 12.25, 5.375, 12.375 ], "texture": "#gczzc" },
				"up": { "uv": [ 5.375, 12.375, 5.625, 12.25 ], "texture": "#gczzc" },
				"north": { "uv": [ 1, 0, 0.75, 0.75 ], "texture": "#gczzc" },
				"south": { "uv": [ 6.25, 14.125, 6.5, 14.875 ], "texture": "#gczzc" },
				"west": { "uv": [ 13, 13.875, 13.125, 14.625 ], "texture": "#gczzc" },
				"east": { "uv": [ 13, 13.875, 12.875, 14.625 ], "texture": "#gczzc" }
			}
		},
		{
			"__comment": "Voxels",
			"from": [ 4.8, 24.2, -1.8 ],
			"to": [ 5.2, 24.8, -1.6 ],
			"faces": {
				"down": { "uv": [ 12.875, 12.25, 13.125, 12.375 ], "texture": "#gczzc" },
				"up": { "uv": [ 14.125, 12.5, 14.375, 12.375 ], "texture": "#gczzc" },
				"north": { "uv": [ 6.25, 13.75, 6, 14.125 ], "texture": "#gczzc" },
				"south": { "uv": [ 15.75, 14.875, 16, 15.25 ], "texture": "#gczzc" },
				"west": { "uv": [ 3.5, 11.5, 3.625, 11.875 ], "texture": "#gczzc" },
				"east": { "uv": [ 3.625, 11.125, 3.5, 11.5 ], "texture": "#gczzc" }
			}
		},
		{
			"__comment": "Voxels",
			"from": [ 4.8, 27, -2 ],
			"to": [ 5, 27.2, -1.8 ],
			"faces": {
				"down": { "uv": [ 15.625, 12.125, 15.75, 12.25 ], "texture": "#gczzc" },
				"up": { "uv": [ 15.75, 12.25, 15.875, 12.125 ], "texture": "#gczzc" },
				"north": { "uv": [ 16, 12.125, 15.875, 12.25 ], "texture": "#gczzc" },
				"south": { "uv": [ 3.625, 9, 3.75, 9.125 ], "texture": "#gczzc" },
				"west": { "uv": [ 3.625, 8.875, 3.75, 9 ], "texture": "#gczzc" },
				"east": { "uv": [ 3.75, 8.75, 3.625, 8.875 ], "texture": "#gczzc" }
			}
		},
		{
			"__comment": "Voxels",
			"from": [ 4.8, 27.6, -1.8 ],
			"to": [ 5, 28.4, -1.6 ],
			"faces": {
				"down": { "uv": [ 3.625, 8.625, 3.75, 8.75 ], "texture": "#gczzc" },
				"up": { "uv": [ 3.625, 8.625, 3.75, 8.5 ], "texture": "#gczzc" },
				"north": { "uv": [ 7.625, 13.625, 7.5, 14.125 ], "texture": "#gczzc" },
				"south": { "uv": [ 7.375, 13.625, 7.5, 14.125 ], "texture": "#gczzc" },
				"west": { "uv": [ 7.25, 13.625, 7.375, 14.125 ], "texture": "#gczzc" },
				"east": { "uv": [ 7, 13.625, 6.875, 14.125 ], "texture": "#gczzc" }
			}
		},
		{
			"__comment": "Voxels",
			"from": [ 4.8, 28.6, -1.8 ],
			"to": [ 5, 29.8, -1.6 ],
			"faces": {
				"down": { "uv": [ 3.625, 7.875, 3.75, 8 ], "texture": "#gczzc" },
				"up": { "uv": [ 3.625, 7.875, 3.75, 7.75 ], "texture": "#gczzc" },
				"north": { "uv": [ 12.875, 13.875, 12.75, 14.625 ], "texture": "#gczzc" },
				"south": { "uv": [ 7.125, 12.875, 7.25, 13.625 ], "texture": "#gczzc" },
				"west": { "uv": [ 7, 12.875, 7.125, 13.625 ], "texture": "#gczzc" },
				"east": { "uv": [ 6.5, 12.875, 6.375, 13.625 ], "texture": "#gczzc" }
			}
		},
		{
			"__comment": "Voxels",
			"from": [ 4.8, 30, -1.8 ],
			"to": [ 5, 31.2, -1.6 ],
			"faces": {
				"down": { "uv": [ 3.625, 7.375, 3.75, 7.5 ], "texture": "#gczzc" },
				"up": { "uv": [ 3.625, 7.375, 3.75, 7.25 ], "texture": "#gczzc" },
				"north": { "uv": [ 6.375, 12.875, 6.25, 13.625 ], "texture": "#gczzc" },
				"south": { "uv": [ 5.75, 12.875, 5.875, 13.625 ], "texture": "#gczzc" },
				"west": { "uv": [ 5.625, 12.875, 5.75, 13.625 ], "texture": "#gczzc" },
				"east": { "uv": [ 5.375, 12.875, 5.25, 13.625 ], "texture": "#gczzc" }
			}
		},
		{
			"__comment": "Voxels",
			"from": [ 5, -9, -1.8 ],
			"to": [ 5.6, -8.8, -1.6 ],
			"faces": {
				"down": { "uv": [ 12.5, 12.625, 12.875, 12.75 ], "texture": "#gczzc" },
				"up": { "uv": [ 6.875, 12.75, 7.25, 12.625 ], "texture": "#gczzc" },
				"north": { "uv": [ 13.25, 12.625, 12.875, 12.75 ], "texture": "#gczzc" },
				"south": { "uv": [ 13.25, 12.625, 13.625, 12.75 ], "texture": "#gczzc" },
				"west": { "uv": [ 3.625, 6.125, 3.75, 6.25 ], "texture": "#gczzc" },
				"east": { "uv": [ 3.75, 6, 3.625, 6.125 ], "texture": "#gczzc" }
			}
		},
		{
			"__comment": "Voxels",
			"from": [ 5, -8.8, -2.4 ],
			"to": [ 5.4, -8.6, -2.2 ],
			"faces": {
				"down": { "uv": [ 13.625, 12.25, 13.875, 12.375 ], "texture": "#gczzc" },
				"up": { "uv": [ 13.875, 12.375, 14.125, 12.25 ], "texture": "#gczzc" },
				"north": { "uv": [ 14.375, 12.25, 14.125, 12.375 ], "texture": "#gczzc" },
				"south": { "uv": [ 14.375, 12.25, 14.625, 12.375 ], "texture": "#gczzc" },
				"west": { "uv": [ 3.625, 5.375, 3.75, 5.5 ], "texture": "#gczzc" },
				"east": { "uv": [ 3.75, 5.25, 3.625, 5.375 ], "texture": "#gczzc" }
			}
		},
		{
			"__comment": "Voxels",
			"from": [ 5, -8.8, -1.8 ],
			"to": [ 5.2, -8.6, -1.6 ],
			"faces": {
				"down": { "uv": [ 3.625, 5.125, 3.75, 5.25 ], "texture": "#gczzc" },
				"up": { "uv": [ 3.625, 5.125, 3.75, 5 ], "texture": "#gczzc" },
				"north": { "uv": [ 3.75, 4.875, 3.625, 5 ], "texture": "#gczzc" },
				"south": { "uv": [ 3.625, 4.75, 3.75, 4.875 ], "texture": "#gczzc" },
				"west": { "uv": [ 3.625, 4.625, 3.75, 4.75 ], "texture": "#gczzc" },
				"east": { "uv": [ 3.75, 4.5, 3.625, 4.625 ], "texture": "#gczzc" }
			}
		},
		{
			"__comment": "Voxels",
			"from": [ 5, -8.8, -1.4 ],
			"to": [ 5.6, -8.6, -1.2 ],
			"faces": {
				"down": { "uv": [ 13.625, 12.625, 14, 12.75 ], "texture": "#gczzc" },
				"up": { "uv": [ 14, 12.75, 14.375, 12.625 ], "texture": "#gczzc" },
				"north": { "uv": [ 14.75, 12.625, 14.375, 12.75 ], "texture": "#gczzc" },
				"south": { "uv": [ 14.75, 12.625, 15.125, 12.75 ], "texture": "#gczzc" },
				"west": { "uv": [ 3.625, 3.875, 3.75, 4 ], "texture": "#gczzc" },
				"east": { "uv": [ 3.75, 3.75, 3.625, 3.875 ], "texture": "#gczzc" }
			}
		},
		{
			"__comment": "Voxels",
			"from": [ 5, -4.6, -1.8 ],
			"to": [ 5.2, -4.4, -1.6 ],
			"faces": {
				"down": { "uv": [ 3.625, 3.625, 3.75, 3.75 ], "texture": "#gczzc" },
				"up": { "uv": [ 3.625, 3.625, 3.75, 3.5 ], "texture": "#gczzc" },
				"north": { "uv": [ 3.75, 3.375, 3.625, 3.5 ], "texture": "#gczzc" },
				"south": { "uv": [ 3.625, 3.25, 3.75, 3.375 ], "texture": "#gczzc" },
				"west": { "uv": [ 3.625, 3.125, 3.75, 3.25 ], "texture": "#gczzc" },
				"east": { "uv": [ 3.75, 3, 3.625, 3.125 ], "texture": "#gczzc" }
			}
		},
		{
			"__comment": "Voxels",
			"from": [ 5, -4, -1.8 ],
			"to": [ 5.2, -3, -1.6 ],
			"faces": {
				"down": { "uv": [ 3.625, 2.875, 3.75, 3 ], "texture": "#gczzc" },
				"up": { "uv": [ 3.625, 2.875, 3.75, 2.75 ], "texture": "#gczzc" },
				"north": { "uv": [ 9.5, 13, 9.375, 13.625 ], "texture": "#gczzc" },
				"south": { "uv": [ 9.25, 13, 9.375, 13.625 ], "texture": "#gczzc" },
				"west": { "uv": [ 8.125, 13, 8.25, 13.625 ], "texture": "#gczzc" },
				"east": { "uv": [ 8.125, 13, 8, 13.625 ], "texture": "#gczzc" }
			}
		},
		{
			"__comment": "Voxels",
			"from": [ 5, -3.4, -2 ],
			"to": [ 5.2, -3, -1.8 ],
			"faces": {
				"down": { "uv": [ 3.625, 2.125, 3.75, 2.25 ], "texture": "#gczzc" },
				"up": { "uv": [ 3.625, 2.125, 3.75, 2 ], "texture": "#gczzc" },
				"north": { "uv": [ 3.625, 3.125, 3.5, 3.375 ], "texture": "#gczzc" },
				"south": { "uv": [ 3.5, 2.875, 3.625, 3.125 ], "texture": "#gczzc" },
				"west": { "uv": [ 3.5, 2.625, 3.625, 2.875 ], "texture": "#gczzc" },
				"east": { "uv": [ 3.625, 2.375, 3.5, 2.625 ], "texture": "#gczzc" }
			}
		},
		{
			"__comment": "Voxels",
			"from": [ 5, -3.2, -1.6 ],
			"to": [ 5.2, -3, -1.4 ],
			"faces": {
				"down": { "uv": [ 3.625, 1.375, 3.75, 1.5 ], "texture": "#gczzc" },
				"up": { "uv": [ 3.625, 1.375, 3.75, 1.25 ], "texture": "#gczzc" },
				"north": { "uv": [ 3.75, 1.125, 3.625, 1.25 ], "texture": "#gczzc" },
				"south": { "uv": [ 3.625, 1, 3.75, 1.125 ], "texture": "#gczzc" },
				"west": { "uv": [ 3.625, 0.875, 3.75, 1 ], "texture": "#gczzc" },
				"east": { "uv": [ 3.75, 0.75, 3.625, 0.875 ], "texture": "#gczzc" }
			}
		},
		{
			"__comment": "Voxels",
			"from": [ 5, -2.8, -1.6 ],
			"to": [ 5.6, -2.4, -1.4 ],
			"faces": {
				"down": { "uv": [ 15.125, 12.625, 15.5, 12.75 ], "texture": "#gczzc" },
				"up": { "uv": [ 15.5, 12.75, 15.875, 12.625 ], "texture": "#gczzc" },
				"north": { "uv": [ 16, 13.75, 15.625, 14 ], "texture": "#gczzc" },
				"south": { "uv": [ 15.25, 13.75, 15.625, 14 ], "texture": "#gczzc" },
				"west": { "uv": [ 3.5, 2.125, 3.625, 2.375 ], "texture": "#gczzc" },
				"east": { "uv": [ 3.625, 1.875, 3.5, 2.125 ], "texture": "#gczzc" }
			}
		},
		{
			"__comment": "Voxels",
			"from": [ 5, -2.6, -2 ],
			"to": [ 6, -2.2, -1.8 ],
			"faces": {
				"down": { "uv": [ 8.25, 13.375, 8.875, 13.5 ], "texture": "#gczzc" },
				"up": { "uv": [ 8.25, 13.625, 8.875, 13.5 ], "texture": "#gczzc" },
				"north": { "uv": [ 9.125, 14.375, 8.5, 14.625 ], "texture": "#gczzc" },
				"south": { "uv": [ 8.5, 14.125, 9.125, 14.375 ], "texture": "#gczzc" },
				"west": { "uv": [ 3.5, 1.625, 3.625, 1.875 ], "texture": "#gczzc" },
				"east": { "uv": [ 3.625, 1.375, 3.5, 1.625 ], "texture": "#gczzc" }
			}
		},
		{
			"__comment": "Voxels",
			"from": [ 5, -2.4, -1.8 ],
			"to": [ 5.6, -2.2, -1.6 ],
			"faces": {
				"down": { "uv": [ 3.625, 12.5, 4, 12.625 ], "texture": "#gczzc" },
				"up": { "uv": [ 4, 12.625, 4.375, 12.5 ], "texture": "#gczzc" },
				"north": { "uv": [ 4.75, 12.5, 4.375, 12.625 ], "texture": "#gczzc" },
				"south": { "uv": [ 4.75, 12.5, 5.125, 12.625 ], "texture": "#gczzc" },
				"west": { "uv": [ 3.75, 10.75, 3.875, 10.875 ], "texture": "#gczzc" },
				"east": { "uv": [ 3.875, 10.625, 3.75, 10.75 ], "texture": "#gczzc" }
			}
		},
		{
			"__comment": "Voxels",
			"from": [ 5, -1.8, -1.8 ],
			"to": [ 5.4, -1.6, -1.6 ],
			"faces": {
				"down": { "uv": [ 3.625, 12.125, 3.875, 12.25 ], "texture": "#gczzc" },
				"up": { "uv": [ 3.875, 12.25, 4.125, 12.125 ], "texture": "#gczzc" },
				"north": { "uv": [ 4.375, 12.125, 4.125, 12.25 ], "texture": "#gczzc" },
				"south": { "uv": [ 4.375, 12.125, 4.625, 12.25 ], "texture": "#gczzc" },
				"west": { "uv": [ 3.75, 10, 3.875, 10.125 ], "texture": "#gczzc" },
				"east": { "uv": [ 3.875, 9.875, 3.75, 10 ], "texture": "#gczzc" }
			}
		},
		{
			"__comment": "Voxels",
			"from": [ 5, -1.6, -1.6 ],
			"to": [ 5.8, -1.4, -1.4 ],
			"faces": {
				"down": { "uv": [ 15.375, 13.375, 15.875, 13.5 ], "texture": "#gczzc" },
				"up": { "uv": [ 14.875, 13.125, 15.375, 13 ], "texture": "#gczzc" },
				"north": { "uv": [ 14.375, 13.375, 13.875, 13.5 ], "texture": "#gczzc" },
				"south": { "uv": [ 13.875, 13.5, 14.375, 13.625 ], "texture": "#gczzc" },
				"west": { "uv": [ 3.75, 9.25, 3.875, 9.375 ], "texture": "#gczzc" },
				"east": { "uv": [ 3.875, 9.125, 3.75, 9.25 ], "texture": "#gczzc" }
			}
		},
		{
			"__comment": "Voxels",
			"from": [ 5, 28.4, -2 ],
			"to": [ 5.2, 28.6, -1.8 ],
			"faces": {
				"down": { "uv": [ 3.75, 9, 3.875, 9.125 ], "texture": "#gczzc" },
				"up": { "uv": [ 3.75, 9, 3.875, 8.875 ], "texture": "#gczzc" },
				"north": { "uv": [ 3.875, 8.75, 3.75, 8.875 ], "texture": "#gczzc" },
				"south": { "uv": [ 3.75, 8.625, 3.875, 8.75 ], "texture": "#gczzc" },
				"west": { "uv": [ 3.75, 8.5, 3.875, 8.625 ], "texture": "#gczzc" },
				"east": { "uv": [ 3.875, 8.375, 3.75, 8.5 ], "texture": "#gczzc" }
			}
		},
		{
			"__comment": "Voxels",
			"from": [ 5, 28.4, -1.6 ],
			"to": [ 5.2, 28.6, -1.4 ],
			"faces": {
				"down": { "uv": [ 3.75, 8.25, 3.875, 8.375 ], "texture": "#gczzc" },
				"up": { "uv": [ 3.75, 8.25, 3.875, 8.125 ], "texture": "#gczzc" },
				"north": { "uv": [ 3.875, 8, 3.75, 8.125 ], "texture": "#gczzc" },
				"south": { "uv": [ 3.75, 7.875, 3.875, 8 ], "texture": "#gczzc" },
				"west": { "uv": [ 3.75, 7.75, 3.875, 7.875 ], "texture": "#gczzc" },
				"east": { "uv": [ 3.875, 7.625, 3.75, 7.75 ], "texture": "#gczzc" }
			}
		},
		{
			"__comment": "Voxels",
			"from": [ 5.2, -8.8, -2.2 ],
			"to": [ 5.6, -8.6, -2 ],
			"faces": {
				"down": { "uv": [ 4.625, 12.125, 4.875, 12.25 ], "texture": "#gczzc" },
				"up": { "uv": [ 4.875, 12.25, 5.125, 12.125 ], "texture": "#gczzc" },
				"north": { "uv": [ 5.375, 12.125, 5.125, 12.25 ], "texture": "#gczzc" },
				"south": { "uv": [ 5.375, 12.125, 5.625, 12.25 ], "texture": "#gczzc" },
				"west": { "uv": [ 3.75, 7, 3.875, 7.125 ], "texture": "#gczzc" },
				"east": { "uv": [ 3.875, 6.875, 3.75, 7 ], "texture": "#gczzc" }
			}
		},
		{
			"__comment": "Voxels",
			"from": [ 5.2, -8.8, -1.2 ],
			"to": [ 5.4, -8.6, -0.9999999 ],
			"faces": {
				"down": { "uv": [ 3.75, 6.75, 3.875, 6.875 ], "texture": "#gczzc" },
				"up": { "uv": [ 3.75, 6.75, 3.875, 6.625 ], "texture": "#gczzc" },
				"north": { "uv": [ 3.875, 6.5, 3.75, 6.625 ], "texture": "#gczzc" },
				"south": { "uv": [ 3.75, 6.375, 3.875, 6.5 ], "texture": "#gczzc" },
				"west": { "uv": [ 3.75, 6.25, 3.875, 6.375 ], "texture": "#gczzc" },
				"east": { "uv": [ 3.875, 6.125, 3.75, 6.25 ], "texture": "#gczzc" }
			}
		},
		{
			"__comment": "Voxels",
			"from": [ 5.2, -3.2, -2 ],
			"to": [ 5.4, -3, -1.6 ],
			"faces": {
				"down": { "uv": [ 3.5, 1.125, 3.625, 1.375 ], "texture": "#gczzc" },
				"up": { "uv": [ 3.5, 1.125, 3.625, 0.875 ], "texture": "#gczzc" },
				"north": { "uv": [ 3.875, 5.75, 3.75, 5.875 ], "texture": "#gczzc" },
				"south": { "uv": [ 3.75, 5.625, 3.875, 5.75 ], "texture": "#gczzc" },
				"west": { "uv": [ 5.625, 12.125, 5.875, 12.25 ], "texture": "#gczzc" },
				"east": { "uv": [ 6.125, 12.125, 5.875, 12.25 ], "texture": "#gczzc" }
			}
		},
		{
			"__comment": "Voxels",
			"from": [ 5.2, -2.8, -2.2 ],
			"to": [ 5.4, -2.4, -2 ],
			"faces": {
				"down": { "uv": [ 3.75, 5.25, 3.875, 5.375 ], "texture": "#gczzc" },
				"up": { "uv": [ 3.75, 5.25, 3.875, 5.125 ], "texture": "#gczzc" },
				"north": { "uv": [ 3.625, 0.625, 3.5, 0.875 ], "texture": "#gczzc" },
				"south": { "uv": [ 3.5, 0.375, 3.625, 0.625 ], "texture": "#gczzc" },
				"west": { "uv": [ 3.5, 0.125, 3.625, 0.375 ], "texture": "#gczzc" },
				"east": { "uv": [ 3.75, 11.875, 3.625, 12.125 ], "texture": "#gczzc" }
			}
		},
		{
			"__comment": "Voxels",
			"from": [ 5.2, -2.4, -1.6 ],
			"to": [ 6, -2.2, -1.4 ],
			"faces": {
				"down": { "uv": [ 13.375, 13.25, 13.875, 13.375 ], "texture": "#gczzc" },
				"up": { "uv": [ 13.375, 13.5, 13.875, 13.375 ], "texture": "#gczzc" },
				"north": { "uv": [ 13.875, 13.5, 13.375, 13.625 ], "texture": "#gczzc" },
				"south": { "uv": [ 12.875, 12.875, 13.375, 13 ], "texture": "#gczzc" },
				"west": { "uv": [ 3.75, 4, 3.875, 4.125 ], "texture": "#gczzc" },
				"east": { "uv": [ 3.875, 3.875, 3.75, 4 ], "texture": "#gczzc" }
			}
		},
		{
			"__comment": "Voxels",
			"from": [ 5.2, -2, -2 ],
			"to": [ 6.4, -1.8, -1.6 ],
			"faces": {
				"down": { "uv": [ 15, 15, 15.75, 15.25 ], "texture": "#gczzc" },
				"up": { "uv": [ 15, 15.5, 15.75, 15.25 ], "texture": "#gczzc" },
				"north": { "uv": [ 16, 14.5, 15.25, 14.625 ], "texture": "#gczzc" },
				"south": { "uv": [ 13.5, 13.625, 14.25, 13.75 ], "texture": "#gczzc" },
				"west": { "uv": [ 6.125, 12.125, 6.375, 12.25 ], "texture": "#gczzc" },
				"east": { "uv": [ 6.625, 12.125, 6.375, 12.25 ], "texture": "#gczzc" }
			}
		},
		{
			"__comment": "Voxels",
			"from": [ 5.2, -1.8, -2 ],
			"to": [ 6.2, -1.6, -1.8 ],
			"faces": {
				"down": { "uv": [ 9.5, 13.5, 10.125, 13.625 ], "texture": "#gczzc" },
				"up": { "uv": [ 8.25, 13, 8.875, 12.875 ], "texture": "#gczzc" },
				"north": { "uv": [ 8.875, 13, 8.25, 13.125 ], "texture": "#gczzc" },
				"south": { "uv": [ 8.25, 13.25, 8.875, 13.375 ], "texture": "#gczzc" },
				"west": { "uv": [ 3.75, 2.5, 3.875, 2.625 ], "texture": "#gczzc" },
				"east": { "uv": [ 3.875, 2.375, 3.75, 2.5 ], "texture": "#gczzc" }
			}
		},
		{
			"__comment": "Voxels",
			"from": [ 5.2, -1.8, -1.6 ],
			"to": [ 5.8, -1.6, -1.4 ],
			"faces": {
				"down": { "uv": [ 5.125, 12.5, 5.5, 12.625 ], "texture": "#gczzc" },
				"up": { "uv": [ 7.75, 12.625, 8.125, 12.5 ], "texture": "#gczzc" },
				"north": { "uv": [ 8.5, 12.5, 8.125, 12.625 ], "texture": "#gczzc" },
				"south": { "uv": [ 8.5, 12.5, 8.875, 12.625 ], "texture": "#gczzc" },
				"west": { "uv": [ 3.75, 1.75, 3.875, 1.875 ], "texture": "#gczzc" },
				"east": { "uv": [ 3.875, 1.625, 3.75, 1.75 ], "texture": "#gczzc" }
			}
		},
		{
			"__comment": "Voxels",
			"from": [ 5.2, -1.6, -2.2 ],
			"to": [ 5.6, -1.4, -2 ],
			"faces": {
				"down": { "uv": [ 6.875, 12.125, 7.125, 12.25 ], "texture": "#gczzc" },
				"up": { "uv": [ 7.125, 12.25, 7.375, 12.125 ], "texture": "#gczzc" },
				"north": { "uv": [ 7.625, 12.125, 7.375, 12.25 ], "texture": "#gczzc" },
				"south": { "uv": [ 7.625, 12.125, 7.875, 12.25 ], "texture": "#gczzc" },
				"west": { "uv": [ 3.75, 1, 3.875, 1.125 ], "texture": "#gczzc" },
				"east": { "uv": [ 3.875, 0.875, 3.75, 1 ], "texture": "#gczzc" }
			}
		},
		{
			"__comment": "Voxels",
			"from": [ 5.4, -8.8, -2 ],
			"to": [ 5.6, -8.6, -1.6 ],
			"faces": {
				"down": { "uv": [ 3.625, 10.375, 3.75, 10.625 ], "texture": "#gczzc" },
				"up": { "uv": [ 3.625, 10.375, 3.75, 10.125 ], "texture": "#gczzc" },
				"north": { "uv": [ 3.875, 0.5, 3.75, 0.625 ], "texture": "#gczzc" },
				"south": { "uv": [ 3.75, 0.375, 3.875, 0.5 ], "texture": "#gczzc" },
				"west": { "uv": [ 7.875, 12.125, 8.125, 12.25 ], "texture": "#gczzc" },
				"east": { "uv": [ 8.375, 12.125, 8.125, 12.25 ], "texture": "#gczzc" }
			}
		},
		{
			"__comment": "Voxels",
			"from": [ 5.4, -3, -1.8 ],
			"to": [ 5.6, -2.8, -1.6 ],
			"faces": {
				"down": { "uv": [ 3.75, 0, 3.875, 0.125 ], "texture": "#gczzc" },
				"up": { "uv": [ 3.875, 12.125, 4, 12 ], "texture": "#gczzc" },
				"north": { "uv": [ 4.125, 12, 4, 12.125 ], "texture": "#gczzc" },
				"south": { "uv": [ 4.125, 12, 4.25, 12.125 ], "texture": "#gczzc" },
				"west": { "uv": [ 4.25, 12, 4.375, 12.125 ], "texture": "#gczzc" },
				"east": { "uv": [ 4.5, 12, 4.375, 12.125 ], "texture": "#gczzc" }
			}
		},
		{
			"__comment": "Voxels",
			"from": [ 5.4, -2.6, -2.2 ],
			"to": [ 5.6, -2.2, -2 ],
			"faces": {
				"down": { "uv": [ 4.5, 12, 4.625, 12.125 ], "texture": "#gczzc" },
				"up": { "uv": [ 4.625, 12.125, 4.75, 12 ], "texture": "#gczzc" },
				"north": { "uv": [ 3.75, 9.875, 3.625, 10.125 ], "texture": "#gczzc" },
				"south": { "uv": [ 3.625, 9.625, 3.75, 9.875 ], "texture": "#gczzc" },
				"west": { "uv": [ 3.625, 9.375, 3.75, 9.625 ], "texture": "#gczzc" },
				"east": { "uv": [ 3.75, 9.125, 3.625, 9.375 ], "texture": "#gczzc" }
			}
		},
		{
			"__comment": "Voxels",
			"from": [ 5.4, -2.2, -2 ],
			"to": [ 6.4, -2, -1.6 ],
			"faces": {
				"down": { "uv": [ 8.5, 13.875, 9.125, 14.125 ], "texture": "#gczzc" },
				"up": { "uv": [ 8.5, 14.875, 9.125, 14.625 ], "texture": "#gczzc" },
				"north": { "uv": [ 12, 13.25, 11.375, 13.375 ], "texture": "#gczzc" },
				"south": { "uv": [ 10.125, 13.125, 10.75, 13.25 ], "texture": "#gczzc" },
				"west": { "uv": [ 8.375, 12.125, 8.625, 12.25 ], "texture": "#gczzc" },
				"east": { "uv": [ 8.875, 12.125, 8.625, 12.25 ], "texture": "#gczzc" }
			}
		},
		{
			"__comment": "Voxels",
			"from": [ 5.4, -2, -1.6 ],
			"to": [ 5.6, -1.8, -1.4 ],
			"faces": {
				"down": { "uv": [ 6, 12, 6.125, 12.125 ], "texture": "#gczzc" },
				"up": { "uv": [ 6.125, 12.125, 6.25, 12 ], "texture": "#gczzc" },
				"north": { "uv": [ 6.375, 12, 6.25, 12.125 ], "texture": "#gczzc" },
				"south": { "uv": [ 6.375, 12, 6.5, 12.125 ], "texture": "#gczzc" },
				"west": { "uv": [ 6.5, 12, 6.625, 12.125 ], "texture": "#gczzc" },
				"east": { "uv": [ 6.75, 12, 6.625, 12.125 ], "texture": "#gczzc" }
			}
		},
		{
			"__comment": "Voxels",
			"from": [ 5.4, -1.8, -2.2 ],
			"to": [ 5.8, -1.6, -2 ],
			"faces": {
				"down": { "uv": [ 8.875, 12.125, 9.125, 12.25 ], "texture": "#gczzc" },
				"up": { "uv": [ 9.125, 12.25, 9.375, 12.125 ], "texture": "#gczzc" },
				"north": { "uv": [ 9.625, 12.125, 9.375, 12.25 ], "texture": "#gczzc" },
				"south": { "uv": [ 9.625, 12.125, 9.875, 12.25 ], "texture": "#gczzc" },
				"west": { "uv": [ 7.25, 12, 7.375, 12.125 ], "texture": "#gczzc" },
				"east": { "uv": [ 7.5, 12, 7.375, 12.125 ], "texture": "#gczzc" }
			}
		},
		{
			"__comment": "Voxels",
			"from": [ 5.4, -1.4, -1.8 ],
			"to": [ 5.8, -1.2, -1.6 ],
			"faces": {
				"down": { "uv": [ 9.875, 12.125, 10.125, 12.25 ], "texture": "#gczzc" },
				"up": { "uv": [ 10.125, 12.25, 10.375, 12.125 ], "texture": "#gczzc" },
				"north": { "uv": [ 10.625, 12.125, 10.375, 12.25 ], "texture": "#gczzc" },
				"south": { "uv": [ 10.625, 12.125, 10.875, 12.25 ], "texture": "#gczzc" },
				"west": { "uv": [ 8, 12, 8.125, 12.125 ], "texture": "#gczzc" },
				"east": { "uv": [ 8.25, 12, 8.125, 12.125 ], "texture": "#gczzc" }
			}
		},
		{
			"__comment": "Voxels",
			"from": [ 5.6, -2.6, -1.8 ],
			"to": [ 6.2, -2.4, -1.6 ],
			"faces": {
				"down": { "uv": [ 8.875, 12.5, 9.25, 12.625 ], "texture": "#gczzc" },
				"up": { "uv": [ 9.25, 12.625, 9.625, 12.5 ], "texture": "#gczzc" },
				"north": { "uv": [ 10, 12.5, 9.625, 12.625 ], "texture": "#gczzc" },
				"south": { "uv": [ 10, 12.5, 10.375, 12.625 ], "texture": "#gczzc" },
				"west": { "uv": [ 8.75, 12, 8.875, 12.125 ], "texture": "#gczzc" },
				"east": { "uv": [ 9, 12, 8.875, 12.125 ], "texture": "#gczzc" }
			}
		},
		{
			"__comment": "Voxels",
			"from": [ 5.6, -2.6, -1.6 ],
			"to": [ 5.8, -2.4, -1.4 ],
			"faces": {
				"down": { "uv": [ 9, 12, 9.125, 12.125 ], "texture": "#gczzc" },
				"up": { "uv": [ 9.125, 12.125, 9.25, 12 ], "texture": "#gczzc" },
				"north": { "uv": [ 9.375, 12, 9.25, 12.125 ], "texture": "#gczzc" },
				"south": { "uv": [ 9.375, 12, 9.5, 12.125 ], "texture": "#gczzc" },
				"west": { "uv": [ 9.5, 12, 9.625, 12.125 ], "texture": "#gczzc" },
				"east": { "uv": [ 9.75, 12, 9.625, 12.125 ], "texture": "#gczzc" }
			}
		},
		{
			"__comment": "Voxels",
			"from": [ 5.6, -2.4, -2.2 ],
			"to": [ 6, -2.2, -2 ],
			"faces": {
				"down": { "uv": [ 10.875, 12.125, 11.125, 12.25 ], "texture": "#gczzc" },
				"up": { "uv": [ 11.125, 12.25, 11.375, 12.125 ], "texture": "#gczzc" },
				"north": { "uv": [ 11.625, 12.125, 11.375, 12.25 ], "texture": "#gczzc" },
				"south": { "uv": [ 11.625, 12.125, 11.875, 12.25 ], "texture": "#gczzc" },
				"west": { "uv": [ 10.25, 12, 10.375, 12.125 ], "texture": "#gczzc" },
				"east": { "uv": [ 10.5, 12, 10.375, 12.125 ], "texture": "#gczzc" }
			}
		},
		{
			"__comment": "Voxels",
			"from": [ 5.6, -2.2, -1.6 ],
			"to": [ 6.2, -2, -1.4 ],
			"faces": {
				"down": { "uv": [ 10.375, 12.5, 10.75, 12.625 ], "texture": "#gczzc" },
				"up": { "uv": [ 10.75, 12.625, 11.125, 12.5 ], "texture": "#gczzc" },
				"north": { "uv": [ 11.5, 12.5, 11.125, 12.625 ], "texture": "#gczzc" },
				"south": { "uv": [ 11.5, 12.5, 11.875, 12.625 ], "texture": "#gczzc" },
				"west": { "uv": [ 11, 12, 11.125, 12.125 ], "texture": "#gczzc" },
				"east": { "uv": [ 11.25, 12, 11.125, 12.125 ], "texture": "#gczzc" }
			}
		},
		{
			"__comment": "Voxels",
			"from": [ 5.6, -1.8, -1.8 ],
			"to": [ 6.2, -1.6, -1.6 ],
			"faces": {
				"down": { "uv": [ 11.875, 12.5, 12.25, 12.625 ], "texture": "#gczzc" },
				"up": { "uv": [ 12.25, 12.625, 12.625, 12.5 ], "texture": "#gczzc" },
				"north": { "uv": [ 13, 12.5, 12.625, 12.625 ], "texture": "#gczzc" },
				"south": { "uv": [ 13.75, 12.5, 14.125, 12.625 ], "texture": "#gczzc" },
				"west": { "uv": [ 11.75, 12, 11.875, 12.125 ], "texture": "#gczzc" },
				"east": { "uv": [ 12, 12, 11.875, 12.125 ], "texture": "#gczzc" }
			}
		},
		{
			"__comment": "Voxels",
			"from": [ 5.8, -2.4, -1.8 ],
			"to": [ 6.2, -2.2, -1.6 ],
			"faces": {
				"down": { "uv": [ 12.125, 12.125, 12.375, 12.25 ], "texture": "#gczzc" },
				"up": { "uv": [ 12.375, 12.25, 12.625, 12.125 ], "texture": "#gczzc" },
				"north": { "uv": [ 12.875, 12.125, 12.625, 12.25 ], "texture": "#gczzc" },
				"south": { "uv": [ 12.875, 12.125, 13.125, 12.25 ], "texture": "#gczzc" },
				"west": { "uv": [ 12.5, 12, 12.625, 12.125 ], "texture": "#gczzc" },
				"east": { "uv": [ 12.75, 12, 12.625, 12.125 ], "texture": "#gczzc" }
			}
		},
		{
			"__comment": "Voxels",
			"from": [ 5.8, -2.2, -2.2 ],
			"to": [ 6, -2, -2 ],
			"faces": {
				"down": { "uv": [ 12.75, 12, 12.875, 12.125 ], "texture": "#gczzc" },
				"up": { "uv": [ 12.875, 12.125, 13, 12 ], "texture": "#gczzc" },
				"north": { "uv": [ 13.125, 12, 13, 12.125 ], "texture": "#gczzc" },
				"south": { "uv": [ 13.125, 12, 13.25, 12.125 ], "texture": "#gczzc" },
				"west": { "uv": [ 13.25, 12, 13.375, 12.125 ], "texture": "#gczzc" },
				"east": { "uv": [ 13.5, 12, 13.375, 12.125 ], "texture": "#gczzc" }
			}
		},
		{
			"__comment": "Voxels",
			"from": [ 5.8, -2, -1.6 ],
			"to": [ 6.2, -1.8, -1.4 ],
			"faces": {
				"down": { "uv": [ 13.125, 12.125, 13.375, 12.25 ], "texture": "#gczzc" },
				"up": { "uv": [ 13.375, 12.25, 13.625, 12.125 ], "texture": "#gczzc" },
				"north": { "uv": [ 13.875, 12.125, 13.625, 12.25 ], "texture": "#gczzc" },
				"south": { "uv": [ 13.875, 12.125, 14.125, 12.25 ], "texture": "#gczzc" },
				"west": { "uv": [ 14, 12, 14.125, 12.125 ], "texture": "#gczzc" },
				"east": { "uv": [ 14.25, 12, 14.125, 12.125 ], "texture": "#gczzc" }
			}
		},
		{
			"__comment": "Voxels",
			"from": [ 6, -2.4, -2 ],
			"to": [ 6.2, -2.2, -1.8 ],
			"faces": {
				"down": { "uv": [ 14.25, 12, 14.375, 12.125 ], "texture": "#gczzc" },
				"up": { "uv": [ 14.375, 12.125, 14.5, 12 ], "texture": "#gczzc" },
				"north": { "uv": [ 14.625, 12, 14.5, 12.125 ], "texture": "#gczzc" },
				"south": { "uv": [ 14.625, 12, 14.75, 12.125 ], "texture": "#gczzc" },
				"west": { "uv": [ 14.75, 12, 14.875, 12.125 ], "texture": "#gczzc" },
				"east": { "uv": [ 15, 12, 14.875, 12.125 ], "texture": "#gczzc" }
			}
		}
	],
	"display": {
		"thirdperson_righthand": {
			"rotation":  [ 0, -90, 0 ],
			"translation":  [ -9.739, -3.477, 4.8678 ]
		},
		"thirdperson_lefthand": {
			"rotation":  [ 126, 180, -24 ],
			"translation":  [ 1.396, 4.1748, 11.826 ]
		},
		"firstperson_righthand": {
			"rotation":  [ -38, -90, 0 ],
			"translation":  [ -4.869, 1.3913, 2.0876 ]
		},
		"firstperson_lefthand": {
			"scale":  [ 0.0001, 0.0001, 0.0001 ]
		},
		"gui": {
			"rotation":  [ 0, 0, -46 ],
			"translation":  [ 0.6956, -1.39, 6.2608 ],
			"scale":  [ 0.5, 0.5, 0.5 ]
		},
		"ground": {
			"translation":  [ 4.1739, 14.607, 11.13 ]
		},
		"fixed": {
			"rotation":  [ 0, 0, 39 ],
			"translation":  [ 6.2608, 0, 0 ]
		}
	}
}