{
	"__comment": "Designed by Ling_Meng with Cubik Studio - https://cubik.studio",
	"textures": {
		"xytd": "blocks/xytd"
	},
	"elements": [ 	 
		{
			"__comment": "Voxels",
			"from": [ 7.25, -3.75, 7.375 ],
			"to": [ 8.75, -3.5, 8.25 ],
			"faces": {
				"down": { "uv": [ 5.09375, 15.5625, 5.46875, 15.78125 ], "texture": "#xytd" },
				"up": { "uv": [ 5.09375, 16, 5.46875, 15.78125 ], "texture": "#xytd" },
				"north": { "uv": [ 7.4375, 15.9375, 7.0625, 16 ], "texture": "#xytd" },
				"south": { "uv": [ 7.0625, 15.875, 7.4375, 15.9375 ], "texture": "#xytd" },
				"west": { "uv": [ 7.6875, 15.09375, 7.90625, 15.15625 ], "texture": "#xytd" },
				"east": { "uv": [ 7.90625, 15.15625, 7.6875, 15.21875 ], "texture": "#xytd" }
			}
		},
		{
			"__comment": "Voxels",
			"from": [ 7.375, -3.75, 7.125 ],
			"to": [ 8.625, -3.5, 7.375 ],
			"faces": {
				"down": { "uv": [ 7.0625, 15.75, 7.375, 15.8125 ], "texture": "#xytd" },
				"up": { "uv": [ 7.0625, 15.75, 7.375, 15.6875 ], "texture": "#xytd" },
				"north": { "uv": [ 7.375, 15.625, 7.0625, 15.6875 ], "texture": "#xytd" },
				"south": { "uv": [ 7.0625, 15.5625, 7.375, 15.625 ], "texture": "#xytd" },
				"west": { "uv": [ 7.875, 14.59375, 7.9375, 14.65625 ], "texture": "#xytd" },
				"east": { "uv": [ 7.9375, 14.65625, 7.875, 14.71875 ], "texture": "#xytd" }
			}
		},
		{
			"__comment": "Voxels",
			"from": [ 7.375, -3.75, 8.25 ],
			"to": [ 8.625, -3.5, 8.5 ],
			"faces": {
				"down": { "uv": [ 7.09375, 15.5, 7.40625, 15.5625 ], "texture": "#xytd" },
				"up": { "uv": [ 7.09375, 15.5, 7.40625, 15.4375 ], "texture": "#xytd" },
				"north": { "uv": [ 7.40625, 15.375, 7.09375, 15.4375 ], "texture": "#xytd" },
				"south": { "uv": [ 7.0625, 15.8125, 7.375, 15.875 ], "texture": "#xytd" },
				"west": { "uv": [ 7.875, 15.21875, 7.9375, 15.28125 ], "texture": "#xytd" },
				"east": { "uv": [ 7.6875, 14.4375, 7.625, 14.5 ], "texture": "#xytd" }
			}
		},
		{
			"__comment": "Voxels",
			"from": [ 7.5, -3.75, 7 ],
			"to": [ 8.5, -3.5, 7.125 ],
			"faces": {
				"down": { "uv": [ 8.1875, 15.96875, 8.4375, 16 ], "texture": "#xytd" },
				"up": { "uv": [ 7.1875, 14.46875, 7.4375, 14.4375 ], "texture": "#xytd" },
				"north": { "uv": [ 7.4375, 14.53125, 7.1875, 14.59375 ], "texture": "#xytd" },
				"south": { "uv": [ 7.1875, 14.46875, 7.4375, 14.53125 ], "texture": "#xytd" },
				"west": { "uv": [ 6.65625, 14.5, 6.6875, 14.5625 ], "texture": "#xytd" },
				"east": { "uv": [ 6.3125, 14.5, 6.28125, 14.5625 ], "texture": "#xytd" }
			}
		},
		{
			"__comment": "Voxels",
			"from": [ 7.5, -3.75, 8.5 ],
			"to": [ 8.5, -3.5, 8.625 ],
			"faces": {
				"down": { "uv": [ 8.1875, 15.84375, 8.4375, 15.875 ], "texture": "#xytd" },
				"up": { "uv": [ 8.1875, 15.90625, 8.4375, 15.875 ], "texture": "#xytd" },
				"north": { "uv": [ 7.4375, 14.59375, 7.1875, 14.65625 ], "texture": "#xytd" },
				"south": { "uv": [ 7.6875, 15.9375, 7.9375, 16 ], "texture": "#xytd" },
				"west": { "uv": [ 7.03125, 14.65625, 7.0625, 14.71875 ], "texture": "#xytd" },
				"east": { "uv": [ 7.0625, 14.71875, 7.03125, 14.78125 ], "texture": "#xytd" }
			}
		},
		{
			"__comment": "Voxels",
			"from": [ 7.5, -3.5, 7.375 ],
			"to": [ 8.5, -3.375, 8.25 ],
			"faces": {
				"down": { "uv": [ 5.78125, 15.5625, 6.03125, 15.78125 ], "texture": "#xytd" },
				"up": { "uv": [ 5.78125, 16, 6.03125, 15.78125 ], "texture": "#xytd" },
				"north": { "uv": [ 8.4375, 15.59375, 8.1875, 15.625 ], "texture": "#xytd" },
				"south": { "uv": [ 8.1875, 15.625, 8.4375, 15.65625 ], "texture": "#xytd" },
				"west": { "uv": [ 8.1875, 15.3125, 8.40625, 15.34375 ], "texture": "#xytd" },
				"east": { "uv": [ 8.4375, 15.5625, 8.21875, 15.59375 ], "texture": "#xytd" }
			}
		},
		{
			"__comment": "Voxels",
			"from": [ 7.5, -3.375, 7.5 ],
			"to": [ 8.5, -3.25, 8 ],
			"faces": {
				"down": { "uv": [ 5.78125, 14.5625, 6.03125, 14.6875 ], "texture": "#xytd" },
				"up": { "uv": [ 5.78125, 14.5625, 6.03125, 14.4375 ], "texture": "#xytd" },
				"north": { "uv": [ 8.4375, 15.65625, 8.1875, 15.6875 ], "texture": "#xytd" },
				"south": { "uv": [ 8.1875, 15.6875, 8.4375, 15.71875 ], "texture": "#xytd" },
				"west": { "uv": [ 8.625, 14.875, 8.75, 14.90625 ], "texture": "#xytd" },
				"east": { "uv": [ 8.75, 15.125, 8.625, 15.15625 ], "texture": "#xytd" }
			}
		},
		{
			"__comment": "Voxels",
			"from": [ 7.625, -14.5, 7.25 ],
			"to": [ 8.375, -10, 8.125 ],
			"faces": {
				"down": { "uv": [ 0, 0.09375, 0.1875, 0.3125 ], "texture": "#xytd" },
				"up": { "uv": [ 0.1875, 0.3125, 0.375, 0.09375 ], "texture": "#xytd" },
				"north": { "uv": [ 3.34375, 14.875, 3.15625, 16 ], "texture": "#xytd" },
				"south": { "uv": [ 2.96875, 14.875, 3.15625, 16 ], "texture": "#xytd" },
				"west": { "uv": [ 2.40625, 14.875, 2.625, 16 ], "texture": "#xytd" },
				"east": { "uv": [ 2.40625, 14.875, 2.1875, 16 ], "texture": "#xytd" }
			}
		},
		{
			"__comment": "Voxels",
			"from": [ 7.625, -14.375, 8.125 ],
			"to": [ 8.375, -3.75, 8.375 ],
			"faces": {
				"down": { "uv": [ 7.9375, 14.6875, 8.125, 14.75 ], "texture": "#xytd" },
				"up": { "uv": [ 7.9375, 14.6875, 8.125, 14.625 ], "texture": "#xytd" },
				"north": { "uv": [ 1.5625, 10.53125, 1.375, 13.1875 ], "texture": "#xytd" },
				"south": { "uv": [ 1.375, 7.875, 1.5625, 10.53125 ], "texture": "#xytd" },
				"west": { "uv": [ 1.9375, 4.03125, 2, 6.6875 ], "texture": "#xytd" },
				"east": { "uv": [ 2, 6.6875, 1.9375, 9.34375 ], "texture": "#xytd" }
			}
		},
		{
			"__comment": "Voxels",
			"from": [ 7.625, -14.375, 8.375 ],
			"to": [ 8.375, -10.125, 8.5 ],
			"faces": {
				"down": { "uv": [ 1.1875, 0, 1.375, 0.03125 ], "texture": "#xytd" },
				"up": { "uv": [ 4.46875, 14.46875, 4.65625, 14.4375 ], "texture": "#xytd" },
				"north": { "uv": [ 3.53125, 14.9375, 3.34375, 16 ], "texture": "#xytd" },
				"south": { "uv": [ 3.53125, 14.9375, 3.71875, 16 ], "texture": "#xytd" },
				"west": { "uv": [ 6.625, 14.9375, 6.65625, 16 ], "texture": "#xytd" },
				"east": { "uv": [ 6.625, 14.9375, 6.59375, 16 ], "texture": "#xytd" }
			}
		},
		{
			"__comment": "Voxels",
			"from": [ 7.625, -10, 7.25 ],
			"to": [ 8.25, -3.75, 8.125 ],
			"faces": {
				"down": { "uv": [ 4.46875, 14.53125, 4.625, 14.75 ], "texture": "#xytd" },
				"up": { "uv": [ 2.78125, 14.78125, 2.9375, 14.5625 ], "texture": "#xytd" },
				"north": { "uv": [ 1.71875, 0.34375, 1.5625, 1.90625 ], "texture": "#xytd" },
				"south": { "uv": [ 2.625, 14.4375, 2.78125, 16 ], "texture": "#xytd" },
				"west": { "uv": [ 1.75, 14.4375, 1.96875, 16 ], "texture": "#xytd" },
				"east": { "uv": [ 2.1875, 14.4375, 1.96875, 16 ], "texture": "#xytd" }
			}
		},
		{
			"__comment": "Voxels",
			"from": [ 7.625, -3.75, 6.875 ],
			"to": [ 8.375, -3.5, 7 ],
			"faces": {
				"down": { "uv": [ 7.6875, 14.4375, 7.875, 14.46875 ], "texture": "#xytd" },
				"up": { "uv": [ 8.1875, 15.3125, 8.375, 15.28125 ], "texture": "#xytd" },
				"north": { "uv": [ 4.65625, 14.46875, 4.46875, 14.53125 ], "texture": "#xytd" },
				"south": { "uv": [ 7.6875, 14.59375, 7.875, 14.65625 ], "texture": "#xytd" },
				"west": { "uv": [ 7.03125, 14.8125, 7.0625, 14.875 ], "texture": "#xytd" },
				"east": { "uv": [ 6.90625, 14.5, 6.875, 14.5625 ], "texture": "#xytd" }
			}
		},
		{
			"__comment": "Voxels",
			"from": [ 7.625, -3.75, 8.625 ],
			"to": [ 8.375, -3.5, 8.75 ],
			"faces": {
				"down": { "uv": [ 8.1875, 15.25, 8.375, 15.28125 ], "texture": "#xytd" },
				"up": { "uv": [ 8.1875, 15.25, 8.375, 15.21875 ], "texture": "#xytd" },
				"north": { "uv": [ 7.875, 14.53125, 7.6875, 14.59375 ], "texture": "#xytd" },
				"south": { "uv": [ 7.6875, 14.46875, 7.875, 14.53125 ], "texture": "#xytd" },
				"west": { "uv": [ 6.71875, 14.4375, 6.75, 14.5 ], "texture": "#xytd" },
				"east": { "uv": [ 6.75, 14.5, 6.71875, 14.5625 ], "texture": "#xytd" }
			}
		},
		{
			"__comment": "Voxels",
			"from": [ 7.625, -3.5, 7.125 ],
			"to": [ 8.375, -3.25, 7.375 ],
			"faces": {
				"down": { "uv": [ 7.9375, 15.9375, 8.125, 16 ], "texture": "#xytd" },
				"up": { "uv": [ 7.9375, 15.1875, 8.125, 15.125 ], "texture": "#xytd" },
				"north": { "uv": [ 8.125, 15.875, 7.9375, 15.9375 ], "texture": "#xytd" },
				"south": { "uv": [ 7.9375, 15.8125, 8.125, 15.875 ], "texture": "#xytd" },
				"west": { "uv": [ 7.375, 15.6875, 7.4375, 15.75 ], "texture": "#xytd" },
				"east": { "uv": [ 7.4375, 15.75, 7.375, 15.8125 ], "texture": "#xytd" }
			}
		},
		{
			"__comment": "Voxels",
			"from": [ 7.625, -3.5, 8.25 ],
			"to": [ 8.375, 29.25, 8.375 ],
			"faces": {
				"down": { "uv": [ 8.1875, 15.1875, 8.375, 15.21875 ], "texture": "#xytd" },
				"up": { "uv": [ 8.1875, 15.1875, 8.375, 15.15625 ], "texture": "#xytd" },
				"north": { "uv": [ 0.1875, 7.8125, 0, 16 ], "texture": "#xytd" },
				"south": { "uv": [ 0.1875, 7.8125, 0.375, 16 ], "texture": "#xytd" },
				"west": { "uv": [ 1.75, 1.3125, 1.78125, 9.5 ], "texture": "#xytd" },
				"east": { "uv": [ 1.8125, 1.3125, 1.78125, 9.5 ], "texture": "#xytd" }
			}
		},
		{
			"__comment": "Voxels",
			"from": [ 7.625, -3.5, 8.375 ],
			"to": [ 8.375, -3.375, 8.5 ],
			"faces": {
				"down": { "uv": [ 8.1875, 15.125, 8.375, 15.15625 ], "texture": "#xytd" },
				"up": { "uv": [ 8.1875, 15.125, 8.375, 15.09375 ], "texture": "#xytd" },
				"north": { "uv": [ 8.375, 15.0625, 8.1875, 15.09375 ], "texture": "#xytd" },
				"south": { "uv": [ 8.1875, 15.03125, 8.375, 15.0625 ], "texture": "#xytd" },
				"west": { "uv": [ 7.40625, 15.46875, 7.4375, 15.5 ], "texture": "#xytd" },
				"east": { "uv": [ 7.0625, 14.53125, 7.03125, 14.5625 ], "texture": "#xytd" }
			}
		},
		{
			"__comment": "Voxels",
			"from": [ 7.625, -3.375, 7.375 ],
			"to": [ 8.375, 12.75, 7.5 ],
			"faces": {
				"down": { "uv": [ 8.1875, 15, 8.375, 15.03125 ], "texture": "#xytd" },
				"up": { "uv": [ 8.1875, 15, 8.375, 14.96875 ], "texture": "#xytd" },
				"north": { "uv": [ 0.9375, 7.9375, 0.75, 11.96875 ], "texture": "#xytd" },
				"south": { "uv": [ 0.75, 11.96875, 0.9375, 16 ], "texture": "#xytd" },
				"west": { "uv": [ 2, 0.59375, 2.03125, 4.625 ], "texture": "#xytd" },
				"east": { "uv": [ 2.09375, 5.6875, 2.0625, 9.71875 ], "texture": "#xytd" }
			}
		},
		{
			"__comment": "Voxels",
			"from": [ 7.625, -3.375, 8 ],
			"to": [ 8.375, 26.625, 8.25 ],
			"faces": {
				"down": { "uv": [ 7.9375, 15.5625, 8.125, 15.625 ], "texture": "#xytd" },
				"up": { "uv": [ 7.9375, 15.5625, 8.125, 15.5 ], "texture": "#xytd" },
				"north": { "uv": [ 0.1875, 0.3125, 0, 7.8125 ], "texture": "#xytd" },
				"south": { "uv": [ 0.1875, 0.3125, 0.375, 7.8125 ], "texture": "#xytd" },
				"west": { "uv": [ 1.375, 0.375, 1.4375, 7.875 ], "texture": "#xytd" },
				"east": { "uv": [ 1.5, 0.375, 1.4375, 7.875 ], "texture": "#xytd" }
			}
		},
		{
			"__comment": "Voxels",
			"from": [ 7.625, -3.25, 7.25 ],
			"to": [ 8.375, 8, 7.375 ],
			"faces": {
				"down": { "uv": [ 8.1875, 14.9375, 8.375, 14.96875 ], "texture": "#xytd" },
				"up": { "uv": [ 8.1875, 14.9375, 8.375, 14.90625 ], "texture": "#xytd" },
				"north": { "uv": [ 1.5625, 13.1875, 1.375, 16 ], "texture": "#xytd" },
				"south": { "uv": [ 1.1875, 1.59375, 1.375, 4.40625 ], "texture": "#xytd" },
				"west": { "uv": [ 2.125, 8.65625, 2.15625, 11.46875 ], "texture": "#xytd" },
				"east": { "uv": [ 2.15625, 5.84375, 2.125, 8.65625 ], "texture": "#xytd" }
			}
		},
		{
			"__comment": "Voxels",
			"from": [ 7.625, -3.25, 7.5 ],
			"to": [ 8.375, 16.375, 7.625 ],
			"faces": {
				"down": { "uv": [ 8.1875, 14.875, 8.375, 14.90625 ], "texture": "#xytd" },
				"up": { "uv": [ 8.1875, 14.875, 8.375, 14.84375 ], "texture": "#xytd" },
				"north": { "uv": [ 0.5625, 6.1875, 0.375, 11.09375 ], "texture": "#xytd" },
				"south": { "uv": [ 0.375, 11.09375, 0.5625, 16 ], "texture": "#xytd" },
				"west": { "uv": [ 2, 4.625, 2.03125, 9.53125 ], "texture": "#xytd" },
				"east": { "uv": [ 2.03125, 9.53125, 2, 14.4375 ], "texture": "#xytd" }
			}
		},
		{
			"__comment": "Voxels",
			"from": [ 7.625, -3.25, 7.625 ],
			"to": [ 7.875, 19.375, 8 ],
			"faces": {
				"down": { "uv": [ 2.90625, 14.46875, 2.96875, 14.5625 ], "texture": "#xytd" },
				"up": { "uv": [ 4.78125, 14.53125, 4.84375, 14.4375 ], "texture": "#xytd" },
				"north": { "uv": [ 1.5625, 2.21875, 1.5, 7.875 ], "texture": "#xytd" },
				"south": { "uv": [ 1.5625, 5.46875, 1.625, 11.125 ], "texture": "#xytd" },
				"west": { "uv": [ 1.28125, 4.40625, 1.375, 10.0625 ], "texture": "#xytd" },
				"east": { "uv": [ 1.28125, 4.40625, 1.1875, 10.0625 ], "texture": "#xytd" }
			}
		},
		{
			"__comment": "Voxels",
			"from": [ 7.625, 3.5, 8.375 ],
			"to": [ 8.375, 22.375, 8.5 ],
			"faces": {
				"down": { "uv": [ 8.1875, 14.8125, 8.375, 14.84375 ], "texture": "#xytd" },
				"up": { "uv": [ 8.1875, 14.8125, 8.375, 14.78125 ], "texture": "#xytd" },
				"north": { "uv": [ 0.75, 6.4375, 0.5625, 11.15625 ], "texture": "#xytd" },
				"south": { "uv": [ 0.5625, 1.71875, 0.75, 6.4375 ], "texture": "#xytd" },
				"west": { "uv": [ 2.0625, 9.71875, 2.09375, 14.4375 ], "texture": "#xytd" },
				"east": { "uv": [ 2.0625, 0.03125, 2.03125, 4.75 ], "texture": "#xytd" }
			}
		},
		{
			"__comment": "Voxels",
			"from": [ 7.625, 9.875, 8.5 ],
			"to": [ 8.375, 29.25, 8.625 ],
			"faces": {
				"down": { "uv": [ 8.1875, 14.75, 8.375, 14.78125 ], "texture": "#xytd" },
				"up": { "uv": [ 8.1875, 14.75, 8.375, 14.71875 ], "texture": "#xytd" },
				"north": { "uv": [ 0.5625, 1.34375, 0.375, 6.1875 ], "texture": "#xytd" },
				"south": { "uv": [ 0.5625, 11.15625, 0.75, 16 ], "texture": "#xytd" },
				"west": { "uv": [ 2.03125, 9.59375, 2.0625, 14.4375 ], "texture": "#xytd" },
				"east": { "uv": [ 2.0625, 4.75, 2.03125, 9.59375 ], "texture": "#xytd" }
			}
		},
		{
			"__comment": "Voxels",
			"from": [ 7.625, 14, 8.625 ],
			"to": [ 8.375, 29.25, 8.75 ],
			"faces": {
				"down": { "uv": [ 8.1875, 14.6875, 8.375, 14.71875 ], "texture": "#xytd" },
				"up": { "uv": [ 8.1875, 14.6875, 8.375, 14.65625 ], "texture": "#xytd" },
				"north": { "uv": [ 0.9375, 4.125, 0.75, 7.9375 ], "texture": "#xytd" },
				"south": { "uv": [ 0.75, 0.3125, 0.9375, 4.125 ], "texture": "#xytd" },
				"west": { "uv": [ 2.0625, 1.875, 2.09375, 5.6875 ], "texture": "#xytd" },
				"east": { "uv": [ 2.125, 10.625, 2.09375, 14.4375 ], "texture": "#xytd" }
			}
		},
		{
			"__comment": "Voxels",
			"from": [ 7.625, 17.375, 8.75 ],
			"to": [ 8.375, 29.25, 8.875 ],
			"faces": {
				"down": { "uv": [ 8.1875, 14.625, 8.375, 14.65625 ], "texture": "#xytd" },
				"up": { "uv": [ 8.1875, 14.625, 8.375, 14.59375 ], "texture": "#xytd" },
				"north": { "uv": [ 1.375, 10.0625, 1.1875, 13.03125 ], "texture": "#xytd" },
				"south": { "uv": [ 1.1875, 13.03125, 1.375, 16 ], "texture": "#xytd" },
				"west": { "uv": [ 2.09375, 1.59375, 2.125, 4.5625 ], "texture": "#xytd" },
				"east": { "uv": [ 2.15625, 11.46875, 2.125, 14.4375 ], "texture": "#xytd" }
			}
		},
		{
			"__comment": "Voxels",
			"from": [ 7.625, 19.375, 7.75 ],
			"to": [ 8.375, 22, 8 ],
			"faces": {
				"down": { "uv": [ 7.9375, 15.4375, 8.125, 15.5 ], "texture": "#xytd" },
				"up": { "uv": [ 7.9375, 15.4375, 8.125, 15.375 ], "texture": "#xytd" },
				"north": { "uv": [ 3.90625, 14.4375, 3.71875, 15.09375 ], "texture": "#xytd" },
				"south": { "uv": [ 3.90625, 14.4375, 4.09375, 15.09375 ], "texture": "#xytd" },
				"west": { "uv": [ 1.5, 0.40625, 1.5625, 1.0625 ], "texture": "#xytd" },
				"east": { "uv": [ 6.375, 14.90625, 6.3125, 15.5625 ], "texture": "#xytd" }
			}
		},
		{
			"__comment": "Voxels",
			"from": [ 7.625, 20.25, 8.875 ],
			"to": [ 8.375, 30, 9 ],
			"faces": {
				"down": { "uv": [ 8.1875, 14.5625, 8.375, 14.59375 ], "texture": "#xytd" },
				"up": { "uv": [ 8.1875, 14.5625, 8.375, 14.53125 ], "texture": "#xytd" },
				"north": { "uv": [ 1.75, 13.5625, 1.5625, 16 ], "texture": "#xytd" },
				"south": { "uv": [ 1.5625, 11.125, 1.75, 13.5625 ], "texture": "#xytd" },
				"west": { "uv": [ 2.15625, 7.0625, 2.1875, 9.5 ], "texture": "#xytd" },
				"east": { "uv": [ 2.1875, 4.625, 2.15625, 7.0625 ], "texture": "#xytd" }
			}
		},
		{
			"__comment": "Voxels",
			"from": [ 7.625, 22, 7.875 ],
			"to": [ 8.375, 24.5, 8 ],
			"faces": {
				"down": { "uv": [ 8.1875, 14.5, 8.375, 14.53125 ], "texture": "#xytd" },
				"up": { "uv": [ 8.1875, 14.5, 8.375, 14.46875 ], "texture": "#xytd" },
				"north": { "uv": [ 4.65625, 14.75, 4.46875, 15.375 ], "texture": "#xytd" },
				"south": { "uv": [ 4.46875, 15.375, 4.65625, 16 ], "texture": "#xytd" },
				"west": { "uv": [ 7.4375, 14.75, 7.46875, 15.375 ], "texture": "#xytd" },
				"east": { "uv": [ 7.46875, 15.375, 7.4375, 16 ], "texture": "#xytd" }
			}
		},
		{
			"__comment": "Voxels",
			"from": [ 7.625, 22.375, 8.375 ],
			"to": [ 7.875, 31.125, 8.5 ],
			"faces": {
				"down": { "uv": [ 8.375, 14.90625, 8.4375, 14.9375 ], "texture": "#xytd" },
				"up": { "uv": [ 8.375, 14.96875, 8.4375, 14.9375 ], "texture": "#xytd" },
				"north": { "uv": [ 1.875, 1.65625, 1.8125, 3.84375 ], "texture": "#xytd" },
				"south": { "uv": [ 1.875, 1.5625, 1.9375, 3.75 ], "texture": "#xytd" },
				"west": { "uv": [ 1.96875, 1.5625, 2, 3.75 ], "texture": "#xytd" },
				"east": { "uv": [ 1.96875, 1.5625, 1.9375, 3.75 ], "texture": "#xytd" }
			}
		},
		{
			"__comment": "Voxels",
			"from": [ 7.625, 22.875, 9 ],
			"to": [ 8.375, 30, 9.125 ],
			"faces": {
				"down": { "uv": [ 8.1875, 14.4375, 8.375, 14.46875 ], "texture": "#xytd" },
				"up": { "uv": [ 8.4375, 16, 8.625, 15.96875 ], "texture": "#xytd" },
				"north": { "uv": [ 1.75, 3.6875, 1.5625, 5.46875 ], "texture": "#xytd" },
				"south": { "uv": [ 1.5625, 1.90625, 1.75, 3.6875 ], "texture": "#xytd" },
				"west": { "uv": [ 2.0625, 0.09375, 2.09375, 1.875 ], "texture": "#xytd" },
				"east": { "uv": [ 2.1875, 2.84375, 2.15625, 4.625 ], "texture": "#xytd" }
			}
		},
		{
			"__comment": "Voxels",
			"from": [ 7.625, 25.125, 9.125 ],
			"to": [ 8.375, 30, 9.25 ],
			"faces": {
				"down": { "uv": [ 8.4375, 15.9375, 8.625, 15.96875 ], "texture": "#xytd" },
				"up": { "uv": [ 8.4375, 15.9375, 8.625, 15.90625 ], "texture": "#xytd" },
				"north": { "uv": [ 0.5625, 0.125, 0.375, 1.34375 ], "texture": "#xytd" },
				"south": { "uv": [ 2.78125, 14.78125, 2.96875, 16 ], "texture": "#xytd" },
				"west": { "uv": [ 6.40625, 14.78125, 6.4375, 16 ], "texture": "#xytd" },
				"east": { "uv": [ 6.46875, 14.78125, 6.4375, 16 ], "texture": "#xytd" }
			}
		},
		{
			"__comment": "Voxels",
			"from": [ 7.625, 26.625, 8.125 ],
			"to": [ 8.375, 28.75, 8.25 ],
			"faces": {
				"down": { "uv": [ 8.4375, 15.875, 8.625, 15.90625 ], "texture": "#xytd" },
				"up": { "uv": [ 8.4375, 15.875, 8.625, 15.84375 ], "texture": "#xytd" },
				"north": { "uv": [ 4.84375, 15.46875, 4.65625, 16 ], "texture": "#xytd" },
				"south": { "uv": [ 4.65625, 14.9375, 4.84375, 15.46875 ], "texture": "#xytd" },
				"west": { "uv": [ 7.5625, 15.46875, 7.59375, 16 ], "texture": "#xytd" },
				"east": { "uv": [ 7.59375, 14.9375, 7.5625, 15.46875 ], "texture": "#xytd" }
			}
		},
		{
			"__comment": "Voxels",
			"from": [ 7.625, 27.375, 9.25 ],
			"to": [ 8.375, 31, 9.375 ],
			"faces": {
				"down": { "uv": [ 8.4375, 15.8125, 8.625, 15.84375 ], "texture": "#xytd" },
				"up": { "uv": [ 8.4375, 15.8125, 8.625, 15.78125 ], "texture": "#xytd" },
				"north": { "uv": [ 4.09375, 15.09375, 3.90625, 16 ], "texture": "#xytd" },
				"south": { "uv": [ 3.71875, 15.09375, 3.90625, 16 ], "texture": "#xytd" },
				"west": { "uv": [ 6.78125, 14.59375, 6.8125, 15.5 ], "texture": "#xytd" },
				"east": { "uv": [ 6.84375, 14.59375, 6.8125, 15.5 ], "texture": "#xytd" }
			}
		},
		{
			"__comment": "Voxels",
			"from": [ 7.625, 29.25, 8.25 ],
			"to": [ 7.875, 30.625, 8.375 ],
			"faces": {
				"down": { "uv": [ 8.375, 15.03125, 8.4375, 15.0625 ], "texture": "#xytd" },
				"up": { "uv": [ 8.375, 15.09375, 8.4375, 15.0625 ], "texture": "#xytd" },
				"north": { "uv": [ 7.03125, 15.3125, 6.96875, 15.65625 ], "texture": "#xytd" },
				"south": { "uv": [ 1.6875, 0, 1.75, 0.34375 ], "texture": "#xytd" },
				"west": { "uv": [ 6.40625, 14.4375, 6.4375, 14.78125 ], "texture": "#xytd" },
				"east": { "uv": [ 6.46875, 14.4375, 6.4375, 14.78125 ], "texture": "#xytd" }
			}
		},
		{
			"__comment": "Voxels",
			"from": [ 7.625, 29.25, 8.5 ],
			"to": [ 7.875, 31, 8.875 ],
			"faces": {
				"down": { "uv": [ 0.5, 0.03125, 0.5625, 0.125 ], "texture": "#xytd" },
				"up": { "uv": [ 6.3125, 14.53125, 6.375, 14.4375 ], "texture": "#xytd" },
				"north": { "uv": [ 3.15625, 14.4375, 3.09375, 14.875 ], "texture": "#xytd" },
				"south": { "uv": [ 3.28125, 14.4375, 3.34375, 14.875 ], "texture": "#xytd" },
				"west": { "uv": [ 6.3125, 15.5625, 6.40625, 16 ], "texture": "#xytd" },
				"east": { "uv": [ 6.15625, 14.8125, 6.0625, 15.25 ], "texture": "#xytd" }
			}
		},
		{
			"__comment": "Voxels",
			"from": [ 7.625, 29.25, 9.375 ],
			"to": [ 8.375, 31, 9.5 ],
			"faces": {
				"down": { "uv": [ 8.4375, 15.75, 8.625, 15.78125 ], "texture": "#xytd" },
				"up": { "uv": [ 8.4375, 15.75, 8.625, 15.71875 ], "texture": "#xytd" },
				"north": { "uv": [ 2.375, 14.4375, 2.1875, 14.875 ], "texture": "#xytd" },
				"south": { "uv": [ 2.40625, 14.4375, 2.59375, 14.875 ], "texture": "#xytd" },
				"west": { "uv": [ 6.15625, 14.8125, 6.1875, 15.25 ], "texture": "#xytd" },
				"east": { "uv": [ 7.5625, 14.4375, 7.53125, 14.875 ], "texture": "#xytd" }
			}
		},
		{
			"__comment": "Voxels",
			"from": [ 7.625, 30, 8.875 ],
			"to": [ 7.875, 31.125, 9.125 ],
			"faces": {
				"down": { "uv": [ 7.375, 15.8125, 7.4375, 15.875 ], "texture": "#xytd" },
				"up": { "uv": [ 6.96875, 15, 7.03125, 14.9375 ], "texture": "#xytd" },
				"north": { "uv": [ 7.34375, 14.9375, 7.28125, 15.21875 ], "texture": "#xytd" },
				"south": { "uv": [ 7.3125, 14.65625, 7.375, 14.9375 ], "texture": "#xytd" },
				"west": { "uv": [ 7.09375, 14.9375, 7.15625, 15.21875 ], "texture": "#xytd" },
				"east": { "uv": [ 7.21875, 14.9375, 7.15625, 15.21875 ], "texture": "#xytd" }
			}
		},
		{
			"__comment": "Voxels",
			"from": [ 7.625, 30, 9.125 ],
			"to": [ 7.875, 31, 9.25 ],
			"faces": {
				"down": { "uv": [ 8.375, 15.25, 8.4375, 15.28125 ], "texture": "#xytd" },
				"up": { "uv": [ 8.375, 15.3125, 8.4375, 15.28125 ], "texture": "#xytd" },
				"north": { "uv": [ 7.4375, 14.6875, 7.375, 14.9375 ], "texture": "#xytd" },
				"south": { "uv": [ 7.625, 15.75, 7.6875, 16 ], "texture": "#xytd" },
				"west": { "uv": [ 8.15625, 15.46875, 8.1875, 15.71875 ], "texture": "#xytd" },
				"east": { "uv": [ 8.1875, 15.21875, 8.15625, 15.46875 ], "texture": "#xytd" }
			}
		},
		{
			"__comment": "Voxels",
			"from": [ 7.625, 31, 8.75 ],
			"to": [ 8.375, 31.125, 8.875 ],
			"faces": {
				"down": { "uv": [ 8.4375, 15.59375, 8.625, 15.625 ], "texture": "#xytd" },
				"up": { "uv": [ 8.4375, 15.65625, 8.625, 15.625 ], "texture": "#xytd" },
				"north": { "uv": [ 8.625, 15.65625, 8.4375, 15.6875 ], "texture": "#xytd" },
				"south": { "uv": [ 8.4375, 15.6875, 8.625, 15.71875 ], "texture": "#xytd" },
				"west": { "uv": [ 7.03125, 14.625, 7.0625, 14.65625 ], "texture": "#xytd" },
				"east": { "uv": [ 7.0625, 14.78125, 7.03125, 14.8125 ], "texture": "#xytd" }
			}
		},
		{
			"__comment": "Voxels",
			"from": [ 7.75, -14.5, 8.125 ],
			"to": [ 8.25, -14.375, 8.5 ],
			"faces": {
				"down": { "uv": [ 7.9375, 15.28125, 8.0625, 15.375 ], "texture": "#xytd" },
				"up": { "uv": [ 7.9375, 15.28125, 8.0625, 15.1875 ], "texture": "#xytd" },
				"north": { "uv": [ 8.75, 14.90625, 8.625, 14.9375 ], "texture": "#xytd" },
				"south": { "uv": [ 8.625, 15.875, 8.75, 15.90625 ], "texture": "#xytd" },
				"west": { "uv": [ 8.625, 14.78125, 8.71875, 14.8125 ], "texture": "#xytd" },
				"east": { "uv": [ 8.71875, 14.75, 8.625, 14.78125 ], "texture": "#xytd" }
			}
		},
		{
			"__comment": "Voxels",
			"from": [ 7.75, -10.125, 8.375 ],
			"to": [ 8.25, -8.125, 8.5 ],
			"faces": {
				"down": { "uv": [ 8.4375, 14.6875, 8.5625, 14.71875 ], "texture": "#xytd" },
				"up": { "uv": [ 8.4375, 14.75, 8.5625, 14.71875 ], "texture": "#xytd" },
				"north": { "uv": [ 3.46875, 14.4375, 3.34375, 14.9375 ], "texture": "#xytd" },
				"south": { "uv": [ 3.53125, 14.4375, 3.65625, 14.9375 ], "texture": "#xytd" },
				"west": { "uv": [ 6.625, 14.4375, 6.65625, 14.9375 ], "texture": "#xytd" },
				"east": { "uv": [ 6.625, 14.4375, 6.59375, 14.9375 ], "texture": "#xytd" }
			}
		},
		{
			"__comment": "Voxels",
			"from": [ 7.75, -3.875, 7.125 ],
			"to": [ 8.25, -3.75, 7.25 ],
			"faces": {
				"down": { "uv": [ 8.4375, 14.875, 8.5625, 14.90625 ], "texture": "#xytd" },
				"up": { "uv": [ 8.4375, 14.9375, 8.5625, 14.90625 ], "texture": "#xytd" },
				"north": { "uv": [ 8.5625, 15.0625, 8.4375, 15.09375 ], "texture": "#xytd" },
				"south": { "uv": [ 8.4375, 15.09375, 8.5625, 15.125 ], "texture": "#xytd" },
				"west": { "uv": [ 6.53125, 14.4375, 6.5625, 14.46875 ], "texture": "#xytd" },
				"east": { "uv": [ 6.40625, 14.4375, 6.375, 14.46875 ], "texture": "#xytd" }
			}
		},
		{
			"__comment": "Voxels",
			"from": [ 7.75, -3.875, 8.375 ],
			"to": [ 8.25, -3.75, 8.5 ],
			"faces": {
				"down": { "uv": [ 8.4375, 15.25, 8.5625, 15.28125 ], "texture": "#xytd" },
				"up": { "uv": [ 8.4375, 15.3125, 8.5625, 15.28125 ], "texture": "#xytd" },
				"north": { "uv": [ 8.625, 15.40625, 8.5, 15.4375 ], "texture": "#xytd" },
				"south": { "uv": [ 8.5, 15.4375, 8.625, 15.46875 ], "texture": "#xytd" },
				"west": { "uv": [ 6.375, 14.90625, 6.40625, 14.9375 ], "texture": "#xytd" },
				"east": { "uv": [ 0.75, 0, 0.71875, 0.03125 ], "texture": "#xytd" }
			}
		},
		{
			"__comment": "Voxels",
			"from": [ 7.75, -3.75, 6.75 ],
			"to": [ 8.25, -3.5, 6.875 ],
			"faces": {
				"down": { "uv": [ 7.21875, 15.21875, 7.34375, 15.25 ], "texture": "#xytd" },
				"up": { "uv": [ 5.34375, 14.46875, 5.46875, 14.4375 ], "texture": "#xytd" },
				"north": { "uv": [ 8.0625, 14.5, 7.9375, 14.5625 ], "texture": "#xytd" },
				"south": { "uv": [ 8.1875, 15.78125, 8.3125, 15.84375 ], "texture": "#xytd" },
				"west": { "uv": [ 6.375, 14.46875, 6.40625, 14.53125 ], "texture": "#xytd" },
				"east": { "uv": [ 6.3125, 14.4375, 6.28125, 14.5 ], "texture": "#xytd" }
			}
		},
		{
			"__comment": "Voxels",
			"from": [ 7.75, -3.75, 8.75 ],
			"to": [ 8.25, -3.5, 8.875 ],
			"faces": {
				"down": { "uv": [ 8.625, 15.6875, 8.75, 15.71875 ], "texture": "#xytd" },
				"up": { "uv": [ 8.625, 15.75, 8.75, 15.71875 ], "texture": "#xytd" },
				"north": { "uv": [ 8.4375, 15.78125, 8.3125, 15.84375 ], "texture": "#xytd" },
				"south": { "uv": [ 8.1875, 15.71875, 8.3125, 15.78125 ], "texture": "#xytd" },
				"west": { "uv": [ 6.6875, 14.4375, 6.71875, 14.5 ], "texture": "#xytd" },
				"east": { "uv": [ 6.90625, 14.4375, 6.875, 14.5 ], "texture": "#xytd" }
			}
		},
		{
			"__comment": "Voxels",
			"from": [ 7.75, -3.5, 7 ],
			"to": [ 8.25, -3.25, 7.125 ],
			"faces": {
				"down": { "uv": [ 8.625, 15.625, 8.75, 15.65625 ], "texture": "#xytd" },
				"up": { "uv": [ 8.625, 15.625, 8.75, 15.59375 ], "texture": "#xytd" },
				"north": { "uv": [ 1.1875, 0, 1.0625, 0.0625 ], "texture": "#xytd" },
				"south": { "uv": [ 5.53125, 14.4375, 5.65625, 14.5 ], "texture": "#xytd" },
				"west": { "uv": [ 6.65625, 14.4375, 6.6875, 14.5 ], "texture": "#xytd" },
				"east": { "uv": [ 6.71875, 14.5, 6.6875, 14.5625 ], "texture": "#xytd" }
			}
		},
		{
			"__comment": "Voxels",
			"from": [ 7.75, -3.5, 8.5 ],
			"to": [ 8.25, -3.375, 8.625 ],
			"faces": {
				"down": { "uv": [ 8.625, 15.25, 8.75, 15.28125 ], "texture": "#xytd" },
				"up": { "uv": [ 8.625, 15.25, 8.75, 15.21875 ], "texture": "#xytd" },
				"north": { "uv": [ 8.75, 15.09375, 8.625, 15.125 ], "texture": "#xytd" },
				"south": { "uv": [ 8.625, 15.0625, 8.75, 15.09375 ], "texture": "#xytd" },
				"west": { "uv": [ 6.8125, 14.5625, 6.84375, 14.59375 ], "texture": "#xytd" },
				"east": { "uv": [ 7.0625, 15.3125, 7.03125, 15.34375 ], "texture": "#xytd" }
			}
		},
		{
			"__comment": "Voxels",
			"from": [ 7.75, -3.375, 8.375 ],
			"to": [ 8.25, 3.5, 8.5 ],
			"faces": {
				"down": { "uv": [ 4.09375, 14.4375, 4.21875, 14.46875 ], "texture": "#xytd" },
				"up": { "uv": [ 5.34375, 15, 5.46875, 14.96875 ], "texture": "#xytd" },
				"north": { "uv": [ 1.1875, 0.0625, 1.0625, 1.78125 ], "texture": "#xytd" },
				"south": { "uv": [ 1.875, 12.71875, 2, 14.4375 ], "texture": "#xytd" },
				"west": { "uv": [ 2.1875, 12.71875, 2.21875, 14.4375 ], "texture": "#xytd" },
				"east": { "uv": [ 2.1875, 1.125, 2.15625, 2.84375 ], "texture": "#xytd" }
			}
		},
		{
			"__comment": "Voxels",
			"from": [ 7.75, -3.25, 7.125 ],
			"to": [ 8.25, 6.625, 7.25 ],
			"faces": {
				"down": { "uv": [ 8.4375, 15.34375, 8.5625, 15.375 ], "texture": "#xytd" },
				"up": { "uv": [ 8.4375, 15.34375, 8.5625, 15.3125 ], "texture": "#xytd" },
				"north": { "uv": [ 1.875, 9.5, 1.75, 11.96875 ], "texture": "#xytd" },
				"south": { "uv": [ 1.75, 11.96875, 1.875, 14.4375 ], "texture": "#xytd" },
				"west": { "uv": [ 2.15625, 11.96875, 2.1875, 14.4375 ], "texture": "#xytd" },
				"east": { "uv": [ 2.1875, 9.5, 2.15625, 11.96875 ], "texture": "#xytd" }
			}
		},
		{
			"__comment": "Voxels",
			"from": [ 7.75, 5.25, 8.5 ],
			"to": [ 8.25, 9.875, 8.625 ],
			"faces": {
				"down": { "uv": [ 8.4375, 15.125, 8.5625, 15.15625 ], "texture": "#xytd" },
				"up": { "uv": [ 8.4375, 15.0625, 8.5625, 15.03125 ], "texture": "#xytd" },
				"north": { "uv": [ 1.0625, 0.5, 0.9375, 1.65625 ], "texture": "#xytd" },
				"south": { "uv": [ 4.09375, 14.84375, 4.21875, 16 ], "texture": "#xytd" },
				"west": { "uv": [ 6.5625, 14.84375, 6.59375, 16 ], "texture": "#xytd" },
				"east": { "uv": [ 6.5, 14.84375, 6.46875, 16 ], "texture": "#xytd" }
			}
		},
		{
			"__comment": "Voxels",
			"from": [ 7.75, 8, 7.25 ],
			"to": [ 8.25, 11.75, 7.375 ],
			"faces": {
				"down": { "uv": [ 8.4375, 14.8125, 8.5625, 14.84375 ], "texture": "#xytd" },
				"up": { "uv": [ 8.4375, 14.8125, 8.5625, 14.78125 ], "texture": "#xytd" },
				"north": { "uv": [ 4.34375, 15.0625, 4.21875, 16 ], "texture": "#xytd" },
				"south": { "uv": [ 4.34375, 15.0625, 4.46875, 16 ], "texture": "#xytd" },
				"west": { "uv": [ 6.65625, 14.5625, 6.6875, 15.5 ], "texture": "#xytd" },
				"east": { "uv": [ 6.75, 14.5625, 6.71875, 15.5 ], "texture": "#xytd" }
			}
		},
		{
			"__comment": "Voxels",
			"from": [ 7.75, 10.875, 8.625 ],
			"to": [ 8.25, 14, 8.75 ],
			"faces": {
				"down": { "uv": [ 8.4375, 14.625, 8.5625, 14.65625 ], "texture": "#xytd" },
				"up": { "uv": [ 8.4375, 14.625, 8.5625, 14.59375 ], "texture": "#xytd" },
				"north": { "uv": [ 4.96875, 14.4375, 4.84375, 15.21875 ], "texture": "#xytd" },
				"south": { "uv": [ 4.84375, 15.21875, 4.96875, 16 ], "texture": "#xytd" },
				"west": { "uv": [ 6.84375, 14.71875, 6.875, 15.5 ], "texture": "#xytd" },
				"east": { "uv": [ 6.90625, 14.71875, 6.875, 15.5 ], "texture": "#xytd" }
			}
		},
		{
			"__comment": "Voxels",
			"from": [ 7.75, 12.75, 7.375 ],
			"to": [ 8.25, 15.625, 7.5 ],
			"faces": {
				"down": { "uv": [ 8.4375, 14.46875, 8.5625, 14.5 ], "texture": "#xytd" },
				"up": { "uv": [ 8.4375, 14.46875, 8.5625, 14.4375 ], "texture": "#xytd" },
				"north": { "uv": [ 5.09375, 14.5625, 4.96875, 15.28125 ], "texture": "#xytd" },
				"south": { "uv": [ 4.96875, 15.28125, 5.09375, 16 ], "texture": "#xytd" },
				"west": { "uv": [ 6.9375, 14.9375, 6.96875, 15.65625 ], "texture": "#xytd" },
				"east": { "uv": [ 6.9375, 14.9375, 6.90625, 15.65625 ], "texture": "#xytd" }
			}
		},
		{
			"__comment": "Voxels",
			"from": [ 7.75, 14.875, 8.75 ],
			"to": [ 8.25, 17.375, 8.875 ],
			"faces": {
				"down": { "uv": [ 8.4375, 14.53125, 8.5625, 14.5625 ], "texture": "#xytd" },
				"up": { "uv": [ 8.625, 15.9375, 8.75, 15.90625 ], "texture": "#xytd" },
				"north": { "uv": [ 4.34375, 14.4375, 4.21875, 15.0625 ], "texture": "#xytd" },
				"south": { "uv": [ 4.34375, 14.4375, 4.46875, 15.0625 ], "texture": "#xytd" },
				"west": { "uv": [ 6.375, 14.9375, 6.40625, 15.5625 ], "texture": "#xytd" },
				"east": { "uv": [ 7.09375, 14.9375, 7.0625, 15.5625 ], "texture": "#xytd" }
			}
		},
		{
			"__comment": "Voxels",
			"from": [ 7.75, 16.375, 7.5 ],
			"to": [ 8.25, 18.75, 7.625 ],
			"faces": {
				"down": { "uv": [ 8.625, 15.84375, 8.75, 15.875 ], "texture": "#xytd" },
				"up": { "uv": [ 8.625, 15.96875, 8.75, 15.9375 ], "texture": "#xytd" },
				"north": { "uv": [ 5.34375, 14.96875, 5.21875, 15.5625 ], "texture": "#xytd" },
				"south": { "uv": [ 5.09375, 14.96875, 5.21875, 15.5625 ], "texture": "#xytd" },
				"west": { "uv": [ 7.5, 15.40625, 7.53125, 16 ], "texture": "#xytd" },
				"east": { "uv": [ 7.5, 14.8125, 7.46875, 15.40625 ], "texture": "#xytd" }
			}
		},
		{
			"__comment": "Voxels",
			"from": [ 7.75, 18, 8.875 ],
			"to": [ 8.25, 20.25, 9 ],
			"faces": {
				"down": { "uv": [ 8.4375, 15.21875, 8.5625, 15.25 ], "texture": "#xytd" },
				"up": { "uv": [ 8.4375, 14.53125, 8.5625, 14.5 ], "texture": "#xytd" },
				"north": { "uv": [ 5.46875, 15, 5.34375, 15.5625 ], "texture": "#xytd" },
				"south": { "uv": [ 5.53125, 15.4375, 5.65625, 16 ], "texture": "#xytd" },
				"west": { "uv": [ 7.53125, 15.4375, 7.5625, 16 ], "texture": "#xytd" },
				"east": { "uv": [ 7.5625, 14.875, 7.53125, 15.4375 ], "texture": "#xytd" }
			}
		},
		{
			"__comment": "Voxels",
			"from": [ 7.75, 19.375, 7.625 ],
			"to": [ 8.25, 21.5, 7.75 ],
			"faces": {
				"down": { "uv": [ 8.4375, 14.65625, 8.5625, 14.6875 ], "texture": "#xytd" },
				"up": { "uv": [ 8.4375, 14.78125, 8.5625, 14.75 ], "texture": "#xytd" },
				"north": { "uv": [ 5.34375, 14.4375, 5.21875, 14.96875 ], "texture": "#xytd" },
				"south": { "uv": [ 5.09375, 14.4375, 5.21875, 14.96875 ], "texture": "#xytd" },
				"west": { "uv": [ 7.59375, 15.46875, 7.625, 16 ], "texture": "#xytd" },
				"east": { "uv": [ 7.625, 14.9375, 7.59375, 15.46875 ], "texture": "#xytd" }
			}
		},
		{
			"__comment": "Voxels",
			"from": [ 7.75, 20.875, 9 ],
			"to": [ 8.25, 22.875, 9.125 ],
			"faces": {
				"down": { "uv": [ 8.4375, 14.84375, 8.5625, 14.875 ], "texture": "#xytd" },
				"up": { "uv": [ 8.4375, 15.03125, 8.5625, 15 ], "texture": "#xytd" },
				"north": { "uv": [ 1.0625, 0, 0.9375, 0.5 ], "texture": "#xytd" },
				"south": { "uv": [ 5.53125, 14.9375, 5.65625, 15.4375 ], "texture": "#xytd" },
				"west": { "uv": [ 7.5625, 14.4375, 7.59375, 14.9375 ], "texture": "#xytd" },
				"east": { "uv": [ 7.625, 14.4375, 7.59375, 14.9375 ], "texture": "#xytd" }
			}
		},
		{
			"__comment": "Voxels",
			"from": [ 7.75, 22, 7.75 ],
			"to": [ 8.25, 24, 7.875 ],
			"faces": {
				"down": { "uv": [ 8.4375, 15.15625, 8.5625, 15.1875 ], "texture": "#xytd" },
				"up": { "uv": [ 8.4375, 15.21875, 8.5625, 15.1875 ], "texture": "#xytd" },
				"north": { "uv": [ 4.78125, 14.4375, 4.65625, 14.9375 ], "texture": "#xytd" },
				"south": { "uv": [ 5.34375, 14.46875, 5.46875, 14.96875 ], "texture": "#xytd" },
				"west": { "uv": [ 7.625, 14.5, 7.65625, 15 ], "texture": "#xytd" },
				"east": { "uv": [ 7.6875, 14.5, 7.65625, 15 ], "texture": "#xytd" }
			}
		},
		{
			"__comment": "Voxels",
			"from": [ 7.75, 23.375, 9.125 ],
			"to": [ 8.25, 25.125, 9.25 ],
			"faces": {
				"down": { "uv": [ 8.5, 15.46875, 8.625, 15.5 ], "texture": "#xytd" },
				"up": { "uv": [ 8.5, 15.53125, 8.625, 15.5 ], "texture": "#xytd" },
				"north": { "uv": [ 6.03125, 14.6875, 5.90625, 15.125 ], "texture": "#xytd" },
				"south": { "uv": [ 2.96875, 14.4375, 3.09375, 14.875 ], "texture": "#xytd" },
				"west": { "uv": [ 7.6875, 14.65625, 7.71875, 15.09375 ], "texture": "#xytd" },
				"east": { "uv": [ 7.75, 14.65625, 7.71875, 15.09375 ], "texture": "#xytd" }
			}
		},
		{
			"__comment": "Voxels",
			"from": [ 7.75, 24.5, 7.875 ],
			"to": [ 8.25, 26.25, 8 ],
			"faces": {
				"down": { "uv": [ 8.625, 14.8125, 8.75, 14.84375 ], "texture": "#xytd" },
				"up": { "uv": [ 8.625, 14.875, 8.75, 14.84375 ], "texture": "#xytd" },
				"north": { "uv": [ 3.28125, 14.4375, 3.15625, 14.875 ], "texture": "#xytd" },
				"south": { "uv": [ 5.90625, 15.125, 6.03125, 15.5625 ], "texture": "#xytd" },
				"west": { "uv": [ 7.75, 14.65625, 7.78125, 15.09375 ], "texture": "#xytd" },
				"east": { "uv": [ 7.8125, 14.65625, 7.78125, 15.09375 ], "texture": "#xytd" }
			}
		},
		{
			"__comment": "Voxels",
			"from": [ 7.75, 25.625, 9.25 ],
			"to": [ 8.25, 27.375, 9.375 ],
			"faces": {
				"down": { "uv": [ 8.625, 15, 8.75, 15.03125 ], "texture": "#xytd" },
				"up": { "uv": [ 8.625, 15.0625, 8.75, 15.03125 ], "texture": "#xytd" },
				"north": { "uv": [ 5.65625, 14.5, 5.53125, 14.9375 ], "texture": "#xytd" },
				"south": { "uv": [ 5.78125, 14.6875, 5.90625, 15.125 ], "texture": "#xytd" },
				"west": { "uv": [ 7.8125, 14.65625, 7.84375, 15.09375 ], "texture": "#xytd" },
				"east": { "uv": [ 7.875, 14.65625, 7.84375, 15.09375 ], "texture": "#xytd" }
			}
		},
		{
			"__comment": "Voxels",
			"from": [ 7.75, 26.625, 8 ],
			"to": [ 8.25, 28.375, 8.125 ],
			"faces": {
				"down": { "uv": [ 8.625, 15.15625, 8.75, 15.1875 ], "texture": "#xytd" },
				"up": { "uv": [ 8.625, 15.21875, 8.75, 15.1875 ], "texture": "#xytd" },
				"north": { "uv": [ 1.75, 5.5, 1.625, 5.9375 ], "texture": "#xytd" },
				"south": { "uv": [ 5.78125, 15.125, 5.90625, 15.5625 ], "texture": "#xytd" },
				"west": { "uv": [ 2.59375, 14.4375, 2.625, 14.875 ], "texture": "#xytd" },
				"east": { "uv": [ 2.40625, 14.4375, 2.375, 14.875 ], "texture": "#xytd" }
			}
		},
		{
			"__comment": "Voxels",
			"from": [ 7.75, 27.75, 9.375 ],
			"to": [ 8.25, 29.25, 9.5 ],
			"faces": {
				"down": { "uv": [ 8.625, 15.3125, 8.75, 15.34375 ], "texture": "#xytd" },
				"up": { "uv": [ 8.625, 15.375, 8.75, 15.34375 ], "texture": "#xytd" },
				"north": { "uv": [ 6.1875, 15.25, 6.0625, 15.625 ], "texture": "#xytd" },
				"south": { "uv": [ 6.0625, 15.625, 6.1875, 16 ], "texture": "#xytd" },
				"west": { "uv": [ 6.375, 14.53125, 6.40625, 14.90625 ], "texture": "#xytd" },
				"east": { "uv": [ 6.5625, 14.46875, 6.53125, 14.84375 ], "texture": "#xytd" }
			}
		},
		{
			"__comment": "Voxels",
			"from": [ 7.75, 28.75, 8.125 ],
			"to": [ 8.25, 30.25, 8.25 ],
			"faces": {
				"down": { "uv": [ 8.625, 15.40625, 8.75, 15.4375 ], "texture": "#xytd" },
				"up": { "uv": [ 8.625, 15.46875, 8.75, 15.4375 ], "texture": "#xytd" },
				"north": { "uv": [ 1.5, 0, 1.375, 0.375 ], "texture": "#xytd" },
				"south": { "uv": [ 4.09375, 14.46875, 4.21875, 14.84375 ], "texture": "#xytd" },
				"west": { "uv": [ 6.5625, 14.46875, 6.59375, 14.84375 ], "texture": "#xytd" },
				"east": { "uv": [ 7.5, 14.4375, 7.46875, 14.8125 ], "texture": "#xytd" }
			}
		},
		{
			"__comment": "Voxels",
			"from": [ 7.75, 29.75, 9.5 ],
			"to": [ 8.25, 31, 9.625 ],
			"faces": {
				"down": { "uv": [ 8.625, 15.46875, 8.75, 15.5 ], "texture": "#xytd" },
				"up": { "uv": [ 8.625, 15.53125, 8.75, 15.5 ], "texture": "#xytd" },
				"north": { "uv": [ 0.875, 0, 0.75, 0.3125 ], "texture": "#xytd" },
				"south": { "uv": [ 1.5625, 0.03125, 1.6875, 0.34375 ], "texture": "#xytd" },
				"west": { "uv": [ 8.125, 15.6875, 8.15625, 16 ], "texture": "#xytd" },
				"east": { "uv": [ 7.0625, 15.34375, 7.03125, 15.65625 ], "texture": "#xytd" }
			}
		},
		{
			"__comment": "Voxels",
			"from": [ 7.75, 30.625, 8.25 ],
			"to": [ 8.25, 31.125, 8.375 ],
			"faces": {
				"down": { "uv": [ 8.625, 15.65625, 8.75, 15.6875 ], "texture": "#xytd" },
				"up": { "uv": [ 8.4375, 14.59375, 8.5625, 14.5625 ], "texture": "#xytd" },
				"north": { "uv": [ 5.09375, 14.4375, 4.96875, 14.5625 ], "texture": "#xytd" },
				"south": { "uv": [ 6.0625, 14.4375, 6.1875, 14.5625 ], "texture": "#xytd" },
				"west": { "uv": [ 6.1875, 14.4375, 6.21875, 14.5625 ], "texture": "#xytd" },
				"east": { "uv": [ 0.75, 0.03125, 0.71875, 0.15625 ], "texture": "#xytd" }
			}
		},
		{
			"__comment": "Voxels",
			"from": [ 7.75, 31, 8.5 ],
			"to": [ 8.25, 31.125, 8.75 ],
			"faces": {
				"down": { "uv": [ 8.3125, 15.71875, 8.4375, 15.78125 ], "texture": "#xytd" },
				"up": { "uv": [ 7.9375, 14.5, 8.0625, 14.4375 ], "texture": "#xytd" },
				"north": { "uv": [ 8.75, 15.75, 8.625, 15.78125 ], "texture": "#xytd" },
				"south": { "uv": [ 8.625, 15.78125, 8.75, 15.8125 ], "texture": "#xytd" },
				"west": { "uv": [ 7.75, 15.21875, 7.8125, 15.25 ], "texture": "#xytd" },
				"east": { "uv": [ 8.125, 15.65625, 8.0625, 15.6875 ], "texture": "#xytd" }
			}
		},
		{
			"__comment": "Voxels",
			"from": [ 7.875, -3.875, 7 ],
			"to": [ 8.125, -3.75, 7.125 ],
			"faces": {
				"down": { "uv": [ 8.0625, 15.75, 8.125, 15.78125 ], "texture": "#xytd" },
				"up": { "uv": [ 8.0625, 15.8125, 8.125, 15.78125 ], "texture": "#xytd" },
				"north": { "uv": [ 7.9375, 14.5, 7.875, 14.53125 ], "texture": "#xytd" },
				"south": { "uv": [ 7.875, 14.53125, 7.9375, 14.5625 ], "texture": "#xytd" },
				"west": { "uv": [ 6.78125, 14.5625, 6.8125, 14.59375 ], "texture": "#xytd" },
				"east": { "uv": [ 6.59375, 14.4375, 6.5625, 14.46875 ], "texture": "#xytd" }
			}
		},
		{
			"__comment": "Voxels",
			"from": [ 7.875, -3.375, 8.5 ],
			"to": [ 8.125, -3.25, 8.625 ],
			"faces": {
				"down": { "uv": [ 7.375, 14.65625, 7.4375, 14.6875 ], "texture": "#xytd" },
				"up": { "uv": [ 5.71875, 14.46875, 5.78125, 14.4375 ], "texture": "#xytd" },
				"north": { "uv": [ 1.5625, 0.375, 1.5, 0.40625 ], "texture": "#xytd" },
				"south": { "uv": [ 0.5, 0, 0.5625, 0.03125 ], "texture": "#xytd" },
				"west": { "uv": [ 7.03125, 14.5625, 7.0625, 14.59375 ], "texture": "#xytd" },
				"east": { "uv": [ 7.0625, 14.5, 7.03125, 14.53125 ], "texture": "#xytd" }
			}
		},
		{
			"__comment": "Voxels",
			"from": [ 7.875, -3.25, 7 ],
			"to": [ 8.125, 1.375, 7.125 ],
			"faces": {
				"down": { "uv": [ 8.375, 14.96875, 8.4375, 15 ], "texture": "#xytd" },
				"up": { "uv": [ 8.375, 15.125, 8.4375, 15.09375 ], "texture": "#xytd" },
				"north": { "uv": [ 5.53125, 14.84375, 5.46875, 16 ], "texture": "#xytd" },
				"south": { "uv": [ 1.5, 1.0625, 1.5625, 2.21875 ], "texture": "#xytd" },
				"west": { "uv": [ 6.53125, 14.84375, 6.5625, 16 ], "texture": "#xytd" },
				"east": { "uv": [ 6.53125, 14.84375, 6.5, 16 ], "texture": "#xytd" }
			}
		},
		{
			"__comment": "Voxels",
			"from": [ 7.875, -3.25, 7.75 ],
			"to": [ 8.375, 19.375, 7.875 ],
			"faces": {
				"down": { "uv": [ 8.625, 15.96875, 8.75, 16 ], "texture": "#xytd" },
				"up": { "uv": [ 8.625, 15.84375, 8.75, 15.8125 ], "texture": "#xytd" },
				"north": { "uv": [ 1.0625, 4.6875, 0.9375, 10.34375 ], "texture": "#xytd" },
				"south": { "uv": [ 0.9375, 10.34375, 1.0625, 16 ], "texture": "#xytd" },
				"west": { "uv": [ 1.8125, 3.84375, 1.84375, 9.5 ], "texture": "#xytd" },
				"east": { "uv": [ 1.875, 3.84375, 1.84375, 9.5 ], "texture": "#xytd" }
			}
		},
		{
			"__comment": "Voxels",
			"from": [ 7.875, -3.25, 7.875 ],
			"to": [ 8.375, 8.875, 8 ],
			"faces": {
				"down": { "uv": [ 1.625, 5.46875, 1.75, 5.5 ], "texture": "#xytd" },
				"up": { "uv": [ 1.5625, 0.03125, 1.6875, 0 ], "texture": "#xytd" },
				"north": { "uv": [ 1.0625, 1.65625, 0.9375, 4.6875 ], "texture": "#xytd" },
				"south": { "uv": [ 1.0625, 1.78125, 1.1875, 4.8125 ], "texture": "#xytd" },
				"west": { "uv": [ 2.09375, 4.5625, 2.125, 7.59375 ], "texture": "#xytd" },
				"east": { "uv": [ 2.125, 7.59375, 2.09375, 10.625 ], "texture": "#xytd" }
			}
		},
		{
			"__comment": "Voxels",
			"from": [ 7.875, -3, 7.625 ],
			"to": [ 8.375, 19.375, 7.75 ],
			"faces": {
				"down": { "uv": [ 8.5, 15.5625, 8.625, 15.59375 ], "texture": "#xytd" },
				"up": { "uv": [ 8.5, 15.5625, 8.625, 15.53125 ], "texture": "#xytd" },
				"north": { "uv": [ 1.1875, 10.40625, 1.0625, 16 ], "texture": "#xytd" },
				"south": { "uv": [ 1.0625, 4.8125, 1.1875, 10.40625 ], "texture": "#xytd" },
				"west": { "uv": [ 1.875, 3.75, 1.90625, 9.34375 ], "texture": "#xytd" },
				"east": { "uv": [ 1.9375, 3.75, 1.90625, 9.34375 ], "texture": "#xytd" }
			}
		},
		{
			"__comment": "Voxels",
			"from": [ 7.875, 1.5, 8.5 ],
			"to": [ 8.125, 5.25, 8.625 ],
			"faces": {
				"down": { "uv": [ 2.90625, 14.4375, 2.96875, 14.46875 ], "texture": "#xytd" },
				"up": { "uv": [ 3.46875, 14.46875, 3.53125, 14.4375 ], "texture": "#xytd" },
				"north": { "uv": [ 5.78125, 15.0625, 5.71875, 16 ], "texture": "#xytd" },
				"south": { "uv": [ 5.65625, 15.0625, 5.71875, 16 ], "texture": "#xytd" },
				"west": { "uv": [ 6.6875, 14.5625, 6.71875, 15.5 ], "texture": "#xytd" },
				"east": { "uv": [ 6.78125, 14.5625, 6.75, 15.5 ], "texture": "#xytd" }
			}
		},
		{
			"__comment": "Voxels",
			"from": [ 7.875, 6.625, 7.125 ],
			"to": [ 8.125, 9, 7.25 ],
			"faces": {
				"down": { "uv": [ 3.65625, 14.4375, 3.71875, 14.46875 ], "texture": "#xytd" },
				"up": { "uv": [ 5.65625, 14.46875, 5.71875, 14.4375 ], "texture": "#xytd" },
				"north": { "uv": [ 5.71875, 14.46875, 5.65625, 15.0625 ], "texture": "#xytd" },
				"south": { "uv": [ 5.71875, 14.46875, 5.78125, 15.0625 ], "texture": "#xytd" },
				"west": { "uv": [ 7.5, 14.8125, 7.53125, 15.40625 ], "texture": "#xytd" },
				"east": { "uv": [ 7.5, 15.40625, 7.46875, 16 ], "texture": "#xytd" }
			}
		},
		{
			"__comment": "Voxels",
			"from": [ 7.875, 9, 7.875 ],
			"to": [ 8.375, 19.375, 8 ],
			"faces": {
				"down": { "uv": [ 8.4375, 14.96875, 8.5625, 15 ], "texture": "#xytd" },
				"up": { "uv": [ 8.4375, 14.96875, 8.5625, 14.9375 ], "texture": "#xytd" },
				"north": { "uv": [ 1.75, 5.9375, 1.625, 8.53125 ], "texture": "#xytd" },
				"south": { "uv": [ 1.625, 8.53125, 1.75, 11.125 ], "texture": "#xytd" },
				"west": { "uv": [ 2.125, 0.65625, 2.15625, 3.25 ], "texture": "#xytd" },
				"east": { "uv": [ 2.15625, 3.25, 2.125, 5.84375 ], "texture": "#xytd" }
			}
		},
		{
			"__comment": "Voxels",
			"from": [ 7.875, 9, 8.625 ],
			"to": [ 8.125, 10.875, 8.75 ],
			"faces": {
				"down": { "uv": [ 7.8125, 15.21875, 7.875, 15.25 ], "texture": "#xytd" },
				"up": { "uv": [ 7.875, 14.59375, 7.9375, 14.5625 ], "texture": "#xytd" },
				"north": { "uv": [ 3.53125, 14.46875, 3.46875, 14.9375 ], "texture": "#xytd" },
				"south": { "uv": [ 3.65625, 14.46875, 3.71875, 14.9375 ], "texture": "#xytd" },
				"west": { "uv": [ 7.71875, 15.21875, 7.75, 15.6875 ], "texture": "#xytd" },
				"east": { "uv": [ 7.71875, 15.21875, 7.6875, 15.6875 ], "texture": "#xytd" }
			}
		},
		{
			"__comment": "Voxels",
			"from": [ 7.875, 11.75, 7.25 ],
			"to": [ 8.125, 13.375, 7.375 ],
			"faces": {
				"down": { "uv": [ 7.875, 14.46875, 7.9375, 14.5 ], "texture": "#xytd" },
				"up": { "uv": [ 7.875, 14.46875, 7.9375, 14.4375 ], "texture": "#xytd" },
				"north": { "uv": [ 4.84375, 14.53125, 4.78125, 14.9375 ], "texture": "#xytd" },
				"south": { "uv": [ 5.46875, 14.4375, 5.53125, 14.84375 ], "texture": "#xytd" },
				"west": { "uv": [ 6.5, 14.4375, 6.53125, 14.84375 ], "texture": "#xytd" },
				"east": { "uv": [ 6.5, 14.4375, 6.46875, 14.84375 ], "texture": "#xytd" }
			}
		},
		{
			"__comment": "Voxels",
			"from": [ 7.875, 13.375, 8.75 ],
			"to": [ 8.125, 14.875, 8.875 ],
			"faces": {
				"down": { "uv": [ 8.0625, 15.71875, 8.125, 15.75 ], "texture": "#xytd" },
				"up": { "uv": [ 8.0625, 15.71875, 8.125, 15.6875 ], "texture": "#xytd" },
				"north": { "uv": [ 6.375, 14.53125, 6.3125, 14.90625 ], "texture": "#xytd" },
				"south": { "uv": [ 1.5, 0, 1.5625, 0.375 ], "texture": "#xytd" },
				"west": { "uv": [ 7.9375, 14.75, 7.96875, 15.125 ], "texture": "#xytd" },
				"east": { "uv": [ 7.53125, 14.4375, 7.5, 14.8125 ], "texture": "#xytd" }
			}
		},
		{
			"__comment": "Voxels",
			"from": [ 7.875, 15.625, 7.375 ],
			"to": [ 8.125, 16.875, 7.5 ],
			"faces": {
				"down": { "uv": [ 8.0625, 15.34375, 8.125, 15.375 ], "texture": "#xytd" },
				"up": { "uv": [ 8.0625, 15.34375, 8.125, 15.3125 ], "texture": "#xytd" },
				"north": { "uv": [ 7.03125, 15, 6.96875, 15.3125 ], "texture": "#xytd" },
				"south": { "uv": [ 0.875, 0, 0.9375, 0.3125 ], "texture": "#xytd" },
				"west": { "uv": [ 7.03125, 15, 7.0625, 15.3125 ], "texture": "#xytd" },
				"east": { "uv": [ 7.46875, 14.4375, 7.4375, 14.75 ], "texture": "#xytd" }
			}
		},
		{
			"__comment": "Voxels",
			"from": [ 7.875, 16.875, 8.875 ],
			"to": [ 8.125, 18, 9 ],
			"faces": {
				"down": { "uv": [ 8.0625, 15.28125, 8.125, 15.3125 ], "texture": "#xytd" },
				"up": { "uv": [ 8.0625, 15.28125, 8.125, 15.25 ], "texture": "#xytd" },
				"north": { "uv": [ 7.40625, 14.9375, 7.34375, 15.21875 ], "texture": "#xytd" },
				"south": { "uv": [ 7.0625, 14.65625, 7.125, 14.9375 ], "texture": "#xytd" },
				"west": { "uv": [ 8.125, 14.84375, 8.15625, 15.125 ], "texture": "#xytd" },
				"east": { "uv": [ 8.15625, 14.5625, 8.125, 14.84375 ], "texture": "#xytd" }
			}
		},
		{
			"__comment": "Voxels",
			"from": [ 7.875, 18.75, 7.5 ],
			"to": [ 8.125, 19.875, 7.625 ],
			"faces": {
				"down": { "uv": [ 8.0625, 15.21875, 8.125, 15.25 ], "texture": "#xytd" },
				"up": { "uv": [ 8.0625, 15.21875, 8.125, 15.1875 ], "texture": "#xytd" },
				"north": { "uv": [ 7.25, 14.65625, 7.1875, 14.9375 ], "texture": "#xytd" },
				"south": { "uv": [ 7.25, 14.65625, 7.3125, 14.9375 ], "texture": "#xytd" },
				"west": { "uv": [ 7.40625, 14.9375, 7.4375, 15.21875 ], "texture": "#xytd" },
				"east": { "uv": [ 8.15625, 15.40625, 8.125, 15.6875 ], "texture": "#xytd" }
			}
		},
		{
			"__comment": "Voxels",
			"from": [ 7.875, 19.75, 9 ],
			"to": [ 8.125, 20.875, 9.125 ],
			"faces": {
				"down": { "uv": [ 8.0625, 14.59375, 8.125, 14.625 ], "texture": "#xytd" },
				"up": { "uv": [ 8.0625, 14.59375, 8.125, 14.5625 ], "texture": "#xytd" },
				"north": { "uv": [ 7.1875, 14.65625, 7.125, 14.9375 ], "texture": "#xytd" },
				"south": { "uv": [ 7.21875, 14.9375, 7.28125, 15.21875 ], "texture": "#xytd" },
				"west": { "uv": [ 8.125, 15.125, 8.15625, 15.40625 ], "texture": "#xytd" },
				"east": { "uv": [ 8.1875, 15.71875, 8.15625, 16 ], "texture": "#xytd" }
			}
		},
		{
			"__comment": "Voxels",
			"from": [ 7.875, 21.5, 7.625 ],
			"to": [ 8.125, 22.5, 7.75 ],
			"faces": {
				"down": { "uv": [ 8.0625, 14.53125, 8.125, 14.5625 ], "texture": "#xytd" },
				"up": { "uv": [ 8.0625, 14.53125, 8.125, 14.5 ], "texture": "#xytd" },
				"north": { "uv": [ 7.6875, 15.5, 7.625, 15.75 ], "texture": "#xytd" },
				"south": { "uv": [ 7.6875, 15.6875, 7.75, 15.9375 ], "texture": "#xytd" },
				"west": { "uv": [ 8.1875, 15.34375, 8.21875, 15.59375 ], "texture": "#xytd" },
				"east": { "uv": [ 8.1875, 14.46875, 8.15625, 14.71875 ], "texture": "#xytd" }
			}
		},
		{
			"__comment": "Voxels",
			"from": [ 7.875, 22.375, 9.125 ],
			"to": [ 8.125, 23.375, 9.25 ],
			"faces": {
				"down": { "uv": [ 8.0625, 14.46875, 8.125, 14.5 ], "texture": "#xytd" },
				"up": { "uv": [ 8.0625, 14.46875, 8.125, 14.4375 ], "texture": "#xytd" },
				"north": { "uv": [ 7.875, 15.6875, 7.8125, 15.9375 ], "texture": "#xytd" },
				"south": { "uv": [ 7.75, 15.6875, 7.8125, 15.9375 ], "texture": "#xytd" },
				"west": { "uv": [ 8.15625, 14.71875, 8.1875, 14.96875 ], "texture": "#xytd" },
				"east": { "uv": [ 8.1875, 14.96875, 8.15625, 15.21875 ], "texture": "#xytd" }
			}
		},
		{
			"__comment": "Voxels",
			"from": [ 7.875, 22.5, 8.375 ],
			"to": [ 8.375, 29.25, 8.5 ],
			"faces": {
				"down": { "uv": [ 8.625, 14.96875, 8.75, 15 ], "texture": "#xytd" },
				"up": { "uv": [ 8.625, 14.96875, 8.75, 14.9375 ], "texture": "#xytd" },
				"north": { "uv": [ 2, 11.03125, 1.875, 12.71875 ], "texture": "#xytd" },
				"south": { "uv": [ 1.875, 9.34375, 2, 11.03125 ], "texture": "#xytd" },
				"west": { "uv": [ 2.1875, 9.34375, 2.21875, 11.03125 ], "texture": "#xytd" },
				"east": { "uv": [ 2.21875, 11.03125, 2.1875, 12.71875 ], "texture": "#xytd" }
			}
		},
		{
			"__comment": "Voxels",
			"from": [ 7.875, 24, 7.75 ],
			"to": [ 8.125, 24.875, 7.875 ],
			"faces": {
				"down": { "uv": [ 8.375, 15.21875, 8.4375, 15.25 ], "texture": "#xytd" },
				"up": { "uv": [ 8.375, 15.21875, 8.4375, 15.1875 ], "texture": "#xytd" },
				"north": { "uv": [ 7.9375, 15.46875, 7.875, 15.6875 ], "texture": "#xytd" },
				"south": { "uv": [ 7.8125, 15.46875, 7.875, 15.6875 ], "texture": "#xytd" },
				"west": { "uv": [ 8.28125, 15.34375, 8.3125, 15.5625 ], "texture": "#xytd" },
				"east": { "uv": [ 8.28125, 15.34375, 8.25, 15.5625 ], "texture": "#xytd" }
			}
		},
		{
			"__comment": "Voxels",
			"from": [ 7.875, 24.75, 9.25 ],
			"to": [ 8.125, 25.625, 9.375 ],
			"faces": {
				"down": { "uv": [ 8.5625, 15.21875, 8.625, 15.25 ], "texture": "#xytd" },
				"up": { "uv": [ 8.5625, 15.28125, 8.625, 15.25 ], "texture": "#xytd" },
				"north": { "uv": [ 7.875, 15.25, 7.8125, 15.46875 ], "texture": "#xytd" },
				"south": { "uv": [ 7.75, 15.25, 7.8125, 15.46875 ], "texture": "#xytd" },
				"west": { "uv": [ 8.21875, 15.34375, 8.25, 15.5625 ], "texture": "#xytd" },
				"east": { "uv": [ 8.34375, 15.34375, 8.3125, 15.5625 ], "texture": "#xytd" }
			}
		},
		{
			"__comment": "Voxels",
			"from": [ 7.875, 26.25, 7.875 ],
			"to": [ 8.125, 27.125, 8 ],
			"faces": {
				"down": { "uv": [ 8.375, 15.15625, 8.4375, 15.1875 ], "texture": "#xytd" },
				"up": { "uv": [ 8.375, 14.71875, 8.4375, 14.6875 ], "texture": "#xytd" },
				"north": { "uv": [ 7.8125, 15.46875, 7.75, 15.6875 ], "texture": "#xytd" },
				"south": { "uv": [ 7.875, 15.71875, 7.9375, 15.9375 ], "texture": "#xytd" },
				"west": { "uv": [ 8.34375, 15.34375, 8.375, 15.5625 ], "texture": "#xytd" },
				"east": { "uv": [ 8.40625, 15.34375, 8.375, 15.5625 ], "texture": "#xytd" }
			}
		},
		{
			"__comment": "Voxels",
			"from": [ 7.875, 26.875, 9.375 ],
			"to": [ 8.125, 27.75, 9.5 ],
			"faces": {
				"down": { "uv": [ 8.375, 15, 8.4375, 15.03125 ], "texture": "#xytd" },
				"up": { "uv": [ 8.375, 15.15625, 8.4375, 15.125 ], "texture": "#xytd" },
				"north": { "uv": [ 7.1875, 14.4375, 7.125, 14.65625 ], "texture": "#xytd" },
				"south": { "uv": [ 7.0625, 14.4375, 7.125, 14.65625 ], "texture": "#xytd" },
				"west": { "uv": [ 4.625, 14.53125, 4.65625, 14.75 ], "texture": "#xytd" },
				"east": { "uv": [ 2.96875, 14.5625, 2.9375, 14.78125 ], "texture": "#xytd" }
			}
		},
		{
			"__comment": "Voxels",
			"from": [ 7.875, 28.375, 8 ],
			"to": [ 8.125, 29.125, 8.125 ],
			"faces": {
				"down": { "uv": [ 8.5625, 15.34375, 8.625, 15.375 ], "texture": "#xytd" },
				"up": { "uv": [ 8.0625, 15.65625, 8.125, 15.625 ], "texture": "#xytd" },
				"north": { "uv": [ 7.9375, 14.90625, 7.875, 15.09375 ], "texture": "#xytd" },
				"south": { "uv": [ 7.875, 15.28125, 7.9375, 15.46875 ], "texture": "#xytd" },
				"west": { "uv": [ 8.09375, 14.9375, 8.125, 15.125 ], "texture": "#xytd" },
				"east": { "uv": [ 8.0625, 14.75, 8.03125, 14.9375 ], "texture": "#xytd" }
			}
		},
		{
			"__comment": "Voxels",
			"from": [ 7.875, 29, 9.5 ],
			"to": [ 8.125, 29.75, 9.625 ],
			"faces": {
				"down": { "uv": [ 8.375, 14.875, 8.4375, 14.90625 ], "texture": "#xytd" },
				"up": { "uv": [ 8.375, 14.75, 8.4375, 14.71875 ], "texture": "#xytd" },
				"north": { "uv": [ 8.03125, 14.75, 7.96875, 14.9375 ], "texture": "#xytd" },
				"south": { "uv": [ 8.03125, 14.9375, 8.09375, 15.125 ], "texture": "#xytd" },
				"west": { "uv": [ 7.03125, 15.65625, 7.0625, 15.84375 ], "texture": "#xytd" },
				"east": { "uv": [ 8.09375, 14.75, 8.0625, 14.9375 ], "texture": "#xytd" }
			}
		},
		{
			"__comment": "Voxels",
			"from": [ 7.875, 29.375, 8.25 ],
			"to": [ 8.375, 30, 8.875 ],
			"faces": {
				"down": { "uv": [ 7.09375, 15.21875, 7.21875, 15.375 ], "texture": "#xytd" },
				"up": { "uv": [ 6.90625, 14.9375, 7.03125, 14.78125 ], "texture": "#xytd" },
				"north": { "uv": [ 7.03125, 14.625, 6.90625, 14.78125 ], "texture": "#xytd" },
				"south": { "uv": [ 6.90625, 14.46875, 7.03125, 14.625 ], "texture": "#xytd" },
				"west": { "uv": [ 0.5625, 0, 0.71875, 0.15625 ], "texture": "#xytd" },
				"east": { "uv": [ 7.0625, 15.84375, 6.90625, 16 ], "texture": "#xytd" }
			}
		},
		{
			"__comment": "Voxels",
			"from": [ 7.875, 30.125, 8.25 ],
			"to": [ 8.375, 30.625, 9.25 ],
			"faces": {
				"down": { "uv": [ 6.0625, 14.5625, 6.1875, 14.8125 ], "texture": "#xytd" },
				"up": { "uv": [ 6.65625, 15.75, 6.78125, 15.5 ], "texture": "#xytd" },
				"north": { "uv": [ 6.875, 14.4375, 6.75, 14.5625 ], "texture": "#xytd" },
				"south": { "uv": [ 7.21875, 15.25, 7.34375, 15.375 ], "texture": "#xytd" },
				"west": { "uv": [ 6.65625, 15.75, 6.90625, 15.875 ], "texture": "#xytd" },
				"east": { "uv": [ 6.90625, 15.875, 6.65625, 16 ], "texture": "#xytd" }
			}
		},
		{
			"__comment": "Voxels",
			"from": [ 7.875, 30.25, 8.125 ],
			"to": [ 8.125, 31, 8.25 ],
			"faces": {
				"down": { "uv": [ 8.5625, 15.1875, 8.625, 15.21875 ], "texture": "#xytd" },
				"up": { "uv": [ 7.875, 15.71875, 7.9375, 15.6875 ], "texture": "#xytd" },
				"north": { "uv": [ 8.03125, 14.9375, 7.96875, 15.125 ], "texture": "#xytd" },
				"south": { "uv": [ 7.875, 14.71875, 7.9375, 14.90625 ], "texture": "#xytd" },
				"west": { "uv": [ 8.09375, 14.75, 8.125, 14.9375 ], "texture": "#xytd" },
				"east": { "uv": [ 8.4375, 15.375, 8.40625, 15.5625 ], "texture": "#xytd" }
			}
		},
		{
			"__comment": "Voxels",
			"from": [ 7.875, 30.625, 8.375 ],
			"to": [ 8.375, 31.125, 8.5 ],
			"faces": {
				"down": { "uv": [ 8.625, 15.5625, 8.75, 15.59375 ], "texture": "#xytd" },
				"up": { "uv": [ 8.625, 15.5625, 8.75, 15.53125 ], "texture": "#xytd" },
				"north": { "uv": [ 0.5, 0, 0.375, 0.125 ], "texture": "#xytd" },
				"south": { "uv": [ 2.78125, 14.4375, 2.90625, 14.5625 ], "texture": "#xytd" },
				"west": { "uv": [ 6.21875, 14.4375, 6.25, 14.5625 ], "texture": "#xytd" },
				"east": { "uv": [ 6.28125, 14.4375, 6.25, 14.5625 ], "texture": "#xytd" }
			}
		},
		{
			"__comment": "Voxels",
			"from": [ 7.875, 30.625, 8.5 ],
			"to": [ 8.375, 31, 9.25 ],
			"faces": {
				"down": { "uv": [ 6.78125, 15.5625, 6.90625, 15.75 ], "texture": "#xytd" },
				"up": { "uv": [ 6.90625, 15.84375, 7.03125, 15.65625 ], "texture": "#xytd" },
				"north": { "uv": [ 8.0625, 15.625, 7.9375, 15.71875 ], "texture": "#xytd" },
				"south": { "uv": [ 7.9375, 15.71875, 8.0625, 15.8125 ], "texture": "#xytd" },
				"west": { "uv": [ 0.1875, 0, 0.375, 0.09375 ], "texture": "#xytd" },
				"east": { "uv": [ 0.1875, 0, 0, 0.09375 ], "texture": "#xytd" }
			}
		},
		{
			"__comment": "Voxels",
			"from": [ 7.875, 31, 8.875 ],
			"to": [ 8.375, 31.125, 9.125 ],
			"faces": {
				"down": { "uv": [ 6.78125, 15.5, 6.90625, 15.5625 ], "texture": "#xytd" },
				"up": { "uv": [ 7.9375, 14.625, 8.0625, 14.5625 ], "texture": "#xytd" },
				"north": { "uv": [ 8.75, 15.375, 8.625, 15.40625 ], "texture": "#xytd" },
				"south": { "uv": [ 8.625, 15.28125, 8.75, 15.3125 ], "texture": "#xytd" },
				"west": { "uv": [ 8.375, 14.84375, 8.4375, 14.875 ], "texture": "#xytd" },
				"east": { "uv": [ 8.4375, 14.8125, 8.375, 14.84375 ], "texture": "#xytd" }
			}
		},
		{
			"__comment": "Voxels",
			"from": [ 8.125, -3.25, 7.625 ],
			"to": [ 8.375, -3, 7.75 ],
			"faces": {
				"down": { "uv": [ 8.375, 14.78125, 8.4375, 14.8125 ], "texture": "#xytd" },
				"up": { "uv": [ 8.375, 14.78125, 8.4375, 14.75 ], "texture": "#xytd" },
				"north": { "uv": [ 7.4375, 15.625, 7.375, 15.6875 ], "texture": "#xytd" },
				"south": { "uv": [ 7.375, 15.5625, 7.4375, 15.625 ], "texture": "#xytd" },
				"west": { "uv": [ 7.03125, 14.9375, 7.0625, 15 ], "texture": "#xytd" },
				"east": { "uv": [ 7.0625, 14.875, 7.03125, 14.9375 ], "texture": "#xytd" }
			}
		},
		{
			"__comment": "Voxels",
			"from": [ 8.125, 8.875, 7.875 ],
			"to": [ 8.375, 9, 8 ],
			"faces": {
				"down": { "uv": [ 8.375, 14.65625, 8.4375, 14.6875 ], "texture": "#xytd" },
				"up": { "uv": [ 8.375, 14.65625, 8.4375, 14.625 ], "texture": "#xytd" },
				"north": { "uv": [ 8.4375, 14.59375, 8.375, 14.625 ], "texture": "#xytd" },
				"south": { "uv": [ 8.375, 14.5625, 8.4375, 14.59375 ], "texture": "#xytd" },
				"west": { "uv": [ 7.40625, 15.5, 7.4375, 15.53125 ], "texture": "#xytd" },
				"east": { "uv": [ 7.0625, 14.59375, 7.03125, 14.625 ], "texture": "#xytd" }
			}
		},
		{
			"__comment": "Voxels",
			"from": [ 8.125, 22.375, 8.375 ],
			"to": [ 8.375, 22.5, 8.5 ],
			"faces": {
				"down": { "uv": [ 8.375, 14.53125, 8.4375, 14.5625 ], "texture": "#xytd" },
				"up": { "uv": [ 8.375, 14.53125, 8.4375, 14.5 ], "texture": "#xytd" },
				"north": { "uv": [ 8.4375, 14.46875, 8.375, 14.5 ], "texture": "#xytd" },
				"south": { "uv": [ 8.375, 14.4375, 8.4375, 14.46875 ], "texture": "#xytd" },
				"west": { "uv": [ 7.40625, 15.40625, 7.4375, 15.4375 ], "texture": "#xytd" },
				"east": { "uv": [ 7.4375, 15.4375, 7.40625, 15.46875 ], "texture": "#xytd" }
			}
		},
		{
			"__comment": "Voxels",
			"from": [ 8.125, 29.25, 8.25 ],
			"to": [ 8.375, 29.375, 8.875 ],
			"faces": {
				"down": { "uv": [ 7.34375, 15.21875, 7.40625, 15.375 ], "texture": "#xytd" },
				"up": { "uv": [ 6.84375, 14.71875, 6.90625, 14.5625 ], "texture": "#xytd" },
				"north": { "uv": [ 8.625, 15.3125, 8.5625, 15.34375 ], "texture": "#xytd" },
				"south": { "uv": [ 8.5625, 15.28125, 8.625, 15.3125 ], "texture": "#xytd" },
				"west": { "uv": [ 8.4375, 15.375, 8.59375, 15.40625 ], "texture": "#xytd" },
				"east": { "uv": [ 7.0625, 14.4375, 6.90625, 14.46875 ], "texture": "#xytd" }
			}
		},
		{
			"__comment": "Voxels",
			"from": [ 8.125, 30, 8.25 ],
			"to": [ 8.375, 30.125, 9.25 ],
			"faces": {
				"down": { "uv": [ 7.625, 15, 7.6875, 15.25 ], "texture": "#xytd" },
				"up": { "uv": [ 7.625, 15.5, 7.6875, 15.25 ], "texture": "#xytd" },
				"north": { "uv": [ 8.625, 15.15625, 8.5625, 15.1875 ], "texture": "#xytd" },
				"south": { "uv": [ 8.5625, 15.125, 8.625, 15.15625 ], "texture": "#xytd" },
				"west": { "uv": [ 8.1875, 15.90625, 8.4375, 15.9375 ], "texture": "#xytd" },
				"east": { "uv": [ 8.4375, 15.9375, 8.1875, 15.96875 ], "texture": "#xytd" }
			}
		},
		{
			"__comment": "Voxels",
			"from": [ 8.25, -10, 7.375 ],
			"to": [ 8.375, -3.75, 8.125 ],
			"faces": {
				"down": { "uv": [ 8.4375, 15.40625, 8.46875, 15.59375 ], "texture": "#xytd" },
				"up": { "uv": [ 8.46875, 15.59375, 8.5, 15.40625 ], "texture": "#xytd" },
				"north": { "uv": [ 6.0625, 14.4375, 6.03125, 16 ], "texture": "#xytd" },
				"south": { "uv": [ 1.71875, 0.34375, 1.75, 1.90625 ], "texture": "#xytd" },
				"west": { "uv": [ 1.1875, 0.03125, 1.375, 1.59375 ], "texture": "#xytd" },
				"east": { "uv": [ 0.75, 0.15625, 0.5625, 1.71875 ], "texture": "#xytd" }
			}
		},
		{
			"__comment": "Voxels",
			"from": [ 8.25, -9.5, 7.25 ],
			"to": [ 8.375, -3.75, 7.375 ],
			"faces": {
				"down": { "uv": [ 7.03125, 14.46875, 7.0625, 14.5 ], "texture": "#xytd" },
				"up": { "uv": [ 7.40625, 15.5625, 7.4375, 15.53125 ], "texture": "#xytd" },
				"north": { "uv": [ 6.25, 14.5625, 6.21875, 16 ], "texture": "#xytd" },
				"south": { "uv": [ 6.25, 14.5625, 6.28125, 16 ], "texture": "#xytd" },
				"west": { "uv": [ 6.1875, 14.5625, 6.21875, 16 ], "texture": "#xytd" },
				"east": { "uv": [ 6.3125, 14.5625, 6.28125, 16 ], "texture": "#xytd" }
			}
		}
	],
	"display": {
		"thirdperson_righthand": {
			"translation":  [ 0, 9, 2 ],
			"scale":  [ 0.8, 0.7, 0.8 ]
		},
		"thirdperson_lefthand": {
			"rotation":  [ 0, 0, 180 ],
			"translation":  [ -1.5, -13, 2 ],
			"scale":  [ 0.8, 0.7, 0.8 ]
		},
		"firstperson_righthand": {
			"translation":  [ 0, 9, 2 ],
			"scale":  [ 0.8, 0.7, 0.8 ]
		},
		"firstperson_lefthand": {
			"rotation":  [ 0, 0, 180 ],
			"translation":  [ -1.5, -13, 2 ],
			"scale":  [ 0.8, 0.7, 0.8 ]
		},
		"gui": {
			"rotation":  [ 90, -135, 90 ],
			"scale":  [ 0.5, 0.5, 0.5 ]
		},
		"ground": {
			"translation":  [ 0, 14, 0 ],
			"scale":  [ 0.8, 0.7, 0.8 ]
		},
		"fixed": {
			"rotation":  [ 90, 0, 90 ],
			"scale":  [ 0.8, 0.7, 0.8 ]
		}
	}
}