{
	"__comment": "Designed by Ling_Meng with Cubik Studio - https://cubik.studio",
	"textures": {
		"mye": "blocks/mye"
	},
	"elements": [ 	 
		{
			"__comment": "Voxels",
			"from": [ -2.5, 6, 1.75 ],
			"to": [ -0.5, 6.25, 2.25 ],
			"faces": {
				"down": { "uv": [ 7, 14.75, 8, 15 ], "texture": "#mye" },
				"up": { "uv": [ 7, 16, 8, 15.75 ], "texture": "#mye" },
				"north": { "uv": [ 10, 15.875, 9, 16 ], "texture": "#mye" },
				"south": { "uv": [ 10, 15.875, 11, 16 ], "texture": "#mye" },
				"west": { "uv": [ 8.625, 11.25, 8.875, 11.375 ], "texture": "#mye" },
				"east": { "uv": [ 3.25, 8, 3, 8.125 ], "texture": "#mye" }
			}
		},
		{
			"__comment": "Voxels",
			"from": [ -2.5, 6.25, 1.5 ],
			"to": [ -0.5, 6.75, 1.75 ],
			"faces": {
				"down": { "uv": [ 11, 15.875, 12, 16 ], "texture": "#mye" },
				"up": { "uv": [ 12, 16, 13, 15.875 ], "texture": "#mye" },
				"north": { "uv": [ 8, 14.5, 7, 14.75 ], "texture": "#mye" },
				"south": { "uv": [ 7, 15.5, 8, 15.75 ], "texture": "#mye" },
				"west": { "uv": [ 5.5, 8, 5.625, 8.25 ], "texture": "#mye" },
				"east": { "uv": [ 5.75, 8, 5.625, 8.25 ], "texture": "#mye" }
			}
		},
		{
			"__comment": "Voxels",
			"from": [ -2.5, 6.25, 1.75 ],
			"to": [ -1, 7, 2.25 ],
			"faces": {
				"down": { "uv": [ 7, 12.125, 7.75, 12.375 ], "texture": "#mye" },
				"up": { "uv": [ 7, 14.5, 7.75, 14.25 ], "texture": "#mye" },
				"north": { "uv": [ 7, 15.25, 6.25, 15.625 ], "texture": "#mye" },
				"south": { "uv": [ 6.25, 15.625, 7, 16 ], "texture": "#mye" },
				"west": { "uv": [ 8, 15.125, 8.25, 15.5 ], "texture": "#mye" },
				"east": { "uv": [ 8, 8.5, 7.75, 8.875 ], "texture": "#mye" }
			}
		},
		{
			"__comment": "Voxels",
			"from": [ -2.5, 6.25, 2.25 ],
			"to": [ -0.5, 6.75, 2.5 ],
			"faces": {
				"down": { "uv": [ 13, 15.875, 14, 16 ], "texture": "#mye" },
				"up": { "uv": [ 8, 16, 9, 15.875 ], "texture": "#mye" },
				"north": { "uv": [ 8, 15.25, 7, 15.5 ], "texture": "#mye" },
				"south": { "uv": [ 7, 15, 8, 15.25 ], "texture": "#mye" },
				"west": { "uv": [ 7.5, 8, 7.625, 8.25 ], "texture": "#mye" },
				"east": { "uv": [ 8.625, 11.375, 8.5, 11.625 ], "texture": "#mye" }
			}
		},
		{
			"__comment": "Voxels",
			"from": [ -2.25, 5.75, 1.75 ],
			"to": [ -0.75, 6, 2.25 ],
			"faces": {
				"down": { "uv": [ 7, 13.125, 7.75, 13.375 ], "texture": "#mye" },
				"up": { "uv": [ 7, 13.625, 7.75, 13.375 ], "texture": "#mye" },
				"north": { "uv": [ 14.75, 15.5, 14, 15.625 ], "texture": "#mye" },
				"south": { "uv": [ 9.5, 15.5, 10.25, 15.625 ], "texture": "#mye" },
				"west": { "uv": [ 3.25, 8, 3.5, 8.125 ], "texture": "#mye" },
				"east": { "uv": [ 6.25, 10.25, 6, 10.375 ], "texture": "#mye" }
			}
		},
		{
			"__comment": "Voxels",
			"from": [ -2.25, 6, 1.5 ],
			"to": [ -0.75, 6.25, 1.75 ],
			"faces": {
				"down": { "uv": [ 8.75, 15.5, 9.5, 15.625 ], "texture": "#mye" },
				"up": { "uv": [ 8, 15.625, 8.75, 15.5 ], "texture": "#mye" },
				"north": { "uv": [ 15.75, 15.625, 15, 15.75 ], "texture": "#mye" },
				"south": { "uv": [ 15, 15.75, 15.75, 15.875 ], "texture": "#mye" },
				"west": { "uv": [ 8.75, 12, 8.875, 12.125 ], "texture": "#mye" },
				"east": { "uv": [ 16, 14.75, 15.875, 14.875 ], "texture": "#mye" }
			}
		},
		{
			"__comment": "Voxels",
			"from": [ -2.25, 6, 2.25 ],
			"to": [ -0.75, 6.25, 2.5 ],
			"faces": {
				"down": { "uv": [ 14.25, 15.625, 15, 15.75 ], "texture": "#mye" },
				"up": { "uv": [ 14.25, 15.875, 15, 15.75 ], "texture": "#mye" },
				"north": { "uv": [ 14.25, 15.625, 13.5, 15.75 ], "texture": "#mye" },
				"south": { "uv": [ 13.5, 15.75, 14.25, 15.875 ], "texture": "#mye" },
				"west": { "uv": [ 14, 14.625, 14.125, 14.75 ], "texture": "#mye" },
				"east": { "uv": [ 14.25, 14.625, 14.125, 14.75 ], "texture": "#mye" }
			}
		},
		{
			"__comment": "Voxels",
			"from": [ -2.25, 6.25, 1.25 ],
			"to": [ -0.75, 6.5, 1.5 ],
			"faces": {
				"down": { "uv": [ 14.75, 15.875, 15.5, 16 ], "texture": "#mye" },
				"up": { "uv": [ 14, 16, 14.75, 15.875 ], "texture": "#mye" },
				"north": { "uv": [ 12.5, 15.5, 11.75, 15.625 ], "texture": "#mye" },
				"south": { "uv": [ 12.375, 15.375, 13.125, 15.5 ], "texture": "#mye" },
				"west": { "uv": [ 14.25, 14.625, 14.375, 14.75 ], "texture": "#mye" },
				"east": { "uv": [ 14.5, 14.625, 14.375, 14.75 ], "texture": "#mye" }
			}
		},
		{
			"__comment": "Voxels",
			"from": [ -2.25, 6.25, 2.5 ],
			"to": [ -0.75, 6.5, 2.75 ],
			"faces": {
				"down": { "uv": [ 11.625, 15.375, 12.375, 15.5 ], "texture": "#mye" },
				"up": { "uv": [ 10.875, 15.5, 11.625, 15.375 ], "texture": "#mye" },
				"north": { "uv": [ 10.875, 15.375, 10.125, 15.5 ], "texture": "#mye" },
				"south": { "uv": [ 9.375, 15.375, 10.125, 15.5 ], "texture": "#mye" },
				"west": { "uv": [ 9.25, 8.125, 9.375, 8.25 ], "texture": "#mye" },
				"east": { "uv": [ 9.375, 8.25, 9.25, 8.375 ], "texture": "#mye" }
			}
		},
		{
			"__comment": "Voxels",
			"from": [ -2.25, 6.75, 1.5 ],
			"to": [ -0.75, 7.25, 1.75 ],
			"faces": {
				"down": { "uv": [ 8.625, 15.375, 9.375, 15.5 ], "texture": "#mye" },
				"up": { "uv": [ 14.75, 15.625, 15.5, 15.5 ], "texture": "#mye" },
				"north": { "uv": [ 7.75, 14, 7, 14.25 ], "texture": "#mye" },
				"south": { "uv": [ 6.25, 8.75, 7, 9 ], "texture": "#mye" },
				"west": { "uv": [ 8.875, 10, 9, 10.25 ], "texture": "#mye" },
				"east": { "uv": [ 9, 10.25, 8.875, 10.5 ], "texture": "#mye" }
			}
		},
		{
			"__comment": "Voxels",
			"from": [ -2.25, 6.75, 2.25 ],
			"to": [ -0.75, 7.25, 2.5 ],
			"faces": {
				"down": { "uv": [ 13.25, 15.5, 14, 15.625 ], "texture": "#mye" },
				"up": { "uv": [ 12.5, 15.625, 13.25, 15.5 ], "texture": "#mye" },
				"north": { "uv": [ 7, 9, 6.25, 9.25 ], "texture": "#mye" },
				"south": { "uv": [ 6.25, 9.25, 7, 9.5 ], "texture": "#mye" },
				"west": { "uv": [ 8.875, 10.5, 9, 10.75 ], "texture": "#mye" },
				"east": { "uv": [ 9, 10.75, 8.875, 11 ], "texture": "#mye" }
			}
		},
		{
			"__comment": "Voxels",
			"from": [ -2.25, 7, 1.75 ],
			"to": [ -0.75, 7.25, 2.25 ],
			"faces": {
				"down": { "uv": [ 6.25, 11.25, 7, 11.5 ], "texture": "#mye" },
				"up": { "uv": [ 6.25, 11.25, 7, 11 ], "texture": "#mye" },
				"north": { "uv": [ 11.75, 15.5, 11, 15.625 ], "texture": "#mye" },
				"south": { "uv": [ 10.25, 15.5, 11, 15.625 ], "texture": "#mye" },
				"west": { "uv": [ 10.5, 14.625, 10.75, 14.75 ], "texture": "#mye" },
				"east": { "uv": [ 10, 14.625, 9.75, 14.75 ], "texture": "#mye" }
			}
		},
		{
			"__comment": "Voxels",
			"from": [ -2, 2, 1.5 ],
			"to": [ -1, 2.75, 1.75 ],
			"faces": {
				"down": { "uv": [ 1, 8, 1.5, 8.125 ], "texture": "#mye" },
				"up": { "uv": [ 1.5, 8.125, 2, 8 ], "texture": "#mye" },
				"north": { "uv": [ 7, 10.625, 6.5, 11 ], "texture": "#mye" },
				"south": { "uv": [ 6.5, 10.25, 7, 10.625 ], "texture": "#mye" },
				"west": { "uv": [ 7.125, 8, 7.25, 8.375 ], "texture": "#mye" },
				"east": { "uv": [ 7.375, 8, 7.25, 8.375 ], "texture": "#mye" }
			}
		},
		{
			"__comment": "Voxels",
			"from": [ -2, 2, 1.75 ],
			"to": [ -1, 2.5, 2 ],
			"faces": {
				"down": { "uv": [ 15.5, 15.875, 16, 16 ], "texture": "#mye" },
				"up": { "uv": [ 15.5, 15.625, 16, 15.5 ], "texture": "#mye" },
				"north": { "uv": [ 4, 8, 3.5, 8.25 ], "texture": "#mye" },
				"south": { "uv": [ 7.5, 9.25, 8, 9.5 ], "texture": "#mye" },
				"west": { "uv": [ 8.875, 11, 9, 11.25 ], "texture": "#mye" },
				"east": { "uv": [ 9, 11.25, 8.875, 11.5 ], "texture": "#mye" }
			}
		},
		{
			"__comment": "Voxels",
			"from": [ -2, 2.25, 1.25 ],
			"to": [ -1, 2.5, 1.5 ],
			"faces": {
				"down": { "uv": [ 13.125, 15.375, 13.625, 15.5 ], "texture": "#mye" },
				"up": { "uv": [ 13.625, 15.5, 14.125, 15.375 ], "texture": "#mye" },
				"north": { "uv": [ 14.625, 15.375, 14.125, 15.5 ], "texture": "#mye" },
				"south": { "uv": [ 14.625, 15.375, 15.125, 15.5 ], "texture": "#mye" },
				"west": { "uv": [ 15.375, 14.625, 15.5, 14.75 ], "texture": "#mye" },
				"east": { "uv": [ 15.375, 14.625, 15.25, 14.75 ], "texture": "#mye" }
			}
		},
		{
			"__comment": "Voxels",
			"from": [ -2, 2.25, 2 ],
			"to": [ -1.25, 3, 2.25 ],
			"faces": {
				"down": { "uv": [ 15.625, 15.25, 16, 15.375 ], "texture": "#mye" },
				"up": { "uv": [ 15.625, 15.25, 16, 15.125 ], "texture": "#mye" },
				"north": { "uv": [ 7.625, 10, 7.25, 10.375 ], "texture": "#mye" },
				"south": { "uv": [ 7.625, 10, 8, 10.375 ], "texture": "#mye" },
				"west": { "uv": [ 4.625, 8, 4.75, 8.375 ], "texture": "#mye" },
				"east": { "uv": [ 7.125, 8, 7, 8.375 ], "texture": "#mye" }
			}
		},
		{
			"__comment": "Voxels",
			"from": [ -2, 2.5, 1.75 ],
			"to": [ -1.75, 5.5, 2 ],
			"faces": {
				"down": { "uv": [ 9.25, 9.125, 9.375, 9.25 ], "texture": "#mye" },
				"up": { "uv": [ 9.25, 12, 9.375, 11.875 ], "texture": "#mye" },
				"north": { "uv": [ 5.625, 8.25, 5.5, 9.75 ], "texture": "#mye" },
				"south": { "uv": [ 5.625, 8.25, 5.75, 9.75 ], "texture": "#mye" },
				"west": { "uv": [ 6.75, 13.75, 6.875, 15.25 ], "texture": "#mye" },
				"east": { "uv": [ 7, 13.75, 6.875, 15.25 ], "texture": "#mye" }
			}
		},
		{
			"__comment": "Voxels",
			"from": [ -2, 2.5, 2.25 ],
			"to": [ -1, 2.75, 2.5 ],
			"faces": {
				"down": { "uv": [ 15.125, 15.375, 15.625, 15.5 ], "texture": "#mye" },
				"up": { "uv": [ 8.625, 15.375, 9.125, 15.25 ], "texture": "#mye" },
				"north": { "uv": [ 9.625, 15.25, 9.125, 15.375 ], "texture": "#mye" },
				"south": { "uv": [ 9.625, 15.25, 10.125, 15.375 ], "texture": "#mye" },
				"west": { "uv": [ 9.25, 12, 9.375, 12.125 ], "texture": "#mye" },
				"east": { "uv": [ 9.375, 9.25, 9.25, 9.375 ], "texture": "#mye" }
			}
		},
		{
			"__comment": "Voxels",
			"from": [ -2, 3, 2 ],
			"to": [ -1.75, 5.75, 2.25 ],
			"faces": {
				"down": { "uv": [ 9.25, 9.375, 9.375, 9.5 ], "texture": "#mye" },
				"up": { "uv": [ 9.25, 9.625, 9.375, 9.5 ], "texture": "#mye" },
				"north": { "uv": [ 7.25, 10.75, 7.125, 12.125 ], "texture": "#mye" },
				"south": { "uv": [ 7, 10.75, 7.125, 12.125 ], "texture": "#mye" },
				"west": { "uv": [ 7.25, 10.75, 7.375, 12.125 ], "texture": "#mye" },
				"east": { "uv": [ 7.5, 10.75, 7.375, 12.125 ], "texture": "#mye" }
			}
		},
		{
			"__comment": "Voxels",
			"from": [ -2, 3.25, 2.25 ],
			"to": [ -1, 3.75, 2.5 ],
			"faces": {
				"down": { "uv": [ 10.125, 15.25, 10.625, 15.375 ], "texture": "#mye" },
				"up": { "uv": [ 10.625, 15.375, 11.125, 15.25 ], "texture": "#mye" },
				"north": { "uv": [ 8.5, 15.625, 8, 15.875 ], "texture": "#mye" },
				"south": { "uv": [ 8.5, 15.625, 9, 15.875 ], "texture": "#mye" },
				"west": { "uv": [ 8.875, 11.5, 9, 11.75 ], "texture": "#mye" },
				"east": { "uv": [ 9, 11.75, 8.875, 12 ], "texture": "#mye" }
			}
		},
		{
			"__comment": "Voxels",
			"from": [ -2, 4, 1.5 ],
			"to": [ -1, 5, 1.75 ],
			"faces": {
				"down": { "uv": [ 11.125, 15.25, 11.625, 15.375 ], "texture": "#mye" },
				"up": { "uv": [ 11.625, 15.375, 12.125, 15.25 ], "texture": "#mye" },
				"north": { "uv": [ 6.75, 12.625, 6.25, 13.125 ], "texture": "#mye" },
				"south": { "uv": [ 0.5, 8, 1, 8.5 ], "texture": "#mye" },
				"west": { "uv": [ 8.5, 11.625, 8.625, 12.125 ], "texture": "#mye" },
				"east": { "uv": [ 8.375, 10.375, 8.25, 10.875 ], "texture": "#mye" }
			}
		},
		{
			"__comment": "Voxels",
			"from": [ -2, 4.25, 2.25 ],
			"to": [ -1, 4.75, 2.5 ],
			"faces": {
				"down": { "uv": [ 12.125, 15.25, 12.625, 15.375 ], "texture": "#mye" },
				"up": { "uv": [ 12.625, 15.375, 13.125, 15.25 ], "texture": "#mye" },
				"north": { "uv": [ 9.5, 15.625, 9, 15.875 ], "texture": "#mye" },
				"south": { "uv": [ 9.5, 15.625, 10, 15.875 ], "texture": "#mye" },
				"west": { "uv": [ 8.875, 12, 9, 12.25 ], "texture": "#mye" },
				"east": { "uv": [ 9, 12.25, 8.875, 12.5 ], "texture": "#mye" }
			}
		},
		{
			"__comment": "Voxels",
			"from": [ -2, 5.5, 2.25 ],
			"to": [ -1, 6, 2.5 ],
			"faces": {
				"down": { "uv": [ 13.125, 15.25, 13.625, 15.375 ], "texture": "#mye" },
				"up": { "uv": [ 13.625, 15.375, 14.125, 15.25 ], "texture": "#mye" },
				"north": { "uv": [ 10.5, 15.625, 10, 15.875 ], "texture": "#mye" },
				"south": { "uv": [ 10.5, 15.625, 11, 15.875 ], "texture": "#mye" },
				"west": { "uv": [ 8.875, 12.5, 9, 12.75 ], "texture": "#mye" },
				"east": { "uv": [ 9, 12.75, 8.875, 13 ], "texture": "#mye" }
			}
		},
		{
			"__comment": "Voxels",
			"from": [ -2, 5.75, 1.5 ],
			"to": [ -1, 6, 1.75 ],
			"faces": {
				"down": { "uv": [ 14.125, 15.25, 14.625, 15.375 ], "texture": "#mye" },
				"up": { "uv": [ 14.625, 15.375, 15.125, 15.25 ], "texture": "#mye" },
				"north": { "uv": [ 15.625, 15.25, 15.125, 15.375 ], "texture": "#mye" },
				"south": { "uv": [ 8.625, 15.125, 9.125, 15.25 ], "texture": "#mye" },
				"west": { "uv": [ 15.875, 14.625, 16, 14.75 ], "texture": "#mye" },
				"east": { "uv": [ 15.875, 14.625, 15.75, 14.75 ], "texture": "#mye" }
			}
		},
		{
			"__comment": "Voxels",
			"from": [ -2, 5.75, 2.5 ],
			"to": [ -1, 6.25, 2.75 ],
			"faces": {
				"down": { "uv": [ 9.125, 15.125, 9.625, 15.25 ], "texture": "#mye" },
				"up": { "uv": [ 9.625, 15.25, 10.125, 15.125 ], "texture": "#mye" },
				"north": { "uv": [ 11.5, 15.625, 11, 15.875 ], "texture": "#mye" },
				"south": { "uv": [ 11.5, 15.625, 12, 15.875 ], "texture": "#mye" },
				"west": { "uv": [ 8.875, 13, 9, 13.25 ], "texture": "#mye" },
				"east": { "uv": [ 9, 13.25, 8.875, 13.5 ], "texture": "#mye" }
			}
		},
		{
			"__comment": "Voxels",
			"from": [ -2, 6, 1.25 ],
			"to": [ -1, 6.25, 1.5 ],
			"faces": {
				"down": { "uv": [ 10.125, 15.125, 10.625, 15.25 ], "texture": "#mye" },
				"up": { "uv": [ 10.625, 15.25, 11.125, 15.125 ], "texture": "#mye" },
				"north": { "uv": [ 11.625, 15.125, 11.125, 15.25 ], "texture": "#mye" },
				"south": { "uv": [ 11.625, 15.125, 12.125, 15.25 ], "texture": "#mye" },
				"west": { "uv": [ 9.25, 12.25, 9.375, 12.375 ], "texture": "#mye" },
				"east": { "uv": [ 9.875, 14.5, 9.75, 14.625 ], "texture": "#mye" }
			}
		},
		{
			"__comment": "Voxels",
			"from": [ -2, 6.25, 0.75 ],
			"to": [ -1, 6.5, 1.25 ],
			"faces": {
				"down": { "uv": [ 12, 15.625, 12.5, 15.875 ], "texture": "#mye" },
				"up": { "uv": [ 12.5, 15.875, 13, 15.625 ], "texture": "#mye" },
				"north": { "uv": [ 12.625, 15.125, 12.125, 15.25 ], "texture": "#mye" },
				"south": { "uv": [ 12.625, 15.125, 13.125, 15.25 ], "texture": "#mye" },
				"west": { "uv": [ 9, 10.25, 9.25, 10.375 ], "texture": "#mye" },
				"east": { "uv": [ 9.25, 10.625, 9, 10.75 ], "texture": "#mye" }
			}
		},
		{
			"__comment": "Voxels",
			"from": [ -2, 6.25, 2.75 ],
			"to": [ -1, 7, 3 ],
			"faces": {
				"down": { "uv": [ 13.125, 15.125, 13.625, 15.25 ], "texture": "#mye" },
				"up": { "uv": [ 13.625, 15.25, 14.125, 15.125 ], "texture": "#mye" },
				"north": { "uv": [ 7.5, 13.625, 7, 14 ], "texture": "#mye" },
				"south": { "uv": [ 7.5, 13.625, 8, 14 ], "texture": "#mye" },
				"west": { "uv": [ 8.625, 13.875, 8.75, 14.25 ], "texture": "#mye" },
				"east": { "uv": [ 8.875, 13.875, 8.75, 14.25 ], "texture": "#mye" }
			}
		},
		{
			"__comment": "Voxels",
			"from": [ -2, 6.25, 3 ],
			"to": [ -1, 6.5, 3.25 ],
			"faces": {
				"down": { "uv": [ 14.125, 15.125, 14.625, 15.25 ], "texture": "#mye" },
				"up": { "uv": [ 14.625, 15.25, 15.125, 15.125 ], "texture": "#mye" },
				"north": { "uv": [ 15.625, 15.125, 15.125, 15.25 ], "texture": "#mye" },
				"south": { "uv": [ 8.625, 15, 9.125, 15.125 ], "texture": "#mye" },
				"west": { "uv": [ 9.25, 8.375, 9.375, 8.5 ], "texture": "#mye" },
				"east": { "uv": [ 9.375, 11.125, 9.25, 11.25 ], "texture": "#mye" }
			}
		},
		{
			"__comment": "Voxels",
			"from": [ -2, 6.5, 1 ],
			"to": [ -1, 7.5, 1.5 ],
			"faces": {
				"down": { "uv": [ 13, 15.625, 13.5, 15.875 ], "texture": "#mye" },
				"up": { "uv": [ 2.5, 8.25, 3, 8 ], "texture": "#mye" },
				"north": { "uv": [ 0.5, 8, 0, 8.5 ], "texture": "#mye" },
				"south": { "uv": [ 6.25, 12.125, 6.75, 12.625 ], "texture": "#mye" },
				"west": { "uv": [ 6.75, 12.625, 7, 13.125 ], "texture": "#mye" },
				"east": { "uv": [ 7, 12.125, 6.75, 12.625 ], "texture": "#mye" }
			}
		},
		{
			"__comment": "Voxels",
			"from": [ -2, 6.5, 2.5 ],
			"to": [ -1, 8, 2.75 ],
			"faces": {
				"down": { "uv": [ 9.125, 15, 9.625, 15.125 ], "texture": "#mye" },
				"up": { "uv": [ 9.625, 15.125, 10.125, 15 ], "texture": "#mye" },
				"north": { "uv": [ 6.25, 13, 5.75, 13.75 ], "texture": "#mye" },
				"south": { "uv": [ 5.75, 15.25, 6.25, 16 ], "texture": "#mye" },
				"west": { "uv": [ 8.125, 14.375, 8.25, 15.125 ], "texture": "#mye" },
				"east": { "uv": [ 8.125, 10.25, 8, 11 ], "texture": "#mye" }
			}
		},
		{
			"__comment": "Voxels",
			"from": [ -2, 7.25, 1.5 ],
			"to": [ -1, 18.75, 1.75 ],
			"faces": {
				"down": { "uv": [ 10.125, 15, 10.625, 15.125 ], "texture": "#mye" },
				"up": { "uv": [ 10.625, 15.125, 11.125, 15 ], "texture": "#mye" },
				"north": { "uv": [ 1.5, 10.25, 1, 16 ], "texture": "#mye" },
				"south": { "uv": [ 1.5, 10.25, 2, 16 ], "texture": "#mye" },
				"west": { "uv": [ 4.875, 10.25, 5, 16 ], "texture": "#mye" },
				"east": { "uv": [ 4.875, 10.25, 4.75, 16 ], "texture": "#mye" }
			}
		},
		{
			"__comment": "Voxels",
			"from": [ -2, 7.25, 1.75 ],
			"to": [ -1, 18.25, 2 ],
			"faces": {
				"down": { "uv": [ 11.125, 15, 11.625, 15.125 ], "texture": "#mye" },
				"up": { "uv": [ 11.625, 15.125, 12.125, 15 ], "texture": "#mye" },
				"north": { "uv": [ 2.5, 10.5, 2, 16 ], "texture": "#mye" },
				"south": { "uv": [ 2.5, 10.5, 3, 16 ], "texture": "#mye" },
				"west": { "uv": [ 5, 10.5, 5.125, 16 ], "texture": "#mye" },
				"east": { "uv": [ 5.25, 10.5, 5.125, 16 ], "texture": "#mye" }
			}
		},
		{
			"__comment": "Voxels",
			"from": [ -2, 7.25, 2 ],
			"to": [ -1, 12.75, 2.25 ],
			"faces": {
				"down": { "uv": [ 12.125, 15, 12.625, 15.125 ], "texture": "#mye" },
				"up": { "uv": [ 12.625, 15.125, 13.125, 15 ], "texture": "#mye" },
				"north": { "uv": [ 4, 10.5, 3.5, 13.25 ], "texture": "#mye" },
				"south": { "uv": [ 3.5, 13.25, 4, 16 ], "texture": "#mye" },
				"west": { "uv": [ 5.75, 10.25, 5.875, 13 ], "texture": "#mye" },
				"east": { "uv": [ 6, 10.25, 5.875, 13 ], "texture": "#mye" }
			}
		},
		{
			"__comment": "Voxels",
			"from": [ -2, 7.25, 2.25 ],
			"to": [ -1, 10.25, 2.5 ],
			"faces": {
				"down": { "uv": [ 13.125, 15, 13.625, 15.125 ], "texture": "#mye" },
				"up": { "uv": [ 13.625, 15.125, 14.125, 15 ], "texture": "#mye" },
				"north": { "uv": [ 0.5, 8.5, 0, 10 ], "texture": "#mye" },
				"south": { "uv": [ 0.5, 8.5, 1, 10 ], "texture": "#mye" },
				"west": { "uv": [ 6.25, 9.5, 6.375, 11 ], "texture": "#mye" },
				"east": { "uv": [ 6.5, 9.5, 6.375, 11 ], "texture": "#mye" }
			}
		},
		{
			"__comment": "Voxels",
			"from": [ -2, 7.5, 1.25 ],
			"to": [ -1, 19.5, 1.5 ],
			"faces": {
				"down": { "uv": [ 14.125, 15, 14.625, 15.125 ], "texture": "#mye" },
				"up": { "uv": [ 14.625, 15.125, 15.125, 15 ], "texture": "#mye" },
				"north": { "uv": [ 1, 10, 0.5, 16 ], "texture": "#mye" },
				"south": { "uv": [ 0, 10, 0.5, 16 ], "texture": "#mye" },
				"west": { "uv": [ 4.625, 10, 4.75, 16 ], "texture": "#mye" },
				"east": { "uv": [ 4.625, 10, 4.5, 16 ], "texture": "#mye" }
			}
		},
		{
			"__comment": "Voxels",
			"from": [ -2, 8, 2.5 ],
			"to": [ -1.25, 8.25, 2.75 ],
			"faces": {
				"down": { "uv": [ 11.125, 14.75, 11.5, 14.875 ], "texture": "#mye" },
				"up": { "uv": [ 12.25, 14.875, 12.625, 14.75 ], "texture": "#mye" },
				"north": { "uv": [ 12.25, 14.75, 11.875, 14.875 ], "texture": "#mye" },
				"south": { "uv": [ 11.5, 14.75, 11.875, 14.875 ], "texture": "#mye" },
				"west": { "uv": [ 9.25, 12.125, 9.375, 12.25 ], "texture": "#mye" },
				"east": { "uv": [ 9.375, 11.5, 9.25, 11.625 ], "texture": "#mye" }
			}
		},
		{
			"__comment": "Voxels",
			"from": [ -2, 12.5, 1 ],
			"to": [ -1, 18.75, 1.25 ],
			"faces": {
				"down": { "uv": [ 15.125, 15, 15.625, 15.125 ], "texture": "#mye" },
				"up": { "uv": [ 8.625, 15, 9.125, 14.875 ], "texture": "#mye" },
				"north": { "uv": [ 3.5, 9.75, 3, 12.875 ], "texture": "#mye" },
				"south": { "uv": [ 3, 12.875, 3.5, 16 ], "texture": "#mye" },
				"west": { "uv": [ 5.625, 9.75, 5.75, 12.875 ], "texture": "#mye" },
				"east": { "uv": [ 5.625, 12.875, 5.5, 16 ], "texture": "#mye" }
			}
		},
		{
			"__comment": "Voxels",
			"from": [ -2, 13.75, 0.75 ],
			"to": [ -1, 18, 1 ],
			"faces": {
				"down": { "uv": [ 9.125, 14.875, 9.625, 15 ], "texture": "#mye" },
				"up": { "uv": [ 9.625, 15, 10.125, 14.875 ], "texture": "#mye" },
				"north": { "uv": [ 2, 8.125, 1.5, 10.25 ], "texture": "#mye" },
				"south": { "uv": [ 1, 8.125, 1.5, 10.25 ], "texture": "#mye" },
				"west": { "uv": [ 6.5, 13.125, 6.625, 15.25 ], "texture": "#mye" },
				"east": { "uv": [ 6.75, 13.125, 6.625, 15.25 ], "texture": "#mye" }
			}
		},
		{
			"__comment": "Voxels",
			"from": [ -2, 15.25, 0.5 ],
			"to": [ -1, 16.75, 0.75 ],
			"faces": {
				"down": { "uv": [ 10.125, 14.875, 10.625, 15 ], "texture": "#mye" },
				"up": { "uv": [ 10.625, 15, 11.125, 14.875 ], "texture": "#mye" },
				"north": { "uv": [ 6.25, 13.75, 5.75, 14.5 ], "texture": "#mye" },
				"south": { "uv": [ 5.75, 14.5, 6.25, 15.25 ], "texture": "#mye" },
				"west": { "uv": [ 8.25, 13.375, 8.375, 14.125 ], "texture": "#mye" },
				"east": { "uv": [ 8.625, 14.5, 8.5, 15.25 ], "texture": "#mye" }
			}
		},
		{
			"__comment": "Voxels",
			"from": [ -2, 15.25, 2 ],
			"to": [ -1, 17.5, 2.25 ],
			"faces": {
				"down": { "uv": [ 11.125, 14.875, 11.625, 15 ], "texture": "#mye" },
				"up": { "uv": [ 11.625, 15, 12.125, 14.875 ], "texture": "#mye" },
				"north": { "uv": [ 3, 8.25, 2.5, 9.375 ], "texture": "#mye" },
				"south": { "uv": [ 2.5, 9.375, 3, 10.5 ], "texture": "#mye" },
				"west": { "uv": [ 7, 8.375, 7.125, 9.5 ], "texture": "#mye" },
				"east": { "uv": [ 7.5, 8.375, 7.375, 9.5 ], "texture": "#mye" }
			}
		},
		{
			"__comment": "Voxels",
			"from": [ -2, 17, 2.25 ],
			"to": [ -1, 17.25, 2.5 ],
			"faces": {
				"down": { "uv": [ 12.125, 14.875, 12.625, 15 ], "texture": "#mye" },
				"up": { "uv": [ 12.625, 15, 13.125, 14.875 ], "texture": "#mye" },
				"north": { "uv": [ 13.625, 14.875, 13.125, 15 ], "texture": "#mye" },
				"south": { "uv": [ 13.625, 14.875, 14.125, 15 ], "texture": "#mye" },
				"west": { "uv": [ 9.25, 8.75, 9.375, 8.875 ], "texture": "#mye" },
				"east": { "uv": [ 9.375, 8.625, 9.25, 8.75 ], "texture": "#mye" }
			}
		},
		{
			"__comment": "Voxels",
			"from": [ -1.75, 2, 1.25 ],
			"to": [ -1.25, 2.25, 1.5 ],
			"faces": {
				"down": { "uv": [ 9, 11.375, 9.25, 11.5 ], "texture": "#mye" },
				"up": { "uv": [ 9, 11.625, 9.25, 11.5 ], "texture": "#mye" },
				"north": { "uv": [ 9.25, 11.625, 9, 11.75 ], "texture": "#mye" },
				"south": { "uv": [ 9, 11.75, 9.25, 11.875 ], "texture": "#mye" },
				"west": { "uv": [ 9.25, 8.5, 9.375, 8.625 ], "texture": "#mye" },
				"east": { "uv": [ 10, 14.5, 9.875, 14.625 ], "texture": "#mye" }
			}
		},
		{
			"__comment": "Voxels",
			"from": [ -1.75, 2, 2 ],
			"to": [ -1.25, 2.25, 2.25 ],
			"faces": {
				"down": { "uv": [ 9, 12.125, 9.25, 12.25 ], "texture": "#mye" },
				"up": { "uv": [ 9, 12.375, 9.25, 12.25 ], "texture": "#mye" },
				"north": { "uv": [ 9.25, 12.625, 9, 12.75 ], "texture": "#mye" },
				"south": { "uv": [ 9, 12.75, 9.25, 12.875 ], "texture": "#mye" },
				"west": { "uv": [ 9.25, 13.5, 9.375, 13.625 ], "texture": "#mye" },
				"east": { "uv": [ 9.375, 13.375, 9.25, 13.5 ], "texture": "#mye" }
			}
		},
		{
			"__comment": "Voxels",
			"from": [ -1.75, 2.25, 2.25 ],
			"to": [ -1.25, 2.5, 2.5 ],
			"faces": {
				"down": { "uv": [ 9, 13.125, 9.25, 13.25 ], "texture": "#mye" },
				"up": { "uv": [ 9, 13.375, 9.25, 13.25 ], "texture": "#mye" },
				"north": { "uv": [ 9.25, 13.375, 9, 13.5 ], "texture": "#mye" },
				"south": { "uv": [ 9, 13.5, 9.25, 13.625 ], "texture": "#mye" },
				"west": { "uv": [ 9.25, 11.375, 9.375, 11.5 ], "texture": "#mye" },
				"east": { "uv": [ 9.375, 11.25, 9.25, 11.375 ], "texture": "#mye" }
			}
		},
		{
			"__comment": "Voxels",
			"from": [ -1.75, 2.5, 1.25 ],
			"to": [ -1.25, 2.75, 1.5 ],
			"faces": {
				"down": { "uv": [ 9, 13.875, 9.25, 14 ], "texture": "#mye" },
				"up": { "uv": [ 9, 14.125, 9.25, 14 ], "texture": "#mye" },
				"north": { "uv": [ 15.625, 14.75, 15.375, 14.875 ], "texture": "#mye" },
				"south": { "uv": [ 15.125, 14.75, 15.375, 14.875 ], "texture": "#mye" },
				"west": { "uv": [ 9.25, 12.75, 9.375, 12.875 ], "texture": "#mye" },
				"east": { "uv": [ 9.375, 12.625, 9.25, 12.75 ], "texture": "#mye" }
			}
		},
		{
			"__comment": "Voxels",
			"from": [ -1.75, 2.75, 1.5 ],
			"to": [ -1.25, 3, 2 ],
			"faces": {
				"down": { "uv": [ 8.375, 10.625, 8.625, 10.875 ], "texture": "#mye" },
				"up": { "uv": [ 8.375, 10.625, 8.625, 10.375 ], "texture": "#mye" },
				"north": { "uv": [ 14.125, 14.75, 13.875, 14.875 ], "texture": "#mye" },
				"south": { "uv": [ 13.625, 14.75, 13.875, 14.875 ], "texture": "#mye" },
				"west": { "uv": [ 12.875, 14.75, 13.125, 14.875 ], "texture": "#mye" },
				"east": { "uv": [ 12.875, 14.75, 12.625, 14.875 ], "texture": "#mye" }
			}
		},
		{
			"__comment": "Voxels",
			"from": [ -1.75, 2.75, 2.25 ],
			"to": [ -1.25, 3.25, 2.5 ],
			"faces": {
				"down": { "uv": [ 8.625, 11.375, 8.875, 11.5 ], "texture": "#mye" },
				"up": { "uv": [ 8.625, 11.625, 8.875, 11.5 ], "texture": "#mye" },
				"north": { "uv": [ 8.5, 10.125, 8.25, 10.375 ], "texture": "#mye" },
				"south": { "uv": [ 8.25, 9.875, 8.5, 10.125 ], "texture": "#mye" },
				"west": { "uv": [ 8.5, 9.875, 8.625, 10.125 ], "texture": "#mye" },
				"east": { "uv": [ 8.625, 10.125, 8.5, 10.375 ], "texture": "#mye" }
			}
		},
		{
			"__comment": "Voxels",
			"from": [ -1.75, 3, 1.75 ],
			"to": [ -1, 4.25, 2 ],
			"faces": {
				"down": { "uv": [ 8.875, 14.75, 9.25, 14.875 ], "texture": "#mye" },
				"up": { "uv": [ 15.625, 15, 16, 14.875 ], "texture": "#mye" },
				"north": { "uv": [ 6.625, 11.5, 6.25, 12.125 ], "texture": "#mye" },
				"south": { "uv": [ 6.625, 11.5, 7, 12.125 ], "texture": "#mye" },
				"west": { "uv": [ 8.5, 12.75, 8.625, 13.375 ], "texture": "#mye" },
				"east": { "uv": [ 8.375, 12.125, 8.25, 12.75 ], "texture": "#mye" }
			}
		},
		{
			"__comment": "Voxels",
			"from": [ -1.75, 3.25, 2.5 ],
			"to": [ -1.25, 3.75, 2.75 ],
			"faces": {
				"down": { "uv": [ 8.625, 11.875, 8.875, 12 ], "texture": "#mye" },
				"up": { "uv": [ 8.375, 12.25, 8.625, 12.125 ], "texture": "#mye" },
				"north": { "uv": [ 8.5, 9.625, 8.25, 9.875 ], "texture": "#mye" },
				"south": { "uv": [ 8.25, 9.375, 8.5, 9.625 ], "texture": "#mye" },
				"west": { "uv": [ 8.5, 9.125, 8.625, 9.375 ], "texture": "#mye" },
				"east": { "uv": [ 8.625, 8.875, 8.5, 9.125 ], "texture": "#mye" }
			}
		},
		{
			"__comment": "Voxels",
			"from": [ -1.75, 3.5, 1.5 ],
			"to": [ -1.25, 4, 1.75 ],
			"faces": {
				"down": { "uv": [ 13, 14.625, 13.25, 14.75 ], "texture": "#mye" },
				"up": { "uv": [ 13.25, 14.75, 13.5, 14.625 ], "texture": "#mye" },
				"north": { "uv": [ 8.5, 9.125, 8.25, 9.375 ], "texture": "#mye" },
				"south": { "uv": [ 8.25, 8.875, 8.5, 9.125 ], "texture": "#mye" },
				"west": { "uv": [ 8.5, 8.125, 8.625, 8.375 ], "texture": "#mye" },
				"east": { "uv": [ 8.875, 12.125, 8.75, 12.375 ], "texture": "#mye" }
			}
		},
		{
			"__comment": "Voxels",
			"from": [ -1.75, 3.75, 2 ],
			"to": [ -1, 4, 2.25 ],
			"faces": {
				"down": { "uv": [ 10.375, 14.75, 10.75, 14.875 ], "texture": "#mye" },
				"up": { "uv": [ 10.75, 14.875, 11.125, 14.75 ], "texture": "#mye" },
				"north": { "uv": [ 8.625, 8, 8.25, 8.125 ], "texture": "#mye" },
				"south": { "uv": [ 15.625, 15.375, 16, 15.5 ], "texture": "#mye" },
				"west": { "uv": [ 9.625, 14.5, 9.75, 14.625 ], "texture": "#mye" },
				"east": { "uv": [ 9.625, 14.5, 9.5, 14.625 ], "texture": "#mye" }
			}
		},
		{
			"__comment": "Voxels",
			"from": [ -1.75, 3.75, 2.25 ],
			"to": [ -1.25, 4.25, 2.5 ],
			"faces": {
				"down": { "uv": [ 9, 8.625, 9.25, 8.75 ], "texture": "#mye" },
				"up": { "uv": [ 9, 8.625, 9.25, 8.5 ], "texture": "#mye" },
				"north": { "uv": [ 8.5, 8.625, 8.25, 8.875 ], "texture": "#mye" },
				"south": { "uv": [ 8.25, 8.375, 8.5, 8.625 ], "texture": "#mye" },
				"west": { "uv": [ 8.5, 11.125, 8.625, 11.375 ], "texture": "#mye" },
				"east": { "uv": [ 8.625, 10.875, 8.5, 11.125 ], "texture": "#mye" }
			}
		},
		{
			"__comment": "Voxels",
			"from": [ -1.75, 4.25, 1.25 ],
			"to": [ -1.25, 5, 1.5 ],
			"faces": {
				"down": { "uv": [ 7.75, 9.5, 8, 9.625 ], "texture": "#mye" },
				"up": { "uv": [ 8.375, 13.5, 8.625, 13.375 ], "texture": "#mye" },
				"north": { "uv": [ 4.5, 8, 4.25, 8.375 ], "texture": "#mye" },
				"south": { "uv": [ 5.25, 8, 5.5, 8.375 ], "texture": "#mye" },
				"west": { "uv": [ 8.625, 13.5, 8.75, 13.875 ], "texture": "#mye" },
				"east": { "uv": [ 8.875, 13.5, 8.75, 13.875 ], "texture": "#mye" }
			}
		},
		{
			"__comment": "Voxels",
			"from": [ -1.75, 4.5, 2 ],
			"to": [ -1, 5.25, 2.25 ],
			"faces": {
				"down": { "uv": [ 14.875, 14.875, 15.25, 15 ], "texture": "#mye" },
				"up": { "uv": [ 15.25, 15, 15.625, 14.875 ], "texture": "#mye" },
				"north": { "uv": [ 7.625, 10.375, 7.25, 10.75 ], "texture": "#mye" },
				"south": { "uv": [ 7.625, 10.375, 8, 10.75 ], "texture": "#mye" },
				"west": { "uv": [ 8.625, 13.125, 8.75, 13.5 ], "texture": "#mye" },
				"east": { "uv": [ 8.875, 13.125, 8.75, 13.5 ], "texture": "#mye" }
			}
		},
		{
			"__comment": "Voxels",
			"from": [ -1.75, 4.75, 1.75 ],
			"to": [ -1, 5.25, 2 ],
			"faces": {
				"down": { "uv": [ 9.25, 14.75, 9.625, 14.875 ], "texture": "#mye" },
				"up": { "uv": [ 9.625, 14.875, 10, 14.75 ], "texture": "#mye" },
				"north": { "uv": [ 8.625, 15.25, 8.25, 15.5 ], "texture": "#mye" },
				"south": { "uv": [ 7.625, 8, 8, 8.25 ], "texture": "#mye" },
				"west": { "uv": [ 8.5, 9.625, 8.625, 9.875 ], "texture": "#mye" },
				"east": { "uv": [ 8.625, 9.375, 8.5, 9.625 ], "texture": "#mye" }
			}
		},
		{
			"__comment": "Voxels",
			"from": [ -1.75, 4.75, 2.25 ],
			"to": [ -1.25, 5.5, 2.5 ],
			"faces": {
				"down": { "uv": [ 8.625, 11.75, 8.875, 11.875 ], "texture": "#mye" },
				"up": { "uv": [ 8.625, 11.75, 8.875, 11.625 ], "texture": "#mye" },
				"north": { "uv": [ 8.25, 13.625, 8, 14 ], "texture": "#mye" },
				"south": { "uv": [ 8, 13.25, 8.25, 13.625 ], "texture": "#mye" },
				"west": { "uv": [ 4.5, 8, 4.625, 8.375 ], "texture": "#mye" },
				"east": { "uv": [ 8.75, 12, 8.625, 12.375 ], "texture": "#mye" }
			}
		},
		{
			"__comment": "Voxels",
			"from": [ -1.75, 5, 1.5 ],
			"to": [ -1.25, 5.5, 1.75 ],
			"faces": {
				"down": { "uv": [ 8.625, 11.125, 8.875, 11.25 ], "texture": "#mye" },
				"up": { "uv": [ 8.625, 11.125, 8.875, 11 ], "texture": "#mye" },
				"north": { "uv": [ 8.5, 8.125, 8.25, 8.375 ], "texture": "#mye" },
				"south": { "uv": [ 8.625, 14.625, 8.875, 14.875 ], "texture": "#mye" },
				"west": { "uv": [ 8.5, 8.625, 8.625, 8.875 ], "texture": "#mye" },
				"east": { "uv": [ 8.625, 8.375, 8.5, 8.625 ], "texture": "#mye" }
			}
		},
		{
			"__comment": "Voxels",
			"from": [ -1.75, 5.5, 1.75 ],
			"to": [ -1.25, 5.75, 2.25 ],
			"faces": {
				"down": { "uv": [ 7.75, 14.25, 8, 14.5 ], "texture": "#mye" },
				"up": { "uv": [ 7.75, 14.25, 8, 14 ], "texture": "#mye" },
				"north": { "uv": [ 8.875, 10.875, 8.625, 11 ], "texture": "#mye" },
				"south": { "uv": [ 8.625, 10.75, 8.875, 10.875 ], "texture": "#mye" },
				"west": { "uv": [ 8.625, 10.625, 8.875, 10.75 ], "texture": "#mye" },
				"east": { "uv": [ 8.875, 10.5, 8.625, 10.625 ], "texture": "#mye" }
			}
		},
		{
			"__comment": "Voxels",
			"from": [ -1.75, 5.5, 2.5 ],
			"to": [ -1.25, 5.75, 2.75 ],
			"faces": {
				"down": { "uv": [ 8.625, 10.375, 8.875, 10.5 ], "texture": "#mye" },
				"up": { "uv": [ 8.625, 10.375, 8.875, 10.25 ], "texture": "#mye" },
				"north": { "uv": [ 8.875, 10.125, 8.625, 10.25 ], "texture": "#mye" },
				"south": { "uv": [ 8.625, 10, 8.875, 10.125 ], "texture": "#mye" },
				"west": { "uv": [ 14.5, 14.625, 14.625, 14.75 ], "texture": "#mye" },
				"east": { "uv": [ 14.75, 14.625, 14.625, 14.75 ], "texture": "#mye" }
			}
		},
		{
			"__comment": "Voxels",
			"from": [ -1.75, 5.75, 1.25 ],
			"to": [ -1.25, 6, 1.5 ],
			"faces": {
				"down": { "uv": [ 8.625, 9.625, 8.875, 9.75 ], "texture": "#mye" },
				"up": { "uv": [ 8.625, 9.625, 8.875, 9.5 ], "texture": "#mye" },
				"north": { "uv": [ 8.875, 9.375, 8.625, 9.5 ], "texture": "#mye" },
				"south": { "uv": [ 8.625, 9.25, 8.875, 9.375 ], "texture": "#mye" },
				"west": { "uv": [ 14.75, 14.625, 14.875, 14.75 ], "texture": "#mye" },
				"east": { "uv": [ 15, 14.625, 14.875, 14.75 ], "texture": "#mye" }
			}
		},
		{
			"__comment": "Voxels",
			"from": [ -1.75, 6, 0.75 ],
			"to": [ -1.25, 6.25, 1.25 ],
			"faces": {
				"down": { "uv": [ 7.75, 13.375, 8, 13.625 ], "texture": "#mye" },
				"up": { "uv": [ 7.75, 13.375, 8, 13.125 ], "texture": "#mye" },
				"north": { "uv": [ 8.875, 8.875, 8.625, 9 ], "texture": "#mye" },
				"south": { "uv": [ 8.625, 8.75, 8.875, 8.875 ], "texture": "#mye" },
				"west": { "uv": [ 8.625, 8.625, 8.875, 8.75 ], "texture": "#mye" },
				"east": { "uv": [ 8.875, 8.5, 8.625, 8.625 ], "texture": "#mye" }
			}
		},
		{
			"__comment": "Voxels",
			"from": [ -1.75, 6, 2.75 ],
			"to": [ -1.25, 6.25, 3 ],
			"faces": {
				"down": { "uv": [ 8.625, 8.375, 8.875, 8.5 ], "texture": "#mye" },
				"up": { "uv": [ 8.625, 8.375, 8.875, 8.25 ], "texture": "#mye" },
				"north": { "uv": [ 8.875, 8.125, 8.625, 8.25 ], "texture": "#mye" },
				"south": { "uv": [ 8.625, 8, 8.875, 8.125 ], "texture": "#mye" },
				"west": { "uv": [ 15, 14.625, 15.125, 14.75 ], "texture": "#mye" },
				"east": { "uv": [ 15.25, 14.625, 15.125, 14.75 ], "texture": "#mye" }
			}
		},
		{
			"__comment": "Voxels",
			"from": [ -1.75, 6.25, 0 ],
			"to": [ -1.25, 6.5, 0.75 ],
			"faces": {
				"down": { "uv": [ 7.75, 9.625, 8, 10 ], "texture": "#mye" },
				"up": { "uv": [ 7.75, 9.25, 8, 8.875 ], "texture": "#mye" },
				"north": { "uv": [ 13.375, 14.75, 13.125, 14.875 ], "texture": "#mye" },
				"south": { "uv": [ 13.375, 14.75, 13.625, 14.875 ], "texture": "#mye" },
				"west": { "uv": [ 15.625, 15, 16, 15.125 ], "texture": "#mye" },
				"east": { "uv": [ 14.5, 14.875, 14.125, 15 ], "texture": "#mye" }
			}
		},
		{
			"__comment": "Voxels",
			"from": [ -1.75, 6.5, 0.25 ],
			"to": [ -1.25, 6.75, 1 ],
			"faces": {
				"down": { "uv": [ 8, 12.875, 8.25, 13.25 ], "texture": "#mye" },
				"up": { "uv": [ 8, 14.375, 8.25, 14 ], "texture": "#mye" },
				"north": { "uv": [ 14.375, 14.75, 14.125, 14.875 ], "texture": "#mye" },
				"south": { "uv": [ 14.375, 14.75, 14.625, 14.875 ], "texture": "#mye" },
				"west": { "uv": [ 14.5, 14.875, 14.875, 15 ], "texture": "#mye" },
				"east": { "uv": [ 10.375, 14.75, 10, 14.875 ], "texture": "#mye" }
			}
		},
		{
			"__comment": "Voxels",
			"from": [ -1.75, 6.5, 3 ],
			"to": [ -1.25, 8, 3.25 ],
			"faces": {
				"down": { "uv": [ 14.625, 14.75, 14.875, 14.875 ], "texture": "#mye" },
				"up": { "uv": [ 14.875, 14.875, 15.125, 14.75 ], "texture": "#mye" },
				"north": { "uv": [ 7.75, 12.375, 7.5, 13.125 ], "texture": "#mye" },
				"south": { "uv": [ 7.25, 12.375, 7.5, 13.125 ], "texture": "#mye" },
				"west": { "uv": [ 8, 8.375, 8.125, 9.125 ], "texture": "#mye" },
				"east": { "uv": [ 8.25, 9.125, 8.125, 9.875 ], "texture": "#mye" }
			}
		},
		{
			"__comment": "Voxels",
			"from": [ -1.75, 6.5, 3.25 ],
			"to": [ -1.25, 7, 3.5 ],
			"faces": {
				"down": { "uv": [ 15.625, 14.75, 15.875, 14.875 ], "texture": "#mye" },
				"up": { "uv": [ 9, 14.75, 9.25, 14.625 ], "texture": "#mye" },
				"north": { "uv": [ 8, 12.125, 7.75, 12.375 ], "texture": "#mye" },
				"south": { "uv": [ 7.75, 8.25, 8, 8.5 ], "texture": "#mye" },
				"west": { "uv": [ 8.875, 14, 9, 14.25 ], "texture": "#mye" },
				"east": { "uv": [ 9, 13.75, 8.875, 14 ], "texture": "#mye" }
			}
		},
		{
			"__comment": "Voxels",
			"from": [ -1.75, 6.5, 3.5 ],
			"to": [ -1.25, 6.75, 3.75 ],
			"faces": {
				"down": { "uv": [ 9, 14.5, 9.25, 14.625 ], "texture": "#mye" },
				"up": { "uv": [ 9, 14.5, 9.25, 14.375 ], "texture": "#mye" },
				"north": { "uv": [ 9.25, 14.25, 9, 14.375 ], "texture": "#mye" },
				"south": { "uv": [ 9, 14.125, 9.25, 14.25 ], "texture": "#mye" },
				"west": { "uv": [ 9.25, 12.875, 9.375, 13 ], "texture": "#mye" },
				"east": { "uv": [ 9.375, 13, 9.25, 13.125 ], "texture": "#mye" }
			}
		},
		{
			"__comment": "Voxels",
			"from": [ -1.75, 6.75, 0.5 ],
			"to": [ -1.25, 7.5, 1 ],
			"faces": {
				"down": { "uv": [ 15.75, 15.625, 16, 15.875 ], "texture": "#mye" },
				"up": { "uv": [ 8.375, 12.75, 8.625, 12.5 ], "texture": "#mye" },
				"north": { "uv": [ 8.25, 12.125, 8, 12.5 ], "texture": "#mye" },
				"south": { "uv": [ 8, 9.875, 8.25, 10.25 ], "texture": "#mye" },
				"west": { "uv": [ 8, 11, 8.25, 11.375 ], "texture": "#mye" },
				"east": { "uv": [ 8.25, 11.375, 8, 11.75 ], "texture": "#mye" }
			}
		},
		{
			"__comment": "Voxels",
			"from": [ -1.75, 7, 2.75 ],
			"to": [ -1.25, 10.25, 3 ],
			"faces": {
				"down": { "uv": [ 9, 13.75, 9.25, 13.875 ], "texture": "#mye" },
				"up": { "uv": [ 9, 13.75, 9.25, 13.625 ], "texture": "#mye" },
				"north": { "uv": [ 3.25, 8.125, 3, 9.75 ], "texture": "#mye" },
				"south": { "uv": [ 3.25, 8.125, 3.5, 9.75 ], "texture": "#mye" },
				"west": { "uv": [ 4.625, 8.375, 4.75, 10 ], "texture": "#mye" },
				"east": { "uv": [ 4.625, 8.375, 4.5, 10 ], "texture": "#mye" }
			}
		},
		{
			"__comment": "Voxels",
			"from": [ -1.75, 7.5, 0.75 ],
			"to": [ -1.25, 13.75, 1 ],
			"faces": {
				"down": { "uv": [ 9, 13, 9.25, 13.125 ], "texture": "#mye" },
				"up": { "uv": [ 9, 13, 9.25, 12.875 ], "texture": "#mye" },
				"north": { "uv": [ 4.5, 12.875, 4.25, 16 ], "texture": "#mye" },
				"south": { "uv": [ 4.25, 9.75, 4.5, 12.875 ], "texture": "#mye" },
				"west": { "uv": [ 5.5, 9.75, 5.625, 12.875 ], "texture": "#mye" },
				"east": { "uv": [ 5.75, 12.875, 5.625, 16 ], "texture": "#mye" }
			}
		},
		{
			"__comment": "Voxels",
			"from": [ -1.75, 7.5, 1 ],
			"to": [ -1.25, 12.5, 1.25 ],
			"faces": {
				"down": { "uv": [ 9, 12.5, 9.25, 12.625 ], "texture": "#mye" },
				"up": { "uv": [ 9, 12.5, 9.25, 12.375 ], "texture": "#mye" },
				"north": { "uv": [ 2.25, 8, 2, 10.5 ], "texture": "#mye" },
				"south": { "uv": [ 2.25, 8, 2.5, 10.5 ], "texture": "#mye" },
				"west": { "uv": [ 5, 8, 5.125, 10.5 ], "texture": "#mye" },
				"east": { "uv": [ 5.25, 8, 5.125, 10.5 ], "texture": "#mye" }
			}
		},
		{
			"__comment": "Voxels",
			"from": [ -1.75, 8.25, 2.5 ],
			"to": [ -1.25, 12.75, 2.75 ],
			"faces": {
				"down": { "uv": [ 9, 12, 9.25, 12.125 ], "texture": "#mye" },
				"up": { "uv": [ 9, 12, 9.25, 11.875 ], "texture": "#mye" },
				"north": { "uv": [ 3.75, 8.25, 3.5, 10.5 ], "texture": "#mye" },
				"south": { "uv": [ 3.75, 8.25, 4, 10.5 ], "texture": "#mye" },
				"west": { "uv": [ 4.75, 8, 4.875, 10.25 ], "texture": "#mye" },
				"east": { "uv": [ 5, 8, 4.875, 10.25 ], "texture": "#mye" }
			}
		},
		{
			"__comment": "Voxels",
			"from": [ -1.75, 10.25, 2.25 ],
			"to": [ -1.25, 17, 2.5 ],
			"faces": {
				"down": { "uv": [ 9, 11.25, 9.25, 11.375 ], "texture": "#mye" },
				"up": { "uv": [ 9, 11.25, 9.25, 11.125 ], "texture": "#mye" },
				"north": { "uv": [ 4.25, 9.25, 4, 12.625 ], "texture": "#mye" },
				"south": { "uv": [ 4, 12.625, 4.25, 16 ], "texture": "#mye" },
				"west": { "uv": [ 5.25, 8.375, 5.375, 11.75 ], "texture": "#mye" },
				"east": { "uv": [ 5.5, 8.375, 5.375, 11.75 ], "texture": "#mye" }
			}
		},
		{
			"__comment": "Voxels",
			"from": [ -1.75, 12.5, 0.5 ],
			"to": [ -1.25, 15.25, 0.75 ],
			"faces": {
				"down": { "uv": [ 9, 11, 9.25, 11.125 ], "texture": "#mye" },
				"up": { "uv": [ 11.25, 14.75, 11.5, 14.625 ], "texture": "#mye" },
				"north": { "uv": [ 4.5, 8.375, 4.25, 9.75 ], "texture": "#mye" },
				"south": { "uv": [ 6, 11.625, 6.25, 13 ], "texture": "#mye" },
				"west": { "uv": [ 7.625, 10.75, 7.75, 12.125 ], "texture": "#mye" },
				"east": { "uv": [ 7.625, 10.75, 7.5, 12.125 ], "texture": "#mye" }
			}
		},
		{
			"__comment": "Voxels",
			"from": [ -1.75, 12.75, 2 ],
			"to": [ -1.25, 15.25, 2.25 ],
			"faces": {
				"down": { "uv": [ 9, 10.875, 9.25, 11 ], "texture": "#mye" },
				"up": { "uv": [ 9, 10.875, 9.25, 10.75 ], "texture": "#mye" },
				"north": { "uv": [ 4.25, 8, 4, 9.25 ], "texture": "#mye" },
				"south": { "uv": [ 6, 10.375, 6.25, 11.625 ], "texture": "#mye" },
				"west": { "uv": [ 7, 9.5, 7.125, 10.75 ], "texture": "#mye" },
				"east": { "uv": [ 7.25, 9.5, 7.125, 10.75 ], "texture": "#mye" }
			}
		},
		{
			"__comment": "Voxels",
			"from": [ -1.75, 13.75, 0.25 ],
			"to": [ -1.25, 18, 0.5 ],
			"faces": {
				"down": { "uv": [ 9, 10.5, 9.25, 10.625 ], "texture": "#mye" },
				"up": { "uv": [ 9, 10.5, 9.25, 10.375 ], "texture": "#mye" },
				"north": { "uv": [ 5.5, 11.75, 5.25, 13.875 ], "texture": "#mye" },
				"south": { "uv": [ 5.25, 13.875, 5.5, 16 ], "texture": "#mye" },
				"west": { "uv": [ 6.25, 13.125, 6.375, 15.25 ], "texture": "#mye" },
				"east": { "uv": [ 6.5, 13.125, 6.375, 15.25 ], "texture": "#mye" }
			}
		},
		{
			"__comment": "Voxels",
			"from": [ -1.75, 15.25, 0 ],
			"to": [ -1.25, 16.75, 0.25 ],
			"faces": {
				"down": { "uv": [ 9, 10.125, 9.25, 10.25 ], "texture": "#mye" },
				"up": { "uv": [ 9, 10.125, 9.25, 10 ], "texture": "#mye" },
				"north": { "uv": [ 7, 8, 6.75, 8.75 ], "texture": "#mye" },
				"south": { "uv": [ 6.5, 8, 6.75, 8.75 ], "texture": "#mye" },
				"west": { "uv": [ 8.375, 14.5, 8.5, 15.25 ], "texture": "#mye" },
				"east": { "uv": [ 8.25, 8.375, 8.125, 9.125 ], "texture": "#mye" }
			}
		},
		{
			"__comment": "Voxels",
			"from": [ -1.75, 15.25, 2.5 ],
			"to": [ -1.25, 17.5, 2.75 ],
			"faces": {
				"down": { "uv": [ 9, 9.875, 9.25, 10 ], "texture": "#mye" },
				"up": { "uv": [ 9, 9.875, 9.25, 9.75 ], "texture": "#mye" },
				"north": { "uv": [ 6.25, 9.125, 6, 10.25 ], "texture": "#mye" },
				"south": { "uv": [ 5.75, 9.125, 6, 10.25 ], "texture": "#mye" },
				"west": { "uv": [ 7.25, 8.375, 7.375, 9.5 ], "texture": "#mye" },
				"east": { "uv": [ 7.25, 8.375, 7.125, 9.5 ], "texture": "#mye" }
			}
		},
		{
			"__comment": "Voxels",
			"from": [ -1.75, 16.75, 0.5 ],
			"to": [ -1.25, 18.75, 0.75 ],
			"faces": {
				"down": { "uv": [ 9, 9.625, 9.25, 9.75 ], "texture": "#mye" },
				"up": { "uv": [ 9, 9.625, 9.25, 9.5 ], "texture": "#mye" },
				"north": { "uv": [ 6.25, 8.125, 6, 9.125 ], "texture": "#mye" },
				"south": { "uv": [ 5.75, 8.125, 6, 9.125 ], "texture": "#mye" },
				"west": { "uv": [ 7.5, 8.25, 7.625, 9.25 ], "texture": "#mye" },
				"east": { "uv": [ 7.75, 8.25, 7.625, 9.25 ], "texture": "#mye" }
			}
		},
		{
			"__comment": "Voxels",
			"from": [ -1.75, 17, 2.75 ],
			"to": [ -1.25, 17.25, 3 ],
			"faces": {
				"down": { "uv": [ 9, 9.375, 9.25, 9.5 ], "texture": "#mye" },
				"up": { "uv": [ 9, 9.375, 9.25, 9.25 ], "texture": "#mye" },
				"north": { "uv": [ 9.25, 9.125, 9, 9.25 ], "texture": "#mye" },
				"south": { "uv": [ 9, 9, 9.25, 9.125 ], "texture": "#mye" },
				"west": { "uv": [ 9.25, 13.75, 9.375, 13.875 ], "texture": "#mye" },
				"east": { "uv": [ 9.375, 13.625, 9.25, 13.75 ], "texture": "#mye" }
			}
		},
		{
			"__comment": "Voxels",
			"from": [ -1.75, 17.25, 2.25 ],
			"to": [ -1.25, 18.25, 2.5 ],
			"faces": {
				"down": { "uv": [ 9, 8.875, 9.25, 9 ], "texture": "#mye" },
				"up": { "uv": [ 9, 8.875, 9.25, 8.75 ], "texture": "#mye" },
				"north": { "uv": [ 7.75, 9.5, 7.5, 10 ], "texture": "#mye" },
				"south": { "uv": [ 7.25, 9.5, 7.5, 10 ], "texture": "#mye" },
				"west": { "uv": [ 8.25, 11.625, 8.375, 12.125 ], "texture": "#mye" },
				"east": { "uv": [ 8.5, 11.625, 8.375, 12.125 ], "texture": "#mye" }
			}
		},
		{
			"__comment": "Voxels",
			"from": [ -1.75, 17.5, 2 ],
			"to": [ -1.25, 18.75, 2.25 ],
			"faces": {
				"down": { "uv": [ 9, 8.375, 9.25, 8.5 ], "texture": "#mye" },
				"up": { "uv": [ 9, 8.375, 9.25, 8.25 ], "texture": "#mye" },
				"north": { "uv": [ 8, 12.5, 7.75, 13.125 ], "texture": "#mye" },
				"south": { "uv": [ 7.75, 10.875, 8, 11.5 ], "texture": "#mye" },
				"west": { "uv": [ 8.25, 12.75, 8.375, 13.375 ], "texture": "#mye" },
				"east": { "uv": [ 8.5, 12.75, 8.375, 13.375 ], "texture": "#mye" }
			}
		},
		{
			"__comment": "Voxels",
			"from": [ -1.75, 18, 0.75 ],
			"to": [ -1.25, 19.5, 1 ],
			"faces": {
				"down": { "uv": [ 9, 8.125, 9.25, 8.25 ], "texture": "#mye" },
				"up": { "uv": [ 9, 8.125, 9.25, 8 ], "texture": "#mye" },
				"north": { "uv": [ 6.5, 8, 6.25, 8.75 ], "texture": "#mye" },
				"south": { "uv": [ 6.75, 9.5, 7, 10.25 ], "texture": "#mye" },
				"west": { "uv": [ 8.125, 10.25, 8.25, 11 ], "texture": "#mye" },
				"east": { "uv": [ 8.125, 14.375, 8, 15.125 ], "texture": "#mye" }
			}
		},
		{
			"__comment": "Voxels",
			"from": [ -1.75, 18.25, 1.75 ],
			"to": [ -1.25, 19.5, 2 ],
			"faces": {
				"down": { "uv": [ 9.25, 14.625, 9.5, 14.75 ], "texture": "#mye" },
				"up": { "uv": [ 9.5, 14.75, 9.75, 14.625 ], "texture": "#mye" },
				"north": { "uv": [ 7, 13.125, 6.75, 13.75 ], "texture": "#mye" },
				"south": { "uv": [ 7.75, 11.5, 8, 12.125 ], "texture": "#mye" },
				"west": { "uv": [ 8.375, 13.5, 8.5, 14.125 ], "texture": "#mye" },
				"east": { "uv": [ 8.625, 13.5, 8.5, 14.125 ], "texture": "#mye" }
			}
		},
		{
			"__comment": "Voxels",
			"from": [ -1.75, 18.75, 1 ],
			"to": [ -1.25, 19.5, 1.25 ],
			"faces": {
				"down": { "uv": [ 10, 14.625, 10.25, 14.75 ], "texture": "#mye" },
				"up": { "uv": [ 10.25, 14.75, 10.5, 14.625 ], "texture": "#mye" },
				"north": { "uv": [ 8.25, 12.5, 8, 12.875 ], "texture": "#mye" },
				"south": { "uv": [ 8, 11.75, 8.25, 12.125 ], "texture": "#mye" },
				"west": { "uv": [ 8.75, 12.75, 8.875, 13.125 ], "texture": "#mye" },
				"east": { "uv": [ 8.75, 12.75, 8.625, 13.125 ], "texture": "#mye" }
			}
		},
		{
			"__comment": "Voxels",
			"from": [ -1.75, 18.75, 1.5 ],
			"to": [ -1.25, 20.25, 1.75 ],
			"faces": {
				"down": { "uv": [ 10.75, 14.625, 11, 14.75 ], "texture": "#mye" },
				"up": { "uv": [ 11, 14.75, 11.25, 14.625 ], "texture": "#mye" },
				"north": { "uv": [ 6.75, 9.5, 6.5, 10.25 ], "texture": "#mye" },
				"south": { "uv": [ 7, 12.375, 7.25, 13.125 ], "texture": "#mye" },
				"west": { "uv": [ 8, 9.125, 8.125, 9.875 ], "texture": "#mye" },
				"east": { "uv": [ 8.375, 14.5, 8.25, 15.25 ], "texture": "#mye" }
			}
		},
		{
			"__comment": "Voxels",
			"from": [ -1.75, 19.5, 1.25 ],
			"to": [ -1.25, 20.25, 1.5 ],
			"faces": {
				"down": { "uv": [ 11.5, 14.625, 11.75, 14.75 ], "texture": "#mye" },
				"up": { "uv": [ 11.75, 14.75, 12, 14.625 ], "texture": "#mye" },
				"north": { "uv": [ 8.25, 8, 8, 8.375 ], "texture": "#mye" },
				"south": { "uv": [ 8.25, 14.125, 8.5, 14.5 ], "texture": "#mye" },
				"west": { "uv": [ 8.75, 14.25, 8.875, 14.625 ], "texture": "#mye" },
				"east": { "uv": [ 8.75, 14.25, 8.625, 14.625 ], "texture": "#mye" }
			}
		},
		{
			"__comment": "Voxels",
			"from": [ -1.5, 5.25, 2 ],
			"to": [ -1, 5.5, 2.25 ],
			"faces": {
				"down": { "uv": [ 12, 14.625, 12.25, 14.75 ], "texture": "#mye" },
				"up": { "uv": [ 12.25, 14.75, 12.5, 14.625 ], "texture": "#mye" },
				"north": { "uv": [ 12.75, 14.625, 12.5, 14.75 ], "texture": "#mye" },
				"south": { "uv": [ 12.75, 14.625, 13, 14.75 ], "texture": "#mye" },
				"west": { "uv": [ 15.5, 14.625, 15.625, 14.75 ], "texture": "#mye" },
				"east": { "uv": [ 15.75, 14.625, 15.625, 14.75 ], "texture": "#mye" }
			}
		},
		{
			"__comment": "Voxels",
			"from": [ -1.25, 2.5, 1.75 ],
			"to": [ -1, 3, 2.25 ],
			"faces": {
				"down": { "uv": [ 8.875, 9.75, 9, 10 ], "texture": "#mye" },
				"up": { "uv": [ 8.875, 9.75, 9, 9.5 ], "texture": "#mye" },
				"north": { "uv": [ 9, 9.25, 8.875, 9.5 ], "texture": "#mye" },
				"south": { "uv": [ 8.875, 9, 9, 9.25 ], "texture": "#mye" },
				"west": { "uv": [ 8.375, 12.25, 8.625, 12.5 ], "texture": "#mye" },
				"east": { "uv": [ 8.5, 11.375, 8.25, 11.625 ], "texture": "#mye" }
			}
		},
		{
			"__comment": "Voxels",
			"from": [ -1.25, 3, 2 ],
			"to": [ -1, 3.75, 2.25 ],
			"faces": {
				"down": { "uv": [ 9.25, 13.25, 9.375, 13.375 ], "texture": "#mye" },
				"up": { "uv": [ 9.25, 13.25, 9.375, 13.125 ], "texture": "#mye" },
				"north": { "uv": [ 8.625, 14.125, 8.5, 14.5 ], "texture": "#mye" },
				"south": { "uv": [ 7.375, 8, 7.5, 8.375 ], "texture": "#mye" },
				"west": { "uv": [ 8.75, 12.375, 8.875, 12.75 ], "texture": "#mye" },
				"east": { "uv": [ 8.75, 12.375, 8.625, 12.75 ], "texture": "#mye" }
			}
		},
		{
			"__comment": "Voxels",
			"from": [ -1.25, 4, 2 ],
			"to": [ -1, 4.5, 2.25 ],
			"faces": {
				"down": { "uv": [ 9.25, 12.5, 9.375, 12.625 ], "texture": "#mye" },
				"up": { "uv": [ 9.25, 12.5, 9.375, 12.375 ], "texture": "#mye" },
				"north": { "uv": [ 9, 8.75, 8.875, 9 ], "texture": "#mye" },
				"south": { "uv": [ 8.875, 8.5, 9, 8.75 ], "texture": "#mye" },
				"west": { "uv": [ 8.875, 8.25, 9, 8.5 ], "texture": "#mye" },
				"east": { "uv": [ 9, 8, 8.875, 8.25 ], "texture": "#mye" }
			}
		},
		{
			"__comment": "Voxels",
			"from": [ -1.25, 4.25, 1.75 ],
			"to": [ -1, 4.75, 2 ],
			"faces": {
				"down": { "uv": [ 9.25, 11.75, 9.375, 11.875 ], "texture": "#mye" },
				"up": { "uv": [ 9.25, 11.75, 9.375, 11.625 ], "texture": "#mye" },
				"north": { "uv": [ 9.375, 14.375, 9.25, 14.625 ], "texture": "#mye" },
				"south": { "uv": [ 9.25, 14.125, 9.375, 14.375 ], "texture": "#mye" },
				"west": { "uv": [ 9.25, 13.875, 9.375, 14.125 ], "texture": "#mye" },
				"east": { "uv": [ 9, 13.5, 8.875, 13.75 ], "texture": "#mye" }
			}
		},
		{
			"__comment": "Voxels",
			"from": [ -1.25, 5.25, 1.75 ],
			"to": [ -1, 5.5, 2 ],
			"faces": {
				"down": { "uv": [ 9.25, 11, 9.375, 11.125 ], "texture": "#mye" },
				"up": { "uv": [ 9.25, 11, 9.375, 10.875 ], "texture": "#mye" },
				"north": { "uv": [ 9.375, 10.75, 9.25, 10.875 ], "texture": "#mye" },
				"south": { "uv": [ 9.25, 10.625, 9.375, 10.75 ], "texture": "#mye" },
				"west": { "uv": [ 9.25, 10.5, 9.375, 10.625 ], "texture": "#mye" },
				"east": { "uv": [ 9.375, 10.375, 9.25, 10.5 ], "texture": "#mye" }
			}
		},
		{
			"__comment": "Voxels",
			"from": [ -1.25, 5.5, 2 ],
			"to": [ -1, 5.75, 2.25 ],
			"faces": {
				"down": { "uv": [ 9.25, 10.25, 9.375, 10.375 ], "texture": "#mye" },
				"up": { "uv": [ 9.25, 10.25, 9.375, 10.125 ], "texture": "#mye" },
				"north": { "uv": [ 9.375, 10, 9.25, 10.125 ], "texture": "#mye" },
				"south": { "uv": [ 9.25, 9.875, 9.375, 10 ], "texture": "#mye" },
				"west": { "uv": [ 9.25, 9.75, 9.375, 9.875 ], "texture": "#mye" },
				"east": { "uv": [ 9.375, 9.625, 9.25, 9.75 ], "texture": "#mye" }
			}
		},
		{
			"__comment": "Voxels",
			"from": [ -1, 6.25, 2 ],
			"to": [ -0.5, 6.5, 2.25 ],
			"faces": {
				"down": { "uv": [ 13.5, 14.625, 13.75, 14.75 ], "texture": "#mye" },
				"up": { "uv": [ 13.75, 14.75, 14, 14.625 ], "texture": "#mye" },
				"north": { "uv": [ 6, 8, 5.75, 8.125 ], "texture": "#mye" },
				"south": { "uv": [ 6, 8, 6.25, 8.125 ], "texture": "#mye" },
				"west": { "uv": [ 9.25, 9, 9.375, 9.125 ], "texture": "#mye" },
				"east": { "uv": [ 9.375, 8.875, 9.25, 9 ], "texture": "#mye" }
			}
		},
		{
			"__comment": "Voxels",
			"from": [ -1, 6.75, 1.75 ],
			"to": [ -0.5, 7, 2.25 ],
			"faces": {
				"down": { "uv": [ 8.25, 11.125, 8.5, 11.375 ], "texture": "#mye" },
				"up": { "uv": [ 8.25, 11.125, 8.5, 10.875 ], "texture": "#mye" },
				"north": { "uv": [ 8, 12.375, 7.75, 12.5 ], "texture": "#mye" },
				"south": { "uv": [ 7.75, 10.75, 8, 10.875 ], "texture": "#mye" },
				"west": { "uv": [ 8.625, 9.875, 8.875, 10 ], "texture": "#mye" },
				"east": { "uv": [ 8.875, 9.75, 8.625, 9.875 ], "texture": "#mye" }
			}
		},
		{
			"__comment": "Voxels",
			"from": [ -0.75, 6.25, 1.75 ],
			"to": [ -0.5, 6.75, 2 ],
			"faces": {
				"down": { "uv": [ 9.25, 8, 9.375, 8.125 ], "texture": "#mye" },
				"up": { "uv": [ 9.375, 14.625, 9.5, 14.5 ], "texture": "#mye" },
				"north": { "uv": [ 8.75, 9, 8.625, 9.25 ], "texture": "#mye" },
				"south": { "uv": [ 8.75, 9, 8.875, 9.25 ], "texture": "#mye" },
				"west": { "uv": [ 8.875, 14.5, 9, 14.75 ], "texture": "#mye" },
				"east": { "uv": [ 9, 14.25, 8.875, 14.5 ], "texture": "#mye" }
			}
		},
		{
			"__comment": "Voxels",
			"from": [ -0.75, 6.5, 2 ],
			"to": [ -0.5, 6.75, 2.25 ],
			"faces": {
				"down": { "uv": [ 10, 14.5, 10.125, 14.625 ], "texture": "#mye" },
				"up": { "uv": [ 10.125, 14.625, 10.25, 14.5 ], "texture": "#mye" },
				"north": { "uv": [ 10.375, 14.5, 10.25, 14.625 ], "texture": "#mye" },
				"south": { "uv": [ 10.375, 14.5, 10.5, 14.625 ], "texture": "#mye" },
				"west": { "uv": [ 10.5, 14.5, 10.625, 14.625 ], "texture": "#mye" },
				"east": { "uv": [ 10.75, 14.5, 10.625, 14.625 ], "texture": "#mye" }
			}
		}
	],
	"display": {
		"thirdperson_righthand": {
			"translation":  [ 10, 2.5, 9 ],
			"scale":  [ 1.1, 1.1, 1.1 ]
		},
		"thirdperson_lefthand": {
			"translation":  [ -11, 2.5, 9 ],
			"scale":  [ 1.1, 1.1, 1.1 ]
		},
		"firstperson_righthand": {
			"translation":  [ 10, 2.5, 9 ],
			"scale":  [ 1.1, 1.1, 1.1 ]
		},
		"firstperson_lefthand": {
			"translation":  [ -11, 2.5, 9 ],
			"scale":  [ 1.1, 1.1, 1.1 ]
		},
		"gui": {
			"rotation":  [ 90, -135, 90 ],
			"translation":  [ -6, 3, 0 ]
		},
		"head": {
			"rotation":  [ -90, 0, 0 ],
			"translation":  [ 19, -10, 0 ],
			"scale":  [ 2, 2, 2 ]
		},
		"ground": {
			"translation":  [ 10, 2.5, 9 ],
			"scale":  [ 1.1, 1.1, 1.1 ]
		},
		"fixed": {
			"rotation":  [ 90, 0, 90 ],
			"translation":  [ 3, -7, 10 ],
			"scale":  [ 1.1, 1.1, 1.1 ]
		}
	}
}