{
	"__comment": "Designed by Ling_Meng with Cubik Studio - https://cubik.studio",
	"textures": {
		"rsdl": "blocks/rsdl"
	},
	"elements": [ 	 
		{
			"__comment": "Voxels",
			"from": [ 3.75, 0, 4 ],
			"to": [ 12.25, 1, 12 ],
			"faces": {
				"down": { "uv": [ 0, 14, 2.125, 16 ], "texture": "#rsdl" },
				"up": { "uv": [ 2.125, 16, 4.25, 14 ], "texture": "#rsdl" },
				"north": { "uv": [ 2.125, 8.375, 0, 8.625 ], "texture": "#rsdl" },
				"south": { "uv": [ 2.125, 8.375, 4.25, 8.625 ], "texture": "#rsdl" },
				"west": { "uv": [ 4.25, 8.375, 6.25, 8.625 ], "texture": "#rsdl" },
				"east": { "uv": [ 2, 8.125, 0, 8.375 ], "texture": "#rsdl" }
			}
		},
		{
			"__comment": "Voxels",
			"from": [ 4, 0, 3.75 ],
			"to": [ 12, 1, 4 ],
			"faces": {
				"down": { "uv": [ 0, 7.8125, 2, 7.875 ], "texture": "#rsdl" },
				"up": { "uv": [ 2, 7.875, 4, 7.8125 ], "texture": "#rsdl" },
				"north": { "uv": [ 4, 8.125, 2, 8.375 ], "texture": "#rsdl" },
				"south": { "uv": [ 4, 8.125, 6, 8.375 ], "texture": "#rsdl" },
				"west": { "uv": [ 7.5, 12.0625, 7.5625, 12.3125 ], "texture": "#rsdl" },
				"east": { "uv": [ 8, 13.5, 7.9375, 13.75 ], "texture": "#rsdl" }
			}
		},
		{
			"__comment": "Voxels",
			"from": [ 4, 0, 12 ],
			"to": [ 12, 1, 12.25 ],
			"faces": {
				"down": { "uv": [ 6, 7.8125, 8, 7.875 ], "texture": "#rsdl" },
				"up": { "uv": [ 0, 7.8125, 2, 7.75 ], "texture": "#rsdl" },
				"north": { "uv": [ 8, 8.125, 6, 8.375 ], "texture": "#rsdl" },
				"south": { "uv": [ 0, 7.875, 2, 8.125 ], "texture": "#rsdl" },
				"west": { "uv": [ 7.875, 13.5, 7.9375, 13.75 ], "texture": "#rsdl" },
				"east": { "uv": [ 7.625, 12.0625, 7.5625, 12.3125 ], "texture": "#rsdl" }
			}
		},
		{
			"__comment": "Voxels",
			"from": [ 4, 1, 4 ],
			"to": [ 12, 1.25, 12 ],
			"faces": {
				"down": { "uv": [ 4.25, 14, 6.25, 16 ], "texture": "#rsdl" },
				"up": { "uv": [ 0, 14, 2, 12 ], "texture": "#rsdl" },
				"north": { "uv": [ 6, 7.8125, 4, 7.875 ], "texture": "#rsdl" },
				"south": { "uv": [ 4, 7.75, 6, 7.8125 ], "texture": "#rsdl" },
				"west": { "uv": [ 6, 7.75, 8, 7.8125 ], "texture": "#rsdl" },
				"east": { "uv": [ 4, 7.75, 2, 7.8125 ], "texture": "#rsdl" }
			}
		},
		{
			"__comment": "Voxels",
			"from": [ 4.25, 8, 4.5 ],
			"to": [ 11.75, 9, 11.5 ],
			"faces": {
				"down": { "uv": [ 3.875, 12.25, 5.75, 14 ], "texture": "#rsdl" },
				"up": { "uv": [ 2, 14, 3.875, 12.25 ], "texture": "#rsdl" },
				"north": { "uv": [ 3.875, 12, 2, 12.25 ], "texture": "#rsdl" },
				"south": { "uv": [ 3.875, 12, 5.75, 12.25 ], "texture": "#rsdl" },
				"west": { "uv": [ 6.25, 14, 8, 14.25 ], "texture": "#rsdl" },
				"east": { "uv": [ 7.5, 12, 5.75, 12.25 ], "texture": "#rsdl" }
			}
		},
		{
			"__comment": "Voxels",
			"from": [ 4.5, 7.75, 4.5 ],
			"to": [ 11.5, 8, 11.5 ],
			"faces": {
				"down": { "uv": [ 1.75, 10.25, 3.5, 12 ], "texture": "#rsdl" },
				"up": { "uv": [ 6.25, 16, 8, 14.25 ], "texture": "#rsdl" },
				"north": { "uv": [ 1.75, 7.5625, 0, 7.625 ], "texture": "#rsdl" },
				"south": { "uv": [ 1.75, 7.5625, 3.5, 7.625 ], "texture": "#rsdl" },
				"west": { "uv": [ 3.5, 7.5625, 5.25, 7.625 ], "texture": "#rsdl" },
				"east": { "uv": [ 7, 7.5625, 5.25, 7.625 ], "texture": "#rsdl" }
			}
		},
		{
			"__comment": "Voxels",
			"from": [ 4.5, 8, 4.25 ],
			"to": [ 11.5, 9, 4.5 ],
			"faces": {
				"down": { "uv": [ 0, 7.6875, 1.75, 7.75 ], "texture": "#rsdl" },
				"up": { "uv": [ 1.75, 7.75, 3.5, 7.6875 ], "texture": "#rsdl" },
				"north": { "uv": [ 5.5, 7.875, 3.75, 8.125 ], "texture": "#rsdl" },
				"south": { "uv": [ 5.5, 7.875, 7.25, 8.125 ], "texture": "#rsdl" },
				"west": { "uv": [ 7.6875, 12.0625, 7.75, 12.3125 ], "texture": "#rsdl" },
				"east": { "uv": [ 7.6875, 12.0625, 7.625, 12.3125 ], "texture": "#rsdl" }
			}
		},
		{
			"__comment": "Voxels",
			"from": [ 4.5, 8, 11.5 ],
			"to": [ 11.5, 9, 11.75 ],
			"faces": {
				"down": { "uv": [ 3.5, 7.6875, 5.25, 7.75 ], "texture": "#rsdl" },
				"up": { "uv": [ 5.25, 7.75, 7, 7.6875 ], "texture": "#rsdl" },
				"north": { "uv": [ 3.75, 7.875, 2, 8.125 ], "texture": "#rsdl" },
				"south": { "uv": [ 6.25, 8.375, 8, 8.625 ], "texture": "#rsdl" },
				"west": { "uv": [ 7.875, 13.75, 7.9375, 14 ], "texture": "#rsdl" },
				"east": { "uv": [ 8, 13.75, 7.9375, 14 ], "texture": "#rsdl" }
			}
		},
		{
			"__comment": "Voxels",
			"from": [ 4.5, 9, 4.5 ],
			"to": [ 11.5, 9.25, 11.5 ],
			"faces": {
				"down": { "uv": [ 0, 10.25, 1.75, 12 ], "texture": "#rsdl" },
				"up": { "uv": [ 5.75, 14, 7.5, 12.25 ], "texture": "#rsdl" },
				"north": { "uv": [ 1.75, 7.625, 0, 7.6875 ], "texture": "#rsdl" },
				"south": { "uv": [ 1.75, 7.625, 3.5, 7.6875 ], "texture": "#rsdl" },
				"west": { "uv": [ 3.5, 7.625, 5.25, 7.6875 ], "texture": "#rsdl" },
				"east": { "uv": [ 7, 7.625, 5.25, 7.6875 ], "texture": "#rsdl" }
			}
		},
		{
			"__comment": "Voxels",
			"from": [ 4.75, 1.25, 4.75 ],
			"to": [ 11.25, 7.75, 11.25 ],
			"faces": {
				"down": { "uv": [ 5.125, 10.375, 6.75, 12 ], "texture": "#rsdl" },
				"up": { "uv": [ 3.5, 12, 5.125, 10.375 ], "texture": "#rsdl" },
				"north": { "uv": [ 1.625, 8.625, 0, 10.25 ], "texture": "#rsdl" },
				"south": { "uv": [ 1.625, 8.625, 0, 10.25 ], "texture": "#rsdl" },
				"west": { "uv": [ 1.625, 8.625, 0, 10.25 ], "texture": "#rsdl" },
				"east": { "uv": [ 1.625, 8.625, 0, 10.25 ], "texture": "#rsdl" }
			}
		},
		{
			"__comment": "Voxels",
			"from": [ 7.25, 9.25, 7.5 ],
			"to": [ 8.75, 10, 8.5 ],
			"faces": {
				"down": { "uv": [ 7.5, 13.75, 7.875, 14 ], "texture": "#rsdl" },
				"up": { "uv": [ 7.5, 13.75, 7.875, 13.5 ], "texture": "#rsdl" },
				"north": { "uv": [ 7.875, 13.3125, 7.5, 13.5 ], "texture": "#rsdl" },
				"south": { "uv": [ 7.5, 13.125, 7.875, 13.3125 ], "texture": "#rsdl" },
				"west": { "uv": [ 7.5, 12.6875, 7.75, 12.875 ], "texture": "#rsdl" },
				"east": { "uv": [ 8, 12.6875, 7.75, 12.875 ], "texture": "#rsdl" }
			}
		},
		{
			"__comment": "Voxels",
			"from": [ 7.5, 9.25, 7.25 ],
			"to": [ 8.5, 10, 7.5 ],
			"faces": {
				"down": { "uv": [ 7.75, 12.25, 8, 12.3125 ], "texture": "#rsdl" },
				"up": { "uv": [ 7.75, 12.25, 8, 12.1875 ], "texture": "#rsdl" },
				"north": { "uv": [ 7.75, 12.5, 7.5, 12.6875 ], "texture": "#rsdl" },
				"south": { "uv": [ 7.75, 12.5, 8, 12.6875 ], "texture": "#rsdl" },
				"west": { "uv": [ 7.875, 13.3125, 7.9375, 13.5 ], "texture": "#rsdl" },
				"east": { "uv": [ 8, 13.3125, 7.9375, 13.5 ], "texture": "#rsdl" }
			}
		},
		{
			"__comment": "Voxels",
			"from": [ 7.5, 9.25, 8.5 ],
			"to": [ 8.5, 10, 8.75 ],
			"faces": {
				"down": { "uv": [ 7.75, 12.125, 8, 12.1875 ], "texture": "#rsdl" },
				"up": { "uv": [ 7.75, 12.125, 8, 12.0625 ], "texture": "#rsdl" },
				"north": { "uv": [ 7.75, 12.3125, 7.5, 12.5 ], "texture": "#rsdl" },
				"south": { "uv": [ 7.75, 12.3125, 8, 12.5 ], "texture": "#rsdl" },
				"west": { "uv": [ 7.875, 13.125, 7.9375, 13.3125 ], "texture": "#rsdl" },
				"east": { "uv": [ 8, 13.125, 7.9375, 13.3125 ], "texture": "#rsdl" }
			}
		},
		{
			"__comment": "Voxels",
			"from": [ 7.5, 10, 7.5 ],
			"to": [ 8.5, 10.25, 8.5 ],
			"faces": {
				"down": { "uv": [ 7.5, 12.875, 7.75, 13.125 ], "texture": "#rsdl" },
				"up": { "uv": [ 7.75, 13.125, 8, 12.875 ], "texture": "#rsdl" },
				"north": { "uv": [ 8, 12, 7.75, 12.0625 ], "texture": "#rsdl" },
				"south": { "uv": [ 3.5, 10.3125, 3.75, 10.375 ], "texture": "#rsdl" },
				"west": { "uv": [ 3.5, 10.25, 3.75, 10.3125 ], "texture": "#rsdl" },
				"east": { "uv": [ 4, 10.3125, 3.75, 10.375 ], "texture": "#rsdl" }
			}
		}
	],
	"display": {
		"gui": {
			"rotation":  [ 0, -45, -45 ],
			"translation":  [ 2, 2, 0 ]
		},
		"head": {
			"translation":  [ 0, -26.7, 0 ],
			"scale":  [ 2.5, 2.5, 2.5 ]
		},
		"ground": {
			"translation":  [ 0, 5, 0 ]
		}
	}
}