{
	"__comment": "Designed by Ling_Meng with Cubik Studio - https://cubik.studio",
	"textures": {
		"zcd": "blocks/zcd"
	},
	"elements": [ 	 
		{
			"__comment": "Box2",
			"from": [ 2, 4, 7 ],
			"to": [ 14, 13.5, 8 ],
			"faces": {
				"down": { "uv": [ 2, 7, 14, 8 ], "texture": "#zcd" },
				"up": { "uv": [ 2, 7, 14, 8 ], "texture": "#zcd" },
				"north": { "uv": [ 7.5, 8.5, 12.5, 14 ], "texture": "#zcd" },
				"south": { "uv": [ 7.5, 12, 12.5, 14 ], "texture": "#zcd" },
				"west": { "uv": [ 7, 9, 7.5, 14 ], "texture": "#zcd" },
				"east": { "uv": [ 7, 9, 7.5, 14 ], "texture": "#zcd" }
			}
		},
		{
			"__comment": "Box3",
			"from": [ 1, 2.5, 6 ],
			"to": [ 15, 4, 9 ],
			"faces": {
				"down": { "uv": [ 7, 9, 7.5, 9.5 ], "texture": "#zcd" },
				"up": { "uv": [ 7, 9, 7.5, 9.5 ], "texture": "#zcd" },
				"north": { "uv": [ 7, 9, 7.5, 9.5 ], "texture": "#zcd" },
				"south": { "uv": [ 7, 9, 7.5, 9.5 ], "texture": "#zcd" },
				"west": { "uv": [ 7, 9, 7.5, 9.5 ], "texture": "#zcd" },
				"east": { "uv": [ 7, 9, 7.5, 9.5 ], "texture": "#zcd" }
			}
		},
		{
			"__comment": "Box3",
			"from": [ 1, 13.5, 6 ],
			"to": [ 15, 14.5, 9 ],
			"faces": {
				"down": { "uv": [ 7, 9, 7.5, 9.5 ], "texture": "#zcd" },
				"up": { "uv": [ 7, 9, 7.5, 9.5 ], "texture": "#zcd" },
				"north": { "uv": [ 7, 9, 7.5, 9.5 ], "texture": "#zcd" },
				"south": { "uv": [ 7, 9, 7.5, 9.5 ], "texture": "#zcd" },
				"west": { "uv": [ 7, 9, 7.5, 9.5 ], "texture": "#zcd" },
				"east": { "uv": [ 7, 9, 7.5, 9.5 ], "texture": "#zcd" }
			}
		}
	],
	"display": {
		"thirdperson_righthand": {
			"rotation":  [ 45, 180, 0 ],
			"translation":  [ -5, 8, 0 ]
		},
		"thirdperson_lefthand": {
			"rotation":  [ 45, 180, 0 ],
			"translation":  [ -5, 8, 0 ]
		},
		"firstperson_righthand": {
			"rotation":  [ 0, 180, 0 ],
			"translation":  [ -5, 8, 0 ]
		},
		"firstperson_lefthand": {
			"rotation":  [ 0, 180, 0 ],
			"translation":  [ -5, 8, 0 ]
		},
		"gui": {
			"rotation":  [ 0, 180, 0 ]
		},
		"ground": {
			"translation":  [ 0, 5, 0 ]
		}
	}
}