{
	"__comment": "Designed by Ling_Meng with Cubik Studio - https://cubik.studio",
	"textures": {
		"AnnealBlade": "blocks/AnnealBlade"
	},
	"elements": [ 	 
		{
			"__comment": "Voxels",
			"from": [ 2.3333, -3.6667, 0 ],
			"to": [ 4.3333, -3.333367, 2 ],
			"faces": {
				"down": { "uv": [ 0, 3.625, 0.75, 4.375 ], "texture": "#AnnealBlade" },
				"up": { "uv": [ 0, 3.625, 0.75, 2.875 ], "texture": "#AnnealBlade" },
				"north": { "uv": [ 6.125, 13.375, 5.375, 13.5 ], "texture": "#AnnealBlade" },
				"south": { "uv": [ 6.25, 13.5, 7, 13.625 ], "texture": "#AnnealBlade" },
				"west": { "uv": [ 6.25, 13.375, 7, 13.5 ], "texture": "#AnnealBlade" },
				"east": { "uv": [ 7.75, 13.5, 7, 13.625 ], "texture": "#AnnealBlade" }
			}
		},
		{
			"__comment": "Voxels",
			"from": [ 2.6667, -3.3333, 0 ],
			"to": [ 4.333366, -2.999967, 0.3333333 ],
			"faces": {
				"down": { "uv": [ 7.375, 14.25, 8, 14.375 ], "texture": "#AnnealBlade" },
				"up": { "uv": [ 3.5, 13.75, 4.125, 13.625 ], "texture": "#AnnealBlade" },
				"north": { "uv": [ 4.75, 13.625, 4.125, 13.75 ], "texture": "#AnnealBlade" },
				"south": { "uv": [ 5.25, 13.625, 5.875, 13.75 ], "texture": "#AnnealBlade" },
				"west": { "uv": [ 2.75, 6.25, 2.875, 6.375 ], "texture": "#AnnealBlade" },
				"east": { "uv": [ 3.25, 6.25, 3.125, 6.375 ], "texture": "#AnnealBlade" }
			}
		},
		{
			"__comment": "Voxels",
			"from": [ 2.6667, -3.3333, 0.3333 ],
			"to": [ 3.333367, -2.999967, 1.999967 ],
			"faces": {
				"down": { "uv": [ 2.75, 13.625, 3, 14.25 ], "texture": "#AnnealBlade" },
				"up": { "uv": [ 3, 14.25, 3.25, 13.625 ], "texture": "#AnnealBlade" },
				"north": { "uv": [ 7.125, 14.75, 6.875, 14.875 ], "texture": "#AnnealBlade" },
				"south": { "uv": [ 7, 13.625, 7.25, 13.75 ], "texture": "#AnnealBlade" },
				"west": { "uv": [ 6, 12.375, 6.625, 12.5 ], "texture": "#AnnealBlade" },
				"east": { "uv": [ 7.25, 12.375, 6.625, 12.5 ], "texture": "#AnnealBlade" }
			}
		},
		{
			"__comment": "Voxels",
			"from": [ 3, -3, 0 ],
			"to": [ 4.333333, -2.666667, 2 ],
			"faces": {
				"down": { "uv": [ 0, 0.25, 0.5, 1 ], "texture": "#AnnealBlade" },
				"up": { "uv": [ 2.25, 15.5, 2.75, 14.75 ], "texture": "#AnnealBlade" },
				"north": { "uv": [ 6.375, 14.75, 5.875, 14.875 ], "texture": "#AnnealBlade" },
				"south": { "uv": [ 3.5, 11.5, 4, 11.625 ], "texture": "#AnnealBlade" },
				"west": { "uv": [ 7, 13.375, 7.75, 13.5 ], "texture": "#AnnealBlade" },
				"east": { "uv": [ 4.75, 13.25, 4, 13.375 ], "texture": "#AnnealBlade" }
			}
		},
		{
			"__comment": "Voxels",
			"from": [ 3.3333, -3.6667, -0.3333 ],
			"to": [ 3.999967, -2.6667, 0.000033349 ],
			"faces": {
				"down": { "uv": [ 7.25, 13.625, 7.5, 13.75 ], "texture": "#AnnealBlade" },
				"up": { "uv": [ 7.5, 13.75, 7.75, 13.625 ], "texture": "#AnnealBlade" },
				"north": { "uv": [ 4.25, 12.875, 4, 13.25 ], "texture": "#AnnealBlade" },
				"south": { "uv": [ 4.25, 12.875, 4.5, 13.25 ], "texture": "#AnnealBlade" },
				"west": { "uv": [ 0.75, 3.25, 0.875, 3.625 ], "texture": "#AnnealBlade" },
				"east": { "uv": [ 0.875, 2.875, 0.75, 3.25 ], "texture": "#AnnealBlade" }
			}
		},
		{
			"__comment": "Voxels",
			"from": [ 3.3333, -3.6667, 2 ],
			"to": [ 3.999967, -2.6667, 2.333333 ],
			"faces": {
				"down": { "uv": [ 7.75, 13.625, 8, 13.75 ], "texture": "#AnnealBlade" },
				"up": { "uv": [ 2.75, 13, 3, 12.875 ], "texture": "#AnnealBlade" },
				"north": { "uv": [ 6.25, 12.5, 6, 12.875 ], "texture": "#AnnealBlade" },
				"south": { "uv": [ 4.5, 12.875, 4.75, 13.25 ], "texture": "#AnnealBlade" },
				"west": { "uv": [ 0.75, 0.625, 0.875, 1 ], "texture": "#AnnealBlade" },
				"east": { "uv": [ 0.875, 0.25, 0.75, 0.625 ], "texture": "#AnnealBlade" }
			}
		},
		{
			"__comment": "Voxels",
			"from": [ 3.6667, -3.3333, 0.3333 ],
			"to": [ 9.000033, -2.999967, 0.6666334 ],
			"faces": {
				"down": { "uv": [ 2.25, 14.625, 4.25, 14.75 ], "texture": "#AnnealBlade" },
				"up": { "uv": [ 4.25, 14.75, 6.25, 14.625 ], "texture": "#AnnealBlade" },
				"north": { "uv": [ 4.25, 14.5, 2.25, 14.625 ], "texture": "#AnnealBlade" },
				"south": { "uv": [ 4.25, 14.5, 6.25, 14.625 ], "texture": "#AnnealBlade" },
				"west": { "uv": [ 3.25, 6.875, 3.375, 7 ], "texture": "#AnnealBlade" },
				"east": { "uv": [ 3.375, 6.75, 3.25, 6.875 ], "texture": "#AnnealBlade" }
			}
		},
		{
			"__comment": "Voxels",
			"from": [ 3.6667, -3.3333, 0.6667 ],
			"to": [ 4.333366, -2.999967, 2.000033 ],
			"faces": {
				"down": { "uv": [ 2.25, 12.875, 2.5, 13.375 ], "texture": "#AnnealBlade" },
				"up": { "uv": [ 2.5, 13.375, 2.75, 12.875 ], "texture": "#AnnealBlade" },
				"north": { "uv": [ 6.125, 12.875, 5.875, 13 ], "texture": "#AnnealBlade" },
				"south": { "uv": [ 6.125, 12.875, 6.375, 13 ], "texture": "#AnnealBlade" },
				"west": { "uv": [ 4, 11.5, 4.5, 11.625 ], "texture": "#AnnealBlade" },
				"east": { "uv": [ 5, 11.5, 4.5, 11.625 ], "texture": "#AnnealBlade" }
			}
		},
		{
			"__comment": "Voxels",
			"from": [ 3.6667, -2.6667, 0 ],
			"to": [ 4.333366, -2.333367, 2 ],
			"faces": {
				"down": { "uv": [ 0.5, 1.125, 0.75, 1.875 ], "texture": "#AnnealBlade" },
				"up": { "uv": [ 0.5, 1, 0.75, 0.25 ], "texture": "#AnnealBlade" },
				"north": { "uv": [ 8, 12.25, 7.75, 12.375 ], "texture": "#AnnealBlade" },
				"south": { "uv": [ 7.75, 11.375, 8, 11.5 ], "texture": "#AnnealBlade" },
				"west": { "uv": [ 7.125, 13.25, 7.875, 13.375 ], "texture": "#AnnealBlade" },
				"east": { "uv": [ 7.875, 13.125, 7.125, 13.25 ], "texture": "#AnnealBlade" }
			}
		},
		{
			"__comment": "Voxels",
			"from": [ 4.3333, -3.6667, 0.3333 ],
			"to": [ 10.66663, -3.333367, 1.666633 ],
			"faces": {
				"down": { "uv": [ 4.625, 15.5, 7, 16 ], "texture": "#AnnealBlade" },
				"up": { "uv": [ 2.25, 16, 4.625, 15.5 ], "texture": "#AnnealBlade" },
				"north": { "uv": [ 6.375, 15.25, 4, 15.375 ], "texture": "#AnnealBlade" },
				"south": { "uv": [ 4, 15.375, 6.375, 15.5 ], "texture": "#AnnealBlade" },
				"west": { "uv": [ 4.25, 11.375, 4.75, 11.5 ], "texture": "#AnnealBlade" },
				"east": { "uv": [ 4.25, 11.375, 3.75, 11.5 ], "texture": "#AnnealBlade" }
			}
		},
		{
			"__comment": "Voxels",
			"from": [ 4.3333, -3.3333, 1.3333 ],
			"to": [ 8.999968, -2.999967, 1.666633 ],
			"faces": {
				"down": { "uv": [ 6.25, 14.625, 8, 14.75 ], "texture": "#AnnealBlade" },
				"up": { "uv": [ 4, 14.5, 5.75, 14.375 ], "texture": "#AnnealBlade" },
				"north": { "uv": [ 8, 14.5, 6.25, 14.625 ], "texture": "#AnnealBlade" },
				"south": { "uv": [ 2.25, 14.375, 4, 14.5 ], "texture": "#AnnealBlade" },
				"west": { "uv": [ 3.25, 6.5, 3.375, 6.625 ], "texture": "#AnnealBlade" },
				"east": { "uv": [ 3.375, 6.375, 3.25, 6.5 ], "texture": "#AnnealBlade" }
			}
		},
		{
			"__comment": "Voxels",
			"from": [ 4.6667, -3, 0.3333 ],
			"to": [ 8.000033, -2.333333, 0.6666334 ],
			"faces": {
				"down": { "uv": [ 5.75, 14.375, 7, 14.5 ], "texture": "#AnnealBlade" },
				"up": { "uv": [ 2.25, 14.375, 3.5, 14.25 ], "texture": "#AnnealBlade" },
				"north": { "uv": [ 4, 15, 2.75, 15.25 ], "texture": "#AnnealBlade" },
				"south": { "uv": [ 2.75, 15.25, 4, 15.5 ], "texture": "#AnnealBlade" },
				"west": { "uv": [ 2.625, 6.25, 2.75, 6.5 ], "texture": "#AnnealBlade" },
				"east": { "uv": [ 2.875, 6.625, 2.75, 6.875 ], "texture": "#AnnealBlade" }
			}
		},
		{
			"__comment": "Voxels",
			"from": [ 4.6667, -3, 0.6667 ],
			"to": [ 5.333366, -2.333333, 1.6667 ],
			"faces": {
				"down": { "uv": [ 2.25, 12.5, 2.5, 12.875 ], "texture": "#AnnealBlade" },
				"up": { "uv": [ 2.5, 12.875, 2.75, 12.5 ], "texture": "#AnnealBlade" },
				"north": { "uv": [ 2.75, 9.5, 2.5, 9.75 ], "texture": "#AnnealBlade" },
				"south": { "uv": [ 2.5, 10.25, 2.75, 10.5 ], "texture": "#AnnealBlade" },
				"west": { "uv": [ 2.75, 12.625, 3.125, 12.875 ], "texture": "#AnnealBlade" },
				"east": { "uv": [ 3.5, 12.625, 3.125, 12.875 ], "texture": "#AnnealBlade" }
			}
		},
		{
			"__comment": "Voxels",
			"from": [ 5.3333, -12, 0.6667 ],
			"to": [ 5.999966, -11, 1.333367 ],
			"faces": {
				"down": { "uv": [ 2.5, 10.5, 2.75, 10.75 ], "texture": "#AnnealBlade" },
				"up": { "uv": [ 2.5, 8.25, 2.75, 8 ], "texture": "#AnnealBlade" },
				"north": { "uv": [ 3.75, 12.5, 3.5, 12.875 ], "texture": "#AnnealBlade" },
				"south": { "uv": [ 3.75, 12.5, 4, 12.875 ], "texture": "#AnnealBlade" },
				"west": { "uv": [ 4, 12.5, 4.25, 12.875 ], "texture": "#AnnealBlade" },
				"east": { "uv": [ 4.5, 12.5, 4.25, 12.875 ], "texture": "#AnnealBlade" }
			}
		},
		{
			"__comment": "Voxels",
			"from": [ 5.3333, -11.6667, 0.3333 ],
			"to": [ 7.666633, -11.33337, 0.6666334 ],
			"faces": {
				"down": { "uv": [ 6.5, 14.25, 7.375, 14.375 ], "texture": "#AnnealBlade" },
				"up": { "uv": [ 2.75, 13.625, 3.625, 13.5 ], "texture": "#AnnealBlade" },
				"north": { "uv": [ 3.625, 13.375, 2.75, 13.5 ], "texture": "#AnnealBlade" },
				"south": { "uv": [ 3.625, 13.5, 4.5, 13.625 ], "texture": "#AnnealBlade" },
				"west": { "uv": [ 3.25, 6.25, 3.375, 6.375 ], "texture": "#AnnealBlade" },
				"east": { "uv": [ 8, 10.625, 7.875, 10.75 ], "texture": "#AnnealBlade" }
			}
		},
		{
			"__comment": "Voxels",
			"from": [ 5.3333, -11.6667, 1.3333 ],
			"to": [ 7.666633, -11.33337, 1.666633 ],
			"faces": {
				"down": { "uv": [ 5.375, 13.5, 6.25, 13.625 ], "texture": "#AnnealBlade" },
				"up": { "uv": [ 3.625, 13.5, 4.5, 13.375 ], "texture": "#AnnealBlade" },
				"north": { "uv": [ 5.375, 13.5, 4.5, 13.625 ], "texture": "#AnnealBlade" },
				"south": { "uv": [ 4.5, 13.375, 5.375, 13.5 ], "texture": "#AnnealBlade" },
				"west": { "uv": [ 4.75, 10.375, 4.875, 10.5 ], "texture": "#AnnealBlade" },
				"east": { "uv": [ 4.5, 10.375, 4.375, 10.5 ], "texture": "#AnnealBlade" }
			}
		},
		{
			"__comment": "Voxels",
			"from": [ 5.3333, -3, 1.3333 ],
			"to": [ 7.999967, -2.333333, 1.666633 ],
			"faces": {
				"down": { "uv": [ 5.5, 14.25, 6.5, 14.375 ], "texture": "#AnnealBlade" },
				"up": { "uv": [ 4.5, 14.375, 5.5, 14.25 ], "texture": "#AnnealBlade" },
				"north": { "uv": [ 8, 15.75, 7, 16 ], "texture": "#AnnealBlade" },
				"south": { "uv": [ 7, 15.5, 8, 15.75 ], "texture": "#AnnealBlade" },
				"west": { "uv": [ 3.25, 7, 3.375, 7.25 ], "texture": "#AnnealBlade" },
				"east": { "uv": [ 3.375, 7.75, 3.25, 8 ], "texture": "#AnnealBlade" }
			}
		},
		{
			"__comment": "Voxels",
			"from": [ 5.3333, -2.6667, 0.6667 ],
			"to": [ 7.999967, -2.333367, 1.333367 ],
			"faces": {
				"down": { "uv": [ 2.75, 14.75, 3.75, 15 ], "texture": "#AnnealBlade" },
				"up": { "uv": [ 4, 15.25, 5, 15 ], "texture": "#AnnealBlade" },
				"north": { "uv": [ 4.5, 14.25, 3.5, 14.375 ], "texture": "#AnnealBlade" },
				"south": { "uv": [ 7, 14.375, 8, 14.5 ], "texture": "#AnnealBlade" },
				"west": { "uv": [ 3.375, 10.375, 3.625, 10.5 ], "texture": "#AnnealBlade" },
				"east": { "uv": [ 7.625, 10.625, 7.375, 10.75 ], "texture": "#AnnealBlade" }
			}
		},
		{
			"__comment": "Voxels",
			"from": [ 5.3333, -2.3333, 0.6667 ],
			"to": [ 7.666633, 23.6667, 1.333367 ],
			"faces": {
				"down": { "uv": [ 4, 14.75, 4.875, 15 ], "texture": "#AnnealBlade" },
				"up": { "uv": [ 5, 15.25, 5.875, 15 ], "texture": "#AnnealBlade" },
				"north": { "uv": [ 1.75, 6.25, 0.875, 16 ], "texture": "#AnnealBlade" },
				"south": { "uv": [ 0, 6.25, 0.875, 16 ], "texture": "#AnnealBlade" },
				"west": { "uv": [ 1.75, 6.25, 2, 16 ], "texture": "#AnnealBlade" },
				"east": { "uv": [ 2.25, 6.25, 2, 16 ], "texture": "#AnnealBlade" }
			}
		},
		{
			"__comment": "Voxels",
			"from": [ 5.6667, -12.6667, 0.6667 ],
			"to": [ 6.333366, -12.00003, 1.333367 ],
			"faces": {
				"down": { "uv": [ 2.25, 7, 2.5, 7.25 ], "texture": "#AnnealBlade" },
				"up": { "uv": [ 2.25, 8, 2.5, 7.75 ], "texture": "#AnnealBlade" },
				"north": { "uv": [ 2.5, 8, 2.25, 8.25 ], "texture": "#AnnealBlade" },
				"south": { "uv": [ 2.25, 9, 2.5, 9.25 ], "texture": "#AnnealBlade" },
				"west": { "uv": [ 2.25, 11, 2.5, 11.25 ], "texture": "#AnnealBlade" },
				"east": { "uv": [ 2.5, 11.25, 2.25, 11.5 ], "texture": "#AnnealBlade" }
			}
		},
		{
			"__comment": "Voxels",
			"from": [ 5.6667, -12.3333, 0.3333 ],
			"to": [ 7.333366, -11.99997, 0.6666334 ],
			"faces": {
				"down": { "uv": [ 4.75, 11.875, 5.375, 12 ], "texture": "#AnnealBlade" },
				"up": { "uv": [ 5.25, 12.25, 5.875, 12.125 ], "texture": "#AnnealBlade" },
				"north": { "uv": [ 2.875, 11.875, 2.25, 12 ], "texture": "#AnnealBlade" },
				"south": { "uv": [ 7.125, 12, 7.75, 12.125 ], "texture": "#AnnealBlade" },
				"west": { "uv": [ 3.625, 9.125, 3.75, 9.25 ], "texture": "#AnnealBlade" },
				"east": { "uv": [ 3.75, 9.75, 3.625, 9.875 ], "texture": "#AnnealBlade" }
			}
		},
		{
			"__comment": "Voxels",
			"from": [ 5.6667, -12.3333, 1.3333 ],
			"to": [ 7.333366, -11.99997, 1.666633 ],
			"faces": {
				"down": { "uv": [ 7.125, 12.125, 7.75, 12.25 ], "texture": "#AnnealBlade" },
				"up": { "uv": [ 7.125, 12.375, 7.75, 12.25 ], "texture": "#AnnealBlade" },
				"north": { "uv": [ 5.25, 12, 4.625, 12.125 ], "texture": "#AnnealBlade" },
				"south": { "uv": [ 7.25, 12.375, 7.875, 12.5 ], "texture": "#AnnealBlade" },
				"west": { "uv": [ 3.625, 9.875, 3.75, 10 ], "texture": "#AnnealBlade" },
				"east": { "uv": [ 7.75, 10.5, 7.625, 10.625 ], "texture": "#AnnealBlade" }
			}
		},
		{
			"__comment": "Voxels",
			"from": [ 5.6667, -12, 0.3333 ],
			"to": [ 6.333366, -11.66667, 0.6666334 ],
			"faces": {
				"down": { "uv": [ 5.125, 10.625, 5.375, 10.75 ], "texture": "#AnnealBlade" },
				"up": { "uv": [ 3.375, 10.75, 3.625, 10.625 ], "texture": "#AnnealBlade" },
				"north": { "uv": [ 8, 10.75, 7.75, 10.875 ], "texture": "#AnnealBlade" },
				"south": { "uv": [ 7.5, 10.75, 7.75, 10.875 ], "texture": "#AnnealBlade" },
				"west": { "uv": [ 6, 10.5, 6.125, 10.625 ], "texture": "#AnnealBlade" },
				"east": { "uv": [ 5.75, 10.5, 5.625, 10.625 ], "texture": "#AnnealBlade" }
			}
		},
		{
			"__comment": "Voxels",
			"from": [ 5.6667, -12, 1.3333 ],
			"to": [ 6.333366, -11.66667, 1.666633 ],
			"faces": {
				"down": { "uv": [ 7.25, 10.75, 7.5, 10.875 ], "texture": "#AnnealBlade" },
				"up": { "uv": [ 7, 10.875, 7.25, 10.75 ], "texture": "#AnnealBlade" },
				"north": { "uv": [ 7, 10.75, 6.75, 10.875 ], "texture": "#AnnealBlade" },
				"south": { "uv": [ 6.5, 10.75, 6.75, 10.875 ], "texture": "#AnnealBlade" },
				"west": { "uv": [ 4.75, 10.5, 4.875, 10.625 ], "texture": "#AnnealBlade" },
				"east": { "uv": [ 4.75, 10.5, 4.625, 10.625 ], "texture": "#AnnealBlade" }
			}
		},
		{
			"__comment": "Voxels",
			"from": [ 5.6667, -11.6667, 0 ],
			"to": [ 7.333366, -11.33337, 0.3333333 ],
			"faces": {
				"down": { "uv": [ 4.75, 11.75, 5.375, 11.875 ], "texture": "#AnnealBlade" },
				"up": { "uv": [ 5.375, 11.875, 6, 11.75 ], "texture": "#AnnealBlade" },
				"north": { "uv": [ 6.625, 11.75, 6, 11.875 ], "texture": "#AnnealBlade" },
				"south": { "uv": [ 6.625, 11.75, 7.25, 11.875 ], "texture": "#AnnealBlade" },
				"west": { "uv": [ 4.5, 10.5, 4.625, 10.625 ], "texture": "#AnnealBlade" },
				"east": { "uv": [ 3.75, 9.5, 3.625, 9.625 ], "texture": "#AnnealBlade" }
			}
		},
		{
			"__comment": "Voxels",
			"from": [ 5.6667, -11.6667, 1.6667 ],
			"to": [ 7.333366, -11.33337, 2.000033 ],
			"faces": {
				"down": { "uv": [ 4.75, 11.625, 5.375, 11.75 ], "texture": "#AnnealBlade" },
				"up": { "uv": [ 2.875, 11.875, 3.5, 11.75 ], "texture": "#AnnealBlade" },
				"north": { "uv": [ 6, 11.625, 5.375, 11.75 ], "texture": "#AnnealBlade" },
				"south": { "uv": [ 6, 11.625, 6.625, 11.75 ], "texture": "#AnnealBlade" },
				"west": { "uv": [ 4.25, 10.5, 4.375, 10.625 ], "texture": "#AnnealBlade" },
				"east": { "uv": [ 3.5, 6.625, 3.375, 6.75 ], "texture": "#AnnealBlade" }
			}
		},
		{
			"__comment": "Voxels",
			"from": [ 5.6667, -11.3333, 0.3333 ],
			"to": [ 6.333366, -10.66663, 0.6666334 ],
			"faces": {
				"down": { "uv": [ 6.25, 10.75, 6.5, 10.875 ], "texture": "#AnnealBlade" },
				"up": { "uv": [ 6, 10.875, 6.25, 10.75 ], "texture": "#AnnealBlade" },
				"north": { "uv": [ 2.75, 8.75, 2.5, 9 ], "texture": "#AnnealBlade" },
				"south": { "uv": [ 2.5, 8.5, 2.75, 8.75 ], "texture": "#AnnealBlade" },
				"west": { "uv": [ 3.25, 10, 3.375, 10.25 ], "texture": "#AnnealBlade" },
				"east": { "uv": [ 3.375, 10.25, 3.25, 10.5 ], "texture": "#AnnealBlade" }
			}
		},
		{
			"__comment": "Voxels",
			"from": [ 5.6667, -11.3333, 1.3333 ],
			"to": [ 6.333366, -10.66663, 1.666633 ],
			"faces": {
				"down": { "uv": [ 5.75, 10.75, 6, 10.875 ], "texture": "#AnnealBlade" },
				"up": { "uv": [ 5.5, 10.875, 5.75, 10.75 ], "texture": "#AnnealBlade" },
				"north": { "uv": [ 4, 14.75, 3.75, 15 ], "texture": "#AnnealBlade" },
				"south": { "uv": [ 5.625, 14.75, 5.875, 15 ], "texture": "#AnnealBlade" },
				"west": { "uv": [ 3.25, 10.5, 3.375, 10.75 ], "texture": "#AnnealBlade" },
				"east": { "uv": [ 3.25, 6.875, 3.125, 7.125 ], "texture": "#AnnealBlade" }
			}
		},
		{
			"__comment": "Voxels",
			"from": [ 5.6667, -11, 0.6667 ],
			"to": [ 6.333366, -9.333333, 1.333367 ],
			"faces": {
				"down": { "uv": [ 7.75, 15, 8, 15.25 ], "texture": "#AnnealBlade" },
				"up": { "uv": [ 7.75, 15, 8, 14.75 ], "texture": "#AnnealBlade" },
				"north": { "uv": [ 7.125, 14.875, 6.875, 15.5 ], "texture": "#AnnealBlade" },
				"south": { "uv": [ 4.75, 13.625, 5, 14.25 ], "texture": "#AnnealBlade" },
				"west": { "uv": [ 2.25, 13.625, 2.5, 14.25 ], "texture": "#AnnealBlade" },
				"east": { "uv": [ 3.5, 13.625, 3.25, 14.25 ], "texture": "#AnnealBlade" }
			}
		},
		{
			"__comment": "Voxels",
			"from": [ 5.6667, -10.3333, 0.3333 ],
			"to": [ 7.333366, -9.666633, 0.6666334 ],
			"faces": {
				"down": { "uv": [ 2.875, 11.875, 3.5, 12 ], "texture": "#AnnealBlade" },
				"up": { "uv": [ 3.5, 12, 4.125, 11.875 ], "texture": "#AnnealBlade" },
				"north": { "uv": [ 4.75, 14, 4.125, 14.25 ], "texture": "#AnnealBlade" },
				"south": { "uv": [ 3.5, 13.75, 4.125, 14 ], "texture": "#AnnealBlade" },
				"west": { "uv": [ 3.125, 7.125, 3.25, 7.375 ], "texture": "#AnnealBlade" },
				"east": { "uv": [ 3.25, 7.375, 3.125, 7.625 ], "texture": "#AnnealBlade" }
			}
		},
		{
			"__comment": "Voxels",
			"from": [ 5.6667, -10.3333, 1.3333 ],
			"to": [ 7.333366, -9.666633, 1.666633 ],
			"faces": {
				"down": { "uv": [ 6.625, 11.875, 7.25, 12 ], "texture": "#AnnealBlade" },
				"up": { "uv": [ 7.25, 12, 7.875, 11.875 ], "texture": "#AnnealBlade" },
				"north": { "uv": [ 4.125, 14, 3.5, 14.25 ], "texture": "#AnnealBlade" },
				"south": { "uv": [ 7.125, 14.75, 7.75, 15 ], "texture": "#AnnealBlade" },
				"west": { "uv": [ 3.125, 7.625, 3.25, 7.875 ], "texture": "#AnnealBlade" },
				"east": { "uv": [ 3.25, 7.875, 3.125, 8.125 ], "texture": "#AnnealBlade" }
			}
		},
		{
			"__comment": "Voxels",
			"from": [ 5.6667, -4.3333, 0.6667 ],
			"to": [ 6.333366, -3.666633, 1.333367 ],
			"faces": {
				"down": { "uv": [ 2.25, 10.25, 2.5, 10.5 ], "texture": "#AnnealBlade" },
				"up": { "uv": [ 2.25, 10.25, 2.5, 10 ], "texture": "#AnnealBlade" },
				"north": { "uv": [ 2.5, 9.75, 2.25, 10 ], "texture": "#AnnealBlade" },
				"south": { "uv": [ 2.25, 9.5, 2.5, 9.75 ], "texture": "#AnnealBlade" },
				"west": { "uv": [ 2.5, 10, 2.75, 10.25 ], "texture": "#AnnealBlade" },
				"east": { "uv": [ 2.5, 9.25, 2.25, 9.5 ], "texture": "#AnnealBlade" }
			}
		},
		{
			"__comment": "Voxels",
			"from": [ 5.6667, -4, 0.3333 ],
			"to": [ 7.333366, -3.666667, 0.6666334 ],
			"faces": {
				"down": { "uv": [ 2.875, 11.625, 3.5, 11.75 ], "texture": "#AnnealBlade" },
				"up": { "uv": [ 3.5, 11.75, 4.125, 11.625 ], "texture": "#AnnealBlade" },
				"north": { "uv": [ 4.75, 11.625, 4.125, 11.75 ], "texture": "#AnnealBlade" },
				"south": { "uv": [ 4.625, 12.25, 5.25, 12.375 ], "texture": "#AnnealBlade" },
				"west": { "uv": [ 3.25, 6.625, 3.375, 6.75 ], "texture": "#AnnealBlade" },
				"east": { "uv": [ 8, 11.625, 7.875, 11.75 ], "texture": "#AnnealBlade" }
			}
		},
		{
			"__comment": "Voxels",
			"from": [ 5.6667, -4, 1.3333 ],
			"to": [ 7.333366, -3.666667, 1.666633 ],
			"faces": {
				"down": { "uv": [ 6.625, 11.625, 7.25, 11.75 ], "texture": "#AnnealBlade" },
				"up": { "uv": [ 7.25, 11.75, 7.875, 11.625 ], "texture": "#AnnealBlade" },
				"north": { "uv": [ 2.875, 11.5, 2.25, 11.625 ], "texture": "#AnnealBlade" },
				"south": { "uv": [ 2.875, 11.5, 3.5, 11.625 ], "texture": "#AnnealBlade" },
				"west": { "uv": [ 7.875, 11.75, 8, 11.875 ], "texture": "#AnnealBlade" },
				"east": { "uv": [ 4.75, 10.375, 4.625, 10.5 ], "texture": "#AnnealBlade" }
			}
		},
		{
			"__comment": "Voxels",
			"from": [ 5.6667, -3.3333, 0.6667 ],
			"to": [ 7.333366, -2.999967, 1.333367 ],
			"faces": {
				"down": { "uv": [ 7.125, 15.25, 7.75, 15.5 ], "texture": "#AnnealBlade" },
				"up": { "uv": [ 5, 15, 5.625, 14.75 ], "texture": "#AnnealBlade" },
				"north": { "uv": [ 5.25, 12.125, 4.625, 12.25 ], "texture": "#AnnealBlade" },
				"south": { "uv": [ 5.25, 12.25, 5.875, 12.375 ], "texture": "#AnnealBlade" },
				"west": { "uv": [ 4.75, 11, 5, 11.125 ], "texture": "#AnnealBlade" },
				"east": { "uv": [ 4.75, 11, 4.5, 11.125 ], "texture": "#AnnealBlade" }
			}
		},
		{
			"__comment": "Voxels",
			"from": [ 5.6667, -2.3333, 0.3333 ],
			"to": [ 7.333366, -1.999967, 0.6666334 ],
			"faces": {
				"down": { "uv": [ 5.25, 12, 5.875, 12.125 ], "texture": "#AnnealBlade" },
				"up": { "uv": [ 5.875, 12.375, 6.5, 12.25 ], "texture": "#AnnealBlade" },
				"north": { "uv": [ 6.5, 12.125, 5.875, 12.25 ], "texture": "#AnnealBlade" },
				"south": { "uv": [ 5.875, 12, 6.5, 12.125 ], "texture": "#AnnealBlade" },
				"west": { "uv": [ 4.25, 10.375, 4.375, 10.5 ], "texture": "#AnnealBlade" },
				"east": { "uv": [ 4.25, 10.375, 4.125, 10.5 ], "texture": "#AnnealBlade" }
			}
		},
		{
			"__comment": "Voxels",
			"from": [ 5.6667, -2.3333, 1.3333 ],
			"to": [ 7.333366, -1.999967, 1.666633 ],
			"faces": {
				"down": { "uv": [ 6.5, 12.25, 7.125, 12.375 ], "texture": "#AnnealBlade" },
				"up": { "uv": [ 6.5, 12.25, 7.125, 12.125 ], "texture": "#AnnealBlade" },
				"north": { "uv": [ 7.875, 11.75, 7.25, 11.875 ], "texture": "#AnnealBlade" },
				"south": { "uv": [ 6.5, 12, 7.125, 12.125 ], "texture": "#AnnealBlade" },
				"west": { "uv": [ 4, 10.375, 4.125, 10.5 ], "texture": "#AnnealBlade" },
				"east": { "uv": [ 3.75, 6.25, 3.625, 6.375 ], "texture": "#AnnealBlade" }
			}
		},
		{
			"__comment": "Voxels",
			"from": [ 5.6667, 23.6667, 0.6667 ],
			"to": [ 7.333366, 24.00003, 1.333367 ],
			"faces": {
				"down": { "uv": [ 4.125, 13.75, 4.75, 14 ], "texture": "#AnnealBlade" },
				"up": { "uv": [ 7.125, 15.25, 7.75, 15 ], "texture": "#AnnealBlade" },
				"north": { "uv": [ 6, 11.875, 5.375, 12 ], "texture": "#AnnealBlade" },
				"south": { "uv": [ 6, 11.875, 6.625, 12 ], "texture": "#AnnealBlade" },
				"west": { "uv": [ 3.25, 11, 3.5, 11.125 ], "texture": "#AnnealBlade" },
				"east": { "uv": [ 3.125, 6.25, 2.875, 6.375 ], "texture": "#AnnealBlade" }
			}
		},
		{
			"__comment": "Voxels",
			"from": [ 5.6667, 24, 0.6667 ],
			"to": [ 6.000033, 25, 1.333367 ],
			"faces": {
				"down": { "uv": [ 3.125, 10.875, 3.25, 11.125 ], "texture": "#AnnealBlade" },
				"up": { "uv": [ 3, 6.625, 3.125, 6.375 ], "texture": "#AnnealBlade" },
				"north": { "uv": [ 2.75, 6.875, 2.625, 7.25 ], "texture": "#AnnealBlade" },
				"south": { "uv": [ 2.5, 6.5, 2.625, 6.875 ], "texture": "#AnnealBlade" },
				"west": { "uv": [ 7.75, 12.5, 8, 12.875 ], "texture": "#AnnealBlade" },
				"east": { "uv": [ 2.5, 12, 2.25, 12.375 ], "texture": "#AnnealBlade" }
			}
		},
		{
			"__comment": "Voxels",
			"from": [ 6, -13, 0.6667 ],
			"to": [ 7, -12.66667, 1.333367 ],
			"faces": {
				"down": { "uv": [ 2.5, 12.125, 2.875, 12.375 ], "texture": "#AnnealBlade" },
				"up": { "uv": [ 2.875, 12.375, 3.25, 12.125 ], "texture": "#AnnealBlade" },
				"north": { "uv": [ 4, 12, 3.625, 12.125 ], "texture": "#AnnealBlade" },
				"south": { "uv": [ 4.75, 11.375, 5.125, 11.5 ], "texture": "#AnnealBlade" },
				"west": { "uv": [ 2.875, 8.375, 3.125, 8.5 ], "texture": "#AnnealBlade" },
				"east": { "uv": [ 3.125, 8.5, 2.875, 8.625 ], "texture": "#AnnealBlade" }
			}
		},
		{
			"__comment": "Voxels",
			"from": [ 6, -12.6667, 0.3333 ],
			"to": [ 7, -12.33337, 0.6666334 ],
			"faces": {
				"down": { "uv": [ 5.125, 11.375, 5.5, 11.5 ], "texture": "#AnnealBlade" },
				"up": { "uv": [ 5.5, 11.5, 5.875, 11.375 ], "texture": "#AnnealBlade" },
				"north": { "uv": [ 6.25, 11.375, 5.875, 11.5 ], "texture": "#AnnealBlade" },
				"south": { "uv": [ 6.25, 11.375, 6.625, 11.5 ], "texture": "#AnnealBlade" },
				"west": { "uv": [ 3.625, 6.375, 3.75, 6.5 ], "texture": "#AnnealBlade" },
				"east": { "uv": [ 3.75, 7.25, 3.625, 7.375 ], "texture": "#AnnealBlade" }
			}
		},
		{
			"__comment": "Voxels",
			"from": [ 6, -12.6667, 1.3333 ],
			"to": [ 7, -12.33337, 1.666633 ],
			"faces": {
				"down": { "uv": [ 6.625, 11.375, 7, 11.5 ], "texture": "#AnnealBlade" },
				"up": { "uv": [ 7, 11.5, 7.375, 11.375 ], "texture": "#AnnealBlade" },
				"north": { "uv": [ 7.75, 11.375, 7.375, 11.5 ], "texture": "#AnnealBlade" },
				"south": { "uv": [ 2.75, 11.25, 3.125, 11.375 ], "texture": "#AnnealBlade" },
				"west": { "uv": [ 3.625, 10.125, 3.75, 10.25 ], "texture": "#AnnealBlade" },
				"east": { "uv": [ 3.75, 10.25, 3.625, 10.375 ], "texture": "#AnnealBlade" }
			}
		},
		{
			"__comment": "Voxels",
			"from": [ 6, -12.3333, 0 ],
			"to": [ 7, -11.66663, 0.3333333 ],
			"faces": {
				"down": { "uv": [ 3.125, 11.25, 3.5, 11.375 ], "texture": "#AnnealBlade" },
				"up": { "uv": [ 3.5, 11.375, 3.875, 11.25 ], "texture": "#AnnealBlade" },
				"north": { "uv": [ 6.75, 13.125, 6.375, 13.375 ], "texture": "#AnnealBlade" },
				"south": { "uv": [ 6.375, 12.875, 6.75, 13.125 ], "texture": "#AnnealBlade" },
				"west": { "uv": [ 4.875, 14.75, 5, 15 ], "texture": "#AnnealBlade" },
				"east": { "uv": [ 3.25, 8.125, 3.125, 8.375 ], "texture": "#AnnealBlade" }
			}
		},
		{
			"__comment": "Voxels",
			"from": [ 6, -12.3333, 1.6667 ],
			"to": [ 7, -11.66663, 2.000033 ],
			"faces": {
				"down": { "uv": [ 3.875, 11.25, 4.25, 11.375 ], "texture": "#AnnealBlade" },
				"up": { "uv": [ 4.25, 11.375, 4.625, 11.25 ], "texture": "#AnnealBlade" },
				"north": { "uv": [ 6.625, 13.625, 6.25, 13.875 ], "texture": "#AnnealBlade" },
				"south": { "uv": [ 6.625, 13.625, 7, 13.875 ], "texture": "#AnnealBlade" },
				"west": { "uv": [ 3.125, 8.375, 3.25, 8.625 ], "texture": "#AnnealBlade" },
				"east": { "uv": [ 3.25, 8.625, 3.125, 8.875 ], "texture": "#AnnealBlade" }
			}
		},
		{
			"__comment": "Voxels",
			"from": [ 6, -11.6667, 0.6667 ],
			"to": [ 7.666667, -11.33337, 1.333367 ],
			"faces": {
				"down": { "uv": [ 5.25, 13.75, 5.875, 14 ], "texture": "#AnnealBlade" },
				"up": { "uv": [ 5.25, 14.25, 5.875, 14 ], "texture": "#AnnealBlade" },
				"north": { "uv": [ 4.625, 12.125, 4, 12.25 ], "texture": "#AnnealBlade" },
				"south": { "uv": [ 4, 12, 4.625, 12.125 ], "texture": "#AnnealBlade" },
				"west": { "uv": [ 4.75, 10.875, 5, 11 ], "texture": "#AnnealBlade" },
				"east": { "uv": [ 4.75, 10.875, 4.5, 11 ], "texture": "#AnnealBlade" }
			}
		},
		{
			"__comment": "Voxels",
			"from": [ 6, -11.3333, 0 ],
			"to": [ 7, -10.66663, 0.3333333 ],
			"faces": {
				"down": { "uv": [ 4.625, 11.25, 5, 11.375 ], "texture": "#AnnealBlade" },
				"up": { "uv": [ 5, 11.375, 5.375, 11.25 ], "texture": "#AnnealBlade" },
				"north": { "uv": [ 5.875, 13.125, 5.5, 13.375 ], "texture": "#AnnealBlade" },
				"south": { "uv": [ 5.5, 12.875, 5.875, 13.125 ], "texture": "#AnnealBlade" },
				"west": { "uv": [ 3.25, 8.5, 3.375, 8.75 ], "texture": "#AnnealBlade" },
				"east": { "uv": [ 3.375, 8.75, 3.25, 9 ], "texture": "#AnnealBlade" }
			}
		},
		{
			"__comment": "Voxels",
			"from": [ 6, -11.3333, 1.6667 ],
			"to": [ 7, -10.66663, 2.000033 ],
			"faces": {
				"down": { "uv": [ 5.375, 11.25, 5.75, 11.375 ], "texture": "#AnnealBlade" },
				"up": { "uv": [ 5.75, 11.375, 6.125, 11.25 ], "texture": "#AnnealBlade" },
				"north": { "uv": [ 7.5, 12.875, 7.125, 13.125 ], "texture": "#AnnealBlade" },
				"south": { "uv": [ 7.5, 12.875, 7.875, 13.125 ], "texture": "#AnnealBlade" },
				"west": { "uv": [ 2.5, 6.25, 2.625, 6.5 ], "texture": "#AnnealBlade" },
				"east": { "uv": [ 8, 12.875, 7.875, 13.125 ], "texture": "#AnnealBlade" }
			}
		},
		{
			"__comment": "Voxels",
			"from": [ 6, -10.6667, 0.3333 ],
			"to": [ 7, -10.33337, 0.6666334 ],
			"faces": {
				"down": { "uv": [ 6.125, 11.25, 6.5, 11.375 ], "texture": "#AnnealBlade" },
				"up": { "uv": [ 6.5, 11.375, 6.875, 11.25 ], "texture": "#AnnealBlade" },
				"north": { "uv": [ 7.25, 11.25, 6.875, 11.375 ], "texture": "#AnnealBlade" },
				"south": { "uv": [ 7.25, 11.25, 7.625, 11.375 ], "texture": "#AnnealBlade" },
				"west": { "uv": [ 3.625, 8.625, 3.75, 8.75 ], "texture": "#AnnealBlade" },
				"east": { "uv": [ 3.75, 9, 3.625, 9.125 ], "texture": "#AnnealBlade" }
			}
		},
		{
			"__comment": "Voxels",
			"from": [ 6, -10.6667, 1.3333 ],
			"to": [ 7, -10.33337, 1.666633 ],
			"faces": {
				"down": { "uv": [ 7.625, 11.25, 8, 11.375 ], "texture": "#AnnealBlade" },
				"up": { "uv": [ 2.75, 11.25, 3.125, 11.125 ], "texture": "#AnnealBlade" },
				"north": { "uv": [ 3.5, 11.125, 3.125, 11.25 ], "texture": "#AnnealBlade" },
				"south": { "uv": [ 3.5, 11.125, 3.875, 11.25 ], "texture": "#AnnealBlade" },
				"west": { "uv": [ 3.625, 9.25, 3.75, 9.375 ], "texture": "#AnnealBlade" },
				"east": { "uv": [ 3.75, 9.375, 3.625, 9.5 ], "texture": "#AnnealBlade" }
			}
		},
		{
			"__comment": "Voxels",
			"from": [ 6, -10.3333, 0 ],
			"to": [ 7, -9.666633, 0.3333333 ],
			"faces": {
				"down": { "uv": [ 3.875, 11.125, 4.25, 11.25 ], "texture": "#AnnealBlade" },
				"up": { "uv": [ 4.25, 11.25, 4.625, 11.125 ], "texture": "#AnnealBlade" },
				"north": { "uv": [ 5.125, 13.125, 4.75, 13.375 ], "texture": "#AnnealBlade" },
				"south": { "uv": [ 4.75, 12.875, 5.125, 13.125 ], "texture": "#AnnealBlade" },
				"west": { "uv": [ 3.125, 9.875, 3.25, 10.125 ], "texture": "#AnnealBlade" },
				"east": { "uv": [ 3.25, 10.125, 3.125, 10.375 ], "texture": "#AnnealBlade" }
			}
		},
		{
			"__comment": "Voxels",
			"from": [ 6, -10.3333, 1.6667 ],
			"to": [ 7, -9.666633, 2.000033 ],
			"faces": {
				"down": { "uv": [ 4.625, 11.125, 5, 11.25 ], "texture": "#AnnealBlade" },
				"up": { "uv": [ 5, 11.25, 5.375, 11.125 ], "texture": "#AnnealBlade" },
				"north": { "uv": [ 7.125, 13.125, 6.75, 13.375 ], "texture": "#AnnealBlade" },
				"south": { "uv": [ 6.75, 12.875, 7.125, 13.125 ], "texture": "#AnnealBlade" },
				"west": { "uv": [ 3.125, 10.375, 3.25, 10.625 ], "texture": "#AnnealBlade" },
				"east": { "uv": [ 3.25, 10.625, 3.125, 10.875 ], "texture": "#AnnealBlade" }
			}
		},
		{
			"__comment": "Voxels",
			"from": [ 6, -9.666699, 0.3333 ],
			"to": [ 7, -9.333366, 0.6666334 ],
			"faces": {
				"down": { "uv": [ 5.375, 11.125, 5.75, 11.25 ], "texture": "#AnnealBlade" },
				"up": { "uv": [ 5.75, 11.25, 6.125, 11.125 ], "texture": "#AnnealBlade" },
				"north": { "uv": [ 6.5, 11.125, 6.125, 11.25 ], "texture": "#AnnealBlade" },
				"south": { "uv": [ 6.5, 11.125, 6.875, 11.25 ], "texture": "#AnnealBlade" },
				"west": { "uv": [ 3.5, 7.25, 3.625, 7.375 ], "texture": "#AnnealBlade" },
				"east": { "uv": [ 3.5, 7.25, 3.375, 7.375 ], "texture": "#AnnealBlade" }
			}
		},
		{
			"__comment": "Voxels",
			"from": [ 6, -9.666699, 1.3333 ],
			"to": [ 7, -9.333366, 1.666633 ],
			"faces": {
				"down": { "uv": [ 6.875, 11.125, 7.25, 11.25 ], "texture": "#AnnealBlade" },
				"up": { "uv": [ 7.25, 11.25, 7.625, 11.125 ], "texture": "#AnnealBlade" },
				"north": { "uv": [ 8, 11.125, 7.625, 11.25 ], "texture": "#AnnealBlade" },
				"south": { "uv": [ 2.75, 11, 3.125, 11.125 ], "texture": "#AnnealBlade" },
				"west": { "uv": [ 3.5, 7.125, 3.625, 7.25 ], "texture": "#AnnealBlade" },
				"east": { "uv": [ 3.5, 7.125, 3.375, 7.25 ], "texture": "#AnnealBlade" }
			}
		},
		{
			"__comment": "Voxels",
			"from": [ 6, -9.3333, 0.6667 ],
			"to": [ 7, -4.3333, 1.333367 ],
			"faces": {
				"down": { "uv": [ 0.5, 0, 0.875, 0.25 ], "texture": "#AnnealBlade" },
				"up": { "uv": [ 5.875, 13.875, 6.25, 13.625 ], "texture": "#AnnealBlade" },
				"north": { "uv": [ 0.375, 4.375, 0, 6.25 ], "texture": "#AnnealBlade" },
				"south": { "uv": [ 0.375, 4.375, 0.75, 6.25 ], "texture": "#AnnealBlade" },
				"west": { "uv": [ 0, 1, 0.25, 2.875 ], "texture": "#AnnealBlade" },
				"east": { "uv": [ 0.5, 1, 0.25, 2.875 ], "texture": "#AnnealBlade" }
			}
		},
		{
			"__comment": "Voxels",
			"from": [ 6, -4.3333, 0.3333 ],
			"to": [ 7, -3.999967, 0.6666334 ],
			"faces": {
				"down": { "uv": [ 2.75, 10.875, 3.125, 11 ], "texture": "#AnnealBlade" },
				"up": { "uv": [ 2.75, 10.875, 3.125, 10.75 ], "texture": "#AnnealBlade" },
				"north": { "uv": [ 3.125, 10.625, 2.75, 10.75 ], "texture": "#AnnealBlade" },
				"south": { "uv": [ 2.75, 10.5, 3.125, 10.625 ], "texture": "#AnnealBlade" },
				"west": { "uv": [ 3.5, 6.25, 3.625, 6.375 ], "texture": "#AnnealBlade" },
				"east": { "uv": [ 3.75, 10.5, 3.625, 10.625 ], "texture": "#AnnealBlade" }
			}
		},
		{
			"__comment": "Voxels",
			"from": [ 6, -4.3333, 1.3333 ],
			"to": [ 7, -3.999967, 1.666633 ],
			"faces": {
				"down": { "uv": [ 2.75, 10.375, 3.125, 10.5 ], "texture": "#AnnealBlade" },
				"up": { "uv": [ 2.75, 10.375, 3.125, 10.25 ], "texture": "#AnnealBlade" },
				"north": { "uv": [ 3.125, 10.125, 2.75, 10.25 ], "texture": "#AnnealBlade" },
				"south": { "uv": [ 2.75, 10, 3.125, 10.125 ], "texture": "#AnnealBlade" },
				"west": { "uv": [ 3.625, 10, 3.75, 10.125 ], "texture": "#AnnealBlade" },
				"east": { "uv": [ 3.75, 9.625, 3.625, 9.75 ], "texture": "#AnnealBlade" }
			}
		},
		{
			"__comment": "Voxels",
			"from": [ 6, -4, 0 ],
			"to": [ 7, -3, 0.3333333 ],
			"faces": {
				"down": { "uv": [ 2.75, 9.875, 3.125, 10 ], "texture": "#AnnealBlade" },
				"up": { "uv": [ 2.75, 9.875, 3.125, 9.75 ], "texture": "#AnnealBlade" },
				"north": { "uv": [ 6.625, 13.875, 6.25, 14.25 ], "texture": "#AnnealBlade" },
				"south": { "uv": [ 6.375, 14.75, 6.75, 15.125 ], "texture": "#AnnealBlade" },
				"west": { "uv": [ 2.625, 6.5, 2.75, 6.875 ], "texture": "#AnnealBlade" },
				"east": { "uv": [ 2.875, 9.375, 2.75, 9.75 ], "texture": "#AnnealBlade" }
			}
		},
		{
			"__comment": "Voxels",
			"from": [ 6, -4, 1.6667 ],
			"to": [ 7, -3, 2.000033 ],
			"faces": {
				"down": { "uv": [ 2.75, 9.25, 3.125, 9.375 ], "texture": "#AnnealBlade" },
				"up": { "uv": [ 2.75, 9.25, 3.125, 9.125 ], "texture": "#AnnealBlade" },
				"north": { "uv": [ 7, 13.875, 6.625, 14.25 ], "texture": "#AnnealBlade" },
				"south": { "uv": [ 5.875, 13.875, 6.25, 14.25 ], "texture": "#AnnealBlade" },
				"west": { "uv": [ 2.875, 9.375, 3, 9.75 ], "texture": "#AnnealBlade" },
				"east": { "uv": [ 3.125, 9.375, 3, 9.75 ], "texture": "#AnnealBlade" }
			}
		},
		{
			"__comment": "Voxels",
			"from": [ 6, 24, 1 ],
			"to": [ 7.333333, 25, 1.333333 ],
			"faces": {
				"down": { "uv": [ 7.5, 11.5, 8, 11.625 ], "texture": "#AnnealBlade" },
				"up": { "uv": [ 7, 11.625, 7.5, 11.5 ], "texture": "#AnnealBlade" },
				"north": { "uv": [ 6.375, 14.875, 5.875, 15.25 ], "texture": "#AnnealBlade" },
				"south": { "uv": [ 6.375, 15.125, 6.875, 15.5 ], "texture": "#AnnealBlade" },
				"west": { "uv": [ 2.75, 8.75, 2.875, 9.125 ], "texture": "#AnnealBlade" },
				"east": { "uv": [ 3, 8.75, 2.875, 9.125 ], "texture": "#AnnealBlade" }
			}
		},
		{
			"__comment": "Voxels",
			"from": [ 6, 25, 0.6667 ],
			"to": [ 7, 25.66667, 1.333367 ],
			"faces": {
				"down": { "uv": [ 3.25, 12.875, 3.625, 13.125 ], "texture": "#AnnealBlade" },
				"up": { "uv": [ 3.25, 13.375, 3.625, 13.125 ], "texture": "#AnnealBlade" },
				"north": { "uv": [ 4, 12.125, 3.625, 12.375 ], "texture": "#AnnealBlade" },
				"south": { "uv": [ 3.25, 12.125, 3.625, 12.375 ], "texture": "#AnnealBlade" },
				"west": { "uv": [ 2.5, 9.25, 2.75, 9.5 ], "texture": "#AnnealBlade" },
				"east": { "uv": [ 2.75, 8.25, 2.5, 8.5 ], "texture": "#AnnealBlade" }
			}
		},
		{
			"__comment": "Voxels",
			"from": [ 6, 25.6667, 0.6667 ],
			"to": [ 6.333333, 26.6667, 1.333367 ],
			"faces": {
				"down": { "uv": [ 3.25, 9.75, 3.375, 10 ], "texture": "#AnnealBlade" },
				"up": { "uv": [ 3.25, 9.75, 3.375, 9.5 ], "texture": "#AnnealBlade" },
				"north": { "uv": [ 3.125, 8.75, 3, 9.125 ], "texture": "#AnnealBlade" },
				"south": { "uv": [ 2.75, 8.375, 2.875, 8.75 ], "texture": "#AnnealBlade" },
				"west": { "uv": [ 6.125, 13, 6.375, 13.375 ], "texture": "#AnnealBlade" },
				"east": { "uv": [ 6.125, 13, 5.875, 13.375 ], "texture": "#AnnealBlade" }
			}
		},
		{
			"__comment": "Voxels",
			"from": [ 6.3333, -13.3333, 0.6667 ],
			"to": [ 6.666633, -12.99997, 1.333367 ],
			"faces": {
				"down": { "uv": [ 3.25, 8, 3.375, 8.25 ], "texture": "#AnnealBlade" },
				"up": { "uv": [ 3.25, 8.5, 3.375, 8.25 ], "texture": "#AnnealBlade" },
				"north": { "uv": [ 3.75, 8.875, 3.625, 9 ], "texture": "#AnnealBlade" },
				"south": { "uv": [ 3.625, 8.75, 3.75, 8.875 ], "texture": "#AnnealBlade" },
				"west": { "uv": [ 7.625, 10.625, 7.875, 10.75 ], "texture": "#AnnealBlade" },
				"east": { "uv": [ 3.625, 10.5, 3.375, 10.625 ], "texture": "#AnnealBlade" }
			}
		},
		{
			"__comment": "Voxels",
			"from": [ 6.3333, -13, 0.3333 ],
			"to": [ 6.666633, -12.66667, 0.6666334 ],
			"faces": {
				"down": { "uv": [ 3.625, 8.375, 3.75, 8.5 ], "texture": "#AnnealBlade" },
				"up": { "uv": [ 3.625, 8.375, 3.75, 8.25 ], "texture": "#AnnealBlade" },
				"north": { "uv": [ 3.75, 7.625, 3.625, 7.75 ], "texture": "#AnnealBlade" },
				"south": { "uv": [ 3.625, 7.5, 3.75, 7.625 ], "texture": "#AnnealBlade" },
				"west": { "uv": [ 3.375, 9.5, 3.5, 9.625 ], "texture": "#AnnealBlade" },
				"east": { "uv": [ 3.625, 9.5, 3.5, 9.625 ], "texture": "#AnnealBlade" }
			}
		},
		{
			"__comment": "Voxels",
			"from": [ 6.3333, -13, 1.3333 ],
			"to": [ 6.666633, -12.66667, 1.666633 ],
			"faces": {
				"down": { "uv": [ 3.375, 9.375, 3.5, 9.5 ], "texture": "#AnnealBlade" },
				"up": { "uv": [ 3.5, 9.5, 3.625, 9.375 ], "texture": "#AnnealBlade" },
				"north": { "uv": [ 3.5, 9.25, 3.375, 9.375 ], "texture": "#AnnealBlade" },
				"south": { "uv": [ 3.5, 8.75, 3.625, 8.875 ], "texture": "#AnnealBlade" },
				"west": { "uv": [ 3.375, 8.625, 3.5, 8.75 ], "texture": "#AnnealBlade" },
				"east": { "uv": [ 3.625, 8.625, 3.5, 8.75 ], "texture": "#AnnealBlade" }
			}
		},
		{
			"__comment": "Voxels",
			"from": [ 6.3333, -11.6667, -0.3333 ],
			"to": [ 6.666633, -11.33337, 0.000033349 ],
			"faces": {
				"down": { "uv": [ 3.375, 8.5, 3.5, 8.625 ], "texture": "#AnnealBlade" },
				"up": { "uv": [ 3.5, 8.625, 3.625, 8.5 ], "texture": "#AnnealBlade" },
				"north": { "uv": [ 3.5, 8.375, 3.375, 8.5 ], "texture": "#AnnealBlade" },
				"south": { "uv": [ 3.5, 8.375, 3.625, 8.5 ], "texture": "#AnnealBlade" },
				"west": { "uv": [ 3.375, 8.25, 3.5, 8.375 ], "texture": "#AnnealBlade" },
				"east": { "uv": [ 3.625, 8.25, 3.5, 8.375 ], "texture": "#AnnealBlade" }
			}
		},
		{
			"__comment": "Voxels",
			"from": [ 6.3333, -11.6667, 2 ],
			"to": [ 6.666633, -11.33337, 2.333333 ],
			"faces": {
				"down": { "uv": [ 3.375, 8.125, 3.5, 8.25 ], "texture": "#AnnealBlade" },
				"up": { "uv": [ 3.375, 8.125, 3.5, 8 ], "texture": "#AnnealBlade" },
				"north": { "uv": [ 8, 12.375, 7.875, 12.5 ], "texture": "#AnnealBlade" },
				"south": { "uv": [ 3.5, 7.625, 3.625, 7.75 ], "texture": "#AnnealBlade" },
				"west": { "uv": [ 3.375, 7.5, 3.5, 7.625 ], "texture": "#AnnealBlade" },
				"east": { "uv": [ 3.625, 7.375, 3.5, 7.5 ], "texture": "#AnnealBlade" }
			}
		},
		{
			"__comment": "Voxels",
			"from": [ 6.3333, -11, 0.3333 ],
			"to": [ 7.3333, -10.66667, 0.6666334 ],
			"faces": {
				"down": { "uv": [ 2.75, 8.25, 3.125, 8.375 ], "texture": "#AnnealBlade" },
				"up": { "uv": [ 2.75, 8.25, 3.125, 8.125 ], "texture": "#AnnealBlade" },
				"north": { "uv": [ 3.125, 8, 2.75, 8.125 ], "texture": "#AnnealBlade" },
				"south": { "uv": [ 2.75, 7.875, 3.125, 8 ], "texture": "#AnnealBlade" },
				"west": { "uv": [ 3.375, 7, 3.5, 7.125 ], "texture": "#AnnealBlade" },
				"east": { "uv": [ 3.625, 6.875, 3.5, 7 ], "texture": "#AnnealBlade" }
			}
		},
		{
			"__comment": "Voxels",
			"from": [ 6.3333, -11, 1.3333 ],
			"to": [ 7.3333, -10.66667, 1.666633 ],
			"faces": {
				"down": { "uv": [ 2.75, 7.75, 3.125, 7.875 ], "texture": "#AnnealBlade" },
				"up": { "uv": [ 2.75, 7.75, 3.125, 7.625 ], "texture": "#AnnealBlade" },
				"north": { "uv": [ 3.125, 7.5, 2.75, 7.625 ], "texture": "#AnnealBlade" },
				"south": { "uv": [ 2.75, 7.375, 3.125, 7.5 ], "texture": "#AnnealBlade" },
				"west": { "uv": [ 3.375, 6.75, 3.5, 6.875 ], "texture": "#AnnealBlade" },
				"east": { "uv": [ 3.625, 6.75, 3.5, 6.875 ], "texture": "#AnnealBlade" }
			}
		},
		{
			"__comment": "Voxels",
			"from": [ 6.3333, -10.6667, 0 ],
			"to": [ 6.666633, -10.33337, 0.3333333 ],
			"faces": {
				"down": { "uv": [ 3.5, 6.375, 3.625, 6.5 ], "texture": "#AnnealBlade" },
				"up": { "uv": [ 3.375, 6.375, 3.5, 6.25 ], "texture": "#AnnealBlade" },
				"north": { "uv": [ 3.875, 10.5, 3.75, 10.625 ], "texture": "#AnnealBlade" },
				"south": { "uv": [ 3.875, 10.5, 4, 10.625 ], "texture": "#AnnealBlade" },
				"west": { "uv": [ 4, 10.5, 4.125, 10.625 ], "texture": "#AnnealBlade" },
				"east": { "uv": [ 4.25, 10.5, 4.125, 10.625 ], "texture": "#AnnealBlade" }
			}
		},
		{
			"__comment": "Voxels",
			"from": [ 6.3333, -10.6667, 0.6667 ],
			"to": [ 7.3333, -9.333366, 1.333367 ],
			"faces": {
				"down": { "uv": [ 5.125, 12.875, 5.5, 13.125 ], "texture": "#AnnealBlade" },
				"up": { "uv": [ 5.125, 13.375, 5.5, 13.125 ], "texture": "#AnnealBlade" },
				"north": { "uv": [ 0.875, 2.375, 0.5, 2.875 ], "texture": "#AnnealBlade" },
				"south": { "uv": [ 0.5, 1.875, 0.875, 2.375 ], "texture": "#AnnealBlade" },
				"west": { "uv": [ 7.5, 13.75, 7.75, 14.25 ], "texture": "#AnnealBlade" },
				"east": { "uv": [ 7.5, 13.75, 7.25, 14.25 ], "texture": "#AnnealBlade" }
			}
		},
		{
			"__comment": "Voxels",
			"from": [ 6.3333, -10.6667, 1.6667 ],
			"to": [ 6.666633, -10.33337, 2.000033 ],
			"faces": {
				"down": { "uv": [ 4.375, 10.5, 4.5, 10.625 ], "texture": "#AnnealBlade" },
				"up": { "uv": [ 4.875, 10.625, 5, 10.5 ], "texture": "#AnnealBlade" },
				"north": { "uv": [ 5.375, 10.5, 5.25, 10.625 ], "texture": "#AnnealBlade" },
				"south": { "uv": [ 5.375, 10.5, 5.5, 10.625 ], "texture": "#AnnealBlade" },
				"west": { "uv": [ 5.5, 10.5, 5.625, 10.625 ], "texture": "#AnnealBlade" },
				"east": { "uv": [ 6.25, 10.5, 6.125, 10.625 ], "texture": "#AnnealBlade" }
			}
		},
		{
			"__comment": "Voxels",
			"from": [ 6.3333, -9.666699, 0 ],
			"to": [ 6.666633, -9.333366, 0.3333333 ],
			"faces": {
				"down": { "uv": [ 6.25, 10.5, 6.375, 10.625 ], "texture": "#AnnealBlade" },
				"up": { "uv": [ 6.375, 10.625, 6.5, 10.5 ], "texture": "#AnnealBlade" },
				"north": { "uv": [ 6.625, 10.5, 6.5, 10.625 ], "texture": "#AnnealBlade" },
				"south": { "uv": [ 6.625, 10.5, 6.75, 10.625 ], "texture": "#AnnealBlade" },
				"west": { "uv": [ 6.75, 10.5, 6.875, 10.625 ], "texture": "#AnnealBlade" },
				"east": { "uv": [ 7, 10.5, 6.875, 10.625 ], "texture": "#AnnealBlade" }
			}
		},
		{
			"__comment": "Voxels",
			"from": [ 6.3333, -9.666699, 1.6667 ],
			"to": [ 6.666633, -9.333366, 2.000033 ],
			"faces": {
				"down": { "uv": [ 7, 10.5, 7.125, 10.625 ], "texture": "#AnnealBlade" },
				"up": { "uv": [ 7.125, 10.625, 7.25, 10.5 ], "texture": "#AnnealBlade" },
				"north": { "uv": [ 7.625, 10.5, 7.5, 10.625 ], "texture": "#AnnealBlade" },
				"south": { "uv": [ 7.75, 10.5, 7.875, 10.625 ], "texture": "#AnnealBlade" },
				"west": { "uv": [ 7.875, 10.5, 8, 10.625 ], "texture": "#AnnealBlade" },
				"east": { "uv": [ 3.75, 10.375, 3.625, 10.5 ], "texture": "#AnnealBlade" }
			}
		},
		{
			"__comment": "Voxels",
			"from": [ 6.3333, -4, 0.6667 ],
			"to": [ 7.3333, -3.666667, 1.333367 ],
			"faces": {
				"down": { "uv": [ 3.625, 12.875, 4, 13.125 ], "texture": "#AnnealBlade" },
				"up": { "uv": [ 3.625, 13.375, 4, 13.125 ], "texture": "#AnnealBlade" },
				"north": { "uv": [ 3.125, 7.25, 2.75, 7.375 ], "texture": "#AnnealBlade" },
				"south": { "uv": [ 2.75, 7.125, 3.125, 7.25 ], "texture": "#AnnealBlade" },
				"west": { "uv": [ 5.5, 11, 5.75, 11.125 ], "texture": "#AnnealBlade" },
				"east": { "uv": [ 6.25, 11, 6, 11.125 ], "texture": "#AnnealBlade" }
			}
		},
		{
			"__comment": "Voxels",
			"from": [ 6.3333, 24, 0.6667 ],
			"to": [ 7.3333, 24.33333, 1.000033 ],
			"faces": {
				"down": { "uv": [ 2.75, 7, 3.125, 7.125 ], "texture": "#AnnealBlade" },
				"up": { "uv": [ 2.75, 7, 3.125, 6.875 ], "texture": "#AnnealBlade" },
				"north": { "uv": [ 0.875, 1, 0.5, 1.125 ], "texture": "#AnnealBlade" },
				"south": { "uv": [ 2.75, 12.5, 3.125, 12.625 ], "texture": "#AnnealBlade" },
				"west": { "uv": [ 3.625, 8.5, 3.75, 8.625 ], "texture": "#AnnealBlade" },
				"east": { "uv": [ 3.75, 7.875, 3.625, 8 ], "texture": "#AnnealBlade" }
			}
		},
		{
			"__comment": "Voxels",
			"from": [ 6.3333, 24.3333, 0.6667 ],
			"to": [ 6.666633, 24.99997, 1.000033 ],
			"faces": {
				"down": { "uv": [ 3.625, 7.75, 3.75, 7.875 ], "texture": "#AnnealBlade" },
				"up": { "uv": [ 3.625, 7.5, 3.75, 7.375 ], "texture": "#AnnealBlade" },
				"north": { "uv": [ 3.25, 9.625, 3.125, 9.875 ], "texture": "#AnnealBlade" },
				"south": { "uv": [ 3.125, 9.375, 3.25, 9.625 ], "texture": "#AnnealBlade" },
				"west": { "uv": [ 3.125, 9.125, 3.25, 9.375 ], "texture": "#AnnealBlade" },
				"east": { "uv": [ 3.25, 8.875, 3.125, 9.125 ], "texture": "#AnnealBlade" }
			}
		},
		{
			"__comment": "Voxels",
			"from": [ 6.3333, 25.6667, 1 ],
			"to": [ 6.999966, 26.6667, 1.333333 ],
			"faces": {
				"down": { "uv": [ 3.5, 10.875, 3.75, 11 ], "texture": "#AnnealBlade" },
				"up": { "uv": [ 3.75, 11, 4, 10.875 ], "texture": "#AnnealBlade" },
				"north": { "uv": [ 3.25, 13, 3, 13.375 ], "texture": "#AnnealBlade" },
				"south": { "uv": [ 2.75, 13, 3, 13.375 ], "texture": "#AnnealBlade" },
				"west": { "uv": [ 0.75, 4.875, 0.875, 5.25 ], "texture": "#AnnealBlade" },
				"east": { "uv": [ 0.875, 4.5, 0.75, 4.875 ], "texture": "#AnnealBlade" }
			}
		},
		{
			"__comment": "Voxels",
			"from": [ 6.3333, 26, 0.6667 ],
			"to": [ 6.999966, 26.66667, 1.000033 ],
			"faces": {
				"down": { "uv": [ 3, 12.875, 3.25, 13 ], "texture": "#AnnealBlade" },
				"up": { "uv": [ 2.875, 8.75, 3.125, 8.625 ], "texture": "#AnnealBlade" },
				"north": { "uv": [ 2.75, 11.25, 2.5, 11.5 ], "texture": "#AnnealBlade" },
				"south": { "uv": [ 2.25, 6.25, 2.5, 6.5 ], "texture": "#AnnealBlade" },
				"west": { "uv": [ 2.875, 6.625, 3, 6.875 ], "texture": "#AnnealBlade" },
				"east": { "uv": [ 3.125, 6.625, 3, 6.875 ], "texture": "#AnnealBlade" }
			}
		},
		{
			"__comment": "Voxels",
			"from": [ 6.3333, 26.6667, 0.6667 ],
			"to": [ 6.666633, 28.00003, 1.333367 ],
			"faces": {
				"down": { "uv": [ 2.75, 6.375, 2.875, 6.625 ], "texture": "#AnnealBlade" },
				"up": { "uv": [ 2.875, 6.625, 3, 6.375 ], "texture": "#AnnealBlade" },
				"north": { "uv": [ 0.875, 5.25, 0.75, 5.75 ], "texture": "#AnnealBlade" },
				"south": { "uv": [ 0.75, 5.75, 0.875, 6.25 ], "texture": "#AnnealBlade" },
				"west": { "uv": [ 7.75, 13.75, 8, 14.25 ], "texture": "#AnnealBlade" },
				"east": { "uv": [ 7.25, 13.75, 7, 14.25 ], "texture": "#AnnealBlade" }
			}
		},
		{
			"__comment": "Voxels",
			"from": [ 6.6667, -12.6667, 0.6667 ],
			"to": [ 7.333366, -12.00003, 1.333367 ],
			"faces": {
				"down": { "uv": [ 2.25, 7.25, 2.5, 7.5 ], "texture": "#AnnealBlade" },
				"up": { "uv": [ 2.25, 7.75, 2.5, 7.5 ], "texture": "#AnnealBlade" },
				"north": { "uv": [ 2.5, 6.5, 2.25, 6.75 ], "texture": "#AnnealBlade" },
				"south": { "uv": [ 2.25, 6.75, 2.5, 7 ], "texture": "#AnnealBlade" },
				"west": { "uv": [ 2.5, 9.75, 2.75, 10 ], "texture": "#AnnealBlade" },
				"east": { "uv": [ 2.75, 11, 2.5, 11.25 ], "texture": "#AnnealBlade" }
			}
		},
		{
			"__comment": "Voxels",
			"from": [ 6.6667, -12, 0.3333 ],
			"to": [ 7.333366, -11.66667, 0.6666334 ],
			"faces": {
				"down": { "uv": [ 5, 11, 5.25, 11.125 ], "texture": "#AnnealBlade" },
				"up": { "uv": [ 5.25, 11.125, 5.5, 11 ], "texture": "#AnnealBlade" },
				"north": { "uv": [ 6.5, 11, 6.25, 11.125 ], "texture": "#AnnealBlade" },
				"south": { "uv": [ 6.5, 11, 6.75, 11.125 ], "texture": "#AnnealBlade" },
				"west": { "uv": [ 4.5, 10.375, 4.625, 10.5 ], "texture": "#AnnealBlade" },
				"east": { "uv": [ 5, 10.375, 4.875, 10.5 ], "texture": "#AnnealBlade" }
			}
		},
		{
			"__comment": "Voxels",
			"from": [ 6.6667, -12, 1.3333 ],
			"to": [ 7.333366, -11.66667, 1.666633 ],
			"faces": {
				"down": { "uv": [ 7.25, 11, 7.5, 11.125 ], "texture": "#AnnealBlade" },
				"up": { "uv": [ 7.5, 11.125, 7.75, 11 ], "texture": "#AnnealBlade" },
				"north": { "uv": [ 8, 11, 7.75, 11.125 ], "texture": "#AnnealBlade" },
				"south": { "uv": [ 3.25, 10.875, 3.5, 11 ], "texture": "#AnnealBlade" },
				"west": { "uv": [ 0.75, 4.375, 0.875, 4.5 ], "texture": "#AnnealBlade" },
				"east": { "uv": [ 6.25, 13.375, 6.125, 13.5 ], "texture": "#AnnealBlade" }
			}
		},
		{
			"__comment": "Voxels",
			"from": [ 6.6667, -11.3333, 0.3333 ],
			"to": [ 7.333366, -10.99997, 0.6666334 ],
			"faces": {
				"down": { "uv": [ 3.5, 11, 3.75, 11.125 ], "texture": "#AnnealBlade" },
				"up": { "uv": [ 3.75, 11.125, 4, 11 ], "texture": "#AnnealBlade" },
				"north": { "uv": [ 4.25, 11, 4, 11.125 ], "texture": "#AnnealBlade" },
				"south": { "uv": [ 4.25, 11, 4.5, 11.125 ], "texture": "#AnnealBlade" },
				"west": { "uv": [ 7.875, 13.25, 8, 13.375 ], "texture": "#AnnealBlade" },
				"east": { "uv": [ 8, 13.125, 7.875, 13.25 ], "texture": "#AnnealBlade" }
			}
		},
		{
			"__comment": "Voxels",
			"from": [ 6.6667, -11.3333, 1.3333 ],
			"to": [ 7.333366, -10.99997, 1.666633 ],
			"faces": {
				"down": { "uv": [ 4, 10.875, 4.25, 11 ], "texture": "#AnnealBlade" },
				"up": { "uv": [ 4.25, 11, 4.5, 10.875 ], "texture": "#AnnealBlade" },
				"north": { "uv": [ 7, 11, 6.75, 11.125 ], "texture": "#AnnealBlade" },
				"south": { "uv": [ 7, 11, 7.25, 11.125 ], "texture": "#AnnealBlade" },
				"west": { "uv": [ 3.5, 8.125, 3.625, 8.25 ], "texture": "#AnnealBlade" },
				"east": { "uv": [ 8, 11.875, 7.875, 12 ], "texture": "#AnnealBlade" }
			}
		},
		{
			"__comment": "Voxels",
			"from": [ 6.6667, -11, 0.6667 ],
			"to": [ 7.333366, -10.66667, 1.333367 ],
			"faces": {
				"down": { "uv": [ 2.25, 8.25, 2.5, 8.5 ], "texture": "#AnnealBlade" },
				"up": { "uv": [ 2.25, 8.75, 2.5, 8.5 ], "texture": "#AnnealBlade" },
				"north": { "uv": [ 5.25, 10.875, 5, 11 ], "texture": "#AnnealBlade" },
				"south": { "uv": [ 5.25, 10.875, 5.5, 11 ], "texture": "#AnnealBlade" },
				"west": { "uv": [ 5.5, 10.875, 5.75, 11 ], "texture": "#AnnealBlade" },
				"east": { "uv": [ 6, 10.875, 5.75, 11 ], "texture": "#AnnealBlade" }
			}
		},
		{
			"__comment": "Voxels",
			"from": [ 6.6667, -4.3333, 0.6667 ],
			"to": [ 7.333366, -3.999967, 1.333367 ],
			"faces": {
				"down": { "uv": [ 2.25, 8.75, 2.5, 9 ], "texture": "#AnnealBlade" },
				"up": { "uv": [ 2.25, 10.75, 2.5, 10.5 ], "texture": "#AnnealBlade" },
				"north": { "uv": [ 6.25, 10.875, 6, 11 ], "texture": "#AnnealBlade" },
				"south": { "uv": [ 6.25, 10.875, 6.5, 11 ], "texture": "#AnnealBlade" },
				"west": { "uv": [ 6.5, 10.875, 6.75, 11 ], "texture": "#AnnealBlade" },
				"east": { "uv": [ 7, 10.875, 6.75, 11 ], "texture": "#AnnealBlade" }
			}
		},
		{
			"__comment": "Voxels",
			"from": [ 6.6667, 24.6667, 0.6667 ],
			"to": [ 7.333366, 25.00003, 1.000033 ],
			"faces": {
				"down": { "uv": [ 7, 10.875, 7.25, 11 ], "texture": "#AnnealBlade" },
				"up": { "uv": [ 7.25, 11, 7.5, 10.875 ], "texture": "#AnnealBlade" },
				"north": { "uv": [ 7.75, 10.875, 7.5, 11 ], "texture": "#AnnealBlade" },
				"south": { "uv": [ 7.75, 10.875, 8, 11 ], "texture": "#AnnealBlade" },
				"west": { "uv": [ 3.5, 9.25, 3.625, 9.375 ], "texture": "#AnnealBlade" },
				"east": { "uv": [ 3.5, 9.125, 3.375, 9.25 ], "texture": "#AnnealBlade" }
			}
		},
		{
			"__comment": "Voxels",
			"from": [ 6.6667, 25.6667, 0.6667 ],
			"to": [ 7.000033, 26.00003, 1.000033 ],
			"faces": {
				"down": { "uv": [ 3.5, 9.125, 3.625, 9.25 ], "texture": "#AnnealBlade" },
				"up": { "uv": [ 3.375, 9.125, 3.5, 9 ], "texture": "#AnnealBlade" },
				"north": { "uv": [ 3.625, 9, 3.5, 9.125 ], "texture": "#AnnealBlade" },
				"south": { "uv": [ 3.375, 8.875, 3.5, 9 ], "texture": "#AnnealBlade" },
				"west": { "uv": [ 3.5, 8.875, 3.625, 9 ], "texture": "#AnnealBlade" },
				"east": { "uv": [ 3.5, 8.75, 3.375, 8.875 ], "texture": "#AnnealBlade" }
			}
		},
		{
			"__comment": "Voxels",
			"from": [ 7, -12, 0.6667 ],
			"to": [ 7.666667, -11.66667, 1.333367 ],
			"faces": {
				"down": { "uv": [ 2.25, 10.75, 2.5, 11 ], "texture": "#AnnealBlade" },
				"up": { "uv": [ 7.75, 12.25, 8, 12 ], "texture": "#AnnealBlade" },
				"north": { "uv": [ 3.5, 10.75, 3.25, 10.875 ], "texture": "#AnnealBlade" },
				"south": { "uv": [ 3.5, 10.75, 3.75, 10.875 ], "texture": "#AnnealBlade" },
				"west": { "uv": [ 3.75, 10.75, 4, 10.875 ], "texture": "#AnnealBlade" },
				"east": { "uv": [ 4.25, 10.75, 4, 10.875 ], "texture": "#AnnealBlade" }
			}
		},
		{
			"__comment": "Voxels",
			"from": [ 7, -11.3333, 0.6667 ],
			"to": [ 7.666667, -10.99997, 1.333367 ],
			"faces": {
				"down": { "uv": [ 7.75, 13.375, 8, 13.625 ], "texture": "#AnnealBlade" },
				"up": { "uv": [ 7.75, 15.5, 8, 15.25 ], "texture": "#AnnealBlade" },
				"north": { "uv": [ 4.5, 10.75, 4.25, 10.875 ], "texture": "#AnnealBlade" },
				"south": { "uv": [ 4.5, 10.75, 4.75, 10.875 ], "texture": "#AnnealBlade" },
				"west": { "uv": [ 5.75, 11, 6, 11.125 ], "texture": "#AnnealBlade" },
				"east": { "uv": [ 5, 10.75, 4.75, 10.875 ], "texture": "#AnnealBlade" }
			}
		},
		{
			"__comment": "Voxels",
			"from": [ 7, 24.3333, 0.6667 ],
			"to": [ 7.333333, 24.66663, 1.000033 ],
			"faces": {
				"down": { "uv": [ 3.5, 8, 3.625, 8.125 ], "texture": "#AnnealBlade" },
				"up": { "uv": [ 3.375, 8, 3.5, 7.875 ], "texture": "#AnnealBlade" },
				"north": { "uv": [ 3.625, 7.875, 3.5, 8 ], "texture": "#AnnealBlade" },
				"south": { "uv": [ 3.375, 7.75, 3.5, 7.875 ], "texture": "#AnnealBlade" },
				"west": { "uv": [ 3.5, 7.75, 3.625, 7.875 ], "texture": "#AnnealBlade" },
				"east": { "uv": [ 3.5, 7.625, 3.375, 7.75 ], "texture": "#AnnealBlade" }
			}
		},
		{
			"__comment": "Voxels",
			"from": [ 7.6667, -3, 0.6667 ],
			"to": [ 8.000033, -2.666667, 1.333367 ],
			"faces": {
				"down": { "uv": [ 3.125, 6.625, 3.25, 6.875 ], "texture": "#AnnealBlade" },
				"up": { "uv": [ 3.125, 6.625, 3.25, 6.375 ], "texture": "#AnnealBlade" },
				"north": { "uv": [ 3.625, 7.5, 3.5, 7.625 ], "texture": "#AnnealBlade" },
				"south": { "uv": [ 3.375, 7.375, 3.5, 7.5 ], "texture": "#AnnealBlade" },
				"west": { "uv": [ 5, 10.75, 5.25, 10.875 ], "texture": "#AnnealBlade" },
				"east": { "uv": [ 5.5, 10.75, 5.25, 10.875 ], "texture": "#AnnealBlade" }
			}
		},
		{
			"__comment": "Voxels",
			"from": [ 8.666699, -3.6667, 0 ],
			"to": [ 10.6667, -3.333367, 0.3333333 ],
			"faces": {
				"down": { "uv": [ 5.25, 12.375, 6, 12.5 ], "texture": "#AnnealBlade" },
				"up": { "uv": [ 4.5, 12.5, 5.25, 12.375 ], "texture": "#AnnealBlade" },
				"north": { "uv": [ 4.5, 12.375, 3.75, 12.5 ], "texture": "#AnnealBlade" },
				"south": { "uv": [ 3, 12.375, 3.75, 12.5 ], "texture": "#AnnealBlade" },
				"west": { "uv": [ 3.5, 7, 3.625, 7.125 ], "texture": "#AnnealBlade" },
				"east": { "uv": [ 3.5, 6.875, 3.375, 7 ], "texture": "#AnnealBlade" }
			}
		},
		{
			"__comment": "Voxels",
			"from": [ 8.666699, -3.6667, 1.6667 ],
			"to": [ 10.6667, -3.333367, 2.000033 ],
			"faces": {
				"down": { "uv": [ 2.25, 12.375, 3, 12.5 ], "texture": "#AnnealBlade" },
				"up": { "uv": [ 6.75, 12.625, 7.5, 12.5 ], "texture": "#AnnealBlade" },
				"north": { "uv": [ 7.5, 12.625, 6.75, 12.75 ], "texture": "#AnnealBlade" },
				"south": { "uv": [ 6.75, 12.75, 7.5, 12.875 ], "texture": "#AnnealBlade" },
				"west": { "uv": [ 3.5, 6.625, 3.625, 6.75 ], "texture": "#AnnealBlade" },
				"east": { "uv": [ 3.5, 6.5, 3.375, 6.625 ], "texture": "#AnnealBlade" }
			}
		},
		{
			"__comment": "Voxels",
			"from": [ 8.666699, -3.3333, 0 ],
			"to": [ 9.000032, -2.3333, 0.3333333 ],
			"faces": {
				"down": { "uv": [ 3.5, 6.5, 3.625, 6.625 ], "texture": "#AnnealBlade" },
				"up": { "uv": [ 3.375, 6.5, 3.5, 6.375 ], "texture": "#AnnealBlade" },
				"north": { "uv": [ 0.875, 4, 0.75, 4.375 ], "texture": "#AnnealBlade" },
				"south": { "uv": [ 0.75, 3.625, 0.875, 4 ], "texture": "#AnnealBlade" },
				"west": { "uv": [ 0.75, 1.5, 0.875, 1.875 ], "texture": "#AnnealBlade" },
				"east": { "uv": [ 0.875, 1.125, 0.75, 1.5 ], "texture": "#AnnealBlade" }
			}
		},
		{
			"__comment": "Voxels",
			"from": [ 8.666699, -3.3333, 0.6667 ],
			"to": [ 9.000032, -2.3333, 1.333367 ],
			"faces": {
				"down": { "uv": [ 3.25, 9.25, 3.375, 9.5 ], "texture": "#AnnealBlade" },
				"up": { "uv": [ 3.25, 9.25, 3.375, 9 ], "texture": "#AnnealBlade" },
				"north": { "uv": [ 6.875, 14.75, 6.75, 15.125 ], "texture": "#AnnealBlade" },
				"south": { "uv": [ 2.5, 7.625, 2.625, 8 ], "texture": "#AnnealBlade" },
				"west": { "uv": [ 6.5, 12.5, 6.75, 12.875 ], "texture": "#AnnealBlade" },
				"east": { "uv": [ 6.5, 12.5, 6.25, 12.875 ], "texture": "#AnnealBlade" }
			}
		},
		{
			"__comment": "Voxels",
			"from": [ 8.666699, -3.3333, 1.6667 ],
			"to": [ 10.33337, -2.999967, 2.000033 ],
			"faces": {
				"down": { "uv": [ 2.25, 11.625, 2.875, 11.75 ], "texture": "#AnnealBlade" },
				"up": { "uv": [ 4.125, 11.875, 4.75, 11.75 ], "texture": "#AnnealBlade" },
				"north": { "uv": [ 4.125, 11.75, 3.5, 11.875 ], "texture": "#AnnealBlade" },
				"south": { "uv": [ 2.25, 11.75, 2.875, 11.875 ], "texture": "#AnnealBlade" },
				"west": { "uv": [ 5, 10.5, 5.125, 10.625 ], "texture": "#AnnealBlade" },
				"east": { "uv": [ 5.25, 10.5, 5.125, 10.625 ], "texture": "#AnnealBlade" }
			}
		},
		{
			"__comment": "Voxels",
			"from": [ 8.666699, -3, 0.3333 ],
			"to": [ 10.00003, -2.666667, 0.6666334 ],
			"faces": {
				"down": { "uv": [ 6, 11.5, 6.5, 11.625 ], "texture": "#AnnealBlade" },
				"up": { "uv": [ 5.5, 11.625, 6, 11.5 ], "texture": "#AnnealBlade" },
				"north": { "uv": [ 7, 11.5, 6.5, 11.625 ], "texture": "#AnnealBlade" },
				"south": { "uv": [ 5, 11.5, 5.5, 11.625 ], "texture": "#AnnealBlade" },
				"west": { "uv": [ 5.75, 10.5, 5.875, 10.625 ], "texture": "#AnnealBlade" },
				"east": { "uv": [ 6, 10.5, 5.875, 10.625 ], "texture": "#AnnealBlade" }
			}
		},
		{
			"__comment": "Voxels",
			"from": [ 8.666699, -3, 1.3333 ],
			"to": [ 10.00003, -2.666667, 1.999967 ],
			"faces": {
				"down": { "uv": [ 0, 0, 0.5, 0.25 ], "texture": "#AnnealBlade" },
				"up": { "uv": [ 2.25, 13.625, 2.75, 13.375 ], "texture": "#AnnealBlade" },
				"north": { "uv": [ 3.75, 11.375, 3.25, 11.5 ], "texture": "#AnnealBlade" },
				"south": { "uv": [ 2.75, 11.375, 3.25, 11.5 ], "texture": "#AnnealBlade" },
				"west": { "uv": [ 3.625, 10.625, 3.875, 10.75 ], "texture": "#AnnealBlade" },
				"east": { "uv": [ 4.125, 10.625, 3.875, 10.75 ], "texture": "#AnnealBlade" }
			}
		},
		{
			"__comment": "Voxels",
			"from": [ 8.666699, -2.6667, 0.3333 ],
			"to": [ 9.333366, -2.333367, 0.6666334 ],
			"faces": {
				"down": { "uv": [ 4.125, 10.625, 4.375, 10.75 ], "texture": "#AnnealBlade" },
				"up": { "uv": [ 4.375, 10.75, 4.625, 10.625 ], "texture": "#AnnealBlade" },
				"north": { "uv": [ 4.875, 10.625, 4.625, 10.75 ], "texture": "#AnnealBlade" },
				"south": { "uv": [ 4.875, 10.625, 5.125, 10.75 ], "texture": "#AnnealBlade" },
				"west": { "uv": [ 7.25, 10.5, 7.375, 10.625 ], "texture": "#AnnealBlade" },
				"east": { "uv": [ 7.5, 10.5, 7.375, 10.625 ], "texture": "#AnnealBlade" }
			}
		},
		{
			"__comment": "Voxels",
			"from": [ 8.666699, -2.6667, 1.3333 ],
			"to": [ 9.333366, -2.333367, 1.999967 ],
			"faces": {
				"down": { "uv": [ 2.5, 9, 2.75, 9.25 ], "texture": "#AnnealBlade" },
				"up": { "uv": [ 2.5, 11, 2.75, 10.75 ], "texture": "#AnnealBlade" },
				"north": { "uv": [ 5.625, 10.625, 5.375, 10.75 ], "texture": "#AnnealBlade" },
				"south": { "uv": [ 5.625, 10.625, 5.875, 10.75 ], "texture": "#AnnealBlade" },
				"west": { "uv": [ 5.875, 10.625, 6.125, 10.75 ], "texture": "#AnnealBlade" },
				"east": { "uv": [ 6.375, 10.625, 6.125, 10.75 ], "texture": "#AnnealBlade" }
			}
		},
		{
			"__comment": "Voxels",
			"from": [ 9, -3.6667, -0.3333 ],
			"to": [ 9.666667, -2.6667, 0.000033349 ],
			"faces": {
				"down": { "uv": [ 6.375, 10.625, 6.625, 10.75 ], "texture": "#AnnealBlade" },
				"up": { "uv": [ 6.625, 10.75, 6.875, 10.625 ], "texture": "#AnnealBlade" },
				"north": { "uv": [ 7.75, 12.5, 7.5, 12.875 ], "texture": "#AnnealBlade" },
				"south": { "uv": [ 5.75, 12.5, 6, 12.875 ], "texture": "#AnnealBlade" },
				"west": { "uv": [ 2.625, 7.625, 2.75, 8 ], "texture": "#AnnealBlade" },
				"east": { "uv": [ 2.625, 7.25, 2.5, 7.625 ], "texture": "#AnnealBlade" }
			}
		},
		{
			"__comment": "Voxels",
			"from": [ 9, -3.6667, 2 ],
			"to": [ 9.666667, -2.6667, 2.333333 ],
			"faces": {
				"down": { "uv": [ 6.875, 10.625, 7.125, 10.75 ], "texture": "#AnnealBlade" },
				"up": { "uv": [ 7.125, 10.75, 7.375, 10.625 ], "texture": "#AnnealBlade" },
				"north": { "uv": [ 5.75, 12.5, 5.5, 12.875 ], "texture": "#AnnealBlade" },
				"south": { "uv": [ 5.25, 12.5, 5.5, 12.875 ], "texture": "#AnnealBlade" },
				"west": { "uv": [ 2.625, 7.25, 2.75, 7.625 ], "texture": "#AnnealBlade" },
				"east": { "uv": [ 2.625, 6.875, 2.5, 7.25 ], "texture": "#AnnealBlade" }
			}
		},
		{
			"__comment": "Voxels",
			"from": [ 9, -3, 0 ],
			"to": [ 10, -2.666667, 0.3333333 ],
			"faces": {
				"down": { "uv": [ 3.125, 12.5, 3.5, 12.625 ], "texture": "#AnnealBlade" },
				"up": { "uv": [ 4.5, 12.625, 4.875, 12.5 ], "texture": "#AnnealBlade" },
				"north": { "uv": [ 5.25, 12.5, 4.875, 12.625 ], "texture": "#AnnealBlade" },
				"south": { "uv": [ 2.5, 12, 2.875, 12.125 ], "texture": "#AnnealBlade" },
				"west": { "uv": [ 3.625, 8.125, 3.75, 8.25 ], "texture": "#AnnealBlade" },
				"east": { "uv": [ 3.75, 8, 3.625, 8.125 ], "texture": "#AnnealBlade" }
			}
		},
		{
			"__comment": "Voxels",
			"from": [ 9, -3, 0.6667 ],
			"to": [ 10, -2.666667, 1.333367 ],
			"faces": {
				"down": { "uv": [ 4.875, 12.625, 5.25, 12.875 ], "texture": "#AnnealBlade" },
				"up": { "uv": [ 4.5, 12.875, 4.875, 12.625 ], "texture": "#AnnealBlade" },
				"north": { "uv": [ 3.25, 12, 2.875, 12.125 ], "texture": "#AnnealBlade" },
				"south": { "uv": [ 3.25, 12, 3.625, 12.125 ], "texture": "#AnnealBlade" },
				"west": { "uv": [ 3.375, 10.25, 3.625, 10.375 ], "texture": "#AnnealBlade" },
				"east": { "uv": [ 3.625, 10.125, 3.375, 10.25 ], "texture": "#AnnealBlade" }
			}
		},
		{
			"__comment": "Voxels",
			"from": [ 9, -2.6667, 0 ],
			"to": [ 9.333333, -2.333367, 0.3333333 ],
			"faces": {
				"down": { "uv": [ 3.625, 7.125, 3.75, 7.25 ], "texture": "#AnnealBlade" },
				"up": { "uv": [ 3.625, 7.125, 3.75, 7 ], "texture": "#AnnealBlade" },
				"north": { "uv": [ 3.75, 6.875, 3.625, 7 ], "texture": "#AnnealBlade" },
				"south": { "uv": [ 3.625, 6.75, 3.75, 6.875 ], "texture": "#AnnealBlade" },
				"west": { "uv": [ 3.625, 6.625, 3.75, 6.75 ], "texture": "#AnnealBlade" },
				"east": { "uv": [ 3.75, 6.5, 3.625, 6.625 ], "texture": "#AnnealBlade" }
			}
		},
		{
			"__comment": "Voxels",
			"from": [ 9, -2.6667, 0.6667 ],
			"to": [ 9.333333, -2.333367, 1.333367 ],
			"faces": {
				"down": { "uv": [ 3.25, 7.5, 3.375, 7.75 ], "texture": "#AnnealBlade" },
				"up": { "uv": [ 3.25, 7.5, 3.375, 7.25 ], "texture": "#AnnealBlade" },
				"north": { "uv": [ 3.875, 10.375, 3.75, 10.5 ], "texture": "#AnnealBlade" },
				"south": { "uv": [ 3.875, 10.375, 4, 10.5 ], "texture": "#AnnealBlade" },
				"west": { "uv": [ 3.375, 10, 3.625, 10.125 ], "texture": "#AnnealBlade" },
				"east": { "uv": [ 3.625, 9.875, 3.375, 10 ], "texture": "#AnnealBlade" }
			}
		},
		{
			"__comment": "Voxels",
			"from": [ 9.666699, -3.3333, 0 ],
			"to": [ 10.33337, -2.999967, 1.666667 ],
			"faces": {
				"down": { "uv": [ 5, 13.625, 5.25, 14.25 ], "texture": "#AnnealBlade" },
				"up": { "uv": [ 2.5, 14.25, 2.75, 13.625 ], "texture": "#AnnealBlade" },
				"north": { "uv": [ 3.625, 9.75, 3.375, 9.875 ], "texture": "#AnnealBlade" },
				"south": { "uv": [ 3.375, 9.625, 3.625, 9.75 ], "texture": "#AnnealBlade" },
				"west": { "uv": [ 4.125, 11.875, 4.75, 12 ], "texture": "#AnnealBlade" },
				"east": { "uv": [ 4.625, 12.25, 4, 12.375 ], "texture": "#AnnealBlade" }
			}
		}
	],
	"display": {
		"thirdperson_righthand": {
			"rotation":  [ 0, -90, 0 ],
			"translation":  [ -6.956, 13.217, 3.4782 ]
		},
		"thirdperson_lefthand": {
			"rotation":  [ -90, 0, -36 ],
			"translation":  [ -8.347, 0.0003, 2.7826 ]
		},
		"firstperson_righthand": {
			"rotation":  [ 0, -90, 0 ],
			"translation":  [ -3.478, 12.521, 0 ]
		},
		"firstperson_lefthand": {
			"scale":  [ 0.0001, 0.0001, 0.0001 ]
		},
		"gui": {
			"rotation":  [ 0, 0, -44 ],
			"translation":  [ 0.6956, 0, 0 ],
			"scale":  [ 0.5, 0.5, 0.5 ]
		},
		"ground": {
			"translation":  [ 0.6956, 18.086, 6.9565 ]
		},
		"fixed": {
			"rotation":  [ 0, 0, 38 ],
			"translation":  [ 0, 2.7826, 0 ]
		}
	}
}