{
	"__comment": "Designed by Ling_Meng with Cubik Studio - https://cubik.studio",
	"textures": {
		"xntd": "blocks/xntd"
	},
	"elements": [ 	 
		{
			"__comment": "Voxels",
			"from": [ 6.375, -4.625, 5.875 ],
			"to": [ 9.625, -4, 7.25 ],
			"faces": {
				"down": { "uv": [ 5.1875, 15.3125, 6.8125, 16 ], "texture": "#xntd" },
				"up": { "uv": [ 3.5625, 16, 5.1875, 15.3125 ], "texture": "#xntd" },
				"north": { "uv": [ 8.4375, 15.375, 6.8125, 15.6875 ], "texture": "#xntd" },
				"south": { "uv": [ 6.8125, 15.6875, 8.4375, 16 ], "texture": "#xntd" },
				"west": { "uv": [ 13.0625, 15, 13.75, 15.3125 ], "texture": "#xntd" },
				"east": { "uv": [ 13.75, 14.6875, 13.0625, 15 ], "texture": "#xntd" }
			}
		},
		{
			"__comment": "Voxels",
			"from": [ 6.375, -4.625, 7.25 ],
			"to": [ 7.625, -4, 9 ],
			"faces": {
				"down": { "uv": [ 5.1875, 14.4375, 5.8125, 15.3125 ], "texture": "#xntd" },
				"up": { "uv": [ 4.5625, 15.3125, 5.1875, 14.4375 ], "texture": "#xntd" },
				"north": { "uv": [ 13.6875, 13.75, 13.0625, 14.0625 ], "texture": "#xntd" },
				"south": { "uv": [ 10.375, 13.625, 11, 13.9375 ], "texture": "#xntd" },
				"west": { "uv": [ 9.125, 15, 10, 15.3125 ], "texture": "#xntd" },
				"east": { "uv": [ 7.8125, 13.75, 6.9375, 14.0625 ], "texture": "#xntd" }
			}
		},
		{
			"__comment": "Voxels",
			"from": [ 6.375, -4.625, 9 ],
			"to": [ 9.625, -4.125, 9.125 ],
			"faces": {
				"down": { "uv": [ 6.8125, 15.3125, 8.4375, 15.375 ], "texture": "#xntd" },
				"up": { "uv": [ 9.6875, 13.625, 11.3125, 13.5625 ], "texture": "#xntd" },
				"north": { "uv": [ 12.875, 15.5, 11.25, 15.75 ], "texture": "#xntd" },
				"south": { "uv": [ 11.25, 15.75, 12.875, 16 ], "texture": "#xntd" },
				"west": { "uv": [ 6.875, 13.625, 6.9375, 13.875 ], "texture": "#xntd" },
				"east": { "uv": [ 4.5, 0, 4.4375, 0.25 ], "texture": "#xntd" }
			}
		},
		{
			"__comment": "Voxels",
			"from": [ 6.5, -4.625, 5.75 ],
			"to": [ 9.375, -4, 5.875 ],
			"faces": {
				"down": { "uv": [ 11.3125, 13.3125, 12.75, 13.375 ], "texture": "#xntd" },
				"up": { "uv": [ 8.4375, 15.375, 9.875, 15.3125 ], "texture": "#xntd" },
				"north": { "uv": [ 9.875, 15.375, 8.4375, 15.6875 ], "texture": "#xntd" },
				"south": { "uv": [ 8.4375, 15.6875, 9.875, 16 ], "texture": "#xntd" },
				"west": { "uv": [ 13.6875, 14.0625, 13.75, 14.375 ], "texture": "#xntd" },
				"east": { "uv": [ 6.3125, 11.6875, 6.25, 12 ], "texture": "#xntd" }
			}
		},
		{
			"__comment": "Voxels",
			"from": [ 6.5, -4.125, 9 ],
			"to": [ 9.5, -4, 9.125 ],
			"faces": {
				"down": { "uv": [ 11.3125, 13.5625, 12.8125, 13.625 ], "texture": "#xntd" },
				"up": { "uv": [ 11.3125, 13.5625, 12.8125, 13.5 ], "texture": "#xntd" },
				"north": { "uv": [ 12.8125, 13.4375, 11.3125, 13.5 ], "texture": "#xntd" },
				"south": { "uv": [ 11.3125, 13.375, 12.8125, 13.4375 ], "texture": "#xntd" },
				"west": { "uv": [ 11, 12.0625, 11.0625, 12.125 ], "texture": "#xntd" },
				"east": { "uv": [ 10, 11.6875, 9.9375, 11.75 ], "texture": "#xntd" }
			}
		},
		{
			"__comment": "Voxels",
			"from": [ 6.625, -4.625, 9.125 ],
			"to": [ 9.375, -4, 9.25 ],
			"faces": {
				"down": { "uv": [ 11.4375, 13.25, 12.8125, 13.3125 ], "texture": "#xntd" },
				"up": { "uv": [ 9.875, 15.375, 11.25, 15.3125 ], "texture": "#xntd" },
				"north": { "uv": [ 11.25, 15.6875, 9.875, 16 ], "texture": "#xntd" },
				"south": { "uv": [ 9.875, 15.375, 11.25, 15.6875 ], "texture": "#xntd" },
				"west": { "uv": [ 9.4375, 11.6875, 9.5, 12 ], "texture": "#xntd" },
				"east": { "uv": [ 13.75, 14.375, 13.6875, 14.6875 ], "texture": "#xntd" }
			}
		},
		{
			"__comment": "Voxels",
			"from": [ 6.75, -4.625, 5.375 ],
			"to": [ 9.125, -4.125, 5.75 ],
			"faces": {
				"down": { "uv": [ 11.25, 15.3125, 12.4375, 15.5 ], "texture": "#xntd" },
				"up": { "uv": [ 11.375, 15.3125, 12.5625, 15.125 ], "texture": "#xntd" },
				"north": { "uv": [ 9.125, 15.0625, 7.9375, 15.3125 ], "texture": "#xntd" },
				"south": { "uv": [ 7.9375, 14.8125, 9.125, 15.0625 ], "texture": "#xntd" },
				"west": { "uv": [ 4.0625, 0.125, 4.25, 0.375 ], "texture": "#xntd" },
				"east": { "uv": [ 3.9375, 0.125, 3.75, 0.375 ], "texture": "#xntd" }
			}
		},
		{
			"__comment": "Voxels",
			"from": [ 6.75, -4.625, 9.25 ],
			"to": [ 9.25, -4, 9.5 ],
			"faces": {
				"down": { "uv": [ 14.625, 14.4375, 15.875, 14.5625 ], "texture": "#xntd" },
				"up": { "uv": [ 14.625, 14.4375, 15.875, 14.3125 ], "texture": "#xntd" },
				"north": { "uv": [ 14.125, 15.375, 12.875, 15.6875 ], "texture": "#xntd" },
				"south": { "uv": [ 12.875, 15.6875, 14.125, 16 ], "texture": "#xntd" },
				"west": { "uv": [ 0.5, 0.0625, 0.625, 0.375 ], "texture": "#xntd" },
				"east": { "uv": [ 0.3125, 0.0625, 0.1875, 0.375 ], "texture": "#xntd" }
			}
		},
		{
			"__comment": "Voxels",
			"from": [ 6.75, -4.125, 5.5 ],
			"to": [ 9.25, -4, 5.75 ],
			"faces": {
				"down": { "uv": [ 14.625, 15.1875, 15.875, 15.3125 ], "texture": "#xntd" },
				"up": { "uv": [ 14.625, 15.1875, 15.875, 15.0625 ], "texture": "#xntd" },
				"north": { "uv": [ 14.125, 15.3125, 12.875, 15.375 ], "texture": "#xntd" },
				"south": { "uv": [ 11.5625, 13.1875, 12.8125, 13.25 ], "texture": "#xntd" },
				"west": { "uv": [ 8.75, 11.875, 8.875, 11.9375 ], "texture": "#xntd" },
				"east": { "uv": [ 8.5, 11.6875, 8.375, 11.75 ], "texture": "#xntd" }
			}
		},
		{
			"__comment": "Voxels",
			"from": [ 6.875, -4.125, 5.375 ],
			"to": [ 9.125, -4, 5.5 ],
			"faces": {
				"down": { "uv": [ 12.8125, 13.5625, 13.9375, 13.625 ], "texture": "#xntd" },
				"up": { "uv": [ 12.8125, 13.5625, 13.9375, 13.5 ], "texture": "#xntd" },
				"north": { "uv": [ 13.9375, 13.375, 12.8125, 13.4375 ], "texture": "#xntd" },
				"south": { "uv": [ 12.8125, 13.4375, 13.9375, 13.5 ], "texture": "#xntd" },
				"west": { "uv": [ 9.875, 11.6875, 9.9375, 11.75 ], "texture": "#xntd" },
				"east": { "uv": [ 9.875, 11.6875, 9.8125, 11.75 ], "texture": "#xntd" }
			}
		},
		{
			"__comment": "Voxels",
			"from": [ 7.375, -14.125, 7.25 ],
			"to": [ 8.625, -13.375, 7.375 ],
			"faces": {
				"down": { "uv": [ 15, 13.5, 15.625, 13.5625 ], "texture": "#xntd" },
				"up": { "uv": [ 8.4375, 13.6875, 9.0625, 13.625 ], "texture": "#xntd" },
				"north": { "uv": [ 9.0625, 13.6875, 8.4375, 14.0625 ], "texture": "#xntd" },
				"south": { "uv": [ 10.375, 13.9375, 11, 14.3125 ], "texture": "#xntd" },
				"west": { "uv": [ 10.5625, 11.6875, 10.625, 12.0625 ], "texture": "#xntd" },
				"east": { "uv": [ 9.125, 13.6875, 9.0625, 14.0625 ], "texture": "#xntd" }
			}
		},
		{
			"__comment": "Voxels",
			"from": [ 7.375, -14.125, 7.375 ],
			"to": [ 8.625, -13.625, 8.5 ],
			"faces": {
				"down": { "uv": [ 14.125, 15.4375, 14.75, 16 ], "texture": "#xntd" },
				"up": { "uv": [ 14.75, 16, 15.375, 15.4375 ], "texture": "#xntd" },
				"north": { "uv": [ 15.25, 14.8125, 14.625, 15.0625 ], "texture": "#xntd" },
				"south": { "uv": [ 15.25, 14.8125, 15.875, 15.0625 ], "texture": "#xntd" },
				"west": { "uv": [ 15.25, 14.5625, 15.8125, 14.8125 ], "texture": "#xntd" },
				"east": { "uv": [ 15.6875, 14.0625, 15.125, 14.3125 ], "texture": "#xntd" }
			}
		},
		{
			"__comment": "Voxels",
			"from": [ 7.375, -13.625, 8.375 ],
			"to": [ 8.625, -13.375, 8.5 ],
			"faces": {
				"down": { "uv": [ 14.75, 13.4375, 15.375, 13.5 ], "texture": "#xntd" },
				"up": { "uv": [ 15.375, 13.5, 16, 13.4375 ], "texture": "#xntd" },
				"north": { "uv": [ 14.75, 15.3125, 14.125, 15.4375 ], "texture": "#xntd" },
				"south": { "uv": [ 14.75, 15.3125, 15.375, 15.4375 ], "texture": "#xntd" },
				"west": { "uv": [ 10.3125, 11.6875, 10.375, 11.8125 ], "texture": "#xntd" },
				"east": { "uv": [ 11.375, 11.75, 11.3125, 11.875 ], "texture": "#xntd" }
			}
		},
		{
			"__comment": "Voxels",
			"from": [ 7.375, -4.875, 6.625 ],
			"to": [ 8.625, -4.625, 7.25 ],
			"faces": {
				"down": { "uv": [ 13.0625, 14.375, 13.6875, 14.6875 ], "texture": "#xntd" },
				"up": { "uv": [ 13.0625, 14.375, 13.6875, 14.0625 ], "texture": "#xntd" },
				"north": { "uv": [ 7.5625, 13.625, 6.9375, 13.75 ], "texture": "#xntd" },
				"south": { "uv": [ 11.875, 13.6875, 12.5, 13.8125 ], "texture": "#xntd" },
				"west": { "uv": [ 14.75, 13.3125, 15.0625, 13.4375 ], "texture": "#xntd" },
				"east": { "uv": [ 12.8125, 13.0625, 12.5, 13.1875 ], "texture": "#xntd" }
			}
		},
		{
			"__comment": "Voxels",
			"from": [ 7.375, -4.875, 7.25 ],
			"to": [ 7.625, -4.625, 8.375 ],
			"faces": {
				"down": { "uv": [ 9.875, 13.75, 10, 14.3125 ], "texture": "#xntd" },
				"up": { "uv": [ 5.5625, 12.375, 5.6875, 11.8125 ], "texture": "#xntd" },
				"north": { "uv": [ 3.5625, 0, 3.4375, 0.125 ], "texture": "#xntd" },
				"south": { "uv": [ 3.3125, 0, 3.4375, 0.125 ], "texture": "#xntd" },
				"west": { "uv": [ 13.0625, 13.625, 13.625, 13.75 ], "texture": "#xntd" },
				"east": { "uv": [ 12.5, 13.0625, 11.9375, 13.1875 ], "texture": "#xntd" }
			}
		},
		{
			"__comment": "Voxels",
			"from": [ 7.5, -14.25, 7.125 ],
			"to": [ 8.5, -4.875, 7.25 ],
			"faces": {
				"down": { "uv": [ 15.25, 12.5625, 15.75, 12.625 ], "texture": "#xntd" },
				"up": { "uv": [ 14.75, 12.5625, 15.25, 12.5 ], "texture": "#xntd" },
				"north": { "uv": [ 1.625, 6.625, 1.125, 11.3125 ], "texture": "#xntd" },
				"south": { "uv": [ 1.125, 11.3125, 1.625, 16 ], "texture": "#xntd" },
				"west": { "uv": [ 4.875, 1.625, 4.9375, 6.3125 ], "texture": "#xntd" },
				"east": { "uv": [ 5, 2.125, 4.9375, 6.8125 ], "texture": "#xntd" }
			}
		},
		{
			"__comment": "Voxels",
			"from": [ 7.5, -14.25, 7.25 ],
			"to": [ 8.5, -14.125, 8.5 ],
			"faces": {
				"down": { "uv": [ 2.125, 0.3125, 2.625, 0.9375 ], "texture": "#xntd" },
				"up": { "uv": [ 15.375, 16, 15.875, 15.375 ], "texture": "#xntd" },
				"north": { "uv": [ 15.75, 12.5, 15.25, 12.5625 ], "texture": "#xntd" },
				"south": { "uv": [ 1.125, 0, 1.625, 0.0625 ], "texture": "#xntd" },
				"west": { "uv": [ 15, 13.5625, 15.625, 13.625 ], "texture": "#xntd" },
				"east": { "uv": [ 12.5, 13.625, 11.875, 13.6875 ], "texture": "#xntd" }
			}
		},
		{
			"__comment": "Voxels",
			"from": [ 7.5, -14.125, 7 ],
			"to": [ 8.375, -13.5, 7.125 ],
			"faces": {
				"down": { "uv": [ 14.75, 12.125, 15.1875, 12.1875 ], "texture": "#xntd" },
				"up": { "uv": [ 14.75, 12.375, 15.1875, 12.3125 ], "texture": "#xntd" },
				"north": { "uv": [ 15.5625, 13.75, 15.125, 14.0625 ], "texture": "#xntd" },
				"south": { "uv": [ 15.5625, 13.75, 16, 14.0625 ], "texture": "#xntd" },
				"west": { "uv": [ 13.6875, 13.75, 13.75, 14.0625 ], "texture": "#xntd" },
				"east": { "uv": [ 6.25, 11.6875, 6.1875, 12 ], "texture": "#xntd" }
			}
		},
		{
			"__comment": "Voxels",
			"from": [ 7.5, -14.125, 8.5 ],
			"to": [ 8.5, -13.25, 8.625 ],
			"faces": {
				"down": { "uv": [ 14.75, 12.5625, 15.25, 12.625 ], "texture": "#xntd" },
				"up": { "uv": [ 15.375, 15.375, 15.875, 15.3125 ], "texture": "#xntd" },
				"north": { "uv": [ 11.875, 13.8125, 11.375, 14.25 ], "texture": "#xntd" },
				"south": { "uv": [ 11.875, 14.25, 12.375, 14.6875 ], "texture": "#xntd" },
				"west": { "uv": [ 13.1875, 11.75, 13.25, 12.1875 ], "texture": "#xntd" },
				"east": { "uv": [ 13, 11.6875, 12.9375, 12.125 ], "texture": "#xntd" }
			}
		},
		{
			"__comment": "Voxels",
			"from": [ 7.5, -13.625, 7.375 ],
			"to": [ 8.5, -4.875, 8.25 ],
			"faces": {
				"down": { "uv": [ 11.875, 14.6875, 12.375, 15.125 ], "texture": "#xntd" },
				"up": { "uv": [ 11.875, 14.25, 12.375, 13.8125 ], "texture": "#xntd" },
				"north": { "uv": [ 2.125, 11.625, 1.625, 16 ], "texture": "#xntd" },
				"south": { "uv": [ 1.125, 2.25, 1.625, 6.625 ], "texture": "#xntd" },
				"west": { "uv": [ 2.625, 7.6875, 3.0625, 12.0625 ], "texture": "#xntd" },
				"east": { "uv": [ 3.0625, 3.3125, 2.625, 7.6875 ], "texture": "#xntd" }
			}
		},
		{
			"__comment": "Voxels",
			"from": [ 7.5, -13.625, 8.25 ],
			"to": [ 8.5, -5.75, 8.375 ],
			"faces": {
				"down": { "uv": [ 6.9375, 11.6875, 7.4375, 11.75 ], "texture": "#xntd" },
				"up": { "uv": [ 15.125, 13.3125, 15.625, 13.25 ], "texture": "#xntd" },
				"north": { "uv": [ 2.625, 3.8125, 2.125, 7.75 ], "texture": "#xntd" },
				"south": { "uv": [ 2.625, 12.0625, 3.125, 16 ], "texture": "#xntd" },
				"west": { "uv": [ 5.25, 7.75, 5.3125, 11.6875 ], "texture": "#xntd" },
				"east": { "uv": [ 5.25, 1.5, 5.1875, 5.4375 ], "texture": "#xntd" }
			}
		},
		{
			"__comment": "Voxels",
			"from": [ 7.5, -13.375, 7.25 ],
			"to": [ 8.5, -4.875, 7.375 ],
			"faces": {
				"down": { "uv": [ 15.125, 13.1875, 15.625, 13.25 ], "texture": "#xntd" },
				"up": { "uv": [ 15.125, 13.1875, 15.625, 13.125 ], "texture": "#xntd" },
				"north": { "uv": [ 2.125, 7.375, 1.625, 11.625 ], "texture": "#xntd" },
				"south": { "uv": [ 1.625, 3.125, 2.125, 7.375 ], "texture": "#xntd" },
				"west": { "uv": [ 5, 2.5625, 5.0625, 6.8125 ], "texture": "#xntd" },
				"east": { "uv": [ 5.125, 7.4375, 5.0625, 11.6875 ], "texture": "#xntd" }
			}
		},
		{
			"__comment": "Voxels",
			"from": [ 7.5, -13.375, 8.375 ],
			"to": [ 8.5, -9.625, 8.5 ],
			"faces": {
				"down": { "uv": [ 14.75, 13.0625, 15.25, 13.125 ], "texture": "#xntd" },
				"up": { "uv": [ 15.25, 13.125, 15.75, 13.0625 ], "texture": "#xntd" },
				"north": { "uv": [ 1.625, 0.375, 1.125, 2.25 ], "texture": "#xntd" },
				"south": { "uv": [ 2.625, 1.4375, 3.125, 3.3125 ], "texture": "#xntd" },
				"west": { "uv": [ 8.5625, 11.75, 8.625, 13.625 ], "texture": "#xntd" },
				"east": { "uv": [ 8.1875, 11.75, 8.125, 13.625 ], "texture": "#xntd" }
			}
		},
		{
			"__comment": "Voxels",
			"from": [ 7.5, -13.25, 8.5 ],
			"to": [ 8.375, -13, 8.625 ],
			"faces": {
				"down": { "uv": [ 14.75, 12.0625, 15.1875, 12.125 ], "texture": "#xntd" },
				"up": { "uv": [ 14.75, 12.5, 15.1875, 12.4375 ], "texture": "#xntd" },
				"north": { "uv": [ 9.3125, 11.6875, 8.875, 11.8125 ], "texture": "#xntd" },
				"south": { "uv": [ 13.0625, 13.125, 13.5, 13.25 ], "texture": "#xntd" },
				"west": { "uv": [ 10, 11.6875, 10.0625, 11.8125 ], "texture": "#xntd" },
				"east": { "uv": [ 10.125, 11.6875, 10.0625, 11.8125 ], "texture": "#xntd" }
			}
		},
		{
			"__comment": "Voxels",
			"from": [ 7.5, -13.125, 7 ],
			"to": [ 8.5, -4.875, 7.125 ],
			"faces": {
				"down": { "uv": [ 14.75, 13, 15.25, 13.0625 ], "texture": "#xntd" },
				"up": { "uv": [ 15.25, 13.0625, 15.75, 13 ], "texture": "#xntd" },
				"north": { "uv": [ 2.625, 11.875, 2.125, 16 ], "texture": "#xntd" },
				"south": { "uv": [ 2.125, 7.75, 2.625, 11.875 ], "texture": "#xntd" },
				"west": { "uv": [ 5.125, 1.3125, 5.1875, 5.4375 ], "texture": "#xntd" },
				"east": { "uv": [ 5.1875, 5.4375, 5.125, 9.5625 ], "texture": "#xntd" }
			}
		},
		{
			"__comment": "Voxels",
			"from": [ 7.5, -10.625, 6.875 ],
			"to": [ 8.5, -4.875, 7 ],
			"faces": {
				"down": { "uv": [ 14.75, 12.9375, 15.25, 13 ], "texture": "#xntd" },
				"up": { "uv": [ 15.25, 13, 15.75, 12.9375 ], "texture": "#xntd" },
				"north": { "uv": [ 2.125, 0.25, 1.625, 3.125 ], "texture": "#xntd" },
				"south": { "uv": [ 2.125, 0.9375, 2.625, 3.8125 ], "texture": "#xntd" },
				"west": { "uv": [ 5.5, 8.8125, 5.5625, 11.6875 ], "texture": "#xntd" },
				"east": { "uv": [ 5.5, 2.75, 5.4375, 5.625 ], "texture": "#xntd" }
			}
		},
		{
			"__comment": "Voxels",
			"from": [ 7.5, -9.625, 8.375 ],
			"to": [ 8.375, -9.125, 8.5 ],
			"faces": {
				"down": { "uv": [ 14.75, 12.1875, 15.1875, 12.25 ], "texture": "#xntd" },
				"up": { "uv": [ 14.75, 12.4375, 15.1875, 12.375 ], "texture": "#xntd" },
				"north": { "uv": [ 9.3125, 13.375, 8.875, 13.625 ], "texture": "#xntd" },
				"south": { "uv": [ 8.875, 13.125, 9.3125, 13.375 ], "texture": "#xntd" },
				"west": { "uv": [ 9.625, 11.75, 9.6875, 12 ], "texture": "#xntd" },
				"east": { "uv": [ 9.625, 11.75, 9.5625, 12 ], "texture": "#xntd" }
			}
		},
		{
			"__comment": "Voxels",
			"from": [ 7.5, -8.25, 6.75 ],
			"to": [ 8.5, -4.875, 6.875 ],
			"faces": {
				"down": { "uv": [ 14.75, 12.875, 15.25, 12.9375 ], "texture": "#xntd" },
				"up": { "uv": [ 15.25, 12.9375, 15.75, 12.875 ], "texture": "#xntd" },
				"north": { "uv": [ 4.5625, 13.625, 4.0625, 15.3125 ], "texture": "#xntd" },
				"south": { "uv": [ 3.5625, 13.625, 4.0625, 15.3125 ], "texture": "#xntd" },
				"west": { "uv": [ 9.375, 11.9375, 9.4375, 13.625 ], "texture": "#xntd" },
				"east": { "uv": [ 9.375, 11.9375, 9.3125, 13.625 ], "texture": "#xntd" }
			}
		},
		{
			"__comment": "Voxels",
			"from": [ 7.5, -5.75, 6.625 ],
			"to": [ 8.5, -4.875, 6.75 ],
			"faces": {
				"down": { "uv": [ 14.75, 12.8125, 15.25, 12.875 ], "texture": "#xntd" },
				"up": { "uv": [ 15.25, 12.875, 15.75, 12.8125 ], "texture": "#xntd" },
				"north": { "uv": [ 13.0625, 14.4375, 12.5625, 14.875 ], "texture": "#xntd" },
				"south": { "uv": [ 12.5625, 14.875, 13.0625, 15.3125 ], "texture": "#xntd" },
				"west": { "uv": [ 12.5, 13.8125, 12.5625, 14.25 ], "texture": "#xntd" },
				"east": { "uv": [ 12.875, 11.6875, 12.8125, 12.125 ], "texture": "#xntd" }
			}
		},
		{
			"__comment": "Voxels",
			"from": [ 7.5, -5.75, 8.25 ],
			"to": [ 8.375, -5.5, 8.375 ],
			"faces": {
				"down": { "uv": [ 14.75, 12.25, 15.1875, 12.3125 ], "texture": "#xntd" },
				"up": { "uv": [ 14.75, 12.0625, 15.1875, 12 ], "texture": "#xntd" },
				"north": { "uv": [ 16, 13.625, 15.5625, 13.75 ], "texture": "#xntd" },
				"south": { "uv": [ 15.125, 13.625, 15.5625, 13.75 ], "texture": "#xntd" },
				"west": { "uv": [ 10.8125, 11.9375, 10.875, 12.0625 ], "texture": "#xntd" },
				"east": { "uv": [ 10.875, 11.8125, 10.8125, 11.9375 ], "texture": "#xntd" }
			}
		},
		{
			"__comment": "Voxels",
			"from": [ 7.5, -4.875, 6.5 ],
			"to": [ 8.5, -4.625, 6.625 ],
			"faces": {
				"down": { "uv": [ 14.75, 12.75, 15.25, 12.8125 ], "texture": "#xntd" },
				"up": { "uv": [ 15.25, 12.8125, 15.75, 12.75 ], "texture": "#xntd" },
				"north": { "uv": [ 13.5625, 13.25, 13.0625, 13.375 ], "texture": "#xntd" },
				"south": { "uv": [ 6.9375, 11.75, 7.4375, 11.875 ], "texture": "#xntd" },
				"west": { "uv": [ 10.8125, 11.6875, 10.875, 11.8125 ], "texture": "#xntd" },
				"east": { "uv": [ 11.4375, 11.75, 11.375, 11.875 ], "texture": "#xntd" }
			}
		},
		{
			"__comment": "Voxels",
			"from": [ 7.625, -14.25, 7 ],
			"to": [ 8.375, -14.125, 7.125 ],
			"faces": {
				"down": { "uv": [ 15.5625, 12.25, 15.9375, 12.3125 ], "texture": "#xntd" },
				"up": { "uv": [ 15.1875, 12.375, 15.5625, 12.3125 ], "texture": "#xntd" },
				"north": { "uv": [ 15.9375, 12.375, 15.5625, 12.4375 ], "texture": "#xntd" },
				"south": { "uv": [ 15.1875, 12.375, 15.5625, 12.4375 ], "texture": "#xntd" },
				"west": { "uv": [ 9.0625, 13.625, 9.125, 13.6875 ], "texture": "#xntd" },
				"east": { "uv": [ 12.8125, 12.1875, 12.75, 12.25 ], "texture": "#xntd" }
			}
		},
		{
			"__comment": "Voxels",
			"from": [ 7.625, -14.25, 8.5 ],
			"to": [ 8.375, -14.125, 8.625 ],
			"faces": {
				"down": { "uv": [ 15.5625, 12.4375, 15.9375, 12.5 ], "texture": "#xntd" },
				"up": { "uv": [ 14.75, 11.75, 15.125, 11.6875 ], "texture": "#xntd" },
				"north": { "uv": [ 15.125, 11.75, 14.75, 11.8125 ], "texture": "#xntd" },
				"south": { "uv": [ 15.625, 13.3125, 16, 13.375 ], "texture": "#xntd" },
				"west": { "uv": [ 12.75, 12.9375, 12.8125, 13 ], "texture": "#xntd" },
				"east": { "uv": [ 12.375, 11.75, 12.3125, 11.8125 ], "texture": "#xntd" }
			}
		},
		{
			"__comment": "Voxels",
			"from": [ 7.625, -14.125, 8.625 ],
			"to": [ 8.375, -13.625, 8.75 ],
			"faces": {
				"down": { "uv": [ 15.625, 13.1875, 16, 13.25 ], "texture": "#xntd" },
				"up": { "uv": [ 15.625, 13.3125, 16, 13.25 ], "texture": "#xntd" },
				"north": { "uv": [ 6.5625, 13.625, 6.1875, 13.875 ], "texture": "#xntd" },
				"south": { "uv": [ 5.8125, 13.625, 6.1875, 13.875 ], "texture": "#xntd" },
				"west": { "uv": [ 9.9375, 11.75, 10, 12 ], "texture": "#xntd" },
				"east": { "uv": [ 9.4375, 11.6875, 9.375, 11.9375 ], "texture": "#xntd" }
			}
		},
		{
			"__comment": "Voxels",
			"from": [ 7.625, -13.625, 8.625 ],
			"to": [ 7.875, -13.375, 8.75 ],
			"faces": {
				"down": { "uv": [ 5.125, 1.1875, 5.25, 1.25 ], "texture": "#xntd" },
				"up": { "uv": [ 5.125, 1.125, 5.25, 1.0625 ], "texture": "#xntd" },
				"north": { "uv": [ 13.75, 13.625, 13.625, 13.75 ], "texture": "#xntd" },
				"south": { "uv": [ 15.875, 15.0625, 16, 15.1875 ], "texture": "#xntd" },
				"west": { "uv": [ 11.5, 11.75, 11.5625, 11.875 ], "texture": "#xntd" },
				"east": { "uv": [ 11.625, 11.8125, 11.5625, 11.9375 ], "texture": "#xntd" }
			}
		},
		{
			"__comment": "Voxels",
			"from": [ 7.625, -13.5, 7 ],
			"to": [ 8.375, -13.125, 7.125 ],
			"faces": {
				"down": { "uv": [ 9.5, 13.625, 9.875, 13.6875 ], "texture": "#xntd" },
				"up": { "uv": [ 9.125, 13.6875, 9.5, 13.625 ], "texture": "#xntd" },
				"north": { "uv": [ 11.75, 13.625, 11.375, 13.8125 ], "texture": "#xntd" },
				"south": { "uv": [ 12.4375, 15.3125, 12.8125, 15.5 ], "texture": "#xntd" },
				"west": { "uv": [ 10.5, 11.8125, 10.5625, 12 ], "texture": "#xntd" },
				"east": { "uv": [ 10.5, 11.8125, 10.4375, 12 ], "texture": "#xntd" }
			}
		},
		{
			"__comment": "Voxels",
			"from": [ 7.625, -13, 8.5 ],
			"to": [ 8.375, -10.125, 8.625 ],
			"faces": {
				"down": { "uv": [ 15.5625, 12.1875, 15.9375, 12.25 ], "texture": "#xntd" },
				"up": { "uv": [ 15.1875, 12.25, 15.5625, 12.1875 ], "texture": "#xntd" },
				"north": { "uv": [ 3, 0, 2.625, 1.4375 ], "texture": "#xntd" },
				"south": { "uv": [ 5.8125, 13.875, 6.1875, 15.3125 ], "texture": "#xntd" },
				"west": { "uv": [ 11.375, 11.875, 11.4375, 13.3125 ], "texture": "#xntd" },
				"east": { "uv": [ 11.0625, 12.125, 11, 13.5625 ], "texture": "#xntd" }
			}
		},
		{
			"__comment": "Voxels",
			"from": [ 7.625, -11.875, 6.875 ],
			"to": [ 8.375, -10.625, 7 ],
			"faces": {
				"down": { "uv": [ 15.1875, 12.25, 15.5625, 12.3125 ], "texture": "#xntd" },
				"up": { "uv": [ 15.5625, 12.375, 15.9375, 12.3125 ], "texture": "#xntd" },
				"north": { "uv": [ 9.5, 13.6875, 9.125, 14.3125 ], "texture": "#xntd" },
				"south": { "uv": [ 11, 13.6875, 11.375, 14.3125 ], "texture": "#xntd" },
				"west": { "uv": [ 14.625, 11.6875, 14.6875, 12.3125 ], "texture": "#xntd" },
				"east": { "uv": [ 14.75, 12.875, 14.6875, 13.5 ], "texture": "#xntd" }
			}
		},
		{
			"__comment": "Voxels",
			"from": [ 7.625, -10.125, 8.5 ],
			"to": [ 8.25, -9.875, 8.625 ],
			"faces": {
				"down": { "uv": [ 15.1875, 12.0625, 15.5, 12.125 ], "texture": "#xntd" },
				"up": { "uv": [ 15.1875, 12, 15.5, 11.9375 ], "texture": "#xntd" },
				"north": { "uv": [ 13.9375, 11.6875, 13.625, 11.8125 ], "texture": "#xntd" },
				"south": { "uv": [ 14.6875, 13.5, 15, 13.625 ], "texture": "#xntd" },
				"west": { "uv": [ 12.5, 13.6875, 12.5625, 13.8125 ], "texture": "#xntd" },
				"east": { "uv": [ 7.9375, 13.625, 7.875, 13.75 ], "texture": "#xntd" }
			}
		},
		{
			"__comment": "Voxels",
			"from": [ 7.625, -9.5, 6.75 ],
			"to": [ 8.375, -8.25, 6.875 ],
			"faces": {
				"down": { "uv": [ 15.1875, 12.4375, 15.5625, 12.5 ], "texture": "#xntd" },
				"up": { "uv": [ 4.5625, 13.6875, 4.9375, 13.625 ], "texture": "#xntd" },
				"north": { "uv": [ 9.875, 13.6875, 9.5, 14.3125 ], "texture": "#xntd" },
				"south": { "uv": [ 7.9375, 13.625, 8.3125, 14.25 ], "texture": "#xntd" },
				"west": { "uv": [ 14.6875, 12.25, 14.75, 12.875 ], "texture": "#xntd" },
				"east": { "uv": [ 14.6875, 12.3125, 14.625, 12.9375 ], "texture": "#xntd" }
			}
		},
		{
			"__comment": "Voxels",
			"from": [ 7.625, -9.125, 8.375 ],
			"to": [ 8.375, -6.25, 8.5 ],
			"faces": {
				"down": { "uv": [ 14.75, 11.8125, 15.125, 11.875 ], "texture": "#xntd" },
				"up": { "uv": [ 14.75, 11.9375, 15.125, 11.875 ], "texture": "#xntd" },
				"north": { "uv": [ 6.5625, 13.875, 6.1875, 15.3125 ], "texture": "#xntd" },
				"south": { "uv": [ 6.5625, 13.875, 6.9375, 15.3125 ], "texture": "#xntd" },
				"west": { "uv": [ 11.0625, 12.125, 11.125, 13.5625 ], "texture": "#xntd" },
				"east": { "uv": [ 11.3125, 12.125, 11.25, 13.5625 ], "texture": "#xntd" }
			}
		},
		{
			"__comment": "Voxels",
			"from": [ 7.625, -7.125, 6.625 ],
			"to": [ 8.375, -5.75, 6.75 ],
			"faces": {
				"down": { "uv": [ 14.75, 11.9375, 15.125, 12 ], "texture": "#xntd" },
				"up": { "uv": [ 15.625, 13.1875, 16, 13.125 ], "texture": "#xntd" },
				"north": { "uv": [ 9.875, 14.3125, 9.5, 15 ], "texture": "#xntd" },
				"south": { "uv": [ 9.125, 14.3125, 9.5, 15 ], "texture": "#xntd" },
				"west": { "uv": [ 14.5625, 12.25, 14.625, 12.9375 ], "texture": "#xntd" },
				"east": { "uv": [ 14.625, 12.9375, 14.5625, 13.625 ], "texture": "#xntd" }
			}
		},
		{
			"__comment": "Voxels",
			"from": [ 7.625, -6.25, 8.375 ],
			"to": [ 8.25, -6, 8.5 ],
			"faces": {
				"down": { "uv": [ 15.1875, 12, 15.5, 12.0625 ], "texture": "#xntd" },
				"up": { "uv": [ 15.1875, 12.1875, 15.5, 12.125 ], "texture": "#xntd" },
				"north": { "uv": [ 7.875, 13.625, 7.5625, 13.75 ], "texture": "#xntd" },
				"south": { "uv": [ 15.625, 13.5, 15.9375, 13.625 ], "texture": "#xntd" },
				"west": { "uv": [ 3.0625, 3.3125, 3.125, 3.4375 ], "texture": "#xntd" },
				"east": { "uv": [ 3.125, 7.6875, 3.0625, 7.8125 ], "texture": "#xntd" }
			}
		},
		{
			"__comment": "Voxels",
			"from": [ 7.625, -5.5, 8.25 ],
			"to": [ 8.375, -4, 8.375 ],
			"faces": {
				"down": { "uv": [ 15.625, 13.375, 16, 13.4375 ], "texture": "#xntd" },
				"up": { "uv": [ 11, 13.6875, 11.375, 13.625 ], "texture": "#xntd" },
				"north": { "uv": [ 4.9375, 13.6875, 4.5625, 14.4375 ], "texture": "#xntd" },
				"south": { "uv": [ 8.4375, 14.0625, 8.8125, 14.8125 ], "texture": "#xntd" },
				"west": { "uv": [ 14.5, 12.875, 14.5625, 13.625 ], "texture": "#xntd" },
				"east": { "uv": [ 14.5, 12.875, 14.4375, 13.625 ], "texture": "#xntd" }
			}
		},
		{
			"__comment": "Voxels",
			"from": [ 7.625, -4.875, 7.75 ],
			"to": [ 8.625, -4, 8.25 ],
			"faces": {
				"down": { "uv": [ 1.625, 0, 2.125, 0.25 ], "texture": "#xntd" },
				"up": { "uv": [ 6.9375, 13.625, 7.4375, 13.375 ], "texture": "#xntd" },
				"north": { "uv": [ 11.875, 14.25, 11.375, 14.6875 ], "texture": "#xntd" },
				"south": { "uv": [ 11.375, 14.6875, 11.875, 15.125 ], "texture": "#xntd" },
				"west": { "uv": [ 8.625, 13.1875, 8.875, 13.625 ], "texture": "#xntd" },
				"east": { "uv": [ 8.875, 12.75, 8.625, 13.1875 ], "texture": "#xntd" }
			}
		},
		{
			"__comment": "Voxels",
			"from": [ 7.625, -4.625, 8.375 ],
			"to": [ 9.625, -4, 9 ],
			"faces": {
				"down": { "uv": [ 6.9375, 14.0625, 7.9375, 14.375 ], "texture": "#xntd" },
				"up": { "uv": [ 6.9375, 14.6875, 7.9375, 14.375 ], "texture": "#xntd" },
				"north": { "uv": [ 7.9375, 14.6875, 6.9375, 15 ], "texture": "#xntd" },
				"south": { "uv": [ 6.9375, 15, 7.9375, 15.3125 ], "texture": "#xntd" },
				"west": { "uv": [ 9, 12.5, 9.3125, 12.8125 ], "texture": "#xntd" },
				"east": { "uv": [ 9.3125, 12.8125, 9, 13.125 ], "texture": "#xntd" }
			}
		},
		{
			"__comment": "Voxels",
			"from": [ 7.625, -4.5, 7.25 ],
			"to": [ 9.625, -4, 7.75 ],
			"faces": {
				"down": { "uv": [ 10.375, 14.5625, 11.375, 14.8125 ], "texture": "#xntd" },
				"up": { "uv": [ 10.375, 14.5625, 11.375, 14.3125 ], "texture": "#xntd" },
				"north": { "uv": [ 11.375, 14.8125, 10.375, 15.0625 ], "texture": "#xntd" },
				"south": { "uv": [ 10.375, 15.0625, 11.375, 15.3125 ], "texture": "#xntd" },
				"west": { "uv": [ 12.5, 12.3125, 12.75, 12.5625 ], "texture": "#xntd" },
				"east": { "uv": [ 12.75, 12.0625, 12.5, 12.3125 ], "texture": "#xntd" }
			}
		},
		{
			"__comment": "Voxels",
			"from": [ 7.75, -14.25, 8.625 ],
			"to": [ 8.25, -14.125, 8.75 ],
			"faces": {
				"down": { "uv": [ 0.625, 0, 0.875, 0.0625 ], "texture": "#xntd" },
				"up": { "uv": [ 15.75, 12.8125, 16, 12.75 ], "texture": "#xntd" },
				"north": { "uv": [ 16, 13, 15.75, 13.0625 ], "texture": "#xntd" },
				"south": { "uv": [ 0.875, 0, 1.125, 0.0625 ], "texture": "#xntd" },
				"west": { "uv": [ 12.3125, 11.8125, 12.375, 11.875 ], "texture": "#xntd" },
				"east": { "uv": [ 12.8125, 12.5625, 12.75, 12.625 ], "texture": "#xntd" }
			}
		},
		{
			"__comment": "Voxels",
			"from": [ 7.75, -9.875, 8.5 ],
			"to": [ 8.25, -9.75, 8.625 ],
			"faces": {
				"down": { "uv": [ 15.1875, 11.875, 15.4375, 11.9375 ], "texture": "#xntd" },
				"up": { "uv": [ 15.75, 12.5625, 16, 12.5 ], "texture": "#xntd" },
				"north": { "uv": [ 16, 12.5625, 15.75, 12.625 ], "texture": "#xntd" },
				"south": { "uv": [ 15.75, 12.8125, 16, 12.875 ], "texture": "#xntd" },
				"west": { "uv": [ 12.75, 13, 12.8125, 13.0625 ], "texture": "#xntd" },
				"east": { "uv": [ 12.375, 11.6875, 12.3125, 11.75 ], "texture": "#xntd" }
			}
		},
		{
			"__comment": "Voxels",
			"from": [ 7.75, -6, 8.375 ],
			"to": [ 8.25, -5.875, 8.5 ],
			"faces": {
				"down": { "uv": [ 15.75, 12.875, 16, 12.9375 ], "texture": "#xntd" },
				"up": { "uv": [ 14.625, 13.6875, 14.875, 13.625 ], "texture": "#xntd" },
				"north": { "uv": [ 15.125, 13.625, 14.875, 13.6875 ], "texture": "#xntd" },
				"south": { "uv": [ 10.875, 11.6875, 11.125, 11.75 ], "texture": "#xntd" },
				"west": { "uv": [ 12.1875, 11.875, 12.25, 11.9375 ], "texture": "#xntd" },
				"east": { "uv": [ 12.125, 11.875, 12.0625, 11.9375 ], "texture": "#xntd" }
			}
		},
		{
			"__comment": "Voxels",
			"from": [ 7.75, -4, 6.75 ],
			"to": [ 8.25, -3.5, 8 ],
			"faces": {
				"down": { "uv": [ 14.875, 13.6875, 15.125, 14.3125 ], "texture": "#xntd" },
				"up": { "uv": [ 14.625, 14.3125, 14.875, 13.6875 ], "texture": "#xntd" },
				"north": { "uv": [ 12.75, 12.5625, 12.5, 12.8125 ], "texture": "#xntd" },
				"south": { "uv": [ 12.5, 12.8125, 12.75, 13.0625 ], "texture": "#xntd" },
				"west": { "uv": [ 14.625, 14.5625, 15.25, 14.8125 ], "texture": "#xntd" },
				"east": { "uv": [ 5.8125, 13.625, 5.1875, 13.875 ], "texture": "#xntd" }
			}
		},
		{
			"__comment": "Voxels",
			"from": [ 7.75, -4, 8 ],
			"to": [ 8.25, -3.875, 8.125 ],
			"faces": {
				"down": { "uv": [ 10.875, 11.75, 11.125, 11.8125 ], "texture": "#xntd" },
				"up": { "uv": [ 12.375, 11.8125, 12.625, 11.75 ], "texture": "#xntd" },
				"north": { "uv": [ 12.625, 11.6875, 12.375, 11.75 ], "texture": "#xntd" },
				"south": { "uv": [ 13.375, 11.75, 13.625, 11.8125 ], "texture": "#xntd" },
				"west": { "uv": [ 11.75, 11.6875, 11.8125, 11.75 ], "texture": "#xntd" },
				"east": { "uv": [ 11.8125, 11.75, 11.75, 11.8125 ], "texture": "#xntd" }
			}
		},
		{
			"__comment": "Voxels",
			"from": [ 7.75, -3.5, 7 ],
			"to": [ 8.25, -3.375, 8 ],
			"faces": {
				"down": { "uv": [ 6.9375, 12.875, 7.1875, 13.375 ], "texture": "#xntd" },
				"up": { "uv": [ 7.1875, 13.375, 7.4375, 12.875 ], "texture": "#xntd" },
				"north": { "uv": [ 13.625, 11.6875, 13.375, 11.75 ], "texture": "#xntd" },
				"south": { "uv": [ 15.75, 13.0625, 16, 13.125 ], "texture": "#xntd" },
				"west": { "uv": [ 14.75, 12.6875, 15.25, 12.75 ], "texture": "#xntd" },
				"east": { "uv": [ 15.75, 12.6875, 15.25, 12.75 ], "texture": "#xntd" }
			}
		},
		{
			"__comment": "Voxels",
			"from": [ 7.75, -3.375, 7.125 ],
			"to": [ 8.25, 15.625, 7.75 ],
			"faces": {
				"down": { "uv": [ 13.875, 13.625, 14.125, 13.9375 ], "texture": "#xntd" },
				"up": { "uv": [ 14.125, 13.9375, 14.375, 13.625 ], "texture": "#xntd" },
				"north": { "uv": [ 1.125, 6.5, 0.875, 16 ], "texture": "#xntd" },
				"south": { "uv": [ 0.625, 6.5, 0.875, 16 ], "texture": "#xntd" },
				"west": { "uv": [ 0.3125, 6.5, 0.625, 16 ], "texture": "#xntd" },
				"east": { "uv": [ 0.3125, 6.5, 0, 16 ], "texture": "#xntd" }
			}
		},
		{
			"__comment": "Voxels",
			"from": [ 7.75, -3.375, 7.75 ],
			"to": [ 8.25, -0.375, 7.875 ],
			"faces": {
				"down": { "uv": [ 15.75, 12.6875, 16, 12.75 ], "texture": "#xntd" },
				"up": { "uv": [ 15.75, 12.6875, 16, 12.625 ], "texture": "#xntd" },
				"north": { "uv": [ 0.875, 0.0625, 0.625, 1.5625 ], "texture": "#xntd" },
				"south": { "uv": [ 0.875, 0.0625, 1.125, 1.5625 ], "texture": "#xntd" },
				"west": { "uv": [ 10.625, 12.0625, 10.6875, 13.5625 ], "texture": "#xntd" },
				"east": { "uv": [ 10.75, 12.0625, 10.6875, 13.5625 ], "texture": "#xntd" }
			}
		},
		{
			"__comment": "Voxels",
			"from": [ 7.75, -3.375, 7.875 ],
			"to": [ 8.125, -3.25, 8 ],
			"faces": {
				"down": { "uv": [ 3.75, 0, 3.9375, 0.0625 ], "texture": "#xntd" },
				"up": { "uv": [ 6.125, 11.6875, 6.3125, 11.625 ], "texture": "#xntd" },
				"north": { "uv": [ 15.875, 11.6875, 15.6875, 11.75 ], "texture": "#xntd" },
				"south": { "uv": [ 15.6875, 11.75, 15.875, 11.8125 ], "texture": "#xntd" },
				"west": { "uv": [ 12.3125, 11.875, 12.375, 11.9375 ], "texture": "#xntd" },
				"east": { "uv": [ 12.1875, 11.6875, 12.125, 11.75 ], "texture": "#xntd" }
			}
		},
		{
			"__comment": "Voxels",
			"from": [ 7.75, -1.625, 7 ],
			"to": [ 8.125, 13.375, 7.125 ],
			"faces": {
				"down": { "uv": [ 15.6875, 11.8125, 15.875, 11.875 ], "texture": "#xntd" },
				"up": { "uv": [ 15.6875, 11.9375, 15.875, 11.875 ], "texture": "#xntd" },
				"north": { "uv": [ 3.3125, 8.5, 3.125, 16 ], "texture": "#xntd" },
				"south": { "uv": [ 3.125, 1, 3.3125, 8.5 ], "texture": "#xntd" },
				"west": { "uv": [ 4.0625, 0.375, 4.125, 7.875 ], "texture": "#xntd" },
				"east": { "uv": [ 4.1875, 0.375, 4.125, 7.875 ], "texture": "#xntd" }
			}
		},
		{
			"__comment": "Voxels",
			"from": [ 7.75, -0.375, 7.75 ],
			"to": [ 8.125, 1, 7.875 ],
			"faces": {
				"down": { "uv": [ 15.6875, 11.9375, 15.875, 12 ], "texture": "#xntd" },
				"up": { "uv": [ 15.5, 11.75, 15.6875, 11.6875 ], "texture": "#xntd" },
				"north": { "uv": [ 6.5, 12.1875, 6.3125, 12.875 ], "texture": "#xntd" },
				"south": { "uv": [ 6.5, 12.9375, 6.6875, 13.625 ], "texture": "#xntd" },
				"west": { "uv": [ 14.625, 12.9375, 14.6875, 13.625 ], "texture": "#xntd" },
				"east": { "uv": [ 14.5625, 12.1875, 14.5, 12.875 ], "texture": "#xntd" }
			}
		},
		{
			"__comment": "Voxels",
			"from": [ 7.75, 3.25, 6.875 ],
			"to": [ 8.125, 7.125, 7 ],
			"faces": {
				"down": { "uv": [ 15.5, 11.75, 15.6875, 11.8125 ], "texture": "#xntd" },
				"up": { "uv": [ 15.5, 11.875, 15.6875, 11.8125 ], "texture": "#xntd" },
				"north": { "uv": [ 4.875, 11.6875, 4.6875, 13.625 ], "texture": "#xntd" },
				"south": { "uv": [ 4.25, 0.3125, 4.4375, 2.25 ], "texture": "#xntd" },
				"west": { "uv": [ 4.625, 0, 4.6875, 1.9375 ], "texture": "#xntd" },
				"east": { "uv": [ 8.125, 11.6875, 8.0625, 13.625 ], "texture": "#xntd" }
			}
		},
		{
			"__comment": "Voxels",
			"from": [ 7.75, 10.75, 7.75 ],
			"to": [ 8.125, 23.625, 7.875 ],
			"faces": {
				"down": { "uv": [ 15.5, 11.875, 15.6875, 11.9375 ], "texture": "#xntd" },
				"up": { "uv": [ 15.5, 12, 15.6875, 11.9375 ], "texture": "#xntd" },
				"north": { "uv": [ 0.5, 0.0625, 0.3125, 6.5 ], "texture": "#xntd" },
				"south": { "uv": [ 0, 0.0625, 0.1875, 6.5 ], "texture": "#xntd" },
				"west": { "uv": [ 4.5625, 7.1875, 4.625, 13.625 ], "texture": "#xntd" },
				"east": { "uv": [ 4.5625, 0.5, 4.5, 6.9375 ], "texture": "#xntd" }
			}
		},
		{
			"__comment": "Voxels",
			"from": [ 7.75, 14.625, 7.875 ],
			"to": [ 8.125, 24.5, 8 ],
			"faces": {
				"down": { "uv": [ 15.6875, 12, 15.875, 12.0625 ], "texture": "#xntd" },
				"up": { "uv": [ 15.5, 12.0625, 15.6875, 12 ], "texture": "#xntd" },
				"north": { "uv": [ 0.8125, 1.5625, 0.625, 6.5 ], "texture": "#xntd" },
				"south": { "uv": [ 0.875, 1.5625, 1.0625, 6.5 ], "texture": "#xntd" },
				"west": { "uv": [ 0.8125, 1.5625, 0.875, 6.5 ], "texture": "#xntd" },
				"east": { "uv": [ 4.875, 1.375, 4.8125, 6.3125 ], "texture": "#xntd" }
			}
		},
		{
			"__comment": "Voxels",
			"from": [ 7.75, 15.625, 7.125 ],
			"to": [ 8.125, 16.125, 7.75 ],
			"faces": {
				"down": { "uv": [ 12.375, 14.8125, 12.5625, 15.125 ], "texture": "#xntd" },
				"up": { "uv": [ 12.375, 14.6875, 12.5625, 14.375 ], "texture": "#xntd" },
				"north": { "uv": [ 16, 14.5625, 15.8125, 14.8125 ], "texture": "#xntd" },
				"south": { "uv": [ 3.125, 0, 3.3125, 0.25 ], "texture": "#xntd" },
				"west": { "uv": [ 15.6875, 14.0625, 16, 14.3125 ], "texture": "#xntd" },
				"east": { "uv": [ 9.1875, 12.0625, 8.875, 12.3125 ], "texture": "#xntd" }
			}
		},
		{
			"__comment": "Voxels",
			"from": [ 7.75, 16.125, 7.25 ],
			"to": [ 8.25, 17.5, 7.75 ],
			"faces": {
				"down": { "uv": [ 12.8125, 13.125, 13.0625, 13.375 ], "texture": "#xntd" },
				"up": { "uv": [ 12.375, 12.0625, 12.625, 11.8125 ], "texture": "#xntd" },
				"north": { "uv": [ 14.375, 13.9375, 14.125, 14.625 ], "texture": "#xntd" },
				"south": { "uv": [ 12.5625, 13.75, 12.8125, 14.4375 ], "texture": "#xntd" },
				"west": { "uv": [ 12.8125, 13.75, 13.0625, 14.4375 ], "texture": "#xntd" },
				"east": { "uv": [ 14.125, 14.625, 13.875, 15.3125 ], "texture": "#xntd" }
			}
		},
		{
			"__comment": "Voxels",
			"from": [ 7.75, 17.25, 8 ],
			"to": [ 8.125, 25.5, 8.125 ],
			"faces": {
				"down": { "uv": [ 15.6875, 12.0625, 15.875, 12.125 ], "texture": "#xntd" },
				"up": { "uv": [ 15.5, 12.125, 15.6875, 12.0625 ], "texture": "#xntd" },
				"north": { "uv": [ 3.75, 9.5, 3.5625, 13.625 ], "texture": "#xntd" },
				"south": { "uv": [ 3.5625, 5.375, 3.75, 9.5 ], "texture": "#xntd" },
				"west": { "uv": [ 5.0625, 3.3125, 5.125, 7.4375 ], "texture": "#xntd" },
				"east": { "uv": [ 5.25, 5.4375, 5.1875, 9.5625 ], "texture": "#xntd" }
			}
		},
		{
			"__comment": "Voxels",
			"from": [ 7.75, 17.5, 7.25 ],
			"to": [ 8.125, 17.875, 7.75 ],
			"faces": {
				"down": { "uv": [ 10, 13.625, 10.1875, 13.875 ], "texture": "#xntd" },
				"up": { "uv": [ 10.1875, 13.875, 10.375, 13.625 ], "texture": "#xntd" },
				"north": { "uv": [ 14.9375, 13.125, 14.75, 13.3125 ], "texture": "#xntd" },
				"south": { "uv": [ 4.25, 0.125, 4.4375, 0.3125 ], "texture": "#xntd" },
				"west": { "uv": [ 13.375, 12, 13.625, 12.1875 ], "texture": "#xntd" },
				"east": { "uv": [ 8.875, 11.6875, 8.625, 11.875 ], "texture": "#xntd" }
			}
		},
		{
			"__comment": "Voxels",
			"from": [ 7.75, 17.875, 7.375 ],
			"to": [ 8.25, 19.375, 7.75 ],
			"faces": {
				"down": { "uv": [ 13.375, 11.8125, 13.625, 12 ], "texture": "#xntd" },
				"up": { "uv": [ 13.625, 12, 13.875, 11.8125 ], "texture": "#xntd" },
				"north": { "uv": [ 5.1875, 13.6875, 4.9375, 14.4375 ], "texture": "#xntd" },
				"south": { "uv": [ 8.8125, 14.0625, 9.0625, 14.8125 ], "texture": "#xntd" },
				"west": { "uv": [ 3.125, 0.25, 3.3125, 1 ], "texture": "#xntd" },
				"east": { "uv": [ 6.5, 12.875, 6.3125, 13.625 ], "texture": "#xntd" }
			}
		},
		{
			"__comment": "Voxels",
			"from": [ 7.75, 19.25, 8.125 ],
			"to": [ 8.125, 26.25, 8.25 ],
			"faces": {
				"down": { "uv": [ 15.6875, 12.125, 15.875, 12.1875 ], "texture": "#xntd" },
				"up": { "uv": [ 15.5, 12.1875, 15.6875, 12.125 ], "texture": "#xntd" },
				"north": { "uv": [ 3.75, 1.875, 3.5625, 5.375 ], "texture": "#xntd" },
				"south": { "uv": [ 3.75, 10.125, 3.9375, 13.625 ], "texture": "#xntd" },
				"west": { "uv": [ 5.3125, 0.9375, 5.375, 4.4375 ], "texture": "#xntd" },
				"east": { "uv": [ 5.4375, 8.1875, 5.375, 11.6875 ], "texture": "#xntd" }
			}
		},
		{
			"__comment": "Voxels",
			"from": [ 7.75, 19.375, 7.375 ],
			"to": [ 8.125, 19.75, 7.75 ],
			"faces": {
				"down": { "uv": [ 6.5, 11.75, 6.6875, 11.9375 ], "texture": "#xntd" },
				"up": { "uv": [ 6.3125, 12, 6.5, 11.8125 ], "texture": "#xntd" },
				"north": { "uv": [ 6.5, 12, 6.3125, 12.1875 ], "texture": "#xntd" },
				"south": { "uv": [ 14.9375, 13.125, 15.125, 13.3125 ], "texture": "#xntd" },
				"west": { "uv": [ 12.625, 11.875, 12.8125, 12.0625 ], "texture": "#xntd" },
				"east": { "uv": [ 12.8125, 11.6875, 12.625, 11.875 ], "texture": "#xntd" }
			}
		},
		{
			"__comment": "Voxels",
			"from": [ 7.75, 19.75, 7.5 ],
			"to": [ 8.25, 21.125, 7.75 ],
			"faces": {
				"down": { "uv": [ 12.5625, 13.625, 12.8125, 13.75 ], "texture": "#xntd" },
				"up": { "uv": [ 12.8125, 13.75, 13.0625, 13.625 ], "texture": "#xntd" },
				"north": { "uv": [ 14.125, 13.9375, 13.875, 14.625 ], "texture": "#xntd" },
				"south": { "uv": [ 14.125, 14.625, 14.375, 15.3125 ], "texture": "#xntd" },
				"west": { "uv": [ 9.875, 14.3125, 10, 15 ], "texture": "#xntd" },
				"east": { "uv": [ 16, 15.3125, 15.875, 16 ], "texture": "#xntd" }
			}
		},
		{
			"__comment": "Voxels",
			"from": [ 7.75, 20.875, 8.25 ],
			"to": [ 8.125, 26.625, 8.375 ],
			"faces": {
				"down": { "uv": [ 15.1875, 11.6875, 15.375, 11.75 ], "texture": "#xntd" },
				"up": { "uv": [ 15.1875, 11.8125, 15.375, 11.75 ], "texture": "#xntd" },
				"north": { "uv": [ 4.25, 7.875, 4.0625, 10.75 ], "texture": "#xntd" },
				"south": { "uv": [ 4.0625, 10.75, 4.25, 13.625 ], "texture": "#xntd" },
				"west": { "uv": [ 5.5, 5.9375, 5.5625, 8.8125 ], "texture": "#xntd" },
				"east": { "uv": [ 5.5, 5.625, 5.4375, 8.5 ], "texture": "#xntd" }
			}
		},
		{
			"__comment": "Voxels",
			"from": [ 7.75, 21.125, 7.5 ],
			"to": [ 8.125, 21.25, 7.75 ],
			"faces": {
				"down": { "uv": [ 12.375, 14.6875, 12.5625, 14.8125 ], "texture": "#xntd" },
				"up": { "uv": [ 12.375, 14.375, 12.5625, 14.25 ], "texture": "#xntd" },
				"north": { "uv": [ 15.375, 11.8125, 15.1875, 11.875 ], "texture": "#xntd" },
				"south": { "uv": [ 4.875, 11.6875, 5.0625, 11.75 ], "texture": "#xntd" },
				"west": { "uv": [ 15.875, 14.5, 16, 14.5625 ], "texture": "#xntd" },
				"east": { "uv": [ 16, 11.6875, 15.875, 11.75 ], "texture": "#xntd" }
			}
		},
		{
			"__comment": "Voxels",
			"from": [ 7.75, 21.25, 7.625 ],
			"to": [ 8.25, 22.25, 7.75 ],
			"faces": {
				"down": { "uv": [ 15.75, 12.9375, 16, 13 ], "texture": "#xntd" },
				"up": { "uv": [ 4.9375, 13.6875, 5.1875, 13.625 ], "texture": "#xntd" },
				"north": { "uv": [ 7.4375, 12.125, 7.1875, 12.625 ], "texture": "#xntd" },
				"south": { "uv": [ 6.9375, 12.125, 7.1875, 12.625 ], "texture": "#xntd" },
				"west": { "uv": [ 13.0625, 11.6875, 13.125, 12.1875 ], "texture": "#xntd" },
				"east": { "uv": [ 13.1875, 11.6875, 13.125, 12.1875 ], "texture": "#xntd" }
			}
		},
		{
			"__comment": "Voxels",
			"from": [ 7.75, 22.25, 7.625 ],
			"to": [ 8.125, 22.375, 7.75 ],
			"faces": {
				"down": { "uv": [ 4.25, 0, 4.4375, 0.0625 ], "texture": "#xntd" },
				"up": { "uv": [ 4.0625, 0.0625, 4.25, 0 ], "texture": "#xntd" },
				"north": { "uv": [ 4.4375, 0.0625, 4.25, 0.125 ], "texture": "#xntd" },
				"south": { "uv": [ 3.75, 0.0625, 3.9375, 0.125 ], "texture": "#xntd" },
				"west": { "uv": [ 11.0625, 12.0625, 11.125, 12.125 ], "texture": "#xntd" },
				"east": { "uv": [ 11.1875, 12.0625, 11.125, 12.125 ], "texture": "#xntd" }
			}
		},
		{
			"__comment": "Voxels",
			"from": [ 7.75, 22.375, 8.375 ],
			"to": [ 8.125, 27, 8.5 ],
			"faces": {
				"down": { "uv": [ 0.3125, 0, 0.5, 0.0625 ], "texture": "#xntd" },
				"up": { "uv": [ 4.0625, 0.125, 4.25, 0.0625 ], "texture": "#xntd" },
				"north": { "uv": [ 4.4375, 9, 4.25, 11.3125 ], "texture": "#xntd" },
				"south": { "uv": [ 4.25, 11.3125, 4.4375, 13.625 ], "texture": "#xntd" },
				"west": { "uv": [ 6, 4.6875, 6.0625, 7 ], "texture": "#xntd" },
				"east": { "uv": [ 6.0625, 7, 6, 9.3125 ], "texture": "#xntd" }
			}
		},
		{
			"__comment": "Voxels",
			"from": [ 7.75, 23.625, 8.5 ],
			"to": [ 8.125, 27.375, 8.625 ],
			"faces": {
				"down": { "uv": [ 6.3125, 11.75, 6.5, 11.8125 ], "texture": "#xntd" },
				"up": { "uv": [ 6.3125, 11.75, 6.5, 11.6875 ], "texture": "#xntd" },
				"north": { "uv": [ 5.0625, 11.75, 4.875, 13.625 ], "texture": "#xntd" },
				"south": { "uv": [ 3.5625, 0, 3.75, 1.875 ], "texture": "#xntd" },
				"west": { "uv": [ 8.5, 11.75, 8.5625, 13.625 ], "texture": "#xntd" },
				"east": { "uv": [ 8.375, 11.75, 8.3125, 13.625 ], "texture": "#xntd" }
			}
		},
		{
			"__comment": "Voxels",
			"from": [ 7.75, 24.625, 8.625 ],
			"to": [ 8.125, 27.5, 8.75 ],
			"faces": {
				"down": { "uv": [ 6.5, 11.6875, 6.6875, 11.75 ], "texture": "#xntd" },
				"up": { "uv": [ 0, 0.0625, 0.1875, 0 ], "texture": "#xntd" },
				"north": { "uv": [ 10.1875, 13.875, 10, 15.3125 ], "texture": "#xntd" },
				"south": { "uv": [ 10.1875, 13.875, 10.375, 15.3125 ], "texture": "#xntd" },
				"west": { "uv": [ 11.1875, 12.125, 11.25, 13.5625 ], "texture": "#xntd" },
				"east": { "uv": [ 11, 12.125, 10.9375, 13.5625 ], "texture": "#xntd" }
			}
		},
		{
			"__comment": "Voxels",
			"from": [ 7.875, -3.875, 8 ],
			"to": [ 8.125, -2.75, 8.125 ],
			"faces": {
				"down": { "uv": [ 13.8125, 12.1875, 13.9375, 12.25 ], "texture": "#xntd" },
				"up": { "uv": [ 15.375, 11.875, 15.5, 11.8125 ], "texture": "#xntd" },
				"north": { "uv": [ 8.4375, 13.6875, 8.3125, 14.25 ], "texture": "#xntd" },
				"south": { "uv": [ 5.6875, 13.875, 5.8125, 14.4375 ], "texture": "#xntd" },
				"west": { "uv": [ 14.6875, 11.6875, 14.75, 12.25 ], "texture": "#xntd" },
				"east": { "uv": [ 14.625, 11.6875, 14.5625, 12.25 ], "texture": "#xntd" }
			}
		},
		{
			"__comment": "Voxels",
			"from": [ 7.875, -3.5, 6.75 ],
			"to": [ 8.125, 15.125, 6.875 ],
			"faces": {
				"down": { "uv": [ 15.875, 11.9375, 16, 12 ], "texture": "#xntd" },
				"up": { "uv": [ 15.875, 11.875, 16, 11.8125 ], "texture": "#xntd" },
				"north": { "uv": [ 3.5625, 6.6875, 3.4375, 16 ], "texture": "#xntd" },
				"south": { "uv": [ 3.3125, 6.6875, 3.4375, 16 ], "texture": "#xntd" },
				"west": { "uv": [ 4, 4.3125, 4.0625, 13.625 ], "texture": "#xntd" },
				"east": { "uv": [ 4, 4.3125, 3.9375, 13.625 ], "texture": "#xntd" }
			}
		},
		{
			"__comment": "Voxels",
			"from": [ 7.875, -3.5, 6.875 ],
			"to": [ 8.125, 3.25, 7 ],
			"faces": {
				"down": { "uv": [ 4.8125, 0.875, 4.9375, 0.9375 ], "texture": "#xntd" },
				"up": { "uv": [ 4.8125, 0.875, 4.9375, 0.8125 ], "texture": "#xntd" },
				"north": { "uv": [ 4.375, 2.25, 4.25, 5.625 ], "texture": "#xntd" },
				"south": { "uv": [ 4.25, 5.625, 4.375, 9 ], "texture": "#xntd" },
				"west": { "uv": [ 4.375, 5.625, 4.4375, 9 ], "texture": "#xntd" },
				"east": { "uv": [ 4.4375, 2.25, 4.375, 5.625 ], "texture": "#xntd" }
			}
		},
		{
			"__comment": "Voxels",
			"from": [ 7.875, -3.375, 7 ],
			"to": [ 8.125, -1.625, 7.125 ],
			"faces": {
				"down": { "uv": [ 15.875, 14.375, 16, 14.4375 ], "texture": "#xntd" },
				"up": { "uv": [ 15.875, 14.375, 16, 14.3125 ], "texture": "#xntd" },
				"north": { "uv": [ 8.75, 11.875, 8.625, 12.75 ], "texture": "#xntd" },
				"south": { "uv": [ 8.375, 11.8125, 8.5, 12.6875 ], "texture": "#xntd" },
				"west": { "uv": [ 14, 12.75, 14.0625, 13.625 ], "texture": "#xntd" },
				"east": { "uv": [ 14, 11.875, 13.9375, 12.75 ], "texture": "#xntd" }
			}
		},
		{
			"__comment": "Voxels",
			"from": [ 7.875, -3.25, 7.875 ],
			"to": [ 8.125, 1.625, 8 ],
			"faces": {
				"down": { "uv": [ 13.8125, 13.1875, 13.9375, 13.25 ], "texture": "#xntd" },
				"up": { "uv": [ 13.8125, 13.1875, 13.9375, 13.125 ], "texture": "#xntd" },
				"north": { "uv": [ 5.0625, 6.8125, 4.9375, 9.25 ], "texture": "#xntd" },
				"south": { "uv": [ 4.9375, 9.25, 5.0625, 11.6875 ], "texture": "#xntd" },
				"west": { "uv": [ 5.875, 6.8125, 5.9375, 9.25 ], "texture": "#xntd" },
				"east": { "uv": [ 5.9375, 4.375, 5.875, 6.8125 ], "texture": "#xntd" }
			}
		},
		{
			"__comment": "Voxels",
			"from": [ 7.875, -2.75, 8 ],
			"to": [ 8, -2.5, 8.125 ],
			"faces": {
				"down": { "uv": [ 12.75, 12.4375, 12.8125, 12.5 ], "texture": "#xntd" },
				"up": { "uv": [ 12.75, 12.3125, 12.8125, 12.25 ], "texture": "#xntd" },
				"north": { "uv": [ 10.1875, 11.6875, 10.125, 11.8125 ], "texture": "#xntd" },
				"south": { "uv": [ 10.1875, 11.6875, 10.25, 11.8125 ], "texture": "#xntd" },
				"west": { "uv": [ 10.25, 11.6875, 10.3125, 11.8125 ], "texture": "#xntd" },
				"east": { "uv": [ 10.4375, 11.6875, 10.375, 11.8125 ], "texture": "#xntd" }
			}
		},
		{
			"__comment": "Voxels",
			"from": [ 7.875, -0.125, 6.625 ],
			"to": [ 8.125, 12.125, 6.75 ],
			"faces": {
				"down": { "uv": [ 15.875, 11.875, 16, 11.9375 ], "texture": "#xntd" },
				"up": { "uv": [ 15.875, 11.8125, 16, 11.75 ], "texture": "#xntd" },
				"north": { "uv": [ 0.625, 0.375, 0.5, 6.5 ], "texture": "#xntd" },
				"south": { "uv": [ 0.1875, 0.375, 0.3125, 6.5 ], "texture": "#xntd" },
				"west": { "uv": [ 4.625, 7.5, 4.6875, 13.625 ], "texture": "#xntd" },
				"east": { "uv": [ 4.625, 1.0625, 4.5625, 7.1875 ], "texture": "#xntd" }
			}
		},
		{
			"__comment": "Voxels",
			"from": [ 7.875, 1, 7.75 ],
			"to": [ 8.125, 10.75, 7.875 ],
			"faces": {
				"down": { "uv": [ 4.8125, 1, 4.9375, 1.0625 ], "texture": "#xntd" },
				"up": { "uv": [ 4.8125, 1, 4.9375, 0.9375 ], "texture": "#xntd" },
				"north": { "uv": [ 3.875, 0.375, 3.75, 5.25 ], "texture": "#xntd" },
				"south": { "uv": [ 3.75, 5.25, 3.875, 10.125 ], "texture": "#xntd" },
				"west": { "uv": [ 3.875, 5.25, 3.9375, 10.125 ], "texture": "#xntd" },
				"east": { "uv": [ 3.9375, 0.375, 3.875, 5.25 ], "texture": "#xntd" }
			}
		},
		{
			"__comment": "Voxels",
			"from": [ 7.875, 1.625, 7.875 ],
			"to": [ 8, 2, 8 ],
			"faces": {
				"down": { "uv": [ 11.8125, 11.875, 11.875, 11.9375 ], "texture": "#xntd" },
				"up": { "uv": [ 11.8125, 11.75, 11.875, 11.6875 ], "texture": "#xntd" },
				"north": { "uv": [ 10.25, 11.8125, 10.1875, 12 ], "texture": "#xntd" },
				"south": { "uv": [ 10.25, 11.8125, 10.3125, 12 ], "texture": "#xntd" },
				"west": { "uv": [ 10.3125, 11.8125, 10.375, 12 ], "texture": "#xntd" },
				"east": { "uv": [ 10.4375, 11.8125, 10.375, 12 ], "texture": "#xntd" }
			}
		},
		{
			"__comment": "Voxels",
			"from": [ 7.875, 7.125, 6.875 ],
			"to": [ 8.125, 17, 7 ],
			"faces": {
				"down": { "uv": [ 4.8125, 0.6875, 4.9375, 0.75 ], "texture": "#xntd" },
				"up": { "uv": [ 4.8125, 0.6875, 4.9375, 0.625 ], "texture": "#xntd" },
				"north": { "uv": [ 3.4375, 1.75, 3.3125, 6.6875 ], "texture": "#xntd" },
				"south": { "uv": [ 3.4375, 1.75, 3.5625, 6.6875 ], "texture": "#xntd" },
				"west": { "uv": [ 1.0625, 1.5625, 1.125, 6.5 ], "texture": "#xntd" },
				"east": { "uv": [ 4.8125, 1.1875, 4.75, 6.125 ], "texture": "#xntd" }
			}
		},
		{
			"__comment": "Voxels",
			"from": [ 7.875, 8.875, 7.875 ],
			"to": [ 8, 14.625, 8 ],
			"faces": {
				"down": { "uv": [ 12.0625, 11.8125, 12.125, 11.875 ], "texture": "#xntd" },
				"up": { "uv": [ 12.1875, 12, 12.25, 11.9375 ], "texture": "#xntd" },
				"north": { "uv": [ 5.5625, 3.0625, 5.5, 5.9375 ], "texture": "#xntd" },
				"south": { "uv": [ 5.5, 0.1875, 5.5625, 3.0625 ], "texture": "#xntd" },
				"west": { "uv": [ 5.5625, 8.8125, 5.625, 11.6875 ], "texture": "#xntd" },
				"east": { "uv": [ 5.625, 5.9375, 5.5625, 8.8125 ], "texture": "#xntd" }
			}
		},
		{
			"__comment": "Voxels",
			"from": [ 7.875, 13.375, 7 ],
			"to": [ 8.125, 18.75, 7.125 ],
			"faces": {
				"down": { "uv": [ 5.125, 1.125, 5.25, 1.1875 ], "texture": "#xntd" },
				"up": { "uv": [ 5.125, 1, 5.25, 0.9375 ], "texture": "#xntd" },
				"north": { "uv": [ 4.9375, 9, 4.8125, 11.6875 ], "texture": "#xntd" },
				"south": { "uv": [ 4.8125, 6.3125, 4.9375, 9 ], "texture": "#xntd" },
				"west": { "uv": [ 5.6875, 6.25, 5.75, 8.9375 ], "texture": "#xntd" },
				"east": { "uv": [ 5.75, 3.5625, 5.6875, 6.25 ], "texture": "#xntd" }
			}
		},
		{
			"__comment": "Voxels",
			"from": [ 7.875, 14.125, 8 ],
			"to": [ 8, 17.25, 8.125 ],
			"faces": {
				"down": { "uv": [ 12.75, 12.875, 12.8125, 12.9375 ], "texture": "#xntd" },
				"up": { "uv": [ 12.75, 12.875, 12.8125, 12.8125 ], "texture": "#xntd" },
				"north": { "uv": [ 10.1875, 12, 10.125, 13.5625 ], "texture": "#xntd" },
				"south": { "uv": [ 9.8125, 12, 9.875, 13.5625 ], "texture": "#xntd" },
				"west": { "uv": [ 10.0625, 12, 10.125, 13.5625 ], "texture": "#xntd" },
				"east": { "uv": [ 10.0625, 12, 10, 13.5625 ], "texture": "#xntd" }
			}
		},
		{
			"__comment": "Voxels",
			"from": [ 7.875, 16.125, 7.125 ],
			"to": [ 8.125, 20.375, 7.25 ],
			"faces": {
				"down": { "uv": [ 5.125, 0.6875, 5.25, 0.75 ], "texture": "#xntd" },
				"up": { "uv": [ 5.125, 0.5625, 5.25, 0.5 ], "texture": "#xntd" },
				"north": { "uv": [ 5.0625, 0, 4.9375, 2.125 ], "texture": "#xntd" },
				"south": { "uv": [ 5.125, 9.5625, 5.25, 11.6875 ], "texture": "#xntd" },
				"west": { "uv": [ 6, 2.5625, 6.0625, 4.6875 ], "texture": "#xntd" },
				"east": { "uv": [ 6, 0, 5.9375, 2.125 ], "texture": "#xntd" }
			}
		},
		{
			"__comment": "Voxels",
			"from": [ 7.875, 17, 8.125 ],
			"to": [ 8, 19.25, 8.25 ],
			"faces": {
				"down": { "uv": [ 12.125, 11.8125, 12.1875, 11.875 ], "texture": "#xntd" },
				"up": { "uv": [ 12.125, 11.8125, 12.1875, 11.75 ], "texture": "#xntd" },
				"north": { "uv": [ 12.0625, 11.9375, 12, 13.0625 ], "texture": "#xntd" },
				"south": { "uv": [ 12.125, 11.9375, 12.1875, 13.0625 ], "texture": "#xntd" },
				"west": { "uv": [ 11.9375, 11.9375, 12, 13.0625 ], "texture": "#xntd" },
				"east": { "uv": [ 12.125, 11.9375, 12.0625, 13.0625 ], "texture": "#xntd" }
			}
		},
		{
			"__comment": "Voxels",
			"from": [ 7.875, 17.875, 7.25 ],
			"to": [ 8.125, 21.75, 7.375 ],
			"faces": {
				"down": { "uv": [ 0.1875, 0, 0.3125, 0.0625 ], "texture": "#xntd" },
				"up": { "uv": [ 0.5, 0.0625, 0.625, 0 ], "texture": "#xntd" },
				"north": { "uv": [ 5.1875, 11.6875, 5.0625, 13.625 ], "texture": "#xntd" },
				"south": { "uv": [ 5.1875, 11.6875, 5.3125, 13.625 ], "texture": "#xntd" },
				"west": { "uv": [ 7.9375, 11.6875, 8, 13.625 ], "texture": "#xntd" },
				"east": { "uv": [ 8.0625, 11.6875, 8, 13.625 ], "texture": "#xntd" }
			}
		},
		{
			"__comment": "Voxels",
			"from": [ 7.875, 19, 8.25 ],
			"to": [ 8.125, 20.875, 8.375 ],
			"faces": {
				"down": { "uv": [ 7.8125, 13.75, 7.9375, 13.8125 ], "texture": "#xntd" },
				"up": { "uv": [ 8.3125, 13.6875, 8.4375, 13.625 ], "texture": "#xntd" },
				"north": { "uv": [ 7.8125, 11.6875, 7.6875, 12.625 ], "texture": "#xntd" },
				"south": { "uv": [ 8.1875, 12.6875, 8.3125, 13.625 ], "texture": "#xntd" },
				"west": { "uv": [ 13.0625, 12.1875, 13.125, 13.125 ], "texture": "#xntd" },
				"east": { "uv": [ 13.0625, 12.1875, 13, 13.125 ], "texture": "#xntd" }
			}
		},
		{
			"__comment": "Voxels",
			"from": [ 7.875, 19.75, 7.375 ],
			"to": [ 8.125, 23, 7.5 ],
			"faces": {
				"down": { "uv": [ 14.375, 13.625, 14.5, 13.6875 ], "texture": "#xntd" },
				"up": { "uv": [ 14.5, 13.6875, 14.625, 13.625 ], "texture": "#xntd" },
				"north": { "uv": [ 3.5625, 0.125, 3.4375, 1.75 ], "texture": "#xntd" },
				"south": { "uv": [ 3.3125, 0.125, 3.4375, 1.75 ], "texture": "#xntd" },
				"west": { "uv": [ 9.5625, 12, 9.625, 13.625 ], "texture": "#xntd" },
				"east": { "uv": [ 9.8125, 11.9375, 9.75, 13.5625 ], "texture": "#xntd" }
			}
		},
		{
			"__comment": "Voxels",
			"from": [ 7.875, 20.625, 8.375 ],
			"to": [ 8, 22.375, 8.5 ],
			"faces": {
				"down": { "uv": [ 12.1875, 11.6875, 12.25, 11.75 ], "texture": "#xntd" },
				"up": { "uv": [ 12.25, 12, 12.3125, 11.9375 ], "texture": "#xntd" },
				"north": { "uv": [ 14, 12.75, 13.9375, 13.625 ], "texture": "#xntd" },
				"south": { "uv": [ 13.8125, 12.25, 13.875, 13.125 ], "texture": "#xntd" },
				"west": { "uv": [ 13.625, 12.25, 13.6875, 13.125 ], "texture": "#xntd" },
				"east": { "uv": [ 13.75, 12.25, 13.6875, 13.125 ], "texture": "#xntd" }
			}
		},
		{
			"__comment": "Voxels",
			"from": [ 7.875, 21.25, 7.5 ],
			"to": [ 8.125, 24.125, 7.625 ],
			"faces": {
				"down": { "uv": [ 5.125, 0.625, 5.25, 0.6875 ], "texture": "#xntd" },
				"up": { "uv": [ 5.125, 0.8125, 5.25, 0.75 ], "texture": "#xntd" },
				"north": { "uv": [ 3.125, 0, 3, 1.4375 ], "texture": "#xntd" },
				"south": { "uv": [ 13.75, 13.875, 13.875, 15.3125 ], "texture": "#xntd" },
				"west": { "uv": [ 11.3125, 11.875, 11.375, 13.3125 ], "texture": "#xntd" },
				"east": { "uv": [ 11.1875, 12.125, 11.125, 13.5625 ], "texture": "#xntd" }
			}
		},
		{
			"__comment": "Voxels",
			"from": [ 7.875, 21.875, 8.5 ],
			"to": [ 8, 23.625, 8.625 ],
			"faces": {
				"down": { "uv": [ 12.3125, 11.9375, 12.375, 12 ], "texture": "#xntd" },
				"up": { "uv": [ 8.3125, 11.75, 8.375, 11.6875 ], "texture": "#xntd" },
				"north": { "uv": [ 13.625, 12.25, 13.5625, 13.125 ], "texture": "#xntd" },
				"south": { "uv": [ 13.875, 12.25, 13.9375, 13.125 ], "texture": "#xntd" },
				"west": { "uv": [ 13.5, 12.25, 13.5625, 13.125 ], "texture": "#xntd" },
				"east": { "uv": [ 13.8125, 12.25, 13.75, 13.125 ], "texture": "#xntd" }
			}
		},
		{
			"__comment": "Voxels",
			"from": [ 7.875, 22.375, 7.625 ],
			"to": [ 8.125, 25.125, 7.75 ],
			"faces": {
				"down": { "uv": [ 5.125, 0.875, 5.25, 0.9375 ], "texture": "#xntd" },
				"up": { "uv": [ 5.125, 1.0625, 5.25, 1 ], "texture": "#xntd" },
				"north": { "uv": [ 14.625, 13.9375, 14.5, 15.3125 ], "texture": "#xntd" },
				"south": { "uv": [ 14.375, 13.9375, 14.5, 15.3125 ], "texture": "#xntd" },
				"west": { "uv": [ 11.4375, 11.875, 11.5, 13.25 ], "texture": "#xntd" },
				"east": { "uv": [ 11.5625, 11.875, 11.5, 13.25 ], "texture": "#xntd" }
			}
		},
		{
			"__comment": "Voxels",
			"from": [ 7.875, 23.125, 8.625 ],
			"to": [ 8.125, 24.625, 8.75 ],
			"faces": {
				"down": { "uv": [ 4.8125, 0.0625, 4.9375, 0.125 ], "texture": "#xntd" },
				"up": { "uv": [ 4.8125, 0.1875, 4.9375, 0.125 ], "texture": "#xntd" },
				"north": { "uv": [ 5.9375, 11.6875, 5.8125, 12.4375 ], "texture": "#xntd" },
				"south": { "uv": [ 5.9375, 11.6875, 6.0625, 12.4375 ], "texture": "#xntd" },
				"west": { "uv": [ 9.0625, 14.0625, 9.125, 14.8125 ], "texture": "#xntd" },
				"east": { "uv": [ 14.5, 12.125, 14.4375, 12.875 ], "texture": "#xntd" }
			}
		},
		{
			"__comment": "Voxels",
			"from": [ 7.875, 23.625, 7.75 ],
			"to": [ 8.125, 26.125, 7.875 ],
			"faces": {
				"down": { "uv": [ 4.8125, 0.1875, 4.9375, 0.25 ], "texture": "#xntd" },
				"up": { "uv": [ 4.8125, 0.3125, 4.9375, 0.25 ], "texture": "#xntd" },
				"north": { "uv": [ 5.8125, 12.375, 5.6875, 13.625 ], "texture": "#xntd" },
				"south": { "uv": [ 5.5625, 12.375, 5.6875, 13.625 ], "texture": "#xntd" },
				"west": { "uv": [ 11.5625, 11.9375, 11.625, 13.1875 ], "texture": "#xntd" },
				"east": { "uv": [ 11.6875, 11.9375, 11.625, 13.1875 ], "texture": "#xntd" }
			}
		},
		{
			"__comment": "Voxels",
			"from": [ 7.875, 24, 8.75 ],
			"to": [ 8, 29.625, 8.875 ],
			"faces": {
				"down": { "uv": [ 12.75, 12.625, 12.8125, 12.6875 ], "texture": "#xntd" },
				"up": { "uv": [ 12.75, 12.5625, 12.8125, 12.5 ], "texture": "#xntd" },
				"north": { "uv": [ 5.625, 3.125, 5.5625, 5.9375 ], "texture": "#xntd" },
				"south": { "uv": [ 5.5625, 0.3125, 5.625, 3.125 ], "texture": "#xntd" },
				"west": { "uv": [ 5.625, 6.0625, 5.6875, 8.875 ], "texture": "#xntd" },
				"east": { "uv": [ 5.6875, 8.875, 5.625, 11.6875 ], "texture": "#xntd" }
			}
		},
		{
			"__comment": "Voxels",
			"from": [ 7.875, 24.5, 7.875 ],
			"to": [ 8.125, 26.875, 8 ],
			"faces": {
				"down": { "uv": [ 4.8125, 0.5, 4.9375, 0.5625 ], "texture": "#xntd" },
				"up": { "uv": [ 4.8125, 0.625, 4.9375, 0.5625 ], "texture": "#xntd" },
				"north": { "uv": [ 6.1875, 12.4375, 6.0625, 13.625 ], "texture": "#xntd" },
				"south": { "uv": [ 5.8125, 12.4375, 5.9375, 13.625 ], "texture": "#xntd" },
				"west": { "uv": [ 11.875, 12, 11.9375, 13.1875 ], "texture": "#xntd" },
				"east": { "uv": [ 11.8125, 12, 11.75, 13.1875 ], "texture": "#xntd" }
			}
		},
		{
			"__comment": "Voxels",
			"from": [ 7.875, 24.875, 8.875 ],
			"to": [ 8, 29.75, 9 ],
			"faces": {
				"down": { "uv": [ 4, 0, 4.0625, 0.0625 ], "texture": "#xntd" },
				"up": { "uv": [ 8.125, 11.75, 8.1875, 11.6875 ], "texture": "#xntd" },
				"north": { "uv": [ 5.9375, 9.25, 5.875, 11.6875 ], "texture": "#xntd" },
				"south": { "uv": [ 5.8125, 1.5625, 5.875, 4 ], "texture": "#xntd" },
				"west": { "uv": [ 5.9375, 9.25, 6, 11.6875 ], "texture": "#xntd" },
				"east": { "uv": [ 5.9375, 1.9375, 5.875, 4.375 ], "texture": "#xntd" }
			}
		},
		{
			"__comment": "Voxels",
			"from": [ 7.875, 25.5, 8 ],
			"to": [ 8.125, 27.5, 8.125 ],
			"faces": {
				"down": { "uv": [ 4.8125, 0.3125, 4.9375, 0.375 ], "texture": "#xntd" },
				"up": { "uv": [ 4.8125, 1.125, 4.9375, 1.0625 ], "texture": "#xntd" },
				"north": { "uv": [ 6.9375, 12.625, 6.8125, 13.625 ], "texture": "#xntd" },
				"south": { "uv": [ 7.5625, 12.625, 7.6875, 13.625 ], "texture": "#xntd" },
				"west": { "uv": [ 12.9375, 12.125, 13, 13.125 ], "texture": "#xntd" },
				"east": { "uv": [ 12.9375, 12.125, 12.875, 13.125 ], "texture": "#xntd" }
			}
		},
		{
			"__comment": "Voxels",
			"from": [ 7.875, 25.875, 9 ],
			"to": [ 8.125, 29.75, 9.125 ],
			"faces": {
				"down": { "uv": [ 4.8125, 1.25, 4.9375, 1.3125 ], "texture": "#xntd" },
				"up": { "uv": [ 4.8125, 1.375, 4.9375, 1.3125 ], "texture": "#xntd" },
				"north": { "uv": [ 5.4375, 11.6875, 5.3125, 13.625 ], "texture": "#xntd" },
				"south": { "uv": [ 5.4375, 11.6875, 5.5625, 13.625 ], "texture": "#xntd" },
				"west": { "uv": [ 7.875, 11.6875, 7.9375, 13.625 ], "texture": "#xntd" },
				"east": { "uv": [ 7.875, 11.6875, 7.8125, 13.625 ], "texture": "#xntd" }
			}
		},
		{
			"__comment": "Voxels",
			"from": [ 7.875, 26.25, 8.125 ],
			"to": [ 8.125, 28.125, 8.25 ],
			"faces": {
				"down": { "uv": [ 15.375, 11.6875, 15.5, 11.75 ], "texture": "#xntd" },
				"up": { "uv": [ 15.375, 11.8125, 15.5, 11.75 ], "texture": "#xntd" },
				"north": { "uv": [ 7.6875, 11.6875, 7.5625, 12.625 ], "texture": "#xntd" },
				"south": { "uv": [ 7.4375, 11.6875, 7.5625, 12.625 ], "texture": "#xntd" },
				"west": { "uv": [ 13.4375, 12.1875, 13.5, 13.125 ], "texture": "#xntd" },
				"east": { "uv": [ 13.4375, 12.1875, 13.375, 13.125 ], "texture": "#xntd" }
			}
		},
		{
			"__comment": "Voxels",
			"from": [ 7.875, 26.625, 8.25 ],
			"to": [ 8.125, 28.625, 8.375 ],
			"faces": {
				"down": { "uv": [ 13.8125, 13.3125, 13.9375, 13.375 ], "texture": "#xntd" },
				"up": { "uv": [ 11.1875, 12.125, 11.3125, 12.0625 ], "texture": "#xntd" },
				"north": { "uv": [ 7.5625, 12.625, 7.4375, 13.625 ], "texture": "#xntd" },
				"south": { "uv": [ 7.6875, 12.625, 7.8125, 13.625 ], "texture": "#xntd" },
				"west": { "uv": [ 12.8125, 12.125, 12.875, 13.125 ], "texture": "#xntd" },
				"east": { "uv": [ 12.5, 12.0625, 12.4375, 13.0625 ], "texture": "#xntd" }
			}
		},
		{
			"__comment": "Voxels",
			"from": [ 7.875, 26.625, 9.125 ],
			"to": [ 8, 29.875, 9.25 ],
			"faces": {
				"down": { "uv": [ 8.5, 11.6875, 8.5625, 11.75 ], "texture": "#xntd" },
				"up": { "uv": [ 9.625, 11.75, 9.6875, 11.6875 ], "texture": "#xntd" },
				"north": { "uv": [ 9.75, 11.9375, 9.6875, 13.5625 ], "texture": "#xntd" },
				"south": { "uv": [ 9.625, 12, 9.6875, 13.625 ], "texture": "#xntd" },
				"west": { "uv": [ 9.5, 12, 9.5625, 13.625 ], "texture": "#xntd" },
				"east": { "uv": [ 9.5, 12, 9.4375, 13.625 ], "texture": "#xntd" }
			}
		},
		{
			"__comment": "Voxels",
			"from": [ 7.875, 27, 8.375 ],
			"to": [ 8.125, 29, 8.5 ],
			"faces": {
				"down": { "uv": [ 15.875, 14.8125, 16, 14.875 ], "texture": "#xntd" },
				"up": { "uv": [ 4.8125, 0.8125, 4.9375, 0.75 ], "texture": "#xntd" },
				"north": { "uv": [ 6.8125, 12.625, 6.6875, 13.625 ], "texture": "#xntd" },
				"south": { "uv": [ 6.5, 11.9375, 6.625, 12.9375 ], "texture": "#xntd" },
				"west": { "uv": [ 12.375, 12.0625, 12.4375, 13.0625 ], "texture": "#xntd" },
				"east": { "uv": [ 6.6875, 11.9375, 6.625, 12.9375 ], "texture": "#xntd" }
			}
		},
		{
			"__comment": "Voxels",
			"from": [ 7.875, 27.375, 8.5 ],
			"to": [ 8.125, 29.25, 8.625 ],
			"faces": {
				"down": { "uv": [ 15.875, 12, 16, 12.0625 ], "texture": "#xntd" },
				"up": { "uv": [ 15.875, 12.125, 16, 12.0625 ], "texture": "#xntd" },
				"north": { "uv": [ 8.3125, 11.75, 8.1875, 12.6875 ], "texture": "#xntd" },
				"south": { "uv": [ 6.8125, 11.6875, 6.9375, 12.625 ], "texture": "#xntd" },
				"west": { "uv": [ 13.125, 12.1875, 13.1875, 13.125 ], "texture": "#xntd" },
				"east": { "uv": [ 13.25, 12.1875, 13.1875, 13.125 ], "texture": "#xntd" }
			}
		},
		{
			"__comment": "Voxels",
			"from": [ 7.875, 27.5, 8.625 ],
			"to": [ 8.125, 29.375, 8.75 ],
			"faces": {
				"down": { "uv": [ 13.8125, 13.25, 13.9375, 13.3125 ], "texture": "#xntd" },
				"up": { "uv": [ 15.875, 12.1875, 16, 12.125 ], "texture": "#xntd" },
				"north": { "uv": [ 6.8125, 11.6875, 6.6875, 12.625 ], "texture": "#xntd" },
				"south": { "uv": [ 8.375, 12.6875, 8.5, 13.625 ], "texture": "#xntd" },
				"west": { "uv": [ 13.25, 12.1875, 13.3125, 13.125 ], "texture": "#xntd" },
				"east": { "uv": [ 13.375, 12.1875, 13.3125, 13.125 ], "texture": "#xntd" }
			}
		},
		{
			"__comment": "Voxels",
			"from": [ 7.875, 27.625, 9.25 ],
			"to": [ 8.125, 30, 9.375 ],
			"faces": {
				"down": { "uv": [ 4.8125, 1.1875, 4.9375, 1.25 ], "texture": "#xntd" },
				"up": { "uv": [ 4.8125, 1.1875, 4.9375, 1.125 ], "texture": "#xntd" },
				"north": { "uv": [ 6.0625, 12.4375, 5.9375, 13.625 ], "texture": "#xntd" },
				"south": { "uv": [ 6.1875, 12.4375, 6.3125, 13.625 ], "texture": "#xntd" },
				"west": { "uv": [ 11.6875, 12, 11.75, 13.1875 ], "texture": "#xntd" },
				"east": { "uv": [ 11.875, 12, 11.8125, 13.1875 ], "texture": "#xntd" }
			}
		},
		{
			"__comment": "Voxels",
			"from": [ 7.875, 28.375, 9.375 ],
			"to": [ 8.125, 30, 9.5 ],
			"faces": {
				"down": { "uv": [ 15.875, 14.4375, 16, 14.5 ], "texture": "#xntd" },
				"up": { "uv": [ 8.375, 11.8125, 8.5, 11.75 ], "texture": "#xntd" },
				"north": { "uv": [ 9, 12.3125, 8.875, 13.125 ], "texture": "#xntd" },
				"south": { "uv": [ 8.75, 11.9375, 8.875, 12.75 ], "texture": "#xntd" },
				"west": { "uv": [ 14.375, 12.8125, 14.4375, 13.625 ], "texture": "#xntd" },
				"east": { "uv": [ 14.375, 12.8125, 14.3125, 13.625 ], "texture": "#xntd" }
			}
		},
		{
			"__comment": "Voxels",
			"from": [ 7.875, 29.125, 9.5 ],
			"to": [ 8.125, 30.125, 9.625 ],
			"faces": {
				"down": { "uv": [ 5.125, 0.5625, 5.25, 0.625 ], "texture": "#xntd" },
				"up": { "uv": [ 5.125, 0.875, 5.25, 0.8125 ], "texture": "#xntd" },
				"north": { "uv": [ 5.8125, 11.875, 5.6875, 12.375 ], "texture": "#xntd" },
				"south": { "uv": [ 6.0625, 11.9375, 6.1875, 12.4375 ], "texture": "#xntd" },
				"west": { "uv": [ 4.5, 0, 4.5625, 0.5 ], "texture": "#xntd" },
				"east": { "uv": [ 13.0625, 11.6875, 13, 12.1875 ], "texture": "#xntd" }
			}
		},
		{
			"__comment": "Voxels",
			"from": [ 7.875, 29.875, 9.625 ],
			"to": [ 8.125, 30.125, 9.75 ],
			"faces": {
				"down": { "uv": [ 4.8125, 0.375, 4.9375, 0.4375 ], "texture": "#xntd" },
				"up": { "uv": [ 4.8125, 0.5, 4.9375, 0.4375 ], "texture": "#xntd" },
				"north": { "uv": [ 10, 13.625, 9.875, 13.75 ], "texture": "#xntd" },
				"south": { "uv": [ 15.875, 15.1875, 16, 15.3125 ], "texture": "#xntd" },
				"west": { "uv": [ 11.4375, 11.75, 11.5, 11.875 ], "texture": "#xntd" },
				"east": { "uv": [ 10.8125, 11.75, 10.75, 11.875 ], "texture": "#xntd" }
			}
		},
		{
			"__comment": "Voxels",
			"from": [ 8, 9.5, 7.875 ],
			"to": [ 8.125, 14.625, 8 ],
			"faces": {
				"down": { "uv": [ 12.75, 13.3125, 12.8125, 13.375 ], "texture": "#xntd" },
				"up": { "uv": [ 11.4375, 11.75, 11.5, 11.6875 ], "texture": "#xntd" },
				"north": { "uv": [ 5.8125, 6.5625, 5.75, 9.125 ], "texture": "#xntd" },
				"south": { "uv": [ 5.8125, 9.125, 5.875, 11.6875 ], "texture": "#xntd" },
				"west": { "uv": [ 5.8125, 6.5625, 5.875, 9.125 ], "texture": "#xntd" },
				"east": { "uv": [ 5.875, 4, 5.8125, 6.5625 ], "texture": "#xntd" }
			}
		},
		{
			"__comment": "Voxels",
			"from": [ 8, 14.25, 8 ],
			"to": [ 8.125, 17.25, 8.125 ],
			"faces": {
				"down": { "uv": [ 11.5, 11.6875, 11.5625, 11.75 ], "texture": "#xntd" },
				"up": { "uv": [ 11.625, 11.8125, 11.6875, 11.75 ], "texture": "#xntd" },
				"north": { "uv": [ 10.625, 12.0625, 10.5625, 13.5625 ], "texture": "#xntd" },
				"south": { "uv": [ 10.8125, 12.0625, 10.875, 13.5625 ], "texture": "#xntd" },
				"west": { "uv": [ 10.75, 12.0625, 10.8125, 13.5625 ], "texture": "#xntd" },
				"east": { "uv": [ 10.9375, 12.0625, 10.875, 13.5625 ], "texture": "#xntd" }
			}
		},
		{
			"__comment": "Voxels",
			"from": [ 8, 17.125, 8.125 ],
			"to": [ 8.125, 19.25, 8.25 ],
			"faces": {
				"down": { "uv": [ 11.625, 11.6875, 11.6875, 11.75 ], "texture": "#xntd" },
				"up": { "uv": [ 12.125, 11.9375, 12.1875, 11.875 ], "texture": "#xntd" },
				"north": { "uv": [ 12.3125, 12, 12.25, 13.0625 ], "texture": "#xntd" },
				"south": { "uv": [ 12.3125, 12, 12.375, 13.0625 ], "texture": "#xntd" },
				"west": { "uv": [ 4.5625, 0, 4.625, 1.0625 ], "texture": "#xntd" },
				"east": { "uv": [ 12.25, 12, 12.1875, 13.0625 ], "texture": "#xntd" }
			}
		},
		{
			"__comment": "Voxels",
			"from": [ 8, 20.75, 8.375 ],
			"to": [ 8.125, 22.375, 8.5 ],
			"faces": {
				"down": { "uv": [ 12.25, 11.875, 12.3125, 11.9375 ], "texture": "#xntd" },
				"up": { "uv": [ 12.25, 11.875, 12.3125, 11.8125 ], "texture": "#xntd" },
				"north": { "uv": [ 14.3125, 12, 14.25, 12.8125 ], "texture": "#xntd" },
				"south": { "uv": [ 14.25, 12.8125, 14.3125, 13.625 ], "texture": "#xntd" },
				"west": { "uv": [ 14.1875, 12, 14.25, 12.8125 ], "texture": "#xntd" },
				"east": { "uv": [ 14.25, 12.8125, 14.1875, 13.625 ], "texture": "#xntd" }
			}
		},
		{
			"__comment": "Voxels",
			"from": [ 8, 22, 8.5 ],
			"to": [ 8.125, 23.625, 8.625 ],
			"faces": {
				"down": { "uv": [ 12.75, 12.75, 12.8125, 12.8125 ], "texture": "#xntd" },
				"up": { "uv": [ 12.75, 12.75, 12.8125, 12.6875 ], "texture": "#xntd" },
				"north": { "uv": [ 14.1875, 12, 14.125, 12.8125 ], "texture": "#xntd" },
				"south": { "uv": [ 14.0625, 12, 14.125, 12.8125 ], "texture": "#xntd" },
				"west": { "uv": [ 14.0625, 12.8125, 14.125, 13.625 ], "texture": "#xntd" },
				"east": { "uv": [ 4.25, 0.375, 4.1875, 1.1875 ], "texture": "#xntd" }
			}
		},
		{
			"__comment": "Voxels",
			"from": [ 8, 24.125, 8.75 ],
			"to": [ 8.125, 29.625, 8.875 ],
			"faces": {
				"down": { "uv": [ 12.5, 13.625, 12.5625, 13.6875 ], "texture": "#xntd" },
				"up": { "uv": [ 3.9375, 0.0625, 4, 0 ], "texture": "#xntd" },
				"north": { "uv": [ 5.5, 0, 5.4375, 2.75 ], "texture": "#xntd" },
				"south": { "uv": [ 5.625, 3.3125, 5.6875, 6.0625 ], "texture": "#xntd" },
				"west": { "uv": [ 5.625, 0.5625, 5.6875, 3.3125 ], "texture": "#xntd" },
				"east": { "uv": [ 5.75, 8.9375, 5.6875, 11.6875 ], "texture": "#xntd" }
			}
		},
		{
			"__comment": "Voxels",
			"from": [ 8, 25, 8.875 ],
			"to": [ 8.125, 29.75, 9 ],
			"faces": {
				"down": { "uv": [ 8.5625, 11.6875, 8.625, 11.75 ], "texture": "#xntd" },
				"up": { "uv": [ 9.5625, 11.75, 9.625, 11.6875 ], "texture": "#xntd" },
				"north": { "uv": [ 6.0625, 9.3125, 6, 11.6875 ], "texture": "#xntd" },
				"south": { "uv": [ 5.9375, 2.125, 6, 4.5 ], "texture": "#xntd" },
				"west": { "uv": [ 5.9375, 4.5, 6, 6.875 ], "texture": "#xntd" },
				"east": { "uv": [ 6, 6.875, 5.9375, 9.25 ], "texture": "#xntd" }
			}
		},
		{
			"__comment": "Voxels",
			"from": [ 8, 26.75, 9.125 ],
			"to": [ 8.125, 29.875, 9.25 ],
			"faces": {
				"down": { "uv": [ 10.75, 11.6875, 10.8125, 11.75 ], "texture": "#xntd" },
				"up": { "uv": [ 10.9375, 12.125, 11, 12.0625 ], "texture": "#xntd" },
				"north": { "uv": [ 10, 12, 9.9375, 13.5625 ], "texture": "#xntd" },
				"south": { "uv": [ 10.1875, 12, 10.25, 13.5625 ], "texture": "#xntd" },
				"west": { "uv": [ 9.875, 12, 9.9375, 13.5625 ], "texture": "#xntd" },
				"east": { "uv": [ 10.3125, 12, 10.25, 13.5625 ], "texture": "#xntd" }
			}
		},
		{
			"__comment": "Voxels",
			"from": [ 8.125, -13.625, 8.625 ],
			"to": [ 8.375, -13.5, 8.75 ],
			"faces": {
				"down": { "uv": [ 5.5625, 11.75, 5.6875, 11.8125 ], "texture": "#xntd" },
				"up": { "uv": [ 5.5625, 11.75, 5.6875, 11.6875 ], "texture": "#xntd" },
				"north": { "uv": [ 6.1875, 11.6875, 6.0625, 11.75 ], "texture": "#xntd" },
				"south": { "uv": [ 8.1875, 11.6875, 8.3125, 11.75 ], "texture": "#xntd" },
				"west": { "uv": [ 11.8125, 11.9375, 11.875, 12 ], "texture": "#xntd" },
				"east": { "uv": [ 11.9375, 11.9375, 11.875, 12 ], "texture": "#xntd" }
			}
		},
		{
			"__comment": "Voxels",
			"from": [ 8.125, -13.5, 8.625 ],
			"to": [ 8.25, -13.375, 8.75 ],
			"faces": {
				"down": { "uv": [ 11.875, 11.875, 11.9375, 11.9375 ], "texture": "#xntd" },
				"up": { "uv": [ 11.875, 11.875, 11.9375, 11.8125 ], "texture": "#xntd" },
				"north": { "uv": [ 12, 11.875, 11.9375, 11.9375 ], "texture": "#xntd" },
				"south": { "uv": [ 11.9375, 11.8125, 12, 11.875 ], "texture": "#xntd" },
				"west": { "uv": [ 11.9375, 11.75, 12, 11.8125 ], "texture": "#xntd" },
				"east": { "uv": [ 12, 11.6875, 11.9375, 11.75 ], "texture": "#xntd" }
			}
		},
		{
			"__comment": "Voxels",
			"from": [ 8.125, -0.75, 7 ],
			"to": [ 8.25, 12.625, 7.125 ],
			"faces": {
				"down": { "uv": [ 12, 11.75, 12.0625, 11.8125 ], "texture": "#xntd" },
				"up": { "uv": [ 12, 11.75, 12.0625, 11.6875 ], "texture": "#xntd" },
				"north": { "uv": [ 4.25, 1.1875, 4.1875, 7.875 ], "texture": "#xntd" },
				"south": { "uv": [ 4.4375, 0.25, 4.5, 6.9375 ], "texture": "#xntd" },
				"west": { "uv": [ 4.4375, 6.9375, 4.5, 13.625 ], "texture": "#xntd" },
				"east": { "uv": [ 4.5625, 6.9375, 4.5, 13.625 ], "texture": "#xntd" }
			}
		},
		{
			"__comment": "Voxels",
			"from": [ 8.125, 4.75, 6.875 ],
			"to": [ 8.25, 5.125, 7 ],
			"faces": {
				"down": { "uv": [ 12.1875, 11.8125, 12.25, 11.875 ], "texture": "#xntd" },
				"up": { "uv": [ 12.1875, 11.8125, 12.25, 11.75 ], "texture": "#xntd" },
				"north": { "uv": [ 10.6875, 11.875, 10.625, 12.0625 ], "texture": "#xntd" },
				"south": { "uv": [ 10.625, 11.6875, 10.6875, 11.875 ], "texture": "#xntd" },
				"west": { "uv": [ 10.6875, 11.875, 10.75, 12.0625 ], "texture": "#xntd" },
				"east": { "uv": [ 10.0625, 11.8125, 10, 12 ], "texture": "#xntd" }
			}
		},
		{
			"__comment": "Voxels",
			"from": [ 8.125, 12.25, 7.75 ],
			"to": [ 8.25, 23.375, 7.875 ],
			"faces": {
				"down": { "uv": [ 12.25, 11.75, 12.3125, 11.8125 ], "texture": "#xntd" },
				"up": { "uv": [ 12.25, 11.75, 12.3125, 11.6875 ], "texture": "#xntd" },
				"north": { "uv": [ 4.8125, 6.125, 4.75, 11.6875 ], "texture": "#xntd" },
				"south": { "uv": [ 4.6875, 0.5625, 4.75, 6.125 ], "texture": "#xntd" },
				"west": { "uv": [ 4.625, 1.9375, 4.6875, 7.5 ], "texture": "#xntd" },
				"east": { "uv": [ 4.75, 6.125, 4.6875, 11.6875 ], "texture": "#xntd" }
			}
		},
		{
			"__comment": "Voxels",
			"from": [ 8.125, 15.625, 7.25 ],
			"to": [ 8.25, 16.125, 7.75 ],
			"faces": {
				"down": { "uv": [ 9.875, 11.75, 9.9375, 12 ], "texture": "#xntd" },
				"up": { "uv": [ 9.8125, 12, 9.875, 11.75 ], "texture": "#xntd" },
				"north": { "uv": [ 9.8125, 11.6875, 9.75, 11.9375 ], "texture": "#xntd" },
				"south": { "uv": [ 9.6875, 11.6875, 9.75, 11.9375 ], "texture": "#xntd" },
				"west": { "uv": [ 13.5625, 13.125, 13.8125, 13.375 ], "texture": "#xntd" },
				"east": { "uv": [ 11.125, 11.8125, 10.875, 12.0625 ], "texture": "#xntd" }
			}
		},
		{
			"__comment": "Voxels",
			"from": [ 8.125, 15.75, 7.875 ],
			"to": [ 8.25, 24.25, 8 ],
			"faces": {
				"down": { "uv": [ 12.75, 12.375, 12.8125, 12.4375 ], "texture": "#xntd" },
				"up": { "uv": [ 12.75, 12.375, 12.8125, 12.3125 ], "texture": "#xntd" },
				"north": { "uv": [ 4.0625, 0.0625, 4, 4.3125 ], "texture": "#xntd" },
				"south": { "uv": [ 3.9375, 0.0625, 4, 4.3125 ], "texture": "#xntd" },
				"west": { "uv": [ 3.0625, 3.4375, 3.125, 7.6875 ], "texture": "#xntd" },
				"east": { "uv": [ 3.125, 7.8125, 3.0625, 12.0625 ], "texture": "#xntd" }
			}
		},
		{
			"__comment": "Voxels",
			"from": [ 8.125, 17.5, 7.375 ],
			"to": [ 8.25, 17.875, 7.75 ],
			"faces": {
				"down": { "uv": [ 10.6875, 11.6875, 10.75, 11.875 ], "texture": "#xntd" },
				"up": { "uv": [ 10.75, 12.0625, 10.8125, 11.875 ], "texture": "#xntd" },
				"north": { "uv": [ 12.875, 15.3125, 12.8125, 15.5 ], "texture": "#xntd" },
				"south": { "uv": [ 9.25, 12.3125, 9.3125, 12.5 ], "texture": "#xntd" },
				"west": { "uv": [ 11.125, 11.6875, 11.3125, 11.875 ], "texture": "#xntd" },
				"east": { "uv": [ 11.3125, 11.875, 11.125, 12.0625 ], "texture": "#xntd" }
			}
		},
		{
			"__comment": "Voxels",
			"from": [ 8.125, 18, 8 ],
			"to": [ 8.25, 25.25, 8.125 ],
			"faces": {
				"down": { "uv": [ 9.5, 11.6875, 9.5625, 11.75 ], "texture": "#xntd" },
				"up": { "uv": [ 12, 11.9375, 12.0625, 11.875 ], "texture": "#xntd" },
				"north": { "uv": [ 5.3125, 0.5, 5.25, 4.125 ], "texture": "#xntd" },
				"south": { "uv": [ 5.3125, 8.0625, 5.375, 11.6875 ], "texture": "#xntd" },
				"west": { "uv": [ 5.3125, 4.4375, 5.375, 8.0625 ], "texture": "#xntd" },
				"east": { "uv": [ 5.3125, 4.125, 5.25, 7.75 ], "texture": "#xntd" }
			}
		},
		{
			"__comment": "Voxels",
			"from": [ 8.125, 19.375, 7.5 ],
			"to": [ 8.25, 19.75, 7.75 ],
			"faces": {
				"down": { "uv": [ 10.4375, 11.6875, 10.5, 11.8125 ], "texture": "#xntd" },
				"up": { "uv": [ 10.5, 11.8125, 10.5625, 11.6875 ], "texture": "#xntd" },
				"north": { "uv": [ 10.125, 11.8125, 10.0625, 12 ], "texture": "#xntd" },
				"south": { "uv": [ 10.125, 11.8125, 10.1875, 12 ], "texture": "#xntd" },
				"west": { "uv": [ 6.0625, 11.75, 6.1875, 11.9375 ], "texture": "#xntd" },
				"east": { "uv": [ 5.8125, 11.6875, 5.6875, 11.875 ], "texture": "#xntd" }
			}
		},
		{
			"__comment": "Voxels",
			"from": [ 8.125, 19.75, 8.125 ],
			"to": [ 8.25, 26.125, 8.25 ],
			"faces": {
				"down": { "uv": [ 11.3125, 11.6875, 11.375, 11.75 ], "texture": "#xntd" },
				"up": { "uv": [ 11.375, 11.75, 11.4375, 11.6875 ], "texture": "#xntd" },
				"north": { "uv": [ 5.4375, 1.8125, 5.375, 5 ], "texture": "#xntd" },
				"south": { "uv": [ 5.4375, 8.5, 5.5, 11.6875 ], "texture": "#xntd" },
				"west": { "uv": [ 5.0625, 0.125, 5.125, 3.3125 ], "texture": "#xntd" },
				"east": { "uv": [ 5.4375, 5, 5.375, 8.1875 ], "texture": "#xntd" }
			}
		},
		{
			"__comment": "Voxels",
			"from": [ 8.125, 21.125, 7.625 ],
			"to": [ 8.25, 21.25, 7.75 ],
			"faces": {
				"down": { "uv": [ 11.6875, 11.9375, 11.75, 12 ], "texture": "#xntd" },
				"up": { "uv": [ 11.6875, 11.9375, 11.75, 11.875 ], "texture": "#xntd" },
				"north": { "uv": [ 11.75, 11.8125, 11.6875, 11.875 ], "texture": "#xntd" },
				"south": { "uv": [ 11.6875, 11.75, 11.75, 11.8125 ], "texture": "#xntd" },
				"west": { "uv": [ 11.6875, 11.6875, 11.75, 11.75 ], "texture": "#xntd" },
				"east": { "uv": [ 11.8125, 11.9375, 11.75, 12 ], "texture": "#xntd" }
			}
		},
		{
			"__comment": "Voxels",
			"from": [ 8.125, 21.375, 8.25 ],
			"to": [ 8.25, 26.5, 8.375 ],
			"faces": {
				"down": { "uv": [ 11.75, 11.875, 11.8125, 11.9375 ], "texture": "#xntd" },
				"up": { "uv": [ 11.75, 11.875, 11.8125, 11.8125 ], "texture": "#xntd" },
				"north": { "uv": [ 5.8125, 9.125, 5.75, 11.6875 ], "texture": "#xntd" },
				"south": { "uv": [ 5.6875, 1, 5.75, 3.5625 ], "texture": "#xntd" },
				"west": { "uv": [ 5.75, 4, 5.8125, 6.5625 ], "texture": "#xntd" },
				"east": { "uv": [ 5.8125, 1.4375, 5.75, 4 ], "texture": "#xntd" }
			}
		},
		{
			"__comment": "Voxels",
			"from": [ 8.125, 22.875, 8.375 ],
			"to": [ 8.25, 26.875, 8.5 ],
			"faces": {
				"down": { "uv": [ 11.8125, 11.8125, 11.875, 11.875 ], "texture": "#xntd" },
				"up": { "uv": [ 11.8125, 11.8125, 11.875, 11.75 ], "texture": "#xntd" },
				"north": { "uv": [ 6.125, 9.6875, 6.0625, 11.6875 ], "texture": "#xntd" },
				"south": { "uv": [ 6, 0.5625, 6.0625, 2.5625 ], "texture": "#xntd" },
				"west": { "uv": [ 6.0625, 7.6875, 6.125, 9.6875 ], "texture": "#xntd" },
				"east": { "uv": [ 6.125, 5.6875, 6.0625, 7.6875 ], "texture": "#xntd" }
			}
		},
		{
			"__comment": "Voxels",
			"from": [ 8.125, 24, 8.5 ],
			"to": [ 8.25, 27.125, 8.625 ],
			"faces": {
				"down": { "uv": [ 11.875, 11.75, 11.9375, 11.8125 ], "texture": "#xntd" },
				"up": { "uv": [ 11.875, 11.75, 11.9375, 11.6875 ], "texture": "#xntd" },
				"north": { "uv": [ 10.5625, 12, 10.5, 13.5625 ], "texture": "#xntd" },
				"south": { "uv": [ 10.3125, 12, 10.375, 13.5625 ], "texture": "#xntd" },
				"west": { "uv": [ 10.375, 12, 10.4375, 13.5625 ], "texture": "#xntd" },
				"east": { "uv": [ 10.5, 12, 10.4375, 13.5625 ], "texture": "#xntd" }
			}
		},
		{
			"__comment": "Voxels",
			"from": [ 8.125, 25.125, 8.625 ],
			"to": [ 8.25, 26.75, 8.75 ],
			"faces": {
				"down": { "uv": [ 12.75, 12.125, 12.8125, 12.1875 ], "texture": "#xntd" },
				"up": { "uv": [ 12, 11.875, 12.0625, 11.8125 ], "texture": "#xntd" },
				"north": { "uv": [ 14.4375, 12, 14.375, 12.8125 ], "texture": "#xntd" },
				"south": { "uv": [ 14.3125, 12, 14.375, 12.8125 ], "texture": "#xntd" },
				"west": { "uv": [ 14, 11.9375, 14.0625, 12.75 ], "texture": "#xntd" },
				"east": { "uv": [ 14.1875, 12.8125, 14.125, 13.625 ], "texture": "#xntd" }
			}
		},
		{
			"__comment": "Voxels",
			"from": [ 8.375, -14, 7 ],
			"to": [ 8.5, -13.5, 7.125 ],
			"faces": {
				"down": { "uv": [ 12.0625, 11.75, 12.125, 11.8125 ], "texture": "#xntd" },
				"up": { "uv": [ 12.0625, 11.75, 12.125, 11.6875 ], "texture": "#xntd" },
				"north": { "uv": [ 9.375, 11.6875, 9.3125, 11.9375 ], "texture": "#xntd" },
				"south": { "uv": [ 9.25, 11.8125, 9.3125, 12.0625 ], "texture": "#xntd" },
				"west": { "uv": [ 9.1875, 11.8125, 9.25, 12.0625 ], "texture": "#xntd" },
				"east": { "uv": [ 9.5625, 11.75, 9.5, 12 ], "texture": "#xntd" }
			}
		},
		{
			"__comment": "Voxels",
			"from": [ 8.375, -4.875, 7.25 ],
			"to": [ 8.625, -4.5, 7.75 ],
			"faces": {
				"down": { "uv": [ 13.75, 13.625, 13.875, 13.875 ], "texture": "#xntd" },
				"up": { "uv": [ 14.375, 13.9375, 14.5, 13.6875 ], "texture": "#xntd" },
				"north": { "uv": [ 16, 14.875, 15.875, 15.0625 ], "texture": "#xntd" },
				"south": { "uv": [ 11.75, 13.625, 11.875, 13.8125 ], "texture": "#xntd" },
				"west": { "uv": [ 13.625, 12, 13.875, 12.1875 ], "texture": "#xntd" },
				"east": { "uv": [ 9.25, 12.3125, 9, 12.5 ], "texture": "#xntd" }
			}
		},
		{
			"__comment": "Voxels",
			"from": [ 8.375, -4.875, 8.25 ],
			"to": [ 8.625, -4, 8.375 ],
			"faces": {
				"down": { "uv": [ 4.8125, 0, 4.9375, 0.0625 ], "texture": "#xntd" },
				"up": { "uv": [ 5.125, 1.3125, 5.25, 1.25 ], "texture": "#xntd" },
				"north": { "uv": [ 6.3125, 12, 6.1875, 12.4375 ], "texture": "#xntd" },
				"south": { "uv": [ 12.375, 13.8125, 12.5, 14.25 ], "texture": "#xntd" },
				"west": { "uv": [ 12.875, 11.6875, 12.9375, 12.125 ], "texture": "#xntd" },
				"east": { "uv": [ 13.3125, 11.75, 13.25, 12.1875 ], "texture": "#xntd" }
			}
		},
		{
			"__comment": "Voxels",
			"from": [ 8.625, -4.625, 7.25 ],
			"to": [ 9.625, -4.5, 8.375 ],
			"faces": {
				"down": { "uv": [ 7.9375, 14.25, 8.4375, 14.8125 ], "texture": "#xntd" },
				"up": { "uv": [ 5.1875, 14.4375, 5.6875, 13.875 ], "texture": "#xntd" },
				"north": { "uv": [ 15.25, 12.625, 14.75, 12.6875 ], "texture": "#xntd" },
				"south": { "uv": [ 15.25, 12.625, 15.75, 12.6875 ], "texture": "#xntd" },
				"west": { "uv": [ 15.0625, 13.375, 15.625, 13.4375 ], "texture": "#xntd" },
				"east": { "uv": [ 15.625, 13.3125, 15.0625, 13.375 ], "texture": "#xntd" }
			}
		},
		{
			"__comment": "Voxels",
			"from": [ 8.625, -4.5, 7.75 ],
			"to": [ 9.625, -4, 8.375 ],
			"faces": {
				"down": { "uv": [ 2.125, 0, 2.625, 0.3125 ], "texture": "#xntd" },
				"up": { "uv": [ 1.125, 0.375, 1.625, 0.0625 ], "texture": "#xntd" },
				"north": { "uv": [ 7.4375, 11.875, 6.9375, 12.125 ], "texture": "#xntd" },
				"south": { "uv": [ 6.9375, 12.625, 7.4375, 12.875 ], "texture": "#xntd" },
				"west": { "uv": [ 8.875, 11.8125, 9.1875, 12.0625 ], "texture": "#xntd" },
				"east": { "uv": [ 6.875, 13.625, 6.5625, 13.875 ], "texture": "#xntd" }
			}
		},
		{
			"__comment": "Voxels",
			"from": [ 9.125, -4.625, 5.5 ],
			"to": [ 9.25, -4.125, 5.75 ],
			"faces": {
				"down": { "uv": [ 11.5625, 11.6875, 11.625, 11.8125 ], "texture": "#xntd" },
				"up": { "uv": [ 11.625, 11.9375, 11.6875, 11.8125 ], "texture": "#xntd" },
				"north": { "uv": [ 9.3125, 12.0625, 9.25, 12.3125 ], "texture": "#xntd" },
				"south": { "uv": [ 9.1875, 12.0625, 9.25, 12.3125 ], "texture": "#xntd" },
				"west": { "uv": [ 14.5, 13.6875, 14.625, 13.9375 ], "texture": "#xntd" },
				"east": { "uv": [ 7.9375, 13.8125, 7.8125, 14.0625 ], "texture": "#xntd" }
			}
		}
	],
	"display": {
		"thirdperson_righthand": {
			"translation":  [ 0, 14, 2 ]
		},
		"thirdperson_lefthand": {
			"rotation":  [ 0, 0, 180 ],
			"translation":  [ -1.4, -17, 2 ]
		},
		"firstperson_righthand": {
			"translation":  [ 0, 14, 2 ]
		},
		"firstperson_lefthand": {
			"rotation":  [ 0, 0, 180 ],
			"translation":  [ -1.4, -17, 2 ]
		},
		"gui": {
			"rotation":  [ 90, -137, 90 ],
			"translation":  [ 0.5, 0, 0 ],
			"scale":  [ 0.5, 0.5, 0.5 ]
		},
		"ground": {
			"translation":  [ 0, 19, 0 ]
		},
		"fixed": {
			"rotation":  [ 90, 0, 90 ]
		}
	}
}