{
	"__comment": "Designed by Ling_Meng with Cubik Studio - https://cubik.studio",
	"textures": {
		"mlzy": "blocks/mlzy"
	},
	"elements": [ 	 
		{
			"__comment": "Voxels",
			"from": [ 5.25, 3.75, 7.75 ],
			"to": [ 6.25, 4.5, 8.25 ],
			"faces": {
				"down": { "uv": [ 12, 10.5, 13, 11 ], "texture": "#mlzy" },
				"up": { "uv": [ 7, 13.25, 8, 12.75 ], "texture": "#mlzy" },
				"north": { "uv": [ 6, 11.5, 5, 12.25 ], "texture": "#mlzy" },
				"south": { "uv": [ 15, 15.25, 16, 16 ], "texture": "#mlzy" },
				"west": { "uv": [ 5.25, 8, 5.75, 8.75 ], "texture": "#mlzy" },
				"east": { "uv": [ 5.75, 5.75, 5.25, 6.5 ], "texture": "#mlzy" }
			}
		},
		{
			"__comment": "Voxels",
			"from": [ 5.5, 3.25, 7.75 ],
			"to": [ 7.25, 3.5, 8.25 ],
			"faces": {
				"down": { "uv": [ 12, 14.25, 13.75, 14.75 ], "texture": "#mlzy" },
				"up": { "uv": [ 12, 14.25, 13.75, 13.75 ], "texture": "#mlzy" },
				"north": { "uv": [ 15.75, 10.75, 14, 11 ], "texture": "#mlzy" },
				"south": { "uv": [ 14, 10.5, 15.75, 10.75 ], "texture": "#mlzy" },
				"west": { "uv": [ 15.25, 9, 15.75, 9.25 ], "texture": "#mlzy" },
				"east": { "uv": [ 7, 3, 6.5, 3.25 ], "texture": "#mlzy" }
			}
		},
		{
			"__comment": "Voxels",
			"from": [ 5.5, 3.5, 7.75 ],
			"to": [ 6.25, 3.75, 8.25 ],
			"faces": {
				"down": { "uv": [ 15.25, 12.25, 16, 12.75 ], "texture": "#mlzy" },
				"up": { "uv": [ 5.75, 10.25, 6.5, 9.75 ], "texture": "#mlzy" },
				"north": { "uv": [ 11.25, 9, 10.5, 9.25 ], "texture": "#mlzy" },
				"south": { "uv": [ 5.75, 0, 6.5, 0.25 ], "texture": "#mlzy" },
				"west": { "uv": [ 6.5, 2.75, 7, 3 ], "texture": "#mlzy" },
				"east": { "uv": [ 7, 2.25, 6.5, 2.5 ], "texture": "#mlzy" }
			}
		},
		{
			"__comment": "Voxels",
			"from": [ 5.75, 2.75, 7.75 ],
			"to": [ 7.5, 3.25, 8.25 ],
			"faces": {
				"down": { "uv": [ 12, 13.25, 13.75, 13.75 ], "texture": "#mlzy" },
				"up": { "uv": [ 12, 13.25, 13.75, 12.75 ], "texture": "#mlzy" },
				"north": { "uv": [ 15.5, 14.75, 13.75, 15.25 ], "texture": "#mlzy" },
				"south": { "uv": [ 13.75, 14.25, 15.5, 14.75 ], "texture": "#mlzy" },
				"west": { "uv": [ 5.25, 2.75, 5.75, 3.25 ], "texture": "#mlzy" },
				"east": { "uv": [ 5.75, 2.25, 5.25, 2.75 ], "texture": "#mlzy" }
			}
		},
		{
			"__comment": "Voxels",
			"from": [ 6, 2.25, 7.75 ],
			"to": [ 6.5, 2.75, 8.25 ],
			"faces": {
				"down": { "uv": [ 5.25, 1.75, 5.75, 2.25 ], "texture": "#mlzy" },
				"up": { "uv": [ 15.5, 10.25, 16, 9.75 ], "texture": "#mlzy" },
				"north": { "uv": [ 6.25, 8.25, 5.75, 8.75 ], "texture": "#mlzy" },
				"south": { "uv": [ 5.75, 7.75, 6.25, 8.25 ], "texture": "#mlzy" },
				"west": { "uv": [ 5.75, 7.25, 6.25, 7.75 ], "texture": "#mlzy" },
				"east": { "uv": [ 6.25, 6.75, 5.75, 7.25 ], "texture": "#mlzy" }
			}
		},
		{
			"__comment": "Voxels",
			"from": [ 6.5, 2.5, 7.75 ],
			"to": [ 7.75, 2.75, 8.25 ],
			"faces": {
				"down": { "uv": [ 6.5, 10.5, 7.75, 11 ], "texture": "#mlzy" },
				"up": { "uv": [ 14, 12.75, 15.25, 12.25 ], "texture": "#mlzy" },
				"north": { "uv": [ 16, 10.25, 14.75, 10.5 ], "texture": "#mlzy" },
				"south": { "uv": [ 9.5, 9.5, 10.75, 9.75 ], "texture": "#mlzy" },
				"west": { "uv": [ 6.5, 2, 7, 2.25 ], "texture": "#mlzy" },
				"east": { "uv": [ 7, 0.75, 6.5, 1 ], "texture": "#mlzy" }
			}
		},
		{
			"__comment": "Voxels",
			"from": [ 6.75, 2.5, 7.5 ],
			"to": [ 9.25, 2.75, 7.75 ],
			"faces": {
				"down": { "uv": [ 13.5, 12, 16, 12.25 ], "texture": "#mlzy" },
				"up": { "uv": [ 6, 12, 8.5, 11.75 ], "texture": "#mlzy" },
				"north": { "uv": [ 8.5, 11.5, 6, 11.75 ], "texture": "#mlzy" },
				"south": { "uv": [ 8.5, 12, 11, 12.25 ], "texture": "#mlzy" },
				"west": { "uv": [ 15.75, 10.75, 16, 11 ], "texture": "#mlzy" },
				"east": { "uv": [ 6.5, 1.5, 6.25, 1.75 ], "texture": "#mlzy" }
			}
		},
		{
			"__comment": "Voxels",
			"from": [ 6.75, 2.5, 8.25 ],
			"to": [ 9.25, 2.75, 8.5 ],
			"faces": {
				"down": { "uv": [ 8.5, 11.5, 11, 11.75 ], "texture": "#mlzy" },
				"up": { "uv": [ 11, 12.25, 13.5, 12 ], "texture": "#mlzy" },
				"north": { "uv": [ 13.5, 11.75, 11, 12 ], "texture": "#mlzy" },
				"south": { "uv": [ 11, 11.5, 13.5, 11.75 ], "texture": "#mlzy" },
				"west": { "uv": [ 15.75, 11, 16, 11.25 ], "texture": "#mlzy" },
				"east": { "uv": [ 16, 11.25, 15.75, 11.5 ], "texture": "#mlzy" }
			}
		},
		{
			"__comment": "Voxels",
			"from": [ 6.75, 3, 7.5 ],
			"to": [ 9.25, 3.25, 7.75 ],
			"faces": {
				"down": { "uv": [ 13.5, 11.75, 16, 12 ], "texture": "#mlzy" },
				"up": { "uv": [ 13.5, 11.75, 16, 11.5 ], "texture": "#mlzy" },
				"north": { "uv": [ 9, 11.25, 6.5, 11.5 ], "texture": "#mlzy" },
				"south": { "uv": [ 6.5, 11, 9, 11.25 ], "texture": "#mlzy" },
				"west": { "uv": [ 10.75, 8.5, 11, 8.75 ], "texture": "#mlzy" },
				"east": { "uv": [ 10.75, 8.5, 10.5, 8.75 ], "texture": "#mlzy" }
			}
		},
		{
			"__comment": "Voxels",
			"from": [ 6.75, 3, 8.25 ],
			"to": [ 9.25, 3.25, 8.5 ],
			"faces": {
				"down": { "uv": [ 10, 15.25, 12.5, 15.5 ], "texture": "#mlzy" },
				"up": { "uv": [ 12.5, 15.5, 15, 15.25 ], "texture": "#mlzy" },
				"north": { "uv": [ 8.5, 12, 6, 12.25 ], "texture": "#mlzy" },
				"south": { "uv": [ 8.5, 11.75, 11, 12 ], "texture": "#mlzy" },
				"west": { "uv": [ 10.25, 8.5, 10.5, 8.75 ], "texture": "#mlzy" },
				"east": { "uv": [ 10.25, 8.5, 10, 8.75 ], "texture": "#mlzy" }
			}
		},
		{
			"__comment": "Voxels",
			"from": [ 6.75, 5.75, 7.75 ],
			"to": [ 9.25, 6.5, 8.25 ],
			"faces": {
				"down": { "uv": [ 10, 15.5, 12.5, 16 ], "texture": "#mlzy" },
				"up": { "uv": [ 12.5, 16, 15, 15.5 ], "texture": "#mlzy" },
				"north": { "uv": [ 7.5, 15.25, 5, 16 ], "texture": "#mlzy" },
				"south": { "uv": [ 7.5, 15.25, 10, 16 ], "texture": "#mlzy" },
				"west": { "uv": [ 5.25, 9.5, 5.75, 10.25 ], "texture": "#mlzy" },
				"east": { "uv": [ 5.75, 8.75, 5.25, 9.5 ], "texture": "#mlzy" }
			}
		},
		{
			"__comment": "Voxels",
			"from": [ 7, 3.5, 7.75 ],
			"to": [ 9, 5.75, 8.25 ],
			"faces": {
				"down": { "uv": [ 8, 13.25, 10, 13.75 ], "texture": "#mlzy" },
				"up": { "uv": [ 8, 14.25, 10, 13.75 ], "texture": "#mlzy" },
				"north": { "uv": [ 2, 4.75, 0, 7 ], "texture": "#mlzy" },
				"south": { "uv": [ 0, 2.5, 2, 4.75 ], "texture": "#mlzy" },
				"west": { "uv": [ 6, 13, 6.5, 15.25 ], "texture": "#mlzy" },
				"east": { "uv": [ 7, 13, 6.5, 15.25 ], "texture": "#mlzy" }
			}
		},
		{
			"__comment": "Voxels",
			"from": [ 7, 6.5, 7.75 ],
			"to": [ 9, 7, 8.25 ],
			"faces": {
				"down": { "uv": [ 2, 0.5, 4, 1 ], "texture": "#mlzy" },
				"up": { "uv": [ 8, 15.25, 10, 14.75 ], "texture": "#mlzy" },
				"north": { "uv": [ 12, 14.75, 10, 15.25 ], "texture": "#mlzy" },
				"south": { "uv": [ 8, 12.75, 10, 13.25 ], "texture": "#mlzy" },
				"west": { "uv": [ 6.5, 6.5, 7, 7 ], "texture": "#mlzy" },
				"east": { "uv": [ 7, 6, 6.5, 6.5 ], "texture": "#mlzy" }
			}
		},
		{
			"__comment": "Voxels",
			"from": [ 7, 8.5, 7.75 ],
			"to": [ 9, 17.5, 8.25 ],
			"faces": {
				"down": { "uv": [ 2, 0, 4, 0.5 ], "texture": "#mlzy" },
				"up": { "uv": [ 8, 14.75, 10, 14.25 ], "texture": "#mlzy" },
				"north": { "uv": [ 2, 7, 0, 16 ], "texture": "#mlzy" },
				"south": { "uv": [ 2, 7, 4, 16 ], "texture": "#mlzy" },
				"west": { "uv": [ 4.5, 7, 5, 16 ], "texture": "#mlzy" },
				"east": { "uv": [ 4.5, 7, 4, 16 ], "texture": "#mlzy" }
			}
		},
		{
			"__comment": "Voxels",
			"from": [ 7.25, 1.5, 7.5 ],
			"to": [ 8.75, 1.75, 7.75 ],
			"faces": {
				"down": { "uv": [ 6.5, 10, 8, 10.25 ], "texture": "#mlzy" },
				"up": { "uv": [ 6.5, 10, 8, 9.75 ], "texture": "#mlzy" },
				"north": { "uv": [ 9.5, 10, 8, 10.25 ], "texture": "#mlzy" },
				"south": { "uv": [ 8, 9.75, 9.5, 10 ], "texture": "#mlzy" },
				"west": { "uv": [ 15.75, 9, 16, 9.25 ], "texture": "#mlzy" },
				"east": { "uv": [ 16, 9.5, 15.75, 9.75 ], "texture": "#mlzy" }
			}
		},
		{
			"__comment": "Voxels",
			"from": [ 7.25, 1.5, 7.75 ],
			"to": [ 7.75, 2, 8.25 ],
			"faces": {
				"down": { "uv": [ 6.5, 4.5, 7, 5 ], "texture": "#mlzy" },
				"up": { "uv": [ 5.25, 4.75, 5.75, 4.25 ], "texture": "#mlzy" },
				"north": { "uv": [ 16, 14.75, 15.5, 15.25 ], "texture": "#mlzy" },
				"south": { "uv": [ 15.5, 14.25, 16, 14.75 ], "texture": "#mlzy" },
				"west": { "uv": [ 15.5, 13.75, 16, 14.25 ], "texture": "#mlzy" },
				"east": { "uv": [ 16, 13.25, 15.5, 13.75 ], "texture": "#mlzy" }
			}
		},
		{
			"__comment": "Voxels",
			"from": [ 7.25, 1.5, 8.25 ],
			"to": [ 8.75, 1.75, 8.5 ],
			"faces": {
				"down": { "uv": [ 8, 9.5, 9.5, 9.75 ], "texture": "#mlzy" },
				"up": { "uv": [ 9.5, 10.25, 11, 10 ], "texture": "#mlzy" },
				"north": { "uv": [ 14, 10, 12.5, 10.25 ], "texture": "#mlzy" },
				"south": { "uv": [ 11.75, 10.25, 13.25, 10.5 ], "texture": "#mlzy" },
				"west": { "uv": [ 6.25, 1.75, 6.5, 2 ], "texture": "#mlzy" },
				"east": { "uv": [ 6.5, 2.5, 6.25, 2.75 ], "texture": "#mlzy" }
			}
		},
		{
			"__comment": "Voxels",
			"from": [ 7.25, 2.25, 7.75 ],
			"to": [ 8.75, 2.5, 8.25 ],
			"faces": {
				"down": { "uv": [ 6.5, 12.25, 8, 12.75 ], "texture": "#mlzy" },
				"up": { "uv": [ 8, 12.75, 9.5, 12.25 ], "texture": "#mlzy" },
				"north": { "uv": [ 12.5, 9.75, 11, 10 ], "texture": "#mlzy" },
				"south": { "uv": [ 13.25, 10.25, 14.75, 10.5 ], "texture": "#mlzy" },
				"west": { "uv": [ 6.5, 0.5, 7, 0.75 ], "texture": "#mlzy" },
				"east": { "uv": [ 7.5, 8.75, 7, 9 ], "texture": "#mlzy" }
			}
		},
		{
			"__comment": "Voxels",
			"from": [ 7.25, 2.75, 7.5 ],
			"to": [ 8.75, 3, 7.75 ],
			"faces": {
				"down": { "uv": [ 10.25, 10.25, 11.75, 10.5 ], "texture": "#mlzy" },
				"up": { "uv": [ 8.75, 10.5, 10.25, 10.25 ], "texture": "#mlzy" },
				"north": { "uv": [ 14, 9.75, 12.5, 10 ], "texture": "#mlzy" },
				"south": { "uv": [ 14, 10, 15.5, 10.25 ], "texture": "#mlzy" },
				"west": { "uv": [ 6.25, 2.75, 6.5, 3 ], "texture": "#mlzy" },
				"east": { "uv": [ 6.5, 3.5, 6.25, 3.75 ], "texture": "#mlzy" }
			}
		},
		{
			"__comment": "Voxels",
			"from": [ 7.25, 2.75, 8.25 ],
			"to": [ 8.75, 3, 8.5 ],
			"faces": {
				"down": { "uv": [ 6.5, 9.5, 8, 9.75 ], "texture": "#mlzy" },
				"up": { "uv": [ 9.5, 10, 11, 9.75 ], "texture": "#mlzy" },
				"north": { "uv": [ 12.5, 10, 11, 10.25 ], "texture": "#mlzy" },
				"south": { "uv": [ 14, 9.75, 15.5, 10 ], "texture": "#mlzy" },
				"west": { "uv": [ 6.25, 1, 6.5, 1.25 ], "texture": "#mlzy" },
				"east": { "uv": [ 6.5, 4.25, 6.25, 4.5 ], "texture": "#mlzy" }
			}
		},
		{
			"__comment": "Voxels",
			"from": [ 7.25, 3.25, 7.5 ],
			"to": [ 7.75, 3.75, 7.75 ],
			"faces": {
				"down": { "uv": [ 10, 8.75, 10.5, 9 ], "texture": "#mlzy" },
				"up": { "uv": [ 8.5, 9, 9, 8.75 ], "texture": "#mlzy" },
				"north": { "uv": [ 7, 4, 6.5, 4.5 ], "texture": "#mlzy" },
				"south": { "uv": [ 5.75, 1.75, 6.25, 2.25 ], "texture": "#mlzy" },
				"west": { "uv": [ 6.25, 7.25, 6.5, 7.75 ], "texture": "#mlzy" },
				"east": { "uv": [ 12, 12.75, 11.75, 13.25 ], "texture": "#mlzy" }
			}
		},
		{
			"__comment": "Voxels",
			"from": [ 7.25, 3.25, 8.25 ],
			"to": [ 7.75, 3.75, 8.5 ],
			"faces": {
				"down": { "uv": [ 6.5, 2.5, 7, 2.75 ], "texture": "#mlzy" },
				"up": { "uv": [ 7.5, 8.75, 8, 8.5 ], "texture": "#mlzy" },
				"north": { "uv": [ 5.75, 0.25, 5.25, 0.75 ], "texture": "#mlzy" },
				"south": { "uv": [ 5.75, 1.25, 6.25, 1.75 ], "texture": "#mlzy" },
				"west": { "uv": [ 6.25, 6.25, 6.5, 6.75 ], "texture": "#mlzy" },
				"east": { "uv": [ 6.5, 6.75, 6.25, 7.25 ], "texture": "#mlzy" }
			}
		},
		{
			"__comment": "Voxels",
			"from": [ 7.25, 7, 7.75 ],
			"to": [ 8.75, 8.5, 8.25 ],
			"faces": {
				"down": { "uv": [ 9.5, 12.25, 11, 12.75 ], "texture": "#mlzy" },
				"up": { "uv": [ 5, 12.75, 6.5, 12.25 ], "texture": "#mlzy" },
				"north": { "uv": [ 3.5, 5.5, 2, 7 ], "texture": "#mlzy" },
				"south": { "uv": [ 2, 4, 3.5, 5.5 ], "texture": "#mlzy" },
				"west": { "uv": [ 3.5, 4, 4, 5.5 ], "texture": "#mlzy" },
				"east": { "uv": [ 4, 1, 3.5, 2.5 ], "texture": "#mlzy" }
			}
		},
		{
			"__comment": "Voxels",
			"from": [ 7.25, 17.5, 7.75 ],
			"to": [ 8.75, 19, 8.25 ],
			"faces": {
				"down": { "uv": [ 11, 12.25, 12.5, 12.75 ], "texture": "#mlzy" },
				"up": { "uv": [ 12.5, 12.75, 14, 12.25 ], "texture": "#mlzy" },
				"north": { "uv": [ 3.5, 2.5, 2, 4 ], "texture": "#mlzy" },
				"south": { "uv": [ 2, 1, 3.5, 2.5 ], "texture": "#mlzy" },
				"west": { "uv": [ 3.5, 5.5, 4, 7 ], "texture": "#mlzy" },
				"east": { "uv": [ 4, 2.5, 3.5, 4 ], "texture": "#mlzy" }
			}
		},
		{
			"__comment": "Voxels",
			"from": [ 7.5, -1, 7.75 ],
			"to": [ 8.5, 1.5, 8.25 ],
			"faces": {
				"down": { "uv": [ 7.75, 10.5, 8.75, 11 ], "texture": "#mlzy" },
				"up": { "uv": [ 9.5, 11.5, 10.5, 11 ], "texture": "#mlzy" },
				"north": { "uv": [ 1, 0, 0, 2.5 ], "texture": "#mlzy" },
				"south": { "uv": [ 1, 0, 2, 2.5 ], "texture": "#mlzy" },
				"west": { "uv": [ 5, 12.75, 5.5, 15.25 ], "texture": "#mlzy" },
				"east": { "uv": [ 6, 12.75, 5.5, 15.25 ], "texture": "#mlzy" }
			}
		},
		{
			"__comment": "Voxels",
			"from": [ 7.5, 1.5, 7.25 ],
			"to": [ 8.5, 1.75, 7.5 ],
			"faces": {
				"down": { "uv": [ 9.5, 9.25, 10.5, 9.5 ], "texture": "#mlzy" },
				"up": { "uv": [ 8.5, 9.5, 9.5, 9.25 ], "texture": "#mlzy" },
				"north": { "uv": [ 12.75, 9.5, 11.75, 9.75 ], "texture": "#mlzy" },
				"south": { "uv": [ 12.75, 9.5, 13.75, 9.75 ], "texture": "#mlzy" },
				"west": { "uv": [ 6.25, 4, 6.5, 4.25 ], "texture": "#mlzy" },
				"east": { "uv": [ 6.5, 4.5, 6.25, 4.75 ], "texture": "#mlzy" }
			}
		},
		{
			"__comment": "Voxels",
			"from": [ 7.5, 1.5, 8.5 ],
			"to": [ 8.5, 1.75, 8.75 ],
			"faces": {
				"down": { "uv": [ 13.75, 9.5, 14.75, 9.75 ], "texture": "#mlzy" },
				"up": { "uv": [ 14.75, 9.75, 15.75, 9.5 ], "texture": "#mlzy" },
				"north": { "uv": [ 7.5, 9.25, 6.5, 9.5 ], "texture": "#mlzy" },
				"south": { "uv": [ 7.5, 9.25, 8.5, 9.5 ], "texture": "#mlzy" },
				"west": { "uv": [ 6.25, 2.25, 6.5, 2.5 ], "texture": "#mlzy" },
				"east": { "uv": [ 6.5, 3, 6.25, 3.25 ], "texture": "#mlzy" }
			}
		},
		{
			"__comment": "Voxels",
			"from": [ 7.5, 1.75, 7.5 ],
			"to": [ 8.5, 2, 7.75 ],
			"faces": {
				"down": { "uv": [ 10.5, 9.25, 11.5, 9.5 ], "texture": "#mlzy" },
				"up": { "uv": [ 11.5, 9.5, 12.5, 9.25 ], "texture": "#mlzy" },
				"north": { "uv": [ 13.5, 9.25, 12.5, 9.5 ], "texture": "#mlzy" },
				"south": { "uv": [ 13.5, 9.25, 14.5, 9.5 ], "texture": "#mlzy" },
				"west": { "uv": [ 6.25, 0.25, 6.5, 0.5 ], "texture": "#mlzy" },
				"east": { "uv": [ 16, 10.5, 15.75, 10.75 ], "texture": "#mlzy" }
			}
		},
		{
			"__comment": "Voxels",
			"from": [ 7.5, 1.75, 8.25 ],
			"to": [ 8.5, 2, 8.5 ],
			"faces": {
				"down": { "uv": [ 14.5, 9.25, 15.5, 9.5 ], "texture": "#mlzy" },
				"up": { "uv": [ 6.5, 9.25, 7.5, 9 ], "texture": "#mlzy" },
				"north": { "uv": [ 8.5, 9, 7.5, 9.25 ], "texture": "#mlzy" },
				"south": { "uv": [ 8.5, 9, 9.5, 9.25 ], "texture": "#mlzy" },
				"west": { "uv": [ 6.25, 1.25, 6.5, 1.5 ], "texture": "#mlzy" },
				"east": { "uv": [ 6.5, 2, 6.25, 2.25 ], "texture": "#mlzy" }
			}
		},
		{
			"__comment": "Voxels",
			"from": [ 7.5, 2, 7.75 ],
			"to": [ 8.5, 2.25, 8.25 ],
			"faces": {
				"down": { "uv": [ 9.5, 10.5, 10.5, 11 ], "texture": "#mlzy" },
				"up": { "uv": [ 10.5, 11, 11.5, 10.5 ], "texture": "#mlzy" },
				"north": { "uv": [ 10.5, 9, 9.5, 9.25 ], "texture": "#mlzy" },
				"south": { "uv": [ 10.75, 9.5, 11.75, 9.75 ], "texture": "#mlzy" },
				"west": { "uv": [ 7.5, 8.75, 8, 9 ], "texture": "#mlzy" },
				"east": { "uv": [ 8.5, 8.75, 8, 9 ], "texture": "#mlzy" }
			}
		},
		{
			"__comment": "Voxels",
			"from": [ 7.5, 19, 7.75 ],
			"to": [ 8.5, 20, 8.25 ],
			"faces": {
				"down": { "uv": [ 12, 11, 13, 11.5 ], "texture": "#mlzy" },
				"up": { "uv": [ 10.5, 11.5, 11.5, 11 ], "texture": "#mlzy" },
				"north": { "uv": [ 8, 14.25, 7, 15.25 ], "texture": "#mlzy" },
				"south": { "uv": [ 7, 13.25, 8, 14.25 ], "texture": "#mlzy" },
				"west": { "uv": [ 13.5, 10.5, 14, 11.5 ], "texture": "#mlzy" },
				"east": { "uv": [ 9.5, 10.5, 9, 11.5 ], "texture": "#mlzy" }
			}
		},
		{
			"__comment": "Voxels",
			"from": [ 7.75, -1.25, 7.75 ],
			"to": [ 8.25, -1, 8.25 ],
			"faces": {
				"down": { "uv": [ 5.25, 3.25, 5.75, 3.75 ], "texture": "#mlzy" },
				"up": { "uv": [ 5.75, 5.25, 6.25, 4.75 ], "texture": "#mlzy" },
				"north": { "uv": [ 9.5, 8.75, 9, 9 ], "texture": "#mlzy" },
				"south": { "uv": [ 9.5, 8.75, 10, 9 ], "texture": "#mlzy" },
				"west": { "uv": [ 10.5, 8.75, 11, 9 ], "texture": "#mlzy" },
				"east": { "uv": [ 11.5, 8.75, 11, 9 ], "texture": "#mlzy" }
			}
		},
		{
			"__comment": "Voxels",
			"from": [ 7.75, -1, 7.5 ],
			"to": [ 8.25, 1.5, 7.75 ],
			"faces": {
				"down": { "uv": [ 12.5, 8.75, 13, 9 ], "texture": "#mlzy" },
				"up": { "uv": [ 13, 9, 13.5, 8.75 ], "texture": "#mlzy" },
				"north": { "uv": [ 5, 2, 4.5, 4.5 ], "texture": "#mlzy" },
				"south": { "uv": [ 4, 4.5, 4.5, 7 ], "texture": "#mlzy" },
				"west": { "uv": [ 5, 0.5, 5.25, 3 ], "texture": "#mlzy" },
				"east": { "uv": [ 5.25, 8, 5, 10.5 ], "texture": "#mlzy" }
			}
		},
		{
			"__comment": "Voxels",
			"from": [ 7.75, -1, 8.25 ],
			"to": [ 8.25, 1.5, 8.5 ],
			"faces": {
				"down": { "uv": [ 15.5, 8.75, 16, 9 ], "texture": "#mlzy" },
				"up": { "uv": [ 7, 8.75, 7.5, 8.5 ], "texture": "#mlzy" },
				"north": { "uv": [ 4.5, 2, 4, 4.5 ], "texture": "#mlzy" },
				"south": { "uv": [ 4.5, 4.5, 5, 7 ], "texture": "#mlzy" },
				"west": { "uv": [ 5, 5.5, 5.25, 8 ], "texture": "#mlzy" },
				"east": { "uv": [ 5.25, 3, 5, 5.5 ], "texture": "#mlzy" }
			}
		},
		{
			"__comment": "Voxels",
			"from": [ 7.75, 1.75, 7.25 ],
			"to": [ 8.25, 2, 7.5 ],
			"faces": {
				"down": { "uv": [ 8, 8.5, 8.5, 8.75 ], "texture": "#mlzy" },
				"up": { "uv": [ 8.5, 8.75, 9, 8.5 ], "texture": "#mlzy" },
				"north": { "uv": [ 9.5, 8.5, 9, 8.75 ], "texture": "#mlzy" },
				"south": { "uv": [ 9.5, 8.5, 10, 8.75 ], "texture": "#mlzy" },
				"west": { "uv": [ 6.25, 3.75, 6.5, 4 ], "texture": "#mlzy" },
				"east": { "uv": [ 6.5, 3.25, 6.25, 3.5 ], "texture": "#mlzy" }
			}
		},
		{
			"__comment": "Voxels",
			"from": [ 7.75, 1.75, 8.5 ],
			"to": [ 8.25, 2, 8.75 ],
			"faces": {
				"down": { "uv": [ 6, 12.75, 6.5, 13 ], "texture": "#mlzy" },
				"up": { "uv": [ 6.5, 13, 7, 12.75 ], "texture": "#mlzy" },
				"north": { "uv": [ 5.75, 0, 5.25, 0.25 ], "texture": "#mlzy" },
				"south": { "uv": [ 15.5, 9.25, 16, 9.5 ], "texture": "#mlzy" },
				"west": { "uv": [ 6.25, 0.75, 6.5, 1 ], "texture": "#mlzy" },
				"east": { "uv": [ 6.5, 0.5, 6.25, 0.75 ], "texture": "#mlzy" }
			}
		},
		{
			"__comment": "Voxels",
			"from": [ 7.75, 2, 7.5 ],
			"to": [ 8.25, 2.5, 7.75 ],
			"faces": {
				"down": { "uv": [ 11.25, 9, 11.75, 9.25 ], "texture": "#mlzy" },
				"up": { "uv": [ 11.75, 9.25, 12.25, 9 ], "texture": "#mlzy" },
				"north": { "uv": [ 5.75, 0.75, 5.25, 1.25 ], "texture": "#mlzy" },
				"south": { "uv": [ 5.25, 1.25, 5.75, 1.75 ], "texture": "#mlzy" },
				"west": { "uv": [ 11.75, 14.25, 12, 14.75 ], "texture": "#mlzy" },
				"east": { "uv": [ 5.25, 0, 5, 0.5 ], "texture": "#mlzy" }
			}
		},
		{
			"__comment": "Voxels",
			"from": [ 7.75, 2, 8.25 ],
			"to": [ 8.25, 2.5, 8.5 ],
			"faces": {
				"down": { "uv": [ 12.25, 9, 12.75, 9.25 ], "texture": "#mlzy" },
				"up": { "uv": [ 12.75, 9.25, 13.25, 9 ], "texture": "#mlzy" },
				"north": { "uv": [ 5.75, 3.75, 5.25, 4.25 ], "texture": "#mlzy" },
				"south": { "uv": [ 5.25, 4.75, 5.75, 5.25 ], "texture": "#mlzy" },
				"west": { "uv": [ 11.75, 13.75, 12, 14.25 ], "texture": "#mlzy" },
				"east": { "uv": [ 12, 13.25, 11.75, 13.75 ], "texture": "#mlzy" }
			}
		},
		{
			"__comment": "Voxels",
			"from": [ 7.75, 3.25, 7.75 ],
			"to": [ 8.25, 3.5, 8.25 ],
			"faces": {
				"down": { "uv": [ 5.25, 5.25, 5.75, 5.75 ], "texture": "#mlzy" },
				"up": { "uv": [ 15.5, 13.25, 16, 12.75 ], "texture": "#mlzy" },
				"north": { "uv": [ 13.75, 9, 13.25, 9.25 ], "texture": "#mlzy" },
				"south": { "uv": [ 13.75, 9, 14.25, 9.25 ], "texture": "#mlzy" },
				"west": { "uv": [ 14.25, 9, 14.75, 9.25 ], "texture": "#mlzy" },
				"east": { "uv": [ 15.25, 9, 14.75, 9.25 ], "texture": "#mlzy" }
			}
		},
		{
			"__comment": "Voxels",
			"from": [ 7.75, 20, 7.75 ],
			"to": [ 8.25, 21, 8.25 ],
			"faces": {
				"down": { "uv": [ 6.5, 5, 7, 5.5 ], "texture": "#mlzy" },
				"up": { "uv": [ 6.5, 6, 7, 5.5 ], "texture": "#mlzy" },
				"north": { "uv": [ 5, 0, 4.5, 1 ], "texture": "#mlzy" },
				"south": { "uv": [ 4.5, 1, 5, 2 ], "texture": "#mlzy" },
				"west": { "uv": [ 4, 0, 4.5, 1 ], "texture": "#mlzy" },
				"east": { "uv": [ 4.5, 1, 4, 2 ], "texture": "#mlzy" }
			}
		},
		{
			"__comment": "Voxels",
			"from": [ 8.25, 1.5, 7.75 ],
			"to": [ 8.75, 2, 8.25 ],
			"faces": {
				"down": { "uv": [ 6.5, 8, 7, 8.5 ], "texture": "#mlzy" },
				"up": { "uv": [ 6.5, 9, 7, 8.5 ], "texture": "#mlzy" },
				"north": { "uv": [ 6.25, 4.25, 5.75, 4.75 ], "texture": "#mlzy" },
				"south": { "uv": [ 5.75, 6.25, 6.25, 6.75 ], "texture": "#mlzy" },
				"west": { "uv": [ 5.75, 5.75, 6.25, 6.25 ], "texture": "#mlzy" },
				"east": { "uv": [ 6.25, 5.25, 5.75, 5.75 ], "texture": "#mlzy" }
			}
		},
		{
			"__comment": "Voxels",
			"from": [ 8.25, 2.5, 7.75 ],
			"to": [ 10, 2.75, 8.25 ],
			"faces": {
				"down": { "uv": [ 12, 14.75, 13.75, 15.25 ], "texture": "#mlzy" },
				"up": { "uv": [ 10, 13.25, 11.75, 12.75 ], "texture": "#mlzy" },
				"north": { "uv": [ 15.75, 11, 14, 11.25 ], "texture": "#mlzy" },
				"south": { "uv": [ 5.25, 10.25, 7, 10.5 ], "texture": "#mlzy" },
				"west": { "uv": [ 6.5, 1.75, 7, 2 ], "texture": "#mlzy" },
				"east": { "uv": [ 7, 1.5, 6.5, 1.75 ], "texture": "#mlzy" }
			}
		},
		{
			"__comment": "Voxels",
			"from": [ 8.25, 3.25, 7.5 ],
			"to": [ 8.75, 3.75, 7.75 ],
			"faces": {
				"down": { "uv": [ 6.5, 1.25, 7, 1.5 ], "texture": "#mlzy" },
				"up": { "uv": [ 6.5, 1.25, 7, 1 ], "texture": "#mlzy" },
				"north": { "uv": [ 6.25, 3.75, 5.75, 4.25 ], "texture": "#mlzy" },
				"south": { "uv": [ 5.75, 3.25, 6.25, 3.75 ], "texture": "#mlzy" },
				"west": { "uv": [ 8.75, 10.5, 9, 11 ], "texture": "#mlzy" },
				"east": { "uv": [ 6.5, 4.75, 6.25, 5.25 ], "texture": "#mlzy" }
			}
		},
		{
			"__comment": "Voxels",
			"from": [ 8.25, 3.25, 8.25 ],
			"to": [ 8.75, 3.75, 8.5 ],
			"faces": {
				"down": { "uv": [ 6.5, 0.25, 7, 0.5 ], "texture": "#mlzy" },
				"up": { "uv": [ 6.5, 0.25, 7, 0 ], "texture": "#mlzy" },
				"north": { "uv": [ 6.25, 2.75, 5.75, 3.25 ], "texture": "#mlzy" },
				"south": { "uv": [ 5.75, 2.25, 6.25, 2.75 ], "texture": "#mlzy" },
				"west": { "uv": [ 6.25, 8.25, 6.5, 8.75 ], "texture": "#mlzy" },
				"east": { "uv": [ 6.5, 7.75, 6.25, 8.25 ], "texture": "#mlzy" }
			}
		},
		{
			"__comment": "Voxels",
			"from": [ 8.5, 2.75, 7.75 ],
			"to": [ 10.25, 3.25, 8.25 ],
			"faces": {
				"down": { "uv": [ 10, 13.25, 11.75, 13.75 ], "texture": "#mlzy" },
				"up": { "uv": [ 13.75, 14.25, 15.5, 13.75 ], "texture": "#mlzy" },
				"north": { "uv": [ 11.75, 13.75, 10, 14.25 ], "texture": "#mlzy" },
				"south": { "uv": [ 10, 14.25, 11.75, 14.75 ], "texture": "#mlzy" },
				"west": { "uv": [ 5.75, 0.75, 6.25, 1.25 ], "texture": "#mlzy" },
				"east": { "uv": [ 6.25, 0.25, 5.75, 0.75 ], "texture": "#mlzy" }
			}
		},
		{
			"__comment": "Voxels",
			"from": [ 8.75, 3.25, 7.75 ],
			"to": [ 10.5, 3.5, 8.25 ],
			"faces": {
				"down": { "uv": [ 13.75, 12.75, 15.5, 13.25 ], "texture": "#mlzy" },
				"up": { "uv": [ 13.75, 13.75, 15.5, 13.25 ], "texture": "#mlzy" },
				"north": { "uv": [ 15.75, 11.25, 14, 11.5 ], "texture": "#mlzy" },
				"south": { "uv": [ 7, 10.25, 8.75, 10.5 ], "texture": "#mlzy" },
				"west": { "uv": [ 11.5, 8.75, 12, 9 ], "texture": "#mlzy" },
				"east": { "uv": [ 12.5, 8.75, 12, 9 ], "texture": "#mlzy" }
			}
		},
		{
			"__comment": "Voxels",
			"from": [ 9.5, 2.25, 7.75 ],
			"to": [ 10, 2.5, 8.25 ],
			"faces": {
				"down": { "uv": [ 6.5, 7.5, 7, 8 ], "texture": "#mlzy" },
				"up": { "uv": [ 6.5, 7.5, 7, 7 ], "texture": "#mlzy" },
				"north": { "uv": [ 14, 8.75, 13.5, 9 ], "texture": "#mlzy" },
				"south": { "uv": [ 14, 8.75, 14.5, 9 ], "texture": "#mlzy" },
				"west": { "uv": [ 14.5, 8.75, 15, 9 ], "texture": "#mlzy" },
				"east": { "uv": [ 15.5, 8.75, 15, 9 ], "texture": "#mlzy" }
			}
		},
		{
			"__comment": "Voxels",
			"from": [ 9.75, 3.5, 7.75 ],
			"to": [ 10.5, 4.5, 8.25 ],
			"faces": {
				"down": { "uv": [ 5.75, 9.25, 6.5, 9.75 ], "texture": "#mlzy" },
				"up": { "uv": [ 5.75, 9.25, 6.5, 8.75 ], "texture": "#mlzy" },
				"north": { "uv": [ 5.75, 10.5, 5, 11.5 ], "texture": "#mlzy" },
				"south": { "uv": [ 5.75, 10.5, 6.5, 11.5 ], "texture": "#mlzy" },
				"west": { "uv": [ 11.5, 10.5, 12, 11.5 ], "texture": "#mlzy" },
				"east": { "uv": [ 13.5, 10.5, 13, 11.5 ], "texture": "#mlzy" }
			}
		},
		{
			"__comment": "Voxels",
			"from": [ 10.5, 3.75, 7.75 ],
			"to": [ 10.75, 4.5, 8.25 ],
			"faces": {
				"down": { "uv": [ 6.25, 5.75, 6.5, 6.25 ], "texture": "#mlzy" },
				"up": { "uv": [ 6.25, 5.75, 6.5, 5.25 ], "texture": "#mlzy" },
				"north": { "uv": [ 6.75, 3.25, 6.5, 4 ], "texture": "#mlzy" },
				"south": { "uv": [ 6.75, 3.25, 7, 4 ], "texture": "#mlzy" },
				"west": { "uv": [ 5.25, 7.25, 5.75, 8 ], "texture": "#mlzy" },
				"east": { "uv": [ 5.75, 6.5, 5.25, 7.25 ], "texture": "#mlzy" }
			}
		}
	],
	"display": {
		"thirdperson_righthand": {
			"rotation":  [ 0, 90, 0 ],
			"translation":  [ 0, 9.0434, 1.3913 ],
			"scale":  [ 1.5, 1.5, 1.5 ]
		},
		"thirdperson_lefthand": {
			"rotation":  [ -90, 0, -42 ],
			"translation":  [ -6.956, -7.651, 4.1739 ],
			"scale":  [ 1.5, 1.5, 1.5 ]
		},
		"firstperson_righthand": {
			"rotation":  [ 0, 90, 0 ],
			"translation":  [ 0, 6.2608, 0 ]
		},
		"firstperson_lefthand": {
			"scale":  [ 0.0001, 0.0001, 0.0001 ]
		},
		"gui": {
			"rotation":  [ 0, 0, -45 ]
		},
		"ground": {
			"translation":  [ 0, 6.9565, 0 ]
		},
		"fixed": {
			"rotation":  [ 0, 0, 44 ],
			"translation":  [ 0, 0, -8.347 ]
		}
	}
}