{
	"__comment": "Designed by Ling_Meng with Cubik Studio - https://cubik.studio",
	"textures": {
		"bldjs": "blocks/bldjs"
	},
	"elements": [ 	 
		{
			"__comment": "Voxels",
			"from": [ 7.25, -14, 14.75 ],
			"to": [ 8.75, -12.75, 15.25 ],
			"faces": {
				"down": { "uv": [ 3.875, 12.25, 4.625, 12.5 ], "texture": "#bldjs" },
				"up": { "uv": [ 4.625, 12.5, 5.375, 12.25 ], "texture": "#bldjs" },
				"north": { "uv": [ 13.125, 14.75, 12.375, 15.375 ], "texture": "#bldjs" },
				"south": { "uv": [ 12.375, 15.375, 13.125, 16 ], "texture": "#bldjs" },
				"west": { "uv": [ 9.375, 12.5, 9.625, 13.125 ], "texture": "#bldjs" },
				"east": { "uv": [ 6.625, 12.5, 6.375, 13.125 ], "texture": "#bldjs" }
			}
		},
		{
			"__comment": "Voxels",
			"from": [ 7.25, 17, 14.75 ],
			"to": [ 8.75, 17.25, 15 ],
			"faces": {
				"down": { "uv": [ 14.375, 12, 15.125, 12.125 ], "texture": "#bldjs" },
				"up": { "uv": [ 14.375, 12, 15.125, 11.875 ], "texture": "#bldjs" },
				"north": { "uv": [ 10.625, 11.75, 9.875, 11.875 ], "texture": "#bldjs" },
				"south": { "uv": [ 9.875, 11.625, 10.625, 11.75 ], "texture": "#bldjs" },
				"west": { "uv": [ 3.375, 0, 3.5, 0.125 ], "texture": "#bldjs" },
				"east": { "uv": [ 8.625, 14.375, 8.5, 14.5 ], "texture": "#bldjs" }
			}
		},
		{
			"__comment": "Voxels",
			"from": [ 7.25, 17.25, 14.5 ],
			"to": [ 8.75, 17.5, 14.75 ],
			"faces": {
				"down": { "uv": [ 9.875, 11.5, 10.625, 11.625 ], "texture": "#bldjs" },
				"up": { "uv": [ 9.875, 11.5, 10.625, 11.375 ], "texture": "#bldjs" },
				"north": { "uv": [ 11.375, 11.75, 10.625, 11.875 ], "texture": "#bldjs" },
				"south": { "uv": [ 10.625, 11.625, 11.375, 11.75 ], "texture": "#bldjs" },
				"west": { "uv": [ 5.125, 3, 5.25, 3.125 ], "texture": "#bldjs" },
				"east": { "uv": [ 5.25, 3.125, 5.125, 3.25 ], "texture": "#bldjs" }
			}
		},
		{
			"__comment": "Voxels",
			"from": [ 7.25, 17.75, 15.25 ],
			"to": [ 8.75, 18.25, 15.75 ],
			"faces": {
				"down": { "uv": [ 5.375, 12.25, 6.125, 12.5 ], "texture": "#bldjs" },
				"up": { "uv": [ 6.125, 12.5, 6.875, 12.25 ], "texture": "#bldjs" },
				"north": { "uv": [ 7.625, 12.25, 6.875, 12.5 ], "texture": "#bldjs" },
				"south": { "uv": [ 7.625, 12.25, 8.375, 12.5 ], "texture": "#bldjs" },
				"west": { "uv": [ 4.875, 5.5, 5.125, 5.75 ], "texture": "#bldjs" },
				"east": { "uv": [ 5.125, 5.25, 4.875, 5.5 ], "texture": "#bldjs" }
			}
		},
		{
			"__comment": "Voxels",
			"from": [ 7.5, -15, 14.75 ],
			"to": [ 8.5, -14, 15.25 ],
			"faces": {
				"down": { "uv": [ 9.5, 12.25, 10, 12.5 ], "texture": "#bldjs" },
				"up": { "uv": [ 10, 12.5, 10.5, 12.25 ], "texture": "#bldjs" },
				"north": { "uv": [ 5.375, 14.375, 4.875, 14.875 ], "texture": "#bldjs" },
				"south": { "uv": [ 4.375, 14.375, 4.875, 14.875 ], "texture": "#bldjs" },
				"west": { "uv": [ 4.25, 3.625, 4.5, 4.125 ], "texture": "#bldjs" },
				"east": { "uv": [ 4.5, 3.125, 4.25, 3.625 ], "texture": "#bldjs" }
			}
		},
		{
			"__comment": "Voxels",
			"from": [ 7.5, -14, 14.5 ],
			"to": [ 8.5, -12.75, 14.75 ],
			"faces": {
				"down": { "uv": [ 8.375, 11, 8.875, 11.125 ], "texture": "#bldjs" },
				"up": { "uv": [ 8.875, 11.125, 9.375, 11 ], "texture": "#bldjs" },
				"north": { "uv": [ 11.875, 14.375, 11.375, 15 ], "texture": "#bldjs" },
				"south": { "uv": [ 11.875, 14.375, 12.375, 15 ], "texture": "#bldjs" },
				"west": { "uv": [ 4.625, 0.5, 4.75, 1.125 ], "texture": "#bldjs" },
				"east": { "uv": [ 4.75, 1.125, 4.625, 1.75 ], "texture": "#bldjs" }
			}
		},
		{
			"__comment": "Voxels",
			"from": [ 7.5, -14, 15.25 ],
			"to": [ 8.5, -12.75, 15.5 ],
			"faces": {
				"down": { "uv": [ 9.375, 11, 9.875, 11.125 ], "texture": "#bldjs" },
				"up": { "uv": [ 9.875, 11.125, 10.375, 11 ], "texture": "#bldjs" },
				"north": { "uv": [ 5.875, 13.75, 5.375, 14.375 ], "texture": "#bldjs" },
				"south": { "uv": [ 5.875, 13.75, 6.375, 14.375 ], "texture": "#bldjs" },
				"west": { "uv": [ 4.75, 3.875, 4.875, 4.5 ], "texture": "#bldjs" },
				"east": { "uv": [ 4.75, 2.375, 4.625, 3 ], "texture": "#bldjs" }
			}
		},
		{
			"__comment": "Voxels",
			"from": [ 7.5, -12.75, 14.75 ],
			"to": [ 8.5, -11.5, 15 ],
			"faces": {
				"down": { "uv": [ 10.375, 11, 10.875, 11.125 ], "texture": "#bldjs" },
				"up": { "uv": [ 10.875, 11.125, 11.375, 11 ], "texture": "#bldjs" },
				"north": { "uv": [ 6.375, 13.125, 5.875, 13.75 ], "texture": "#bldjs" },
				"south": { "uv": [ 5.875, 12.5, 6.375, 13.125 ], "texture": "#bldjs" },
				"west": { "uv": [ 4.625, 3, 4.75, 3.625 ], "texture": "#bldjs" },
				"east": { "uv": [ 4.75, 3.625, 4.625, 4.25 ], "texture": "#bldjs" }
			}
		},
		{
			"__comment": "Voxels",
			"from": [ 7.5, -12.75, 15 ],
			"to": [ 8.5, -11.75, 15.25 ],
			"faces": {
				"down": { "uv": [ 15.125, 14.375, 15.625, 14.5 ], "texture": "#bldjs" },
				"up": { "uv": [ 7.375, 12, 7.875, 11.875 ], "texture": "#bldjs" },
				"north": { "uv": [ 4, 14.375, 3.5, 14.875 ], "texture": "#bldjs" },
				"south": { "uv": [ 3, 14.375, 3.5, 14.875 ], "texture": "#bldjs" },
				"west": { "uv": [ 4.25, 14.375, 4.375, 14.875 ], "texture": "#bldjs" },
				"east": { "uv": [ 5.75, 14.375, 5.625, 14.875 ], "texture": "#bldjs" }
			}
		},
		{
			"__comment": "Voxels",
			"from": [ 7.5, -11.25, 15 ],
			"to": [ 8.5, -10.75, 15.25 ],
			"faces": {
				"down": { "uv": [ 8.375, 11.875, 8.875, 12 ], "texture": "#bldjs" },
				"up": { "uv": [ 13.375, 11.75, 13.875, 11.625 ], "texture": "#bldjs" },
				"north": { "uv": [ 13, 12.25, 12.5, 12.5 ], "texture": "#bldjs" },
				"south": { "uv": [ 13, 12.25, 13.5, 12.5 ], "texture": "#bldjs" },
				"west": { "uv": [ 5.125, 6.125, 5.25, 6.375 ], "texture": "#bldjs" },
				"east": { "uv": [ 5.25, 5.875, 5.125, 6.125 ], "texture": "#bldjs" }
			}
		},
		{
			"__comment": "Voxels",
			"from": [ 7.5, -11, 14.75 ],
			"to": [ 8.5, -10.5, 15 ],
			"faces": {
				"down": { "uv": [ 13.375, 11.5, 13.875, 11.625 ], "texture": "#bldjs" },
				"up": { "uv": [ 13.375, 11.5, 13.875, 11.375 ], "texture": "#bldjs" },
				"north": { "uv": [ 14, 12.25, 13.5, 12.5 ], "texture": "#bldjs" },
				"south": { "uv": [ 14, 12.25, 14.5, 12.5 ], "texture": "#bldjs" },
				"west": { "uv": [ 5.125, 5.625, 5.25, 5.875 ], "texture": "#bldjs" },
				"east": { "uv": [ 5.25, 5.375, 5.125, 5.625 ], "texture": "#bldjs" }
			}
		},
		{
			"__comment": "Voxels",
			"from": [ 7.5, -10.25, 15 ],
			"to": [ 8.5, -9.75, 15.25 ],
			"faces": {
				"down": { "uv": [ 14.25, 11.75, 14.75, 11.875 ], "texture": "#bldjs" },
				"up": { "uv": [ 6.875, 11.125, 7.375, 11 ], "texture": "#bldjs" },
				"north": { "uv": [ 15, 12.25, 14.5, 12.5 ], "texture": "#bldjs" },
				"south": { "uv": [ 15, 12.25, 15.5, 12.5 ], "texture": "#bldjs" },
				"west": { "uv": [ 5.125, 5.125, 5.25, 5.375 ], "texture": "#bldjs" },
				"east": { "uv": [ 5.25, 4.875, 5.125, 5.125 ], "texture": "#bldjs" }
			}
		},
		{
			"__comment": "Voxels",
			"from": [ 7.5, -10, 14.75 ],
			"to": [ 8.5, -9.5, 15 ],
			"faces": {
				"down": { "uv": [ 10.625, 11.125, 11.125, 11.25 ], "texture": "#bldjs" },
				"up": { "uv": [ 14.25, 11.75, 14.75, 11.625 ], "texture": "#bldjs" },
				"north": { "uv": [ 16, 12.25, 15.5, 12.5 ], "texture": "#bldjs" },
				"south": { "uv": [ 7.375, 12, 7.875, 12.25 ], "texture": "#bldjs" },
				"west": { "uv": [ 5.125, 4.625, 5.25, 4.875 ], "texture": "#bldjs" },
				"east": { "uv": [ 5.25, 4.375, 5.125, 4.625 ], "texture": "#bldjs" }
			}
		},
		{
			"__comment": "Voxels",
			"from": [ 7.5, 8.5, 14.75 ],
			"to": [ 8.5, 11, 15 ],
			"faces": {
				"down": { "uv": [ 14.25, 11.5, 14.75, 11.625 ], "texture": "#bldjs" },
				"up": { "uv": [ 14.25, 11.5, 14.75, 11.375 ], "texture": "#bldjs" },
				"north": { "uv": [ 9.125, 14.75, 8.625, 16 ], "texture": "#bldjs" },
				"south": { "uv": [ 9.125, 14.75, 9.625, 16 ], "texture": "#bldjs" },
				"west": { "uv": [ 4.125, 10.625, 4.25, 11.875 ], "texture": "#bldjs" },
				"east": { "uv": [ 4.25, 9.375, 4.125, 10.625 ], "texture": "#bldjs" }
			}
		},
		{
			"__comment": "Voxels",
			"from": [ 7.5, 9, 15 ],
			"to": [ 8.5, 10.25, 15.25 ],
			"faces": {
				"down": { "uv": [ 15, 11.75, 15.5, 11.875 ], "texture": "#bldjs" },
				"up": { "uv": [ 15, 11.75, 15.5, 11.625 ], "texture": "#bldjs" },
				"north": { "uv": [ 7.625, 13.75, 7.125, 14.375 ], "texture": "#bldjs" },
				"south": { "uv": [ 7.125, 13.125, 7.625, 13.75 ], "texture": "#bldjs" },
				"west": { "uv": [ 4.75, 6.375, 4.875, 7 ], "texture": "#bldjs" },
				"east": { "uv": [ 4.875, 10.125, 4.75, 10.75 ], "texture": "#bldjs" }
			}
		},
		{
			"__comment": "Voxels",
			"from": [ 7.5, 9.75, 15.25 ],
			"to": [ 8.5, 10, 15.5 ],
			"faces": {
				"down": { "uv": [ 15, 11.5, 15.5, 11.625 ], "texture": "#bldjs" },
				"up": { "uv": [ 15, 11.5, 15.5, 11.375 ], "texture": "#bldjs" },
				"north": { "uv": [ 16, 11.75, 15.5, 11.875 ], "texture": "#bldjs" },
				"south": { "uv": [ 15.5, 11.625, 16, 11.75 ], "texture": "#bldjs" },
				"west": { "uv": [ 5.125, 3.75, 5.25, 3.875 ], "texture": "#bldjs" },
				"east": { "uv": [ 16, 10.875, 15.875, 11 ], "texture": "#bldjs" }
			}
		},
		{
			"__comment": "Voxels",
			"from": [ 7.5, 10.25, 14.5 ],
			"to": [ 8.5, 13.5, 14.75 ],
			"faces": {
				"down": { "uv": [ 15.5, 11.5, 16, 11.625 ], "texture": "#bldjs" },
				"up": { "uv": [ 15.5, 11.5, 16, 11.375 ], "texture": "#bldjs" },
				"north": { "uv": [ 7.75, 14.375, 7.25, 16 ], "texture": "#bldjs" },
				"south": { "uv": [ 5.75, 14.375, 6.25, 16 ], "texture": "#bldjs" },
				"west": { "uv": [ 3.75, 10.875, 3.875, 12.5 ], "texture": "#bldjs" },
				"east": { "uv": [ 3.5, 0.125, 3.375, 1.75 ], "texture": "#bldjs" }
			}
		},
		{
			"__comment": "Voxels",
			"from": [ 7.5, 11.25, 14.25 ],
			"to": [ 8.5, 12.5, 14.5 ],
			"faces": {
				"down": { "uv": [ 5.125, 11.125, 5.625, 11.25 ], "texture": "#bldjs" },
				"up": { "uv": [ 7.875, 12, 8.375, 11.875 ], "texture": "#bldjs" },
				"north": { "uv": [ 7.625, 12.5, 7.125, 13.125 ], "texture": "#bldjs" },
				"south": { "uv": [ 8.625, 13.75, 9.125, 14.375 ], "texture": "#bldjs" },
				"west": { "uv": [ 4.75, 9.5, 4.875, 10.125 ], "texture": "#bldjs" },
				"east": { "uv": [ 4.875, 10.75, 4.75, 11.375 ], "texture": "#bldjs" }
			}
		},
		{
			"__comment": "Voxels",
			"from": [ 7.5, 11.75, 14.75 ],
			"to": [ 8.5, 14.25, 15 ],
			"faces": {
				"down": { "uv": [ 5.625, 11.25, 6.125, 11.375 ], "texture": "#bldjs" },
				"up": { "uv": [ 6.125, 11.25, 6.625, 11.125 ], "texture": "#bldjs" },
				"north": { "uv": [ 10.125, 14.75, 9.625, 16 ], "texture": "#bldjs" },
				"south": { "uv": [ 10.125, 14.75, 10.625, 16 ], "texture": "#bldjs" },
				"west": { "uv": [ 3.875, 0.125, 4, 1.375 ], "texture": "#bldjs" },
				"east": { "uv": [ 4.125, 0.125, 4, 1.375 ], "texture": "#bldjs" }
			}
		},
		{
			"__comment": "Voxels",
			"from": [ 7.5, 12.75, 15 ],
			"to": [ 8.5, 16, 15.25 ],
			"faces": {
				"down": { "uv": [ 6.625, 11.25, 7.125, 11.375 ], "texture": "#bldjs" },
				"up": { "uv": [ 8.375, 11.375, 8.875, 11.25 ], "texture": "#bldjs" },
				"north": { "uv": [ 6.75, 14.375, 6.25, 16 ], "texture": "#bldjs" },
				"south": { "uv": [ 6.75, 14.375, 7.25, 16 ], "texture": "#bldjs" },
				"west": { "uv": [ 3.625, 4.75, 3.75, 6.375 ], "texture": "#bldjs" },
				"east": { "uv": [ 3.75, 3.125, 3.625, 4.75 ], "texture": "#bldjs" }
			}
		},
		{
			"__comment": "Voxels",
			"from": [ 7.5, 13.5, 15.25 ],
			"to": [ 8.5, 14.25, 15.5 ],
			"faces": {
				"down": { "uv": [ 7.875, 11, 8.375, 11.125 ], "texture": "#bldjs" },
				"up": { "uv": [ 7.375, 11.125, 7.875, 11 ], "texture": "#bldjs" },
				"north": { "uv": [ 9.125, 14.375, 8.625, 14.75 ], "texture": "#bldjs" },
				"south": { "uv": [ 9.125, 14.375, 9.625, 14.75 ], "texture": "#bldjs" },
				"west": { "uv": [ 5, 0.875, 5.125, 1.25 ], "texture": "#bldjs" },
				"east": { "uv": [ 5, 0.875, 4.875, 1.25 ], "texture": "#bldjs" }
			}
		},
		{
			"__comment": "Voxels",
			"from": [ 7.5, 16, 14.5 ],
			"to": [ 8.5, 17.25, 14.75 ],
			"faces": {
				"down": { "uv": [ 6.375, 11, 6.875, 11.125 ], "texture": "#bldjs" },
				"up": { "uv": [ 5.875, 11.125, 6.375, 11 ], "texture": "#bldjs" },
				"north": { "uv": [ 9.125, 13.125, 8.625, 13.75 ], "texture": "#bldjs" },
				"south": { "uv": [ 8.625, 12.5, 9.125, 13.125 ], "texture": "#bldjs" },
				"west": { "uv": [ 4.625, 5.5, 4.75, 6.125 ], "texture": "#bldjs" },
				"east": { "uv": [ 4.75, 4.875, 4.625, 5.5 ], "texture": "#bldjs" }
			}
		},
		{
			"__comment": "Voxels",
			"from": [ 7.5, 16, 15.25 ],
			"to": [ 8.5, 16.75, 15.5 ],
			"faces": {
				"down": { "uv": [ 5.375, 11, 5.875, 11.125 ], "texture": "#bldjs" },
				"up": { "uv": [ 4.875, 11.125, 5.375, 11 ], "texture": "#bldjs" },
				"north": { "uv": [ 10.125, 14.375, 9.625, 14.75 ], "texture": "#bldjs" },
				"south": { "uv": [ 10.125, 14.375, 10.625, 14.75 ], "texture": "#bldjs" },
				"west": { "uv": [ 4.875, 2.75, 5, 3.125 ], "texture": "#bldjs" },
				"east": { "uv": [ 5.125, 3.125, 5, 3.5 ], "texture": "#bldjs" }
			}
		},
		{
			"__comment": "Voxels",
			"from": [ 7.5, 16.25, 14.75 ],
			"to": [ 8.5, 17, 15 ],
			"faces": {
				"down": { "uv": [ 14.625, 11.125, 15.125, 11.25 ], "texture": "#bldjs" },
				"up": { "uv": [ 14.625, 11.375, 15.125, 11.25 ], "texture": "#bldjs" },
				"north": { "uv": [ 1.75, 1.25, 1.25, 1.625 ], "texture": "#bldjs" },
				"south": { "uv": [ 15.375, 13, 15.875, 13.375 ], "texture": "#bldjs" },
				"west": { "uv": [ 15.875, 11.875, 16, 12.25 ], "texture": "#bldjs" },
				"east": { "uv": [ 16, 12.625, 15.875, 13 ], "texture": "#bldjs" }
			}
		},
		{
			"__comment": "Voxels",
			"from": [ 7.5, 16.75, 15 ],
			"to": [ 8.5, 18.25, 15.25 ],
			"faces": {
				"down": { "uv": [ 14.125, 11.125, 14.625, 11.25 ], "texture": "#bldjs" },
				"up": { "uv": [ 14.125, 11.375, 14.625, 11.25 ], "texture": "#bldjs" },
				"north": { "uv": [ 15.625, 15.25, 15.125, 16 ], "texture": "#bldjs" },
				"south": { "uv": [ 15.125, 14.5, 15.625, 15.25 ], "texture": "#bldjs" },
				"west": { "uv": [ 4.625, 9.875, 4.75, 10.625 ], "texture": "#bldjs" },
				"east": { "uv": [ 4.75, 10.625, 4.625, 11.375 ], "texture": "#bldjs" }
			}
		},
		{
			"__comment": "Voxels",
			"from": [ 7.5, 17.25, 14.25 ],
			"to": [ 8.5, 17.75, 14.5 ],
			"faces": {
				"down": { "uv": [ 12.625, 11.125, 13.125, 11.25 ], "texture": "#bldjs" },
				"up": { "uv": [ 12.625, 11.375, 13.125, 11.25 ], "texture": "#bldjs" },
				"north": { "uv": [ 8.875, 12, 8.375, 12.25 ], "texture": "#bldjs" },
				"south": { "uv": [ 7.875, 12, 8.375, 12.25 ], "texture": "#bldjs" },
				"west": { "uv": [ 5.125, 4.125, 5.25, 4.375 ], "texture": "#bldjs" },
				"east": { "uv": [ 5.25, 3.875, 5.125, 4.125 ], "texture": "#bldjs" }
			}
		},
		{
			"__comment": "Voxels",
			"from": [ 7.5, 17.25, 14.75 ],
			"to": [ 8.5, 18, 15 ],
			"faces": {
				"down": { "uv": [ 10.625, 11.25, 11.125, 11.375 ], "texture": "#bldjs" },
				"up": { "uv": [ 8.375, 11.25, 8.875, 11.125 ], "texture": "#bldjs" },
				"north": { "uv": [ 15.875, 12.625, 15.375, 13 ], "texture": "#bldjs" },
				"south": { "uv": [ 3.875, 11.875, 4.375, 12.25 ], "texture": "#bldjs" },
				"west": { "uv": [ 5, 2.375, 5.125, 2.75 ], "texture": "#bldjs" },
				"east": { "uv": [ 5, 2.375, 4.875, 2.75 ], "texture": "#bldjs" }
			}
		},
		{
			"__comment": "Voxels",
			"from": [ 7.5, 17.25, 15.25 ],
			"to": [ 8.5, 17.75, 15.75 ],
			"faces": {
				"down": { "uv": [ 10.5, 12.25, 11, 12.5 ], "texture": "#bldjs" },
				"up": { "uv": [ 11, 12.5, 11.5, 12.25 ], "texture": "#bldjs" },
				"north": { "uv": [ 12, 12.25, 11.5, 12.5 ], "texture": "#bldjs" },
				"south": { "uv": [ 12, 12.25, 12.5, 12.5 ], "texture": "#bldjs" },
				"west": { "uv": [ 4.875, 9.75, 5.125, 10 ], "texture": "#bldjs" },
				"east": { "uv": [ 8.375, 11.125, 8.125, 11.375 ], "texture": "#bldjs" }
			}
		},
		{
			"__comment": "Voxels",
			"from": [ 7.5, 17.5, 14.5 ],
			"to": [ 8.5, 17.75, 14.75 ],
			"faces": {
				"down": { "uv": [ 7.625, 11.125, 8.125, 11.25 ], "texture": "#bldjs" },
				"up": { "uv": [ 7.625, 11.375, 8.125, 11.25 ], "texture": "#bldjs" },
				"north": { "uv": [ 7.625, 11.125, 7.125, 11.25 ], "texture": "#bldjs" },
				"south": { "uv": [ 7.125, 11.25, 7.625, 11.375 ], "texture": "#bldjs" },
				"west": { "uv": [ 5.125, 2.25, 5.25, 2.375 ], "texture": "#bldjs" },
				"east": { "uv": [ 5.25, 2.375, 5.125, 2.5 ], "texture": "#bldjs" }
			}
		},
		{
			"__comment": "Voxels",
			"from": [ 7.5, 17.5, 15.75 ],
			"to": [ 8.5, 18.25, 16 ],
			"faces": {
				"down": { "uv": [ 6.625, 11.125, 7.125, 11.25 ], "texture": "#bldjs" },
				"up": { "uv": [ 6.125, 11.375, 6.625, 11.25 ], "texture": "#bldjs" },
				"north": { "uv": [ 4.875, 11.875, 4.375, 12.25 ], "texture": "#bldjs" },
				"south": { "uv": [ 4.875, 11.875, 5.375, 12.25 ], "texture": "#bldjs" },
				"west": { "uv": [ 5, 2.75, 5.125, 3.125 ], "texture": "#bldjs" },
				"east": { "uv": [ 5, 3.125, 4.875, 3.5 ], "texture": "#bldjs" }
			}
		},
		{
			"__comment": "Voxels",
			"from": [ 7.5, 18, 16 ],
			"to": [ 8.5, 18.25, 16.75 ],
			"faces": {
				"down": { "uv": [ 5.375, 11.875, 5.875, 12.25 ], "texture": "#bldjs" },
				"up": { "uv": [ 5.875, 12.25, 6.375, 11.875 ], "texture": "#bldjs" },
				"north": { "uv": [ 6.125, 11.125, 5.625, 11.25 ], "texture": "#bldjs" },
				"south": { "uv": [ 5.125, 11.25, 5.625, 11.375 ], "texture": "#bldjs" },
				"west": { "uv": [ 2.25, 0, 2.625, 0.125 ], "texture": "#bldjs" },
				"east": { "uv": [ 1.75, 0.375, 1.375, 0.5 ], "texture": "#bldjs" }
			}
		},
		{
			"__comment": "Voxels",
			"from": [ 7.5, 18.25, 15.25 ],
			"to": [ 7.75, 18.5, 15.75 ],
			"faces": {
				"down": { "uv": [ 2.125, 3.875, 2.25, 4.125 ], "texture": "#bldjs" },
				"up": { "uv": [ 2.125, 1.875, 2.25, 1.625 ], "texture": "#bldjs" },
				"north": { "uv": [ 14, 11.5, 13.875, 11.625 ], "texture": "#bldjs" },
				"south": { "uv": [ 13.875, 11.625, 14, 11.75 ], "texture": "#bldjs" },
				"west": { "uv": [ 0.5, 0, 0.75, 0.125 ], "texture": "#bldjs" },
				"east": { "uv": [ 14.625, 14.375, 14.375, 14.5 ], "texture": "#bldjs" }
			}
		},
		{
			"__comment": "Voxels",
			"from": [ 7.75, -16, 14.75 ],
			"to": [ 8.25, -15, 15.25 ],
			"faces": {
				"down": { "uv": [ 14.75, 11.375, 15, 11.625 ], "texture": "#bldjs" },
				"up": { "uv": [ 14.75, 11.875, 15, 11.625 ], "texture": "#bldjs" },
				"north": { "uv": [ 6.375, 11.375, 6.125, 11.875 ], "texture": "#bldjs" },
				"south": { "uv": [ 5.375, 14.375, 5.625, 14.875 ], "texture": "#bldjs" },
				"west": { "uv": [ 4.125, 12.5, 4.375, 13 ], "texture": "#bldjs" },
				"east": { "uv": [ 5.375, 11.375, 5.125, 11.875 ], "texture": "#bldjs" }
			}
		},
		{
			"__comment": "Voxels",
			"from": [ 7.75, -15, 14.5 ],
			"to": [ 8.25, -14, 14.75 ],
			"faces": {
				"down": { "uv": [ 1.75, 0, 2, 0.125 ], "texture": "#bldjs" },
				"up": { "uv": [ 2, 0.125, 2.25, 0 ], "texture": "#bldjs" },
				"north": { "uv": [ 5.125, 12.5, 4.875, 13 ], "texture": "#bldjs" },
				"south": { "uv": [ 6.875, 11.375, 7.125, 11.875 ], "texture": "#bldjs" },
				"west": { "uv": [ 14.125, 11.375, 14.25, 11.875 ], "texture": "#bldjs" },
				"east": { "uv": [ 14.125, 11.375, 14, 11.875 ], "texture": "#bldjs" }
			}
		},
		{
			"__comment": "Voxels",
			"from": [ 7.75, -15, 15.25 ],
			"to": [ 8.25, -14, 15.5 ],
			"faces": {
				"down": { "uv": [ 3.875, 0, 4.125, 0.125 ], "texture": "#bldjs" },
				"up": { "uv": [ 4.25, 0.125, 4.5, 0 ], "texture": "#bldjs" },
				"north": { "uv": [ 4.25, 14.375, 4, 14.875 ], "texture": "#bldjs" },
				"south": { "uv": [ 4.25, 0.625, 4.5, 1.125 ], "texture": "#bldjs" },
				"west": { "uv": [ 4.875, 3.5, 5, 4 ], "texture": "#bldjs" },
				"east": { "uv": [ 4.875, 0.25, 4.75, 0.75 ], "texture": "#bldjs" }
			}
		},
		{
			"__comment": "Voxels",
			"from": [ 7.75, -14, 14.25 ],
			"to": [ 8.25, -12.75, 14.5 ],
			"faces": {
				"down": { "uv": [ 9.125, 11.375, 9.375, 11.5 ], "texture": "#bldjs" },
				"up": { "uv": [ 9.375, 11.5, 9.625, 11.375 ], "texture": "#bldjs" },
				"north": { "uv": [ 4.5, 11.25, 4.25, 11.875 ], "texture": "#bldjs" },
				"south": { "uv": [ 4.25, 10.625, 4.5, 11.25 ], "texture": "#bldjs" },
				"west": { "uv": [ 4.75, 5.125, 4.875, 5.75 ], "texture": "#bldjs" },
				"east": { "uv": [ 4.875, 7, 4.75, 7.625 ], "texture": "#bldjs" }
			}
		},
		{
			"__comment": "Voxels",
			"from": [ 7.75, -14, 15.5 ],
			"to": [ 8.25, -12.75, 15.75 ],
			"faces": {
				"down": { "uv": [ 12.125, 11.375, 12.375, 11.5 ], "texture": "#bldjs" },
				"up": { "uv": [ 12.375, 11.5, 12.625, 11.375 ], "texture": "#bldjs" },
				"north": { "uv": [ 4.5, 7.5, 4.25, 8.125 ], "texture": "#bldjs" },
				"south": { "uv": [ 9.625, 12.5, 9.875, 13.125 ], "texture": "#bldjs" },
				"west": { "uv": [ 4.75, 4.5, 4.875, 5.125 ], "texture": "#bldjs" },
				"east": { "uv": [ 4.875, 8.25, 4.75, 8.875 ], "texture": "#bldjs" }
			}
		},
		{
			"__comment": "Voxels",
			"from": [ 7.75, -12.75, 14.5 ],
			"to": [ 8.25, -11.25, 14.75 ],
			"faces": {
				"down": { "uv": [ 12.625, 11.375, 12.875, 11.5 ], "texture": "#bldjs" },
				"up": { "uv": [ 12.875, 11.5, 13.125, 11.375 ], "texture": "#bldjs" },
				"north": { "uv": [ 11.875, 12.5, 11.625, 13.25 ], "texture": "#bldjs" },
				"south": { "uv": [ 11.875, 12.5, 12.125, 13.25 ], "texture": "#bldjs" },
				"west": { "uv": [ 4.5, 0.75, 4.625, 1.5 ], "texture": "#bldjs" },
				"east": { "uv": [ 3.875, 0, 3.75, 0.75 ], "texture": "#bldjs" }
			}
		},
		{
			"__comment": "Voxels",
			"from": [ 7.75, -12.75, 15.25 ],
			"to": [ 8.25, -12, 15.5 ],
			"faces": {
				"down": { "uv": [ 4.875, 0.75, 5.125, 0.875 ], "texture": "#bldjs" },
				"up": { "uv": [ 4.875, 0.75, 5.125, 0.625 ], "texture": "#bldjs" },
				"north": { "uv": [ 12.375, 11.5, 12.125, 11.875 ], "texture": "#bldjs" },
				"south": { "uv": [ 11.875, 11.5, 12.125, 11.875 ], "texture": "#bldjs" },
				"west": { "uv": [ 13, 14.375, 13.125, 14.75 ], "texture": "#bldjs" },
				"east": { "uv": [ 5, 1.25, 4.875, 1.625 ], "texture": "#bldjs" }
			}
		},
		{
			"__comment": "Voxels",
			"from": [ 7.75, -11.75, 15 ],
			"to": [ 8.25, -11.25, 15.25 ],
			"faces": {
				"down": { "uv": [ 4.875, 0.5, 5.125, 0.625 ], "texture": "#bldjs" },
				"up": { "uv": [ 4.875, 0.5, 5.125, 0.375 ], "texture": "#bldjs" },
				"north": { "uv": [ 5.125, 8.75, 4.875, 9 ], "texture": "#bldjs" },
				"south": { "uv": [ 4.875, 9.5, 5.125, 9.75 ], "texture": "#bldjs" },
				"west": { "uv": [ 4.875, 0.125, 5, 0.375 ], "texture": "#bldjs" },
				"east": { "uv": [ 5.125, 0.125, 5, 0.375 ], "texture": "#bldjs" }
			}
		},
		{
			"__comment": "Voxels",
			"from": [ 7.75, -11.5, 14.75 ],
			"to": [ 8.25, -11, 15 ],
			"faces": {
				"down": { "uv": [ 4.875, 0, 5.125, 0.125 ], "texture": "#bldjs" },
				"up": { "uv": [ 5.125, 11, 5.375, 10.875 ], "texture": "#bldjs" },
				"north": { "uv": [ 5.125, 10, 4.875, 10.25 ], "texture": "#bldjs" },
				"south": { "uv": [ 4.875, 10.75, 5.125, 11 ], "texture": "#bldjs" },
				"west": { "uv": [ 5.125, 10.625, 5.25, 10.875 ], "texture": "#bldjs" },
				"east": { "uv": [ 5.25, 10.375, 5.125, 10.625 ], "texture": "#bldjs" }
			}
		},
		{
			"__comment": "Voxels",
			"from": [ 7.75, -11.25, 15.25 ],
			"to": [ 8.25, -10.75, 15.5 ],
			"faces": {
				"down": { "uv": [ 5.375, 10.875, 5.625, 11 ], "texture": "#bldjs" },
				"up": { "uv": [ 5.625, 11, 5.875, 10.875 ], "texture": "#bldjs" },
				"north": { "uv": [ 15.875, 11.125, 15.625, 11.375 ], "texture": "#bldjs" },
				"south": { "uv": [ 13.875, 11.125, 14.125, 11.375 ], "texture": "#bldjs" },
				"west": { "uv": [ 5.125, 10.125, 5.25, 10.375 ], "texture": "#bldjs" },
				"east": { "uv": [ 5.25, 9.875, 5.125, 10.125 ], "texture": "#bldjs" }
			}
		},
		{
			"__comment": "Voxels",
			"from": [ 7.75, -10.75, 14.5 ],
			"to": [ 8.25, -10.25, 14.75 ],
			"faces": {
				"down": { "uv": [ 5.875, 10.875, 6.125, 11 ], "texture": "#bldjs" },
				"up": { "uv": [ 6.125, 11, 6.375, 10.875 ], "texture": "#bldjs" },
				"north": { "uv": [ 13.875, 11.125, 13.625, 11.375 ], "texture": "#bldjs" },
				"south": { "uv": [ 13.375, 11.125, 13.625, 11.375 ], "texture": "#bldjs" },
				"west": { "uv": [ 5.125, 9.625, 5.25, 9.875 ], "texture": "#bldjs" },
				"east": { "uv": [ 5.25, 9.375, 5.125, 9.625 ], "texture": "#bldjs" }
			}
		},
		{
			"__comment": "Voxels",
			"from": [ 7.75, -10.75, 15 ],
			"to": [ 8.25, -10.25, 15.25 ],
			"faces": {
				"down": { "uv": [ 6.375, 10.875, 6.625, 11 ], "texture": "#bldjs" },
				"up": { "uv": [ 6.625, 11, 6.875, 10.875 ], "texture": "#bldjs" },
				"north": { "uv": [ 12.375, 11.125, 12.125, 11.375 ], "texture": "#bldjs" },
				"south": { "uv": [ 11.875, 11.125, 12.125, 11.375 ], "texture": "#bldjs" },
				"west": { "uv": [ 5.125, 9.125, 5.25, 9.375 ], "texture": "#bldjs" },
				"east": { "uv": [ 5.25, 8.875, 5.125, 9.125 ], "texture": "#bldjs" }
			}
		},
		{
			"__comment": "Voxels",
			"from": [ 7.75, -10.5, 14.75 ],
			"to": [ 8.25, -10, 15 ],
			"faces": {
				"down": { "uv": [ 6.875, 10.875, 7.125, 11 ], "texture": "#bldjs" },
				"up": { "uv": [ 7.125, 11, 7.375, 10.875 ], "texture": "#bldjs" },
				"north": { "uv": [ 10.375, 11.125, 10.125, 11.375 ], "texture": "#bldjs" },
				"south": { "uv": [ 9.875, 11.125, 10.125, 11.375 ], "texture": "#bldjs" },
				"west": { "uv": [ 5.125, 8.625, 5.25, 8.875 ], "texture": "#bldjs" },
				"east": { "uv": [ 5.25, 8.375, 5.125, 8.625 ], "texture": "#bldjs" }
			}
		},
		{
			"__comment": "Voxels",
			"from": [ 7.75, -10.5, 15.25 ],
			"to": [ 8.25, -10, 15.5 ],
			"faces": {
				"down": { "uv": [ 7.875, 10.875, 8.125, 11 ], "texture": "#bldjs" },
				"up": { "uv": [ 8.125, 11, 8.375, 10.875 ], "texture": "#bldjs" },
				"north": { "uv": [ 9.375, 11.125, 9.125, 11.375 ], "texture": "#bldjs" },
				"south": { "uv": [ 8.875, 11.125, 9.125, 11.375 ], "texture": "#bldjs" },
				"west": { "uv": [ 5.125, 8.125, 5.25, 8.375 ], "texture": "#bldjs" },
				"east": { "uv": [ 5.25, 7.875, 5.125, 8.125 ], "texture": "#bldjs" }
			}
		},
		{
			"__comment": "Voxels",
			"from": [ 7.75, -9.75, 14.5 ],
			"to": [ 8.25, -9.25, 14.75 ],
			"faces": {
				"down": { "uv": [ 8.375, 10.875, 8.625, 11 ], "texture": "#bldjs" },
				"up": { "uv": [ 9.125, 11, 9.375, 10.875 ], "texture": "#bldjs" },
				"north": { "uv": [ 5.125, 11.125, 4.875, 11.375 ], "texture": "#bldjs" },
				"south": { "uv": [ 4.875, 4, 5.125, 4.25 ], "texture": "#bldjs" },
				"west": { "uv": [ 5.125, 7.625, 5.25, 7.875 ], "texture": "#bldjs" },
				"east": { "uv": [ 5.25, 7.375, 5.125, 7.625 ], "texture": "#bldjs" }
			}
		},
		{
			"__comment": "Voxels",
			"from": [ 7.75, -9.75, 15 ],
			"to": [ 8.25, 9, 15.25 ],
			"faces": {
				"down": { "uv": [ 9.375, 10.875, 9.625, 11 ], "texture": "#bldjs" },
				"up": { "uv": [ 9.625, 11, 9.875, 10.875 ], "texture": "#bldjs" },
				"north": { "uv": [ 0.25, 6.625, 0, 16 ], "texture": "#bldjs" },
				"south": { "uv": [ 0.25, 6.625, 0.5, 16 ], "texture": "#bldjs" },
				"west": { "uv": [ 1, 1.25, 1.125, 10.625 ], "texture": "#bldjs" },
				"east": { "uv": [ 1.25, 1.25, 1.125, 10.625 ], "texture": "#bldjs" }
			}
		},
		{
			"__comment": "Voxels",
			"from": [ 7.75, -9.5, 14.75 ],
			"to": [ 8.25, 8.5, 15 ],
			"faces": {
				"down": { "uv": [ 9.875, 10.875, 10.125, 11 ], "texture": "#bldjs" },
				"up": { "uv": [ 10.125, 11, 10.375, 10.875 ], "texture": "#bldjs" },
				"north": { "uv": [ 0.75, 7, 0.5, 16 ], "texture": "#bldjs" },
				"south": { "uv": [ 0.75, 7, 1, 16 ], "texture": "#bldjs" },
				"west": { "uv": [ 1.375, 1.625, 1.5, 10.625 ], "texture": "#bldjs" },
				"east": { "uv": [ 1.375, 1.625, 1.25, 10.625 ], "texture": "#bldjs" }
			}
		},
		{
			"__comment": "Voxels",
			"from": [ 7.75, 8, 14.5 ],
			"to": [ 8.25, 10.25, 14.75 ],
			"faces": {
				"down": { "uv": [ 10.375, 10.875, 10.625, 11 ], "texture": "#bldjs" },
				"up": { "uv": [ 10.625, 11, 10.875, 10.875 ], "texture": "#bldjs" },
				"north": { "uv": [ 10.625, 13.25, 10.375, 14.375 ], "texture": "#bldjs" },
				"south": { "uv": [ 10.625, 13.25, 10.875, 14.375 ], "texture": "#bldjs" },
				"west": { "uv": [ 4.125, 1, 4.25, 2.125 ], "texture": "#bldjs" },
				"east": { "uv": [ 4.375, 5.75, 4.25, 6.875 ], "texture": "#bldjs" }
			}
		},
		{
			"__comment": "Voxels",
			"from": [ 7.75, 8, 15.25 ],
			"to": [ 8.25, 9.75, 15.5 ],
			"faces": {
				"down": { "uv": [ 11.375, 10.875, 11.625, 11 ], "texture": "#bldjs" },
				"up": { "uv": [ 11.625, 11, 11.875, 10.875 ], "texture": "#bldjs" },
				"north": { "uv": [ 15.125, 12.5, 14.875, 13.375 ], "texture": "#bldjs" },
				"south": { "uv": [ 2.625, 0, 2.875, 0.875 ], "texture": "#bldjs" },
				"west": { "uv": [ 4.5, 3.25, 4.625, 4.125 ], "texture": "#bldjs" },
				"east": { "uv": [ 4.625, 4.125, 4.5, 5 ], "texture": "#bldjs" }
			}
		},
		{
			"__comment": "Voxels",
			"from": [ 7.75, 9.25, 15.5 ],
			"to": [ 8.25, 10.25, 15.75 ],
			"faces": {
				"down": { "uv": [ 11.875, 10.875, 12.125, 11 ], "texture": "#bldjs" },
				"up": { "uv": [ 12.125, 11, 12.375, 10.875 ], "texture": "#bldjs" },
				"north": { "uv": [ 7.375, 11.375, 7.125, 11.875 ], "texture": "#bldjs" },
				"south": { "uv": [ 8.375, 11.375, 8.625, 11.875 ], "texture": "#bldjs" },
				"west": { "uv": [ 4.75, 0.75, 4.875, 1.25 ], "texture": "#bldjs" },
				"east": { "uv": [ 4.75, 0, 4.625, 0.5 ], "texture": "#bldjs" }
			}
		},
		{
			"__comment": "Voxels",
			"from": [ 7.75, 9.5, 14.25 ],
			"to": [ 8.25, 11.25, 14.5 ],
			"faces": {
				"down": { "uv": [ 12.875, 10.875, 13.125, 11 ], "texture": "#bldjs" },
				"up": { "uv": [ 13.125, 11, 13.375, 10.875 ], "texture": "#bldjs" },
				"north": { "uv": [ 14.875, 12.5, 14.625, 13.375 ], "texture": "#bldjs" },
				"south": { "uv": [ 12.625, 12.5, 12.875, 13.375 ], "texture": "#bldjs" },
				"west": { "uv": [ 4.5, 1.5, 4.625, 2.375 ], "texture": "#bldjs" },
				"east": { "uv": [ 4.625, 5, 4.5, 5.875 ], "texture": "#bldjs" }
			}
		},
		{
			"__comment": "Voxels",
			"from": [ 7.75, 10, 15.25 ],
			"to": [ 8.25, 10.75, 15.5 ],
			"faces": {
				"down": { "uv": [ 13.375, 10.875, 13.625, 11 ], "texture": "#bldjs" },
				"up": { "uv": [ 13.625, 11, 13.875, 10.875 ], "texture": "#bldjs" },
				"north": { "uv": [ 15.625, 11.875, 15.375, 12.25 ], "texture": "#bldjs" },
				"south": { "uv": [ 15.125, 11.875, 15.375, 12.25 ], "texture": "#bldjs" },
				"west": { "uv": [ 1.625, 0, 1.75, 0.375 ], "texture": "#bldjs" },
				"east": { "uv": [ 5.125, 1.25, 5, 1.625 ], "texture": "#bldjs" }
			}
		},
		{
			"__comment": "Voxels",
			"from": [ 7.75, 10.25, 15 ],
			"to": [ 8.25, 12.75, 15.25 ],
			"faces": {
				"down": { "uv": [ 14.375, 10.875, 14.625, 11 ], "texture": "#bldjs" },
				"up": { "uv": [ 14.625, 11, 14.875, 10.875 ], "texture": "#bldjs" },
				"north": { "uv": [ 10.125, 13.125, 9.875, 14.375 ], "texture": "#bldjs" },
				"south": { "uv": [ 10.125, 13.125, 10.375, 14.375 ], "texture": "#bldjs" },
				"west": { "uv": [ 4.125, 5.625, 4.25, 6.875 ], "texture": "#bldjs" },
				"east": { "uv": [ 4.25, 4.375, 4.125, 5.625 ], "texture": "#bldjs" }
			}
		},
		{
			"__comment": "Voxels",
			"from": [ 7.75, 10.5, 14 ],
			"to": [ 8.25, 14.25, 14.25 ],
			"faces": {
				"down": { "uv": [ 14.875, 10.875, 15.125, 11 ], "texture": "#bldjs" },
				"up": { "uv": [ 15.125, 11, 15.375, 10.875 ], "texture": "#bldjs" },
				"north": { "uv": [ 3.125, 0, 2.875, 1.875 ], "texture": "#bldjs" },
				"south": { "uv": [ 3.125, 6.5, 3.375, 8.375 ], "texture": "#bldjs" },
				"west": { "uv": [ 2.5, 2, 2.625, 3.875 ], "texture": "#bldjs" },
				"east": { "uv": [ 2.625, 4.25, 2.5, 6.125 ], "texture": "#bldjs" }
			}
		},
		{
			"__comment": "Voxels",
			"from": [ 7.75, 11, 14.75 ],
			"to": [ 8.25, 11.75, 15 ],
			"faces": {
				"down": { "uv": [ 5.75, 10.75, 6, 10.875 ], "texture": "#bldjs" },
				"up": { "uv": [ 6, 10.875, 6.25, 10.75 ], "texture": "#bldjs" },
				"north": { "uv": [ 9.125, 11.875, 8.875, 12.25 ], "texture": "#bldjs" },
				"south": { "uv": [ 12.375, 11.5, 12.625, 11.875 ], "texture": "#bldjs" },
				"west": { "uv": [ 15.875, 13, 16, 13.375 ], "texture": "#bldjs" },
				"east": { "uv": [ 5.125, 3.625, 5, 4 ], "texture": "#bldjs" }
			}
		},
		{
			"__comment": "Voxels",
			"from": [ 7.75, 11.25, 13.75 ],
			"to": [ 8.25, 13.25, 14 ],
			"faces": {
				"down": { "uv": [ 6.25, 10.75, 6.5, 10.875 ], "texture": "#bldjs" },
				"up": { "uv": [ 6.5, 10.875, 6.75, 10.75 ], "texture": "#bldjs" },
				"north": { "uv": [ 14.125, 13.375, 13.875, 14.375 ], "texture": "#bldjs" },
				"south": { "uv": [ 13.625, 13.375, 13.875, 14.375 ], "texture": "#bldjs" },
				"west": { "uv": [ 4.5, 10.875, 4.625, 11.875 ], "texture": "#bldjs" },
				"east": { "uv": [ 4.25, 0, 4.125, 1 ], "texture": "#bldjs" }
			}
		},
		{
			"__comment": "Voxels",
			"from": [ 7.75, 12.25, 15.25 ],
			"to": [ 8.25, 13.5, 15.5 ],
			"faces": {
				"down": { "uv": [ 6.75, 10.75, 7, 10.875 ], "texture": "#bldjs" },
				"up": { "uv": [ 7, 10.875, 7.25, 10.75 ], "texture": "#bldjs" },
				"north": { "uv": [ 9.375, 12.5, 9.125, 13.125 ], "texture": "#bldjs" },
				"south": { "uv": [ 7.625, 12.5, 7.875, 13.125 ], "texture": "#bldjs" },
				"west": { "uv": [ 4.75, 3.25, 4.875, 3.875 ], "texture": "#bldjs" },
				"east": { "uv": [ 4.75, 4.25, 4.625, 4.875 ], "texture": "#bldjs" }
			}
		},
		{
			"__comment": "Voxels",
			"from": [ 7.75, 12.5, 14.25 ],
			"to": [ 8.25, 15, 14.5 ],
			"faces": {
				"down": { "uv": [ 7.25, 10.75, 7.5, 10.875 ], "texture": "#bldjs" },
				"up": { "uv": [ 9, 10.875, 9.25, 10.75 ], "texture": "#bldjs" },
				"north": { "uv": [ 7.875, 13.125, 7.625, 14.375 ], "texture": "#bldjs" },
				"south": { "uv": [ 8.375, 13.125, 8.625, 14.375 ], "texture": "#bldjs" },
				"west": { "uv": [ 3.875, 2.625, 4, 3.875 ], "texture": "#bldjs" },
				"east": { "uv": [ 4.125, 2.625, 4, 3.875 ], "texture": "#bldjs" }
			}
		},
		{
			"__comment": "Voxels",
			"from": [ 7.75, 13, 15.5 ],
			"to": [ 8.25, 15, 15.75 ],
			"faces": {
				"down": { "uv": [ 9.25, 10.75, 9.5, 10.875 ], "texture": "#bldjs" },
				"up": { "uv": [ 9.5, 10.875, 9.75, 10.75 ], "texture": "#bldjs" },
				"north": { "uv": [ 14.375, 13.375, 14.125, 14.375 ], "texture": "#bldjs" },
				"south": { "uv": [ 14.875, 13.375, 15.125, 14.375 ], "texture": "#bldjs" },
				"west": { "uv": [ 4.375, 4.75, 4.5, 5.75 ], "texture": "#bldjs" },
				"east": { "uv": [ 4.625, 6.875, 4.5, 7.875 ], "texture": "#bldjs" }
			}
		},
		{
			"__comment": "Voxels",
			"from": [ 7.75, 13.5, 14.5 ],
			"to": [ 8.25, 16, 14.75 ],
			"faces": {
				"down": { "uv": [ 10.75, 10.75, 11, 10.875 ], "texture": "#bldjs" },
				"up": { "uv": [ 11, 10.875, 11.25, 10.75 ], "texture": "#bldjs" },
				"north": { "uv": [ 9.875, 13.125, 9.625, 14.375 ], "texture": "#bldjs" },
				"south": { "uv": [ 5.375, 12.5, 5.625, 13.75 ], "texture": "#bldjs" },
				"west": { "uv": [ 3.875, 3.875, 4, 5.125 ], "texture": "#bldjs" },
				"east": { "uv": [ 4.125, 3.875, 4, 5.125 ], "texture": "#bldjs" }
			}
		},
		{
			"__comment": "Voxels",
			"from": [ 7.75, 13.5, 15.75 ],
			"to": [ 8.25, 14.25, 16 ],
			"faces": {
				"down": { "uv": [ 11.25, 10.75, 11.5, 10.875 ], "texture": "#bldjs" },
				"up": { "uv": [ 11.5, 10.875, 11.75, 10.75 ], "texture": "#bldjs" },
				"north": { "uv": [ 10.625, 11.875, 10.375, 12.25 ], "texture": "#bldjs" },
				"south": { "uv": [ 10.125, 11.875, 10.375, 12.25 ], "texture": "#bldjs" },
				"west": { "uv": [ 2.5, 1.625, 2.625, 2 ], "texture": "#bldjs" },
				"east": { "uv": [ 2.625, 3.875, 2.5, 4.25 ], "texture": "#bldjs" }
			}
		},
		{
			"__comment": "Voxels",
			"from": [ 7.75, 14.25, 14.75 ],
			"to": [ 8.25, 16.25, 15 ],
			"faces": {
				"down": { "uv": [ 13.75, 10.75, 14, 10.875 ], "texture": "#bldjs" },
				"up": { "uv": [ 14.25, 10.875, 14.5, 10.75 ], "texture": "#bldjs" },
				"north": { "uv": [ 12.875, 13.375, 12.625, 14.375 ], "texture": "#bldjs" },
				"south": { "uv": [ 14.625, 13.375, 14.875, 14.375 ], "texture": "#bldjs" },
				"west": { "uv": [ 4.5, 9.875, 4.625, 10.875 ], "texture": "#bldjs" },
				"east": { "uv": [ 4.625, 8.875, 4.5, 9.875 ], "texture": "#bldjs" }
			}
		},
		{
			"__comment": "Voxels",
			"from": [ 7.75, 14.25, 15.25 ],
			"to": [ 8.25, 16, 15.5 ],
			"faces": {
				"down": { "uv": [ 14.5, 10.75, 14.75, 10.875 ], "texture": "#bldjs" },
				"up": { "uv": [ 14.75, 10.875, 15, 10.75 ], "texture": "#bldjs" },
				"north": { "uv": [ 13.125, 12.5, 12.875, 13.375 ], "texture": "#bldjs" },
				"south": { "uv": [ 13.125, 12.5, 13.375, 13.375 ], "texture": "#bldjs" },
				"west": { "uv": [ 4.5, 2.375, 4.625, 3.25 ], "texture": "#bldjs" },
				"east": { "uv": [ 16, 13.5, 15.875, 14.375 ], "texture": "#bldjs" }
			}
		},
		{
			"__comment": "Voxels",
			"from": [ 7.75, 15.5, 22.5 ],
			"to": [ 8.25, 16.5, 22.75 ],
			"faces": {
				"down": { "uv": [ 15, 10.75, 15.25, 10.875 ], "texture": "#bldjs" },
				"up": { "uv": [ 15.25, 10.875, 15.5, 10.75 ], "texture": "#bldjs" },
				"north": { "uv": [ 6.125, 11.375, 5.875, 11.875 ], "texture": "#bldjs" },
				"south": { "uv": [ 5.625, 11.375, 5.875, 11.875 ], "texture": "#bldjs" },
				"west": { "uv": [ 4.75, 1.25, 4.875, 1.75 ], "texture": "#bldjs" },
				"east": { "uv": [ 4.875, 1.75, 4.75, 2.25 ], "texture": "#bldjs" }
			}
		},
		{
			"__comment": "Voxels",
			"from": [ 7.75, 15.75, 15.5 ],
			"to": [ 8.25, 17.25, 15.75 ],
			"faces": {
				"down": { "uv": [ 15.5, 10.75, 15.75, 10.875 ], "texture": "#bldjs" },
				"up": { "uv": [ 15.75, 10.875, 16, 10.75 ], "texture": "#bldjs" },
				"north": { "uv": [ 12.375, 12.5, 12.125, 13.25 ], "texture": "#bldjs" },
				"south": { "uv": [ 12.375, 12.5, 12.625, 13.25 ], "texture": "#bldjs" },
				"west": { "uv": [ 4.625, 7.625, 4.75, 8.375 ], "texture": "#bldjs" },
				"east": { "uv": [ 4.75, 9.125, 4.625, 9.875 ], "texture": "#bldjs" }
			}
		},
		{
			"__comment": "Voxels",
			"from": [ 7.75, 15.75, 22 ],
			"to": [ 8.25, 18, 22.25 ],
			"faces": {
				"down": { "uv": [ 6.75, 10.625, 7, 10.75 ], "texture": "#bldjs" },
				"up": { "uv": [ 7, 10.75, 7.25, 10.625 ], "texture": "#bldjs" },
				"north": { "uv": [ 11.625, 13.25, 11.375, 14.375 ], "texture": "#bldjs" },
				"south": { "uv": [ 10.875, 13.25, 11.125, 14.375 ], "texture": "#bldjs" },
				"west": { "uv": [ 4.125, 3.25, 4.25, 4.375 ], "texture": "#bldjs" },
				"east": { "uv": [ 4.375, 4.625, 4.25, 5.75 ], "texture": "#bldjs" }
			}
		},
		{
			"__comment": "Voxels",
			"from": [ 7.75, 15.75, 22.25 ],
			"to": [ 8.25, 17.25, 22.5 ],
			"faces": {
				"down": { "uv": [ 7.25, 10.625, 7.5, 10.75 ], "texture": "#bldjs" },
				"up": { "uv": [ 7.5, 10.75, 7.75, 10.625 ], "texture": "#bldjs" },
				"north": { "uv": [ 4.125, 10.375, 3.875, 11.125 ], "texture": "#bldjs" },
				"south": { "uv": [ 3.875, 9.625, 4.125, 10.375 ], "texture": "#bldjs" },
				"west": { "uv": [ 4.5, 0, 4.625, 0.75 ], "texture": "#bldjs" },
				"east": { "uv": [ 4.75, 8.375, 4.625, 9.125 ], "texture": "#bldjs" }
			}
		},
		{
			"__comment": "Voxels",
			"from": [ 7.75, 16, 15 ],
			"to": [ 8.25, 16.75, 15.25 ],
			"faces": {
				"down": { "uv": [ 7.75, 10.625, 8, 10.75 ], "texture": "#bldjs" },
				"up": { "uv": [ 8, 10.75, 8.25, 10.625 ], "texture": "#bldjs" },
				"north": { "uv": [ 13.125, 11.875, 12.875, 12.25 ], "texture": "#bldjs" },
				"south": { "uv": [ 13.125, 11.875, 13.375, 12.25 ], "texture": "#bldjs" },
				"west": { "uv": [ 4.875, 1.625, 5, 2 ], "texture": "#bldjs" },
				"east": { "uv": [ 5.125, 1.625, 5, 2 ], "texture": "#bldjs" }
			}
		},
		{
			"__comment": "Voxels",
			"from": [ 7.75, 16, 21.75 ],
			"to": [ 8.25, 18.5, 22 ],
			"faces": {
				"down": { "uv": [ 12.25, 10.625, 12.5, 10.75 ], "texture": "#bldjs" },
				"up": { "uv": [ 12.5, 10.75, 12.75, 10.625 ], "texture": "#bldjs" },
				"north": { "uv": [ 8.375, 13.125, 8.125, 14.375 ], "texture": "#bldjs" },
				"south": { "uv": [ 7.875, 13.125, 8.125, 14.375 ], "texture": "#bldjs" },
				"west": { "uv": [ 4, 1.375, 4.125, 2.625 ], "texture": "#bldjs" },
				"east": { "uv": [ 4, 1.375, 3.875, 2.625 ], "texture": "#bldjs" }
			}
		},
		{
			"__comment": "Voxels",
			"from": [ 7.75, 16.25, 21.5 ],
			"to": [ 8.25, 19, 21.75 ],
			"faces": {
				"down": { "uv": [ 13.25, 10.625, 13.5, 10.75 ], "texture": "#bldjs" },
				"up": { "uv": [ 13.5, 10.75, 13.75, 10.625 ], "texture": "#bldjs" },
				"north": { "uv": [ 4.875, 13, 4.625, 14.375 ], "texture": "#bldjs" },
				"south": { "uv": [ 4.875, 13, 5.125, 14.375 ], "texture": "#bldjs" },
				"west": { "uv": [ 3.75, 2.125, 3.875, 3.5 ], "texture": "#bldjs" },
				"east": { "uv": [ 3.875, 0.75, 3.75, 2.125 ], "texture": "#bldjs" }
			}
		},
		{
			"__comment": "Voxels",
			"from": [ 7.75, 16.5, 14.25 ],
			"to": [ 8.25, 17.25, 14.5 ],
			"faces": {
				"down": { "uv": [ 5.5, 10.5, 5.75, 10.625 ], "texture": "#bldjs" },
				"up": { "uv": [ 5.75, 10.625, 6, 10.5 ], "texture": "#bldjs" },
				"north": { "uv": [ 9.875, 11.5, 9.625, 11.875 ], "texture": "#bldjs" },
				"south": { "uv": [ 9.375, 11.5, 9.625, 11.875 ], "texture": "#bldjs" },
				"west": { "uv": [ 5, 2, 5.125, 2.375 ], "texture": "#bldjs" },
				"east": { "uv": [ 5, 2, 4.875, 2.375 ], "texture": "#bldjs" }
			}
		},
		{
			"__comment": "Voxels",
			"from": [ 7.75, 16.5, 15.75 ],
			"to": [ 8.25, 17.5, 16 ],
			"faces": {
				"down": { "uv": [ 8, 10.5, 8.25, 10.625 ], "texture": "#bldjs" },
				"up": { "uv": [ 8.25, 10.625, 8.5, 10.5 ], "texture": "#bldjs" },
				"north": { "uv": [ 4.5, 4.125, 4.25, 4.625 ], "texture": "#bldjs" },
				"south": { "uv": [ 5.125, 12.5, 5.375, 13 ], "texture": "#bldjs" },
				"west": { "uv": [ 4.75, 2.75, 4.875, 3.25 ], "texture": "#bldjs" },
				"east": { "uv": [ 4.875, 2.25, 4.75, 2.75 ], "texture": "#bldjs" }
			}
		},
		{
			"__comment": "Voxels",
			"from": [ 7.75, 16.5, 21 ],
			"to": [ 8.25, 19.5, 21.25 ],
			"faces": {
				"down": { "uv": [ 9.5, 10.5, 9.75, 10.625 ], "texture": "#bldjs" },
				"up": { "uv": [ 9.75, 10.625, 10, 10.5 ], "texture": "#bldjs" },
				"north": { "uv": [ 4.125, 12.875, 3.875, 14.375 ], "texture": "#bldjs" },
				"south": { "uv": [ 3.625, 12.875, 3.875, 14.375 ], "texture": "#bldjs" },
				"west": { "uv": [ 2.5, 0.125, 2.625, 1.625 ], "texture": "#bldjs" },
				"east": { "uv": [ 3.75, 0, 3.625, 1.5 ], "texture": "#bldjs" }
			}
		},
		{
			"__comment": "Voxels",
			"from": [ 7.75, 16.5, 21.25 ],
			"to": [ 8.25, 19.25, 21.5 ],
			"faces": {
				"down": { "uv": [ 14.625, 14.375, 14.875, 14.5 ], "texture": "#bldjs" },
				"up": { "uv": [ 14.875, 14.5, 15.125, 14.375 ], "texture": "#bldjs" },
				"north": { "uv": [ 0.5, 0, 0.25, 1.375 ], "texture": "#bldjs" },
				"south": { "uv": [ 4.125, 13, 4.375, 14.375 ], "texture": "#bldjs" },
				"west": { "uv": [ 3.75, 4.875, 3.875, 6.25 ], "texture": "#bldjs" },
				"east": { "uv": [ 3.875, 3.5, 3.75, 4.875 ], "texture": "#bldjs" }
			}
		},
		{
			"__comment": "Voxels",
			"from": [ 7.75, 16.75, 15.25 ],
			"to": [ 8.25, 17.25, 15.5 ],
			"faces": {
				"down": { "uv": [ 8.625, 11.375, 8.875, 11.5 ], "texture": "#bldjs" },
				"up": { "uv": [ 8.875, 11.5, 9.125, 11.375 ], "texture": "#bldjs" },
				"north": { "uv": [ 9.625, 11.125, 9.375, 11.375 ], "texture": "#bldjs" },
				"south": { "uv": [ 9.625, 11.125, 9.875, 11.375 ], "texture": "#bldjs" },
				"west": { "uv": [ 4.75, 0, 4.875, 0.25 ], "texture": "#bldjs" },
				"east": { "uv": [ 16, 11.125, 15.875, 11.375 ], "texture": "#bldjs" }
			}
		},
		{
			"__comment": "Voxels",
			"from": [ 7.75, 16.75, 20.5 ],
			"to": [ 8.25, 20, 20.75 ],
			"faces": {
				"down": { "uv": [ 11.625, 11.375, 11.875, 11.5 ], "texture": "#bldjs" },
				"up": { "uv": [ 11.875, 11.5, 12.125, 11.375 ], "texture": "#bldjs" },
				"north": { "uv": [ 13.625, 14.375, 13.375, 16 ], "texture": "#bldjs" },
				"south": { "uv": [ 0.5, 0.125, 0.75, 1.75 ], "texture": "#bldjs" },
				"west": { "uv": [ 3.75, 9.25, 3.875, 10.875 ], "texture": "#bldjs" },
				"east": { "uv": [ 3.75, 1.5, 3.625, 3.125 ], "texture": "#bldjs" }
			}
		},
		{
			"__comment": "Voxels",
			"from": [ 7.75, 16.75, 20.75 ],
			"to": [ 8.25, 19.75, 21 ],
			"faces": {
				"down": { "uv": [ 15.5, 11, 15.75, 11.125 ], "texture": "#bldjs" },
				"up": { "uv": [ 15.75, 11.125, 16, 11 ], "texture": "#bldjs" },
				"north": { "uv": [ 2, 0.125, 1.75, 1.625 ], "texture": "#bldjs" },
				"south": { "uv": [ 14.625, 14.5, 14.875, 16 ], "texture": "#bldjs" },
				"west": { "uv": [ 3.75, 7.75, 3.875, 9.25 ], "texture": "#bldjs" },
				"east": { "uv": [ 3.875, 6.25, 3.75, 7.75 ], "texture": "#bldjs" }
			}
		},
		{
			"__comment": "Voxels",
			"from": [ 7.75, 17, 16 ],
			"to": [ 8.25, 18, 16.5 ],
			"faces": {
				"down": { "uv": [ 10.375, 11.125, 10.625, 11.375 ], "texture": "#bldjs" },
				"up": { "uv": [ 11.125, 11.375, 11.375, 11.125 ], "texture": "#bldjs" },
				"north": { "uv": [ 4.5, 0.125, 4.25, 0.625 ], "texture": "#bldjs" },
				"south": { "uv": [ 4.625, 11.375, 4.875, 11.875 ], "texture": "#bldjs" },
				"west": { "uv": [ 6.375, 11.375, 6.625, 11.875 ], "texture": "#bldjs" },
				"east": { "uv": [ 6.875, 11.375, 6.625, 11.875 ], "texture": "#bldjs" }
			}
		},
		{
			"__comment": "Voxels",
			"from": [ 7.75, 17, 20 ],
			"to": [ 8.25, 20, 20.5 ],
			"faces": {
				"down": { "uv": [ 11.375, 11.125, 11.625, 11.375 ], "texture": "#bldjs" },
				"up": { "uv": [ 11.625, 11.375, 11.875, 11.125 ], "texture": "#bldjs" },
				"north": { "uv": [ 2.25, 0.125, 2, 1.625 ], "texture": "#bldjs" },
				"south": { "uv": [ 2.25, 0.125, 2.5, 1.625 ], "texture": "#bldjs" },
				"west": { "uv": [ 14.375, 14.5, 14.625, 16 ], "texture": "#bldjs" },
				"east": { "uv": [ 15.125, 14.5, 14.875, 16 ], "texture": "#bldjs" }
			}
		},
		{
			"__comment": "Voxels",
			"from": [ 7.75, 17.25, 16.5 ],
			"to": [ 8.25, 18, 17.75 ],
			"faces": {
				"down": { "uv": [ 9.875, 12.5, 10.125, 13.125 ], "texture": "#bldjs" },
				"up": { "uv": [ 10.125, 13.125, 10.375, 12.5 ], "texture": "#bldjs" },
				"north": { "uv": [ 3.875, 12.5, 3.625, 12.875 ], "texture": "#bldjs" },
				"south": { "uv": [ 3.875, 12.5, 4.125, 12.875 ], "texture": "#bldjs" },
				"west": { "uv": [ 1, 0, 1.625, 0.375 ], "texture": "#bldjs" },
				"east": { "uv": [ 13, 14.375, 12.375, 14.75 ], "texture": "#bldjs" }
			}
		},
		{
			"__comment": "Voxels",
			"from": [ 7.75, 17.25, 19.5 ],
			"to": [ 8.25, 19.75, 20 ],
			"faces": {
				"down": { "uv": [ 12.375, 11.125, 12.625, 11.375 ], "texture": "#bldjs" },
				"up": { "uv": [ 13.125, 11.375, 13.375, 11.125 ], "texture": "#bldjs" },
				"north": { "uv": [ 7.125, 13.125, 6.875, 14.375 ], "texture": "#bldjs" },
				"south": { "uv": [ 6.625, 13.125, 6.875, 14.375 ], "texture": "#bldjs" },
				"west": { "uv": [ 6.375, 13.125, 6.625, 14.375 ], "texture": "#bldjs" },
				"east": { "uv": [ 5.875, 12.5, 5.625, 13.75 ], "texture": "#bldjs" }
			}
		},
		{
			"__comment": "Voxels",
			"from": [ 7.75, 17.5, 17.75 ],
			"to": [ 8.25, 19, 19.5 ],
			"faces": {
				"down": { "uv": [ 14.375, 12.5, 14.625, 13.375 ], "texture": "#bldjs" },
				"up": { "uv": [ 3.125, 0.875, 3.375, 0 ], "texture": "#bldjs" },
				"north": { "uv": [ 4.125, 8.875, 3.875, 9.625 ], "texture": "#bldjs" },
				"south": { "uv": [ 3.875, 8.125, 4.125, 8.875 ], "texture": "#bldjs" },
				"west": { "uv": [ 7.75, 14.5, 8.625, 15.25 ], "texture": "#bldjs" },
				"east": { "uv": [ 8.625, 15.25, 7.75, 16 ], "texture": "#bldjs" }
			}
		},
		{
			"__comment": "Voxels",
			"from": [ 7.75, 17.75, -0.5 ],
			"to": [ 8.25, 18.5, 0 ],
			"faces": {
				"down": { "uv": [ 15.125, 11.125, 15.375, 11.375 ], "texture": "#bldjs" },
				"up": { "uv": [ 15.375, 11.375, 15.625, 11.125 ], "texture": "#bldjs" },
				"north": { "uv": [ 9.375, 11.875, 9.125, 12.25 ], "texture": "#bldjs" },
				"south": { "uv": [ 9.375, 11.875, 9.625, 12.25 ], "texture": "#bldjs" },
				"west": { "uv": [ 9.625, 11.875, 9.875, 12.25 ], "texture": "#bldjs" },
				"east": { "uv": [ 10.125, 11.875, 9.875, 12.25 ], "texture": "#bldjs" }
			}
		},
		{
			"__comment": "Voxels",
			"from": [ 7.75, 17.75, 14.5 ],
			"to": [ 8.25, 23.25, 14.75 ],
			"faces": {
				"down": { "uv": [ 10.875, 10.875, 11.125, 11 ], "texture": "#bldjs" },
				"up": { "uv": [ 11.125, 11, 11.375, 10.875 ], "texture": "#bldjs" },
				"north": { "uv": [ 0.25, 3.875, 0, 6.625 ], "texture": "#bldjs" },
				"south": { "uv": [ 0, 1.125, 0.25, 3.875 ], "texture": "#bldjs" },
				"west": { "uv": [ 3.375, 7, 3.5, 9.75 ], "texture": "#bldjs" },
				"east": { "uv": [ 3.5, 9.75, 3.375, 12.5 ], "texture": "#bldjs" }
			}
		},
		{
			"__comment": "Voxels",
			"from": [ 7.75, 18, 0 ],
			"to": [ 8.25, 19.25, 0.25 ],
			"faces": {
				"down": { "uv": [ 12.375, 10.875, 12.625, 11 ], "texture": "#bldjs" },
				"up": { "uv": [ 12.625, 11, 12.875, 10.875 ], "texture": "#bldjs" },
				"north": { "uv": [ 4.5, 10, 4.25, 10.625 ], "texture": "#bldjs" },
				"south": { "uv": [ 4.25, 9.375, 4.5, 10 ], "texture": "#bldjs" },
				"west": { "uv": [ 4.625, 1.75, 4.75, 2.375 ], "texture": "#bldjs" },
				"east": { "uv": [ 4.875, 7.625, 4.75, 8.25 ], "texture": "#bldjs" }
			}
		},
		{
			"__comment": "Voxels",
			"from": [ 7.75, 18, 14.25 ],
			"to": [ 8.25, 23.25, 14.5 ],
			"faces": {
				"down": { "uv": [ 13.875, 10.875, 14.125, 11 ], "texture": "#bldjs" },
				"up": { "uv": [ 14.125, 11, 14.375, 10.875 ], "texture": "#bldjs" },
				"north": { "uv": [ 0.5, 4, 0.25, 6.625 ], "texture": "#bldjs" },
				"south": { "uv": [ 0.25, 1.375, 0.5, 4 ], "texture": "#bldjs" },
				"west": { "uv": [ 3.5, 7.25, 3.625, 9.875 ], "texture": "#bldjs" },
				"east": { "uv": [ 3.625, 9.875, 3.5, 12.5 ], "texture": "#bldjs" }
			}
		},
		{
			"__comment": "Voxels",
			"from": [ 7.75, 18, 14.75 ],
			"to": [ 8.25, 23.25, 15 ],
			"faces": {
				"down": { "uv": [ 15.375, 10.875, 15.625, 11 ], "texture": "#bldjs" },
				"up": { "uv": [ 5.5, 10.875, 5.75, 10.75 ], "texture": "#bldjs" },
				"north": { "uv": [ 0.75, 4.375, 0.5, 7 ], "texture": "#bldjs" },
				"south": { "uv": [ 0.5, 1.75, 0.75, 4.375 ], "texture": "#bldjs" },
				"west": { "uv": [ 3.375, 1.75, 3.5, 4.375 ], "texture": "#bldjs" },
				"east": { "uv": [ 3.5, 4.375, 3.375, 7 ], "texture": "#bldjs" }
			}
		},
		{
			"__comment": "Voxels",
			"from": [ 7.75, 18, 16.75 ],
			"to": [ 8.25, 18.75, 17.75 ],
			"faces": {
				"down": { "uv": [ 4.25, 2.625, 4.5, 3.125 ], "texture": "#bldjs" },
				"up": { "uv": [ 4.25, 2.625, 4.5, 2.125 ], "texture": "#bldjs" },
				"north": { "uv": [ 11.375, 11.875, 11.125, 12.25 ], "texture": "#bldjs" },
				"south": { "uv": [ 12.625, 11.5, 12.875, 11.875 ], "texture": "#bldjs" },
				"west": { "uv": [ 6.375, 11.875, 6.875, 12.25 ], "texture": "#bldjs" },
				"east": { "uv": [ 7.375, 11.875, 6.875, 12.25 ], "texture": "#bldjs" }
			}
		},
		{
			"__comment": "Voxels",
			"from": [ 7.75, 18.25, 0.25 ],
			"to": [ 8.25, 19.5, 0.5 ],
			"faces": {
				"down": { "uv": [ 9.75, 10.75, 10, 10.875 ], "texture": "#bldjs" },
				"up": { "uv": [ 10.5, 10.875, 10.75, 10.75 ], "texture": "#bldjs" },
				"north": { "uv": [ 6.875, 12.5, 6.625, 13.125 ], "texture": "#bldjs" },
				"south": { "uv": [ 6.875, 12.5, 7.125, 13.125 ], "texture": "#bldjs" },
				"west": { "uv": [ 4.75, 5.75, 4.875, 6.375 ], "texture": "#bldjs" },
				"east": { "uv": [ 4.875, 8.875, 4.75, 9.5 ], "texture": "#bldjs" }
			}
		},
		{
			"__comment": "Voxels",
			"from": [ 7.75, 18.25, 15 ],
			"to": [ 8.25, 23, 15.25 ],
			"faces": {
				"down": { "uv": [ 11.75, 10.75, 12, 10.875 ], "texture": "#bldjs" },
				"up": { "uv": [ 13.5, 10.875, 13.75, 10.75 ], "texture": "#bldjs" },
				"north": { "uv": [ 1, 4.625, 0.75, 7 ], "texture": "#bldjs" },
				"south": { "uv": [ 0.75, 2.25, 1, 4.625 ], "texture": "#bldjs" },
				"west": { "uv": [ 3.625, 10.125, 3.75, 12.5 ], "texture": "#bldjs" },
				"east": { "uv": [ 3.625, 0.125, 3.5, 2.5 ], "texture": "#bldjs" }
			}
		},
		{
			"__comment": "Voxels",
			"from": [ 7.75, 18.25, 15.5 ],
			"to": [ 8.5, 18.5, 15.75 ],
			"faces": {
				"down": { "uv": [ 14.375, 11, 14.75, 11.125 ], "texture": "#bldjs" },
				"up": { "uv": [ 13.625, 11.125, 14, 11 ], "texture": "#bldjs" },
				"north": { "uv": [ 14.375, 11, 14, 11.125 ], "texture": "#bldjs" },
				"south": { "uv": [ 13.25, 11, 13.625, 11.125 ], "texture": "#bldjs" },
				"west": { "uv": [ 5.125, 2.625, 5.25, 2.75 ], "texture": "#bldjs" },
				"east": { "uv": [ 5.25, 2.5, 5.125, 2.625 ], "texture": "#bldjs" }
			}
		},
		{
			"__comment": "Voxels",
			"from": [ 7.75, 18.25, 15.75 ],
			"to": [ 8.25, 22.75, 16.25 ],
			"faces": {
				"down": { "uv": [ 4.875, 8.5, 5.125, 8.75 ], "texture": "#bldjs" },
				"up": { "uv": [ 4.875, 8.5, 5.125, 8.25 ], "texture": "#bldjs" },
				"north": { "uv": [ 2.875, 7.625, 2.625, 9.875 ], "texture": "#bldjs" },
				"south": { "uv": [ 2.625, 9.875, 2.875, 12.125 ], "texture": "#bldjs" },
				"west": { "uv": [ 0.75, 0, 1, 2.25 ], "texture": "#bldjs" },
				"east": { "uv": [ 2.875, 12.125, 2.625, 14.375 ], "texture": "#bldjs" }
			}
		},
		{
			"__comment": "Voxels",
			"from": [ 7.75, 18.25, 16.5 ],
			"to": [ 8.25, 18.5, 16.75 ],
			"faces": {
				"down": { "uv": [ 9.25, 10.625, 9.5, 10.75 ], "texture": "#bldjs" },
				"up": { "uv": [ 9.5, 10.75, 9.75, 10.625 ], "texture": "#bldjs" },
				"north": { "uv": [ 10, 10.625, 9.75, 10.75 ], "texture": "#bldjs" },
				"south": { "uv": [ 10, 10.625, 10.25, 10.75 ], "texture": "#bldjs" },
				"west": { "uv": [ 5.125, 2.875, 5.25, 3 ], "texture": "#bldjs" },
				"east": { "uv": [ 5.25, 2.75, 5.125, 2.875 ], "texture": "#bldjs" }
			}
		},
		{
			"__comment": "Voxels",
			"from": [ 7.75, 18.5, -0.25 ],
			"to": [ 8.25, 19, 0 ],
			"faces": {
				"down": { "uv": [ 10.25, 10.625, 10.5, 10.75 ], "texture": "#bldjs" },
				"up": { "uv": [ 10.5, 10.75, 10.75, 10.625 ], "texture": "#bldjs" },
				"north": { "uv": [ 5.125, 7, 4.875, 7.25 ], "texture": "#bldjs" },
				"south": { "uv": [ 4.875, 6.75, 5.125, 7 ], "texture": "#bldjs" },
				"west": { "uv": [ 5.125, 6.625, 5.25, 6.875 ], "texture": "#bldjs" },
				"east": { "uv": [ 5.25, 6.375, 5.125, 6.625 ], "texture": "#bldjs" }
			}
		},
		{
			"__comment": "Voxels",
			"from": [ 7.75, 18.5, 0.5 ],
			"to": [ 8.25, 19.75, 1 ],
			"faces": {
				"down": { "uv": [ 4.875, 6.5, 5.125, 6.75 ], "texture": "#bldjs" },
				"up": { "uv": [ 4.875, 6.5, 5.125, 6.25 ], "texture": "#bldjs" },
				"north": { "uv": [ 4.5, 8.125, 4.25, 8.75 ], "texture": "#bldjs" },
				"south": { "uv": [ 4.25, 8.75, 4.5, 9.375 ], "texture": "#bldjs" },
				"west": { "uv": [ 4.25, 6.875, 4.5, 7.5 ], "texture": "#bldjs" },
				"east": { "uv": [ 8.125, 12.5, 7.875, 13.125 ], "texture": "#bldjs" }
			}
		},
		{
			"__comment": "Voxels",
			"from": [ 7.75, 18.5, 14 ],
			"to": [ 8.25, 23.25, 14.25 ],
			"faces": {
				"down": { "uv": [ 6, 10.5, 6.25, 10.625 ], "texture": "#bldjs" },
				"up": { "uv": [ 6.25, 10.625, 6.5, 10.5 ], "texture": "#bldjs" },
				"north": { "uv": [ 1.75, 5.875, 1.5, 8.25 ], "texture": "#bldjs" },
				"south": { "uv": [ 1.5, 8.25, 1.75, 10.625 ], "texture": "#bldjs" },
				"west": { "uv": [ 3.5, 4.875, 3.625, 7.25 ], "texture": "#bldjs" },
				"east": { "uv": [ 3.625, 2.5, 3.5, 4.875 ], "texture": "#bldjs" }
			}
		},
		{
			"__comment": "Voxels",
			"from": [ 7.75, 18.5, 15.25 ],
			"to": [ 8.25, 23, 15.75 ],
			"faces": {
				"down": { "uv": [ 4.875, 5, 5.125, 5.25 ], "texture": "#bldjs" },
				"up": { "uv": [ 4.875, 5, 5.125, 4.75 ], "texture": "#bldjs" },
				"north": { "uv": [ 2.5, 1.625, 2.25, 3.875 ], "texture": "#bldjs" },
				"south": { "uv": [ 2.25, 3.875, 2.5, 6.125 ], "texture": "#bldjs" },
				"west": { "uv": [ 1.5, 3.625, 1.75, 5.875 ], "texture": "#bldjs" },
				"east": { "uv": [ 2.875, 3.125, 2.625, 5.375 ], "texture": "#bldjs" }
			}
		},
		{
			"__comment": "Voxels",
			"from": [ 7.75, 18.75, 1 ],
			"to": [ 8.25, 20.25, 1.75 ],
			"faces": {
				"down": { "uv": [ 10.625, 11.875, 10.875, 12.25 ], "texture": "#bldjs" },
				"up": { "uv": [ 10.875, 12.25, 11.125, 11.875 ], "texture": "#bldjs" },
				"north": { "uv": [ 4.125, 7.375, 3.875, 8.125 ], "texture": "#bldjs" },
				"south": { "uv": [ 3.875, 11.125, 4.125, 11.875 ], "texture": "#bldjs" },
				"west": { "uv": [ 15.625, 15.25, 16, 16 ], "texture": "#bldjs" },
				"east": { "uv": [ 1.75, 0.5, 1.375, 1.25 ], "texture": "#bldjs" }
			}
		},
		{
			"__comment": "Voxels",
			"from": [ 7.75, 18.75, 9.75 ],
			"to": [ 8.25, 23, 10.75 ],
			"faces": {
				"down": { "uv": [ 4.625, 12.5, 4.875, 13 ], "texture": "#bldjs" },
				"up": { "uv": [ 4.375, 13, 4.625, 12.5 ], "texture": "#bldjs" },
				"north": { "uv": [ 3.125, 8, 2.875, 10.125 ], "texture": "#bldjs" },
				"south": { "uv": [ 2.875, 5.875, 3.125, 8 ], "texture": "#bldjs" },
				"west": { "uv": [ 1.75, 12.25, 2.25, 14.375 ], "texture": "#bldjs" },
				"east": { "uv": [ 2.25, 10.125, 1.75, 12.25 ], "texture": "#bldjs" }
			}
		},
		{
			"__comment": "Voxels",
			"from": [ 7.75, 18.75, 13.25 ],
			"to": [ 8.25, 23.25, 14 ],
			"faces": {
				"down": { "uv": [ 11.375, 11.875, 11.625, 12.25 ], "texture": "#bldjs" },
				"up": { "uv": [ 11.625, 12.25, 11.875, 11.875 ], "texture": "#bldjs" },
				"north": { "uv": [ 2.875, 0.875, 2.625, 3.125 ], "texture": "#bldjs" },
				"south": { "uv": [ 2.625, 5.375, 2.875, 7.625 ], "texture": "#bldjs" },
				"west": { "uv": [ 1.75, 1.625, 2.125, 3.875 ], "texture": "#bldjs" },
				"east": { "uv": [ 2.125, 3.875, 1.75, 6.125 ], "texture": "#bldjs" }
			}
		},
		{
			"__comment": "Voxels",
			"from": [ 7.75, 18.75, 16.25 ],
			"to": [ 8.25, 22.75, 16.5 ],
			"faces": {
				"down": { "uv": [ 9.625, 11.375, 9.875, 11.5 ], "texture": "#bldjs" },
				"up": { "uv": [ 11.375, 11.5, 11.625, 11.375 ], "texture": "#bldjs" },
				"north": { "uv": [ 3.375, 12.375, 3.125, 14.375 ], "texture": "#bldjs" },
				"south": { "uv": [ 2.875, 1.875, 3.125, 3.875 ], "texture": "#bldjs" },
				"west": { "uv": [ 2.125, 4.125, 2.25, 6.125 ], "texture": "#bldjs" },
				"east": { "uv": [ 2.25, 1.875, 2.125, 3.875 ], "texture": "#bldjs" }
			}
		},
		{
			"__comment": "Voxels",
			"from": [ 7.75, 18.75, 17 ],
			"to": [ 8.25, 19, 17.75 ],
			"faces": {
				"down": { "uv": [ 11.875, 11.875, 12.125, 12.25 ], "texture": "#bldjs" },
				"up": { "uv": [ 12.125, 12.25, 12.375, 11.875 ], "texture": "#bldjs" },
				"north": { "uv": [ 13.375, 11.375, 13.125, 11.5 ], "texture": "#bldjs" },
				"south": { "uv": [ 14, 10.75, 14.25, 10.875 ], "texture": "#bldjs" },
				"west": { "uv": [ 12.5, 11, 12.875, 11.125 ], "texture": "#bldjs" },
				"east": { "uv": [ 13.25, 11, 12.875, 11.125 ], "texture": "#bldjs" }
			}
		},
		{
			"__comment": "Voxels",
			"from": [ 7.75, 19, 1.75 ],
			"to": [ 8.25, 20.75, 2.5 ],
			"faces": {
				"down": { "uv": [ 12.375, 11.875, 12.625, 12.25 ], "texture": "#bldjs" },
				"up": { "uv": [ 12.625, 12.25, 12.875, 11.875 ], "texture": "#bldjs" },
				"north": { "uv": [ 13.625, 12.5, 13.375, 13.375 ], "texture": "#bldjs" },
				"south": { "uv": [ 15.625, 13.5, 15.875, 14.375 ], "texture": "#bldjs" },
				"west": { "uv": [ 1, 0.375, 1.375, 1.25 ], "texture": "#bldjs" },
				"east": { "uv": [ 16, 14.375, 15.625, 15.25 ], "texture": "#bldjs" }
			}
		},
		{
			"__comment": "Voxels",
			"from": [ 7.75, 19, 8.25 ],
			"to": [ 8.25, 22.75, 9.75 ],
			"faces": {
				"down": { "uv": [ 3.875, 6.625, 4.125, 7.375 ], "texture": "#bldjs" },
				"up": { "uv": [ 3.875, 6.625, 4.125, 5.875 ], "texture": "#bldjs" },
				"north": { "uv": [ 3.375, 2.75, 3.125, 4.625 ], "texture": "#bldjs" },
				"south": { "uv": [ 3.125, 4.625, 3.375, 6.5 ], "texture": "#bldjs" },
				"west": { "uv": [ 1, 12.5, 1.75, 14.375 ], "texture": "#bldjs" },
				"east": { "uv": [ 1.75, 10.625, 1, 12.5 ], "texture": "#bldjs" }
			}
		},
		{
			"__comment": "Voxels",
			"from": [ 7.75, 19, 10.75 ],
			"to": [ 8.25, 23, 11.5 ],
			"faces": {
				"down": { "uv": [ 13.375, 11.875, 13.625, 12.25 ], "texture": "#bldjs" },
				"up": { "uv": [ 13.625, 12.25, 13.875, 11.875 ], "texture": "#bldjs" },
				"north": { "uv": [ 3.375, 8.375, 3.125, 10.375 ], "texture": "#bldjs" },
				"south": { "uv": [ 2.875, 3.875, 3.125, 5.875 ], "texture": "#bldjs" },
				"west": { "uv": [ 2.25, 8.125, 2.625, 10.125 ], "texture": "#bldjs" },
				"east": { "uv": [ 2.625, 6.125, 2.25, 8.125 ], "texture": "#bldjs" }
			}
		},
		{
			"__comment": "Voxels",
			"from": [ 7.75, 19, 12.5 ],
			"to": [ 8.25, 23.25, 13.25 ],
			"faces": {
				"down": { "uv": [ 13.875, 11.875, 14.125, 12.25 ], "texture": "#bldjs" },
				"up": { "uv": [ 14.125, 12.25, 14.375, 11.875 ], "texture": "#bldjs" },
				"north": { "uv": [ 3.125, 12.25, 2.875, 14.375 ], "texture": "#bldjs" },
				"south": { "uv": [ 2.875, 10.125, 3.125, 12.25 ], "texture": "#bldjs" },
				"west": { "uv": [ 2.25, 12.25, 2.625, 14.375 ], "texture": "#bldjs" },
				"east": { "uv": [ 2.625, 10.125, 2.25, 12.25 ], "texture": "#bldjs" }
			}
		},
		{
			"__comment": "Voxels",
			"from": [ 7.75, 19, 16.5 ],
			"to": [ 8.25, 22.75, 16.75 ],
			"faces": {
				"down": { "uv": [ 7.375, 10.875, 7.625, 11 ], "texture": "#bldjs" },
				"up": { "uv": [ 7.625, 11, 7.875, 10.875 ], "texture": "#bldjs" },
				"north": { "uv": [ 3.625, 12.5, 3.375, 14.375 ], "texture": "#bldjs" },
				"south": { "uv": [ 3.125, 0.875, 3.375, 2.75 ], "texture": "#bldjs" },
				"west": { "uv": [ 3.625, 8.25, 3.75, 10.125 ], "texture": "#bldjs" },
				"east": { "uv": [ 3.75, 6.375, 3.625, 8.25 ], "texture": "#bldjs" }
			}
		},
		{
			"__comment": "Voxels",
			"from": [ 7.75, 19, 18 ],
			"to": [ 8.25, 19.25, 19.5 ],
			"faces": {
				"down": { "uv": [ 3.875, 5.125, 4.125, 5.875 ], "texture": "#bldjs" },
				"up": { "uv": [ 10.375, 13.25, 10.625, 12.5 ], "texture": "#bldjs" },
				"north": { "uv": [ 8.875, 10.875, 8.625, 11 ], "texture": "#bldjs" },
				"south": { "uv": [ 8.875, 10.875, 9.125, 11 ], "texture": "#bldjs" },
				"west": { "uv": [ 7.75, 14.375, 8.5, 14.5 ], "texture": "#bldjs" },
				"east": { "uv": [ 15.125, 12.125, 14.375, 12.25 ], "texture": "#bldjs" }
			}
		},
		{
			"__comment": "Voxels",
			"from": [ 7.75, 19.25, 2.5 ],
			"to": [ 8.25, 21.25, 3.5 ],
			"faces": {
				"down": { "uv": [ 5.375, 11.375, 5.625, 11.875 ], "texture": "#bldjs" },
				"up": { "uv": [ 4.875, 11.875, 5.125, 11.375 ], "texture": "#bldjs" },
				"north": { "uv": [ 15.625, 13.375, 15.375, 14.375 ], "texture": "#bldjs" },
				"south": { "uv": [ 15.125, 13.375, 15.375, 14.375 ], "texture": "#bldjs" },
				"west": { "uv": [ 11.375, 15, 11.875, 16 ], "texture": "#bldjs" },
				"east": { "uv": [ 12.375, 15, 11.875, 16 ], "texture": "#bldjs" }
			}
		},
		{
			"__comment": "Voxels",
			"from": [ 7.75, 19.25, 6.25 ],
			"to": [ 8.25, 22.5, 8.25 ],
			"faces": {
				"down": { "uv": [ 13.375, 13.375, 13.625, 14.375 ], "texture": "#bldjs" },
				"up": { "uv": [ 14.375, 14.375, 14.625, 13.375 ], "texture": "#bldjs" },
				"north": { "uv": [ 14.125, 14.375, 13.875, 16 ], "texture": "#bldjs" },
				"south": { "uv": [ 13.625, 14.375, 13.875, 16 ], "texture": "#bldjs" },
				"west": { "uv": [ 1, 14.375, 2, 16 ], "texture": "#bldjs" },
				"east": { "uv": [ 3, 14.375, 2, 16 ], "texture": "#bldjs" }
			}
		},
		{
			"__comment": "Voxels",
			"from": [ 7.75, 19.25, 11.5 ],
			"to": [ 8.25, 23.25, 12.5 ],
			"faces": {
				"down": { "uv": [ 4.25, 1.125, 4.5, 1.625 ], "texture": "#bldjs" },
				"up": { "uv": [ 4.25, 2.125, 4.5, 1.625 ], "texture": "#bldjs" },
				"north": { "uv": [ 1.75, 1.625, 1.5, 3.625 ], "texture": "#bldjs" },
				"south": { "uv": [ 3.125, 10.375, 3.375, 12.375 ], "texture": "#bldjs" },
				"west": { "uv": [ 1.75, 6.125, 2.25, 8.125 ], "texture": "#bldjs" },
				"east": { "uv": [ 2.25, 8.125, 1.75, 10.125 ], "texture": "#bldjs" }
			}
		},
		{
			"__comment": "Voxels",
			"from": [ 7.75, 19.25, 16.75 ],
			"to": [ 8.25, 22.5, 17.5 ],
			"faces": {
				"down": { "uv": [ 15.625, 11.875, 15.875, 12.25 ], "texture": "#bldjs" },
				"up": { "uv": [ 8.625, 11.875, 8.875, 11.5 ], "texture": "#bldjs" },
				"north": { "uv": [ 13.375, 14.375, 13.125, 16 ], "texture": "#bldjs" },
				"south": { "uv": [ 14.125, 14.375, 14.375, 16 ], "texture": "#bldjs" },
				"west": { "uv": [ 11, 14.375, 11.375, 16 ], "texture": "#bldjs" },
				"east": { "uv": [ 11, 14.375, 10.625, 16 ], "texture": "#bldjs" }
			}
		},
		{
			"__comment": "Voxels",
			"from": [ 7.75, 19.25, 18.75 ],
			"to": [ 8.25, 19.5, 19.5 ],
			"faces": {
				"down": { "uv": [ 8.875, 11.5, 9.125, 11.875 ], "texture": "#bldjs" },
				"up": { "uv": [ 9.125, 11.875, 9.375, 11.5 ], "texture": "#bldjs" },
				"north": { "uv": [ 15.875, 10.875, 15.625, 11 ], "texture": "#bldjs" },
				"south": { "uv": [ 5.25, 10.75, 5.5, 10.875 ], "texture": "#bldjs" },
				"west": { "uv": [ 15.625, 13.375, 16, 13.5 ], "texture": "#bldjs" },
				"east": { "uv": [ 11.75, 11, 11.375, 11.125 ], "texture": "#bldjs" }
			}
		},
		{
			"__comment": "Voxels",
			"from": [ 7.75, 19.5, 3.5 ],
			"to": [ 8.25, 21.75, 6.25 ],
			"faces": {
				"down": { "uv": [ 5.125, 13, 5.375, 14.375 ], "texture": "#bldjs" },
				"up": { "uv": [ 4.375, 14.375, 4.625, 13 ], "texture": "#bldjs" },
				"north": { "uv": [ 12.375, 13.25, 12.125, 14.375 ], "texture": "#bldjs" },
				"south": { "uv": [ 11.875, 13.25, 12.125, 14.375 ], "texture": "#bldjs" },
				"west": { "uv": [ 3, 14.875, 4.375, 16 ], "texture": "#bldjs" },
				"east": { "uv": [ 5.75, 14.875, 4.375, 16 ], "texture": "#bldjs" }
			}
		},
		{
			"__comment": "Voxels",
			"from": [ 7.75, 19.75, 0.75 ],
			"to": [ 8.25, 20, 1 ],
			"faces": {
				"down": { "uv": [ 7.5, 10.75, 7.75, 10.875 ], "texture": "#bldjs" },
				"up": { "uv": [ 7.75, 10.875, 8, 10.75 ], "texture": "#bldjs" },
				"north": { "uv": [ 8.25, 10.75, 8, 10.875 ], "texture": "#bldjs" },
				"south": { "uv": [ 8.25, 10.75, 8.5, 10.875 ], "texture": "#bldjs" },
				"west": { "uv": [ 5.125, 2.125, 5.25, 2.25 ], "texture": "#bldjs" },
				"east": { "uv": [ 5.25, 2, 5.125, 2.125 ], "texture": "#bldjs" }
			}
		},
		{
			"__comment": "Voxels",
			"from": [ 7.75, 19.75, 17.5 ],
			"to": [ 8.25, 22.25, 17.75 ],
			"faces": {
				"down": { "uv": [ 8.5, 10.75, 8.75, 10.875 ], "texture": "#bldjs" },
				"up": { "uv": [ 8.75, 10.875, 9, 10.75 ], "texture": "#bldjs" },
				"north": { "uv": [ 9.625, 13.125, 9.375, 14.375 ], "texture": "#bldjs" },
				"south": { "uv": [ 9.125, 13.125, 9.375, 14.375 ], "texture": "#bldjs" },
				"west": { "uv": [ 4.125, 6.875, 4.25, 8.125 ], "texture": "#bldjs" },
				"east": { "uv": [ 4.25, 8.125, 4.125, 9.375 ], "texture": "#bldjs" }
			}
		},
		{
			"__comment": "Voxels",
			"from": [ 7.75, 20, 17.75 ],
			"to": [ 8.25, 22.25, 18 ],
			"faces": {
				"down": { "uv": [ 10, 10.75, 10.25, 10.875 ], "texture": "#bldjs" },
				"up": { "uv": [ 10.25, 10.875, 10.5, 10.75 ], "texture": "#bldjs" },
				"north": { "uv": [ 0.25, 0, 0, 1.125 ], "texture": "#bldjs" },
				"south": { "uv": [ 11.125, 13.25, 11.375, 14.375 ], "texture": "#bldjs" },
				"west": { "uv": [ 4.125, 2.125, 4.25, 3.25 ], "texture": "#bldjs" },
				"east": { "uv": [ 4.5, 5.75, 4.375, 6.875 ], "texture": "#bldjs" }
			}
		},
		{
			"__comment": "Voxels",
			"from": [ 7.75, 20.25, 1.25 ],
			"to": [ 8.25, 20.5, 1.75 ],
			"faces": {
				"down": { "uv": [ 4.875, 10.5, 5.125, 10.75 ], "texture": "#bldjs" },
				"up": { "uv": [ 4.875, 10.5, 5.125, 10.25 ], "texture": "#bldjs" },
				"north": { "uv": [ 12.25, 10.75, 12, 10.875 ], "texture": "#bldjs" },
				"south": { "uv": [ 12.25, 10.75, 12.5, 10.875 ], "texture": "#bldjs" },
				"west": { "uv": [ 12.5, 10.75, 12.75, 10.875 ], "texture": "#bldjs" },
				"east": { "uv": [ 13, 10.75, 12.75, 10.875 ], "texture": "#bldjs" }
			}
		},
		{
			"__comment": "Voxels",
			"from": [ 7.75, 20.25, 18 ],
			"to": [ 8.25, 22.25, 18.25 ],
			"faces": {
				"down": { "uv": [ 13, 10.75, 13.25, 10.875 ], "texture": "#bldjs" },
				"up": { "uv": [ 13.25, 10.875, 13.5, 10.75 ], "texture": "#bldjs" },
				"north": { "uv": [ 13.375, 13.375, 13.125, 14.375 ], "texture": "#bldjs" },
				"south": { "uv": [ 12.875, 13.375, 13.125, 14.375 ], "texture": "#bldjs" },
				"west": { "uv": [ 4.5, 7.875, 4.625, 8.875 ], "texture": "#bldjs" },
				"east": { "uv": [ 4.625, 5.875, 4.5, 6.875 ], "texture": "#bldjs" }
			}
		},
		{
			"__comment": "Voxels",
			"from": [ 7.75, 20.25, 18.25 ],
			"to": [ 8.25, 22, 18.75 ],
			"faces": {
				"down": { "uv": [ 4.875, 9.25, 5.125, 9.5 ], "texture": "#bldjs" },
				"up": { "uv": [ 4.875, 9.25, 5.125, 9 ], "texture": "#bldjs" },
				"north": { "uv": [ 15.375, 12.5, 15.125, 13.375 ], "texture": "#bldjs" },
				"south": { "uv": [ 14.125, 12.5, 14.375, 13.375 ], "texture": "#bldjs" },
				"west": { "uv": [ 13.875, 12.5, 14.125, 13.375 ], "texture": "#bldjs" },
				"east": { "uv": [ 13.875, 12.5, 13.625, 13.375 ], "texture": "#bldjs" }
			}
		},
		{
			"__comment": "Voxels",
			"from": [ 7.75, 20.5, 1.5 ],
			"to": [ 8.25, 20.75, 1.75 ],
			"faces": {
				"down": { "uv": [ 5.25, 10.625, 5.5, 10.75 ], "texture": "#bldjs" },
				"up": { "uv": [ 5.5, 10.75, 5.75, 10.625 ], "texture": "#bldjs" },
				"north": { "uv": [ 6, 10.625, 5.75, 10.75 ], "texture": "#bldjs" },
				"south": { "uv": [ 6, 10.625, 6.25, 10.75 ], "texture": "#bldjs" },
				"west": { "uv": [ 3.5, 0, 3.625, 0.125 ], "texture": "#bldjs" },
				"east": { "uv": [ 4.5, 4.625, 4.375, 4.75 ], "texture": "#bldjs" }
			}
		},
		{
			"__comment": "Voxels",
			"from": [ 7.75, 20.5, 18.75 ],
			"to": [ 8.25, 22, 19 ],
			"faces": {
				"down": { "uv": [ 6.25, 10.625, 6.5, 10.75 ], "texture": "#bldjs" },
				"up": { "uv": [ 6.5, 10.75, 6.75, 10.625 ], "texture": "#bldjs" },
				"north": { "uv": [ 10.875, 12.5, 10.625, 13.25 ], "texture": "#bldjs" },
				"south": { "uv": [ 10.875, 12.5, 11.125, 13.25 ], "texture": "#bldjs" },
				"west": { "uv": [ 4.625, 6.875, 4.75, 7.625 ], "texture": "#bldjs" },
				"east": { "uv": [ 4.75, 6.125, 4.625, 6.875 ], "texture": "#bldjs" }
			}
		},
		{
			"__comment": "Voxels",
			"from": [ 7.75, 20.75, 2 ],
			"to": [ 8.25, 21, 2.5 ],
			"faces": {
				"down": { "uv": [ 4.875, 8, 5.125, 8.25 ], "texture": "#bldjs" },
				"up": { "uv": [ 4.875, 8, 5.125, 7.75 ], "texture": "#bldjs" },
				"north": { "uv": [ 8.5, 10.625, 8.25, 10.75 ], "texture": "#bldjs" },
				"south": { "uv": [ 8.5, 10.625, 8.75, 10.75 ], "texture": "#bldjs" },
				"west": { "uv": [ 8.75, 10.625, 9, 10.75 ], "texture": "#bldjs" },
				"east": { "uv": [ 9.25, 10.625, 9, 10.75 ], "texture": "#bldjs" }
			}
		},
		{
			"__comment": "Voxels",
			"from": [ 7.75, 20.75, 19 ],
			"to": [ 8.25, 21.75, 19.5 ],
			"faces": {
				"down": { "uv": [ 4.875, 7.5, 5.125, 7.75 ], "texture": "#bldjs" },
				"up": { "uv": [ 4.875, 7.5, 5.125, 7.25 ], "texture": "#bldjs" },
				"north": { "uv": [ 7.625, 11.375, 7.375, 11.875 ], "texture": "#bldjs" },
				"south": { "uv": [ 7.625, 11.375, 7.875, 11.875 ], "texture": "#bldjs" },
				"west": { "uv": [ 7.875, 11.375, 8.125, 11.875 ], "texture": "#bldjs" },
				"east": { "uv": [ 8.375, 11.375, 8.125, 11.875 ], "texture": "#bldjs" }
			}
		},
		{
			"__comment": "Voxels",
			"from": [ 7.75, 21, 2.25 ],
			"to": [ 8.25, 21.25, 2.5 ],
			"faces": {
				"down": { "uv": [ 10.75, 10.625, 11, 10.75 ], "texture": "#bldjs" },
				"up": { "uv": [ 11, 10.75, 11.25, 10.625 ], "texture": "#bldjs" },
				"north": { "uv": [ 11.5, 10.625, 11.25, 10.75 ], "texture": "#bldjs" },
				"south": { "uv": [ 11.5, 10.625, 11.75, 10.75 ], "texture": "#bldjs" },
				"west": { "uv": [ 5.125, 3.625, 5.25, 3.75 ], "texture": "#bldjs" },
				"east": { "uv": [ 5.25, 3.5, 5.125, 3.625 ], "texture": "#bldjs" }
			}
		},
		{
			"__comment": "Voxels",
			"from": [ 7.75, 21, 19.5 ],
			"to": [ 8.25, 21.5, 19.75 ],
			"faces": {
				"down": { "uv": [ 11.75, 10.625, 12, 10.75 ], "texture": "#bldjs" },
				"up": { "uv": [ 12, 10.75, 12.25, 10.625 ], "texture": "#bldjs" },
				"north": { "uv": [ 5.125, 6, 4.875, 6.25 ], "texture": "#bldjs" },
				"south": { "uv": [ 4.875, 5.75, 5.125, 6 ], "texture": "#bldjs" },
				"west": { "uv": [ 5.125, 7.125, 5.25, 7.375 ], "texture": "#bldjs" },
				"east": { "uv": [ 5.25, 6.875, 5.125, 7.125 ], "texture": "#bldjs" }
			}
		},
		{
			"__comment": "Voxels",
			"from": [ 7.75, 21.25, 2.75 ],
			"to": [ 8.25, 21.5, 3.5 ],
			"faces": {
				"down": { "uv": [ 11.375, 11.5, 11.625, 11.875 ], "texture": "#bldjs" },
				"up": { "uv": [ 11.625, 11.875, 11.875, 11.5 ], "texture": "#bldjs" },
				"north": { "uv": [ 13, 10.625, 12.75, 10.75 ], "texture": "#bldjs" },
				"south": { "uv": [ 13, 10.625, 13.25, 10.75 ], "texture": "#bldjs" },
				"west": { "uv": [ 11.75, 11, 12.125, 11.125 ], "texture": "#bldjs" },
				"east": { "uv": [ 12.5, 11, 12.125, 11.125 ], "texture": "#bldjs" }
			}
		},
		{
			"__comment": "Voxels",
			"from": [ 7.75, 21.25, 19.75 ],
			"to": [ 8.25, 21.5, 20 ],
			"faces": {
				"down": { "uv": [ 13.75, 10.625, 14, 10.75 ], "texture": "#bldjs" },
				"up": { "uv": [ 14, 10.75, 14.25, 10.625 ], "texture": "#bldjs" },
				"north": { "uv": [ 14.5, 10.625, 14.25, 10.75 ], "texture": "#bldjs" },
				"south": { "uv": [ 14.5, 10.625, 14.75, 10.75 ], "texture": "#bldjs" },
				"west": { "uv": [ 13.875, 11.375, 14, 11.5 ], "texture": "#bldjs" },
				"east": { "uv": [ 5.125, 3.5, 5, 3.625 ], "texture": "#bldjs" }
			}
		},
		{
			"__comment": "Voxels",
			"from": [ 7.75, 21.5, 3.25 ],
			"to": [ 8.25, 21.75, 3.5 ],
			"faces": {
				"down": { "uv": [ 14.75, 10.625, 15, 10.75 ], "texture": "#bldjs" },
				"up": { "uv": [ 15, 10.75, 15.25, 10.625 ], "texture": "#bldjs" },
				"north": { "uv": [ 15.5, 10.625, 15.25, 10.75 ], "texture": "#bldjs" },
				"south": { "uv": [ 15.5, 10.625, 15.75, 10.75 ], "texture": "#bldjs" },
				"west": { "uv": [ 5.125, 3.375, 5.25, 3.5 ], "texture": "#bldjs" },
				"east": { "uv": [ 5.25, 3.25, 5.125, 3.375 ], "texture": "#bldjs" }
			}
		},
		{
			"__comment": "Voxels",
			"from": [ 7.75, 21.75, 4 ],
			"to": [ 8.25, 22, 6.25 ],
			"faces": {
				"down": { "uv": [ 11.625, 13.25, 11.875, 14.375 ], "texture": "#bldjs" },
				"up": { "uv": [ 12.375, 14.375, 12.625, 13.25 ], "texture": "#bldjs" },
				"north": { "uv": [ 16, 10.625, 15.75, 10.75 ], "texture": "#bldjs" },
				"south": { "uv": [ 5.25, 10.5, 5.5, 10.625 ], "texture": "#bldjs" },
				"west": { "uv": [ 8.375, 12.375, 9.5, 12.5 ], "texture": "#bldjs" },
				"east": { "uv": [ 9.5, 12.25, 8.375, 12.375 ], "texture": "#bldjs" }
			}
		},
		{
			"__comment": "Voxels",
			"from": [ 7.75, 22, 4.75 ],
			"to": [ 8.25, 22.25, 6.25 ],
			"faces": {
				"down": { "uv": [ 11.125, 12.5, 11.375, 13.25 ], "texture": "#bldjs" },
				"up": { "uv": [ 11.375, 13.25, 11.625, 12.5 ], "texture": "#bldjs" },
				"north": { "uv": [ 6.75, 10.5, 6.5, 10.625 ], "texture": "#bldjs" },
				"south": { "uv": [ 6.75, 10.5, 7, 10.625 ], "texture": "#bldjs" },
				"west": { "uv": [ 10.625, 11.5, 11.375, 11.625 ], "texture": "#bldjs" },
				"east": { "uv": [ 11.375, 11.375, 10.625, 11.5 ], "texture": "#bldjs" }
			}
		},
		{
			"__comment": "Voxels",
			"from": [ 7.75, 22.25, 5.75 ],
			"to": [ 8.25, 22.5, 6.25 ],
			"faces": {
				"down": { "uv": [ 4.875, 4.5, 5.125, 4.75 ], "texture": "#bldjs" },
				"up": { "uv": [ 4.875, 4.5, 5.125, 4.25 ], "texture": "#bldjs" },
				"north": { "uv": [ 7.25, 10.5, 7, 10.625 ], "texture": "#bldjs" },
				"south": { "uv": [ 7.25, 10.5, 7.5, 10.625 ], "texture": "#bldjs" },
				"west": { "uv": [ 7.5, 10.5, 7.75, 10.625 ], "texture": "#bldjs" },
				"east": { "uv": [ 8, 10.5, 7.75, 10.625 ], "texture": "#bldjs" }
			}
		},
		{
			"__comment": "Voxels",
			"from": [ 7.75, 22.5, 7 ],
			"to": [ 8.25, 22.75, 8.25 ],
			"faces": {
				"down": { "uv": [ 8.375, 12.5, 8.625, 13.125 ], "texture": "#bldjs" },
				"up": { "uv": [ 8.125, 13.125, 8.375, 12.5 ], "texture": "#bldjs" },
				"north": { "uv": [ 8.75, 10.5, 8.5, 10.625 ], "texture": "#bldjs" },
				"south": { "uv": [ 8.75, 10.5, 9, 10.625 ], "texture": "#bldjs" },
				"west": { "uv": [ 15.375, 12.5, 16, 12.625 ], "texture": "#bldjs" },
				"east": { "uv": [ 14, 11.75, 13.375, 11.875 ], "texture": "#bldjs" }
			}
		},
		{
			"__comment": "Voxels",
			"from": [ 7.75, 22.75, 9 ],
			"to": [ 8.25, 23, 9.75 ],
			"faces": {
				"down": { "uv": [ 12.875, 11.5, 13.125, 11.875 ], "texture": "#bldjs" },
				"up": { "uv": [ 13.125, 11.875, 13.375, 11.5 ], "texture": "#bldjs" },
				"north": { "uv": [ 9.25, 10.5, 9, 10.625 ], "texture": "#bldjs" },
				"south": { "uv": [ 9.25, 10.5, 9.5, 10.625 ], "texture": "#bldjs" },
				"west": { "uv": [ 14.75, 11, 15.125, 11.125 ], "texture": "#bldjs" },
				"east": { "uv": [ 15.5, 11, 15.125, 11.125 ], "texture": "#bldjs" }
			}
		},
		{
			"__comment": "Voxels",
			"from": [ 7.75, 23, 11.25 ],
			"to": [ 8.25, 23.25, 11.5 ],
			"faces": {
				"down": { "uv": [ 10, 10.5, 10.25, 10.625 ], "texture": "#bldjs" },
				"up": { "uv": [ 10.25, 10.625, 10.5, 10.5 ], "texture": "#bldjs" },
				"north": { "uv": [ 10.75, 10.5, 10.5, 10.625 ], "texture": "#bldjs" },
				"south": { "uv": [ 10.75, 10.5, 11, 10.625 ], "texture": "#bldjs" },
				"west": { "uv": [ 5.125, 1.875, 5.25, 2 ], "texture": "#bldjs" },
				"east": { "uv": [ 5.25, 1.75, 5.125, 1.875 ], "texture": "#bldjs" }
			}
		},
		{
			"__comment": "Voxels",
			"from": [ 8.25, 18.25, 15.25 ],
			"to": [ 8.5, 18.5, 15.5 ],
			"faces": {
				"down": { "uv": [ 5.125, 1.625, 5.25, 1.75 ], "texture": "#bldjs" },
				"up": { "uv": [ 5.125, 1.625, 5.25, 1.5 ], "texture": "#bldjs" },
				"north": { "uv": [ 5.25, 1.375, 5.125, 1.5 ], "texture": "#bldjs" },
				"south": { "uv": [ 5.125, 1.25, 5.25, 1.375 ], "texture": "#bldjs" },
				"west": { "uv": [ 5.125, 1.125, 5.25, 1.25 ], "texture": "#bldjs" },
				"east": { "uv": [ 5.25, 1, 5.125, 1.125 ], "texture": "#bldjs" }
			}
		}
	],
	"display": {
		"thirdperson_righthand": {
			"translation":  [ 0, 15, -5 ]
		},
		"thirdperson_lefthand": {
			"rotation":  [ -15, 70, 90 ],
			"translation":  [ -10, -10, 5 ]
		},
		"firstperson_righthand": {
			"translation":  [ 0, 15, -5 ]
		},
		"firstperson_lefthand": {
			"scale":  [ 0.0001, 0.0001, 0.0001 ]
		},
		"gui": {
			"rotation":  [ 90, 40, -90 ],
			"translation":  [ -1, 2, 0 ],
			"scale":  [ 0.5, 0.5, 0.5 ]
		},
		"head": {
			"rotation":  [ 0, 0, 90 ],
			"translation":  [ -10, 0, -15 ],
			"scale":  [ 2, 2, 2 ]
		},
		"ground": {
			"translation":  [ 0, 20, -7 ]
		},
		"fixed": {
			"rotation":  [ -90, 45, 90 ],
			"translation":  [ -7, -3, 0 ]
		}
	}
}