{
	"__comment": "Designed by  with Cubik Studio - https://cubik.studio",
	"textures": {
		"rgzx": "blocks/rgzx"
	},
	"elements": [ 	 
		{
			"__comment": "Voxels",
			"from": [ 16.25, 20, 10 ],
			"to": [ 19.75, 21.25, 11 ],
			"faces": {
				"down": { "uv": [ 14.3125, 15.75, 15.1875, 16 ], "texture": "#rgzx" },
				"up": { "uv": [ 14.3125, 15.75, 15.1875, 15.5 ], "texture": "#rgzx" },
				"north": { "uv": [ 11.4375, 15.6875, 10.5625, 16 ], "texture": "#rgzx" },
				"south": { "uv": [ 11.4375, 15.6875, 12.3125, 16 ], "texture": "#rgzx" },
				"west": { "uv": [ 10, 13.5, 10.25, 13.8125 ], "texture": "#rgzx" },
				"east": { "uv": [ 10.25, 13.1875, 10, 13.5 ], "texture": "#rgzx" }
			}
		},
		{
			"__comment": "Voxels",
			"from": [ 16.25, 20.5, 9.75 ],
			"to": [ 19.75, 21, 10 ],
			"faces": {
				"down": { "uv": [ 10.1875, 14.125, 11.0625, 14.1875 ], "texture": "#rgzx" },
				"up": { "uv": [ 12.8125, 14.1875, 13.6875, 14.125 ], "texture": "#rgzx" },
				"north": { "uv": [ 11.0625, 14.1875, 10.1875, 14.3125 ], "texture": "#rgzx" },
				"south": { "uv": [ 11.0625, 14.1875, 11.9375, 14.3125 ], "texture": "#rgzx" },
				"west": { "uv": [ 11.375, 11.75, 11.4375, 11.875 ], "texture": "#rgzx" },
				"east": { "uv": [ 11.4375, 11.875, 11.375, 12 ], "texture": "#rgzx" }
			}
		},
		{
			"__comment": "Voxels",
			"from": [ 16.25, 20.5, 11 ],
			"to": [ 19.75, 21, 11.25 ],
			"faces": {
				"down": { "uv": [ 11.9375, 14.125, 12.8125, 14.1875 ], "texture": "#rgzx" },
				"up": { "uv": [ 11.0625, 14.1875, 11.9375, 14.125 ], "texture": "#rgzx" },
				"north": { "uv": [ 13.6875, 14.1875, 12.8125, 14.3125 ], "texture": "#rgzx" },
				"south": { "uv": [ 11.9375, 14.1875, 12.8125, 14.3125 ], "texture": "#rgzx" },
				"west": { "uv": [ 11.375, 12, 11.4375, 12.125 ], "texture": "#rgzx" },
				"east": { "uv": [ 11.4375, 12.125, 11.375, 12.25 ], "texture": "#rgzx" }
			}
		},
		{
			"__comment": "Voxels",
			"from": [ 16.5, 19.75, 9.75 ],
			"to": [ 19.5, 20.5, 10 ],
			"faces": {
				"down": { "uv": [ 12.375, 13.25, 13.125, 13.3125 ], "texture": "#rgzx" },
				"up": { "uv": [ 11.625, 13.3125, 12.375, 13.25 ], "texture": "#rgzx" },
				"north": { "uv": [ 12.1875, 15.5, 11.4375, 15.6875 ], "texture": "#rgzx" },
				"south": { "uv": [ 10.5625, 15.5, 11.3125, 15.6875 ], "texture": "#rgzx" },
				"west": { "uv": [ 11, 8, 11.0625, 8.1875 ], "texture": "#rgzx" },
				"east": { "uv": [ 11.125, 8.1875, 11.0625, 8.375 ], "texture": "#rgzx" }
			}
		},
		{
			"__comment": "Voxels",
			"from": [ 16.5, 19.75, 10 ],
			"to": [ 19.5, 20, 11.25 ],
			"faces": {
				"down": { "uv": [ 12.3125, 15.6875, 13.0625, 16 ], "texture": "#rgzx" },
				"up": { "uv": [ 13.0625, 16, 13.8125, 15.6875 ], "texture": "#rgzx" },
				"north": { "uv": [ 14.125, 15.1875, 13.375, 15.25 ], "texture": "#rgzx" },
				"south": { "uv": [ 11.625, 13.3125, 12.375, 13.375 ], "texture": "#rgzx" },
				"west": { "uv": [ 13.5, 12.75, 13.8125, 12.8125 ], "texture": "#rgzx" },
				"east": { "uv": [ 13.5, 12.75, 13.1875, 12.8125 ], "texture": "#rgzx" }
			}
		},
		{
			"__comment": "Voxels",
			"from": [ 16.5, 20, 11 ],
			"to": [ 19.5, 20.5, 11.25 ],
			"faces": {
				"down": { "uv": [ 10.875, 13.25, 11.625, 13.3125 ], "texture": "#rgzx" },
				"up": { "uv": [ 10.875, 13.375, 11.625, 13.3125 ], "texture": "#rgzx" },
				"north": { "uv": [ 12.5625, 14, 11.8125, 14.125 ], "texture": "#rgzx" },
				"south": { "uv": [ 10.3125, 14, 11.0625, 14.125 ], "texture": "#rgzx" },
				"west": { "uv": [ 11.375, 12.5, 11.4375, 12.625 ], "texture": "#rgzx" },
				"east": { "uv": [ 11.375, 8, 11.3125, 8.125 ], "texture": "#rgzx" }
			}
		},
		{
			"__comment": "Voxels",
			"from": [ 16.5, 20.5, 8.75 ],
			"to": [ 19.5, 21.5, 9.75 ],
			"faces": {
				"down": { "uv": [ 11.1875, 14.9375, 11.9375, 15.1875 ], "texture": "#rgzx" },
				"up": { "uv": [ 9.6875, 15.1875, 10.4375, 14.9375 ], "texture": "#rgzx" },
				"north": { "uv": [ 9.6875, 14.9375, 8.9375, 15.1875 ], "texture": "#rgzx" },
				"south": { "uv": [ 14.875, 15.25, 15.625, 15.5 ], "texture": "#rgzx" },
				"west": { "uv": [ 10.25, 12.625, 10.5, 12.875 ], "texture": "#rgzx" },
				"east": { "uv": [ 10.5, 12.375, 10.25, 12.625 ], "texture": "#rgzx" }
			}
		},
		{
			"__comment": "Voxels",
			"from": [ 16.5, 20.5, 11.25 ],
			"to": [ 19.5, 21.5, 12.25 ],
			"faces": {
				"down": { "uv": [ 14.125, 15.25, 14.875, 15.5 ], "texture": "#rgzx" },
				"up": { "uv": [ 13.375, 15.5, 14.125, 15.25 ], "texture": "#rgzx" },
				"north": { "uv": [ 13.375, 15.25, 12.625, 15.5 ], "texture": "#rgzx" },
				"south": { "uv": [ 11.875, 15.25, 12.625, 15.5 ], "texture": "#rgzx" },
				"west": { "uv": [ 10.25, 12.125, 10.5, 12.375 ], "texture": "#rgzx" },
				"east": { "uv": [ 10.5, 11.875, 10.25, 12.125 ], "texture": "#rgzx" }
			}
		},
		{
			"__comment": "Voxels",
			"from": [ 16.5, 21, 9.75 ],
			"to": [ 19.5, 21.5, 10 ],
			"faces": {
				"down": { "uv": [ 14.6875, 14.125, 15.4375, 14.1875 ], "texture": "#rgzx" },
				"up": { "uv": [ 14.875, 15.25, 15.625, 15.1875 ], "texture": "#rgzx" },
				"north": { "uv": [ 10.3125, 14, 9.5625, 14.125 ], "texture": "#rgzx" },
				"south": { "uv": [ 14.6875, 14.1875, 15.4375, 14.3125 ], "texture": "#rgzx" },
				"west": { "uv": [ 11.3125, 8.125, 11.375, 8.25 ], "texture": "#rgzx" },
				"east": { "uv": [ 11.3125, 8.125, 11.25, 8.25 ], "texture": "#rgzx" }
			}
		},
		{
			"__comment": "Voxels",
			"from": [ 16.5, 21, 11 ],
			"to": [ 19.5, 21.5, 11.25 ],
			"faces": {
				"down": { "uv": [ 14.125, 15.1875, 14.875, 15.25 ], "texture": "#rgzx" },
				"up": { "uv": [ 11.875, 15.25, 12.625, 15.1875 ], "texture": "#rgzx" },
				"north": { "uv": [ 13.3125, 14, 12.5625, 14.125 ], "texture": "#rgzx" },
				"south": { "uv": [ 11.0625, 14, 11.8125, 14.125 ], "texture": "#rgzx" },
				"west": { "uv": [ 11.125, 8, 11.1875, 8.125 ], "texture": "#rgzx" },
				"east": { "uv": [ 11.1875, 8.125, 11.125, 8.25 ], "texture": "#rgzx" }
			}
		},
		{
			"__comment": "Voxels",
			"from": [ 16.5, 21.25, 10 ],
			"to": [ 19.5, 21.5, 11 ],
			"faces": {
				"down": { "uv": [ 11.9375, 14.9375, 12.6875, 15.1875 ], "texture": "#rgzx" },
				"up": { "uv": [ 10.4375, 15.1875, 11.1875, 14.9375 ], "texture": "#rgzx" },
				"north": { "uv": [ 13.375, 15.1875, 12.625, 15.25 ], "texture": "#rgzx" },
				"south": { "uv": [ 12.375, 13.3125, 13.125, 13.375 ], "texture": "#rgzx" },
				"west": { "uv": [ 14.875, 12.75, 15.125, 12.8125 ], "texture": "#rgzx" },
				"east": { "uv": [ 14.875, 12.75, 14.625, 12.8125 ], "texture": "#rgzx" }
			}
		},
		{
			"__comment": "Voxels",
			"from": [ 16.75, 18.5, 9.5 ],
			"to": [ 19.25, 20.5, 9.75 ],
			"faces": {
				"down": { "uv": [ 11.1875, 14.3125, 11.8125, 14.375 ], "texture": "#rgzx" },
				"up": { "uv": [ 10.5625, 14.375, 11.1875, 14.3125 ], "texture": "#rgzx" },
				"north": { "uv": [ 9.3125, 15.5, 8.6875, 16 ], "texture": "#rgzx" },
				"south": { "uv": [ 8.0625, 15.5, 8.6875, 16 ], "texture": "#rgzx" },
				"west": { "uv": [ 10.5625, 8.75, 10.625, 9.25 ], "texture": "#rgzx" },
				"east": { "uv": [ 10.5625, 8.75, 10.5, 9.25 ], "texture": "#rgzx" }
			}
		},
		{
			"__comment": "Voxels",
			"from": [ 16.75, 18.5, 9.75 ],
			"to": [ 19.25, 19.75, 11.5 ],
			"faces": {
				"down": { "uv": [ 9.9375, 15.5625, 10.5625, 16 ], "texture": "#rgzx" },
				"up": { "uv": [ 9.3125, 16, 9.9375, 15.5625 ], "texture": "#rgzx" },
				"north": { "uv": [ 11.25, 15.1875, 10.625, 15.5 ], "texture": "#rgzx" },
				"south": { "uv": [ 15.1875, 15.6875, 15.8125, 16 ], "texture": "#rgzx" },
				"west": { "uv": [ 12.375, 14.625, 12.8125, 14.9375 ], "texture": "#rgzx" },
				"east": { "uv": [ 12.375, 14.625, 11.9375, 14.9375 ], "texture": "#rgzx" }
			}
		},
		{
			"__comment": "Voxels",
			"from": [ 16.75, 19.25, 8.75 ],
			"to": [ 19.25, 20.5, 9.5 ],
			"faces": {
				"down": { "uv": [ 13.0625, 15.5, 13.6875, 15.6875 ], "texture": "#rgzx" },
				"up": { "uv": [ 15.1875, 15.6875, 15.8125, 15.5 ], "texture": "#rgzx" },
				"north": { "uv": [ 11.875, 15.1875, 11.25, 15.5 ], "texture": "#rgzx" },
				"south": { "uv": [ 10, 15.1875, 10.625, 15.5 ], "texture": "#rgzx" },
				"west": { "uv": [ 10.25, 10.75, 10.4375, 11.0625 ], "texture": "#rgzx" },
				"east": { "uv": [ 10.4375, 11.0625, 10.25, 11.375 ], "texture": "#rgzx" }
			}
		},
		{
			"__comment": "Voxels",
			"from": [ 16.75, 19.25, 11.5 ],
			"to": [ 19.25, 20.5, 12.25 ],
			"faces": {
				"down": { "uv": [ 11.1875, 14.375, 11.8125, 14.5625 ], "texture": "#rgzx" },
				"up": { "uv": [ 12.4375, 14.5625, 13.0625, 14.375 ], "texture": "#rgzx" },
				"north": { "uv": [ 9.375, 15.1875, 8.75, 15.5 ], "texture": "#rgzx" },
				"south": { "uv": [ 9.375, 15.1875, 10, 15.5 ], "texture": "#rgzx" },
				"west": { "uv": [ 15.8125, 14.625, 16, 14.9375 ], "texture": "#rgzx" },
				"east": { "uv": [ 16, 15.6875, 15.8125, 16 ], "texture": "#rgzx" }
			}
		},
		{
			"__comment": "Voxels",
			"from": [ 16.75, 19.75, 11.25 ],
			"to": [ 19.25, 20.5, 11.5 ],
			"faces": {
				"down": { "uv": [ 9.9375, 15.5, 10.5625, 15.5625 ], "texture": "#rgzx" },
				"up": { "uv": [ 9.3125, 15.5625, 9.9375, 15.5 ], "texture": "#rgzx" },
				"north": { "uv": [ 12.9375, 15.5, 12.3125, 15.6875 ], "texture": "#rgzx" },
				"south": { "uv": [ 13.6875, 14.375, 14.3125, 14.5625 ], "texture": "#rgzx" },
				"west": { "uv": [ 11, 8.5625, 11.0625, 8.75 ], "texture": "#rgzx" },
				"east": { "uv": [ 11.125, 8.75, 11.0625, 8.9375 ], "texture": "#rgzx" }
			}
		},
		{
			"__comment": "Voxels",
			"from": [ 16.75, 20.75, 8.25 ],
			"to": [ 19.25, 21.5, 8.75 ],
			"faces": {
				"down": { "uv": [ 12.9375, 13.875, 13.5625, 14 ], "texture": "#rgzx" },
				"up": { "uv": [ 15.1875, 14.125, 15.8125, 14 ], "texture": "#rgzx" },
				"north": { "uv": [ 12.4375, 14.375, 11.8125, 14.5625 ], "texture": "#rgzx" },
				"south": { "uv": [ 10.5625, 14.375, 11.1875, 14.5625 ], "texture": "#rgzx" },
				"west": { "uv": [ 11.3125, 15.5, 11.4375, 15.6875 ], "texture": "#rgzx" },
				"east": { "uv": [ 12.3125, 15.5, 12.1875, 15.6875 ], "texture": "#rgzx" }
			}
		},
		{
			"__comment": "Voxels",
			"from": [ 16.75, 20.75, 12.25 ],
			"to": [ 19.25, 21.5, 12.75 ],
			"faces": {
				"down": { "uv": [ 13.9375, 14, 14.5625, 14.125 ], "texture": "#rgzx" },
				"up": { "uv": [ 13.3125, 14.125, 13.9375, 14 ], "texture": "#rgzx" },
				"north": { "uv": [ 13.6875, 14.375, 13.0625, 14.5625 ], "texture": "#rgzx" },
				"south": { "uv": [ 14.3125, 14.375, 14.9375, 14.5625 ], "texture": "#rgzx" },
				"west": { "uv": [ 12.9375, 15.5, 13.0625, 15.6875 ], "texture": "#rgzx" },
				"east": { "uv": [ 13.8125, 15.5, 13.6875, 15.6875 ], "texture": "#rgzx" }
			}
		},
		{
			"__comment": "Voxels",
			"from": [ 16.75, 21.5, 10 ],
			"to": [ 19.25, 22, 11 ],
			"faces": {
				"down": { "uv": [ 13.3125, 14.9375, 13.9375, 15.1875 ], "texture": "#rgzx" },
				"up": { "uv": [ 12.6875, 15.1875, 13.3125, 14.9375 ], "texture": "#rgzx" },
				"north": { "uv": [ 12.75, 13.6875, 12.125, 13.8125 ], "texture": "#rgzx" },
				"south": { "uv": [ 14.5625, 14, 15.1875, 14.125 ], "texture": "#rgzx" },
				"west": { "uv": [ 10.5, 9.75, 10.75, 9.875 ], "texture": "#rgzx" },
				"east": { "uv": [ 10.75, 9.875, 10.5, 10 ], "texture": "#rgzx" }
			}
		},
		{
			"__comment": "Voxels",
			"from": [ 16.75, 29.25, 10.25 ],
			"to": [ 19.25, 30, 10.75 ],
			"faces": {
				"down": { "uv": [ 11.5, 13.6875, 12.125, 13.8125 ], "texture": "#rgzx" },
				"up": { "uv": [ 10.875, 13.8125, 11.5, 13.6875 ], "texture": "#rgzx" },
				"north": { "uv": [ 15.5625, 14.375, 14.9375, 14.5625 ], "texture": "#rgzx" },
				"south": { "uv": [ 9.5625, 14.125, 10.1875, 14.3125 ], "texture": "#rgzx" },
				"west": { "uv": [ 10.75, 9.25, 10.875, 9.4375 ], "texture": "#rgzx" },
				"east": { "uv": [ 10.875, 9.0625, 10.75, 9.25 ], "texture": "#rgzx" }
			}
		},
		{
			"__comment": "Voxels",
			"from": [ 16.75, 29.5, 10 ],
			"to": [ 19.25, 30, 10.25 ],
			"faces": {
				"down": { "uv": [ 11.8125, 14.3125, 12.4375, 14.375 ], "texture": "#rgzx" },
				"up": { "uv": [ 12.4375, 14.375, 13.0625, 14.3125 ], "texture": "#rgzx" },
				"north": { "uv": [ 10.875, 13.6875, 10.25, 13.8125 ], "texture": "#rgzx" },
				"south": { "uv": [ 14.8125, 13.875, 15.4375, 14 ], "texture": "#rgzx" },
				"west": { "uv": [ 11.375, 10.125, 11.4375, 10.25 ], "texture": "#rgzx" },
				"east": { "uv": [ 11.375, 8.3125, 11.3125, 8.4375 ], "texture": "#rgzx" }
			}
		},
		{
			"__comment": "Voxels",
			"from": [ 16.75, 29.5, 10.75 ],
			"to": [ 19.25, 30, 11 ],
			"faces": {
				"down": { "uv": [ 13.6875, 14.3125, 14.3125, 14.375 ], "texture": "#rgzx" },
				"up": { "uv": [ 13.0625, 14.375, 13.6875, 14.3125 ], "texture": "#rgzx" },
				"north": { "uv": [ 14.8125, 13.875, 14.1875, 14 ], "texture": "#rgzx" },
				"south": { "uv": [ 13.5625, 13.875, 14.1875, 14 ], "texture": "#rgzx" },
				"west": { "uv": [ 11.25, 8.3125, 11.3125, 8.4375 ], "texture": "#rgzx" },
				"east": { "uv": [ 16, 14, 15.9375, 14.125 ], "texture": "#rgzx" }
			}
		},
		{
			"__comment": "Voxels",
			"from": [ 17, -2, 10.25 ],
			"to": [ 19, 18.5, 10.75 ],
			"faces": {
				"down": { "uv": [ 11.25, 13.375, 11.75, 13.5 ], "texture": "#rgzx" },
				"up": { "uv": [ 11.75, 13.5, 12.25, 13.375 ], "texture": "#rgzx" },
				"north": { "uv": [ 0.5, 10.875, 0, 16 ], "texture": "#rgzx" },
				"south": { "uv": [ 0.5, 10.875, 1, 16 ], "texture": "#rgzx" },
				"west": { "uv": [ 7.125, 10.875, 7.25, 16 ], "texture": "#rgzx" },
				"east": { "uv": [ 7.125, 10.875, 7, 16 ], "texture": "#rgzx" }
			}
		},
		{
			"__comment": "Voxels",
			"from": [ 17, 2.5, 10 ],
			"to": [ 19, 18.5, 10.25 ],
			"faces": {
				"down": { "uv": [ 14.625, 13.125, 15.125, 13.1875 ], "texture": "#rgzx" },
				"up": { "uv": [ 14.625, 13.25, 15.125, 13.1875 ], "texture": "#rgzx" },
				"north": { "uv": [ 3, 8, 2.5, 12 ], "texture": "#rgzx" },
				"south": { "uv": [ 2.5, 12, 3, 16 ], "texture": "#rgzx" },
				"west": { "uv": [ 8.3125, 11.5, 8.375, 15.5 ], "texture": "#rgzx" },
				"east": { "uv": [ 8.5, 11.5, 8.4375, 15.5 ], "texture": "#rgzx" }
			}
		},
		{
			"__comment": "Voxels",
			"from": [ 17, 2.5, 10.75 ],
			"to": [ 19, 18.5, 11 ],
			"faces": {
				"down": { "uv": [ 14.125, 13.125, 14.625, 13.1875 ], "texture": "#rgzx" },
				"up": { "uv": [ 13.625, 13.1875, 14.125, 13.125 ], "texture": "#rgzx" },
				"north": { "uv": [ 3.5, 12, 3, 16 ], "texture": "#rgzx" },
				"south": { "uv": [ 3, 8, 3.5, 12 ], "texture": "#rgzx" },
				"west": { "uv": [ 8.25, 11.5, 8.3125, 15.5 ], "texture": "#rgzx" },
				"east": { "uv": [ 8.4375, 11.5, 8.375, 15.5 ], "texture": "#rgzx" }
			}
		},
		{
			"__comment": "Voxels",
			"from": [ 17, 9.5, 9.75 ],
			"to": [ 19, 18.5, 10 ],
			"faces": {
				"down": { "uv": [ 13.625, 13.1875, 14.125, 13.25 ], "texture": "#rgzx" },
				"up": { "uv": [ 13.125, 13.1875, 13.625, 13.125 ], "texture": "#rgzx" },
				"north": { "uv": [ 7, 13.75, 6.5, 16 ], "texture": "#rgzx" },
				"south": { "uv": [ 6.5, 11.5, 7, 13.75 ], "texture": "#rgzx" },
				"west": { "uv": [ 7.25, 8, 7.3125, 10.25 ], "texture": "#rgzx" },
				"east": { "uv": [ 7.625, 8, 7.5625, 10.25 ], "texture": "#rgzx" }
			}
		},
		{
			"__comment": "Voxels",
			"from": [ 17, 9.5, 11 ],
			"to": [ 19, 18.5, 11.25 ],
			"faces": {
				"down": { "uv": [ 12.75, 13.0625, 13.25, 13.125 ], "texture": "#rgzx" },
				"up": { "uv": [ 12.625, 13.1875, 13.125, 13.125 ], "texture": "#rgzx" },
				"north": { "uv": [ 0.5, 8.625, 0, 10.875 ], "texture": "#rgzx" },
				"south": { "uv": [ 0.5, 8.625, 1, 10.875 ], "texture": "#rgzx" },
				"west": { "uv": [ 7.625, 8, 7.6875, 10.25 ], "texture": "#rgzx" },
				"east": { "uv": [ 8, 8, 7.9375, 10.25 ], "texture": "#rgzx" }
			}
		},
		{
			"__comment": "Voxels",
			"from": [ 17, 17.5, 9.25 ],
			"to": [ 19, 19.25, 9.5 ],
			"faces": {
				"down": { "uv": [ 12.625, 13.1875, 13.125, 13.25 ], "texture": "#rgzx" },
				"up": { "uv": [ 12.125, 13.1875, 12.625, 13.125 ], "texture": "#rgzx" },
				"north": { "uv": [ 14.3125, 15.5625, 13.8125, 16 ], "texture": "#rgzx" },
				"south": { "uv": [ 6.5, 8.1875, 7, 8.625 ], "texture": "#rgzx" },
				"west": { "uv": [ 10.8125, 10.1875, 10.875, 10.625 ], "texture": "#rgzx" },
				"east": { "uv": [ 10.8125, 10.625, 10.75, 11.0625 ], "texture": "#rgzx" }
			}
		},
		{
			"__comment": "Voxels",
			"from": [ 17, 17.5, 9.5 ],
			"to": [ 19, 18.5, 9.75 ],
			"faces": {
				"down": { "uv": [ 12.125, 13.1875, 12.625, 13.25 ], "texture": "#rgzx" },
				"up": { "uv": [ 11.625, 13.1875, 12.125, 13.125 ], "texture": "#rgzx" },
				"north": { "uv": [ 15.3125, 14.6875, 14.8125, 14.9375 ], "texture": "#rgzx" },
				"south": { "uv": [ 10.0625, 14.3125, 10.5625, 14.5625 ], "texture": "#rgzx" },
				"west": { "uv": [ 8.3125, 8, 8.375, 8.25 ], "texture": "#rgzx" },
				"east": { "uv": [ 11.125, 10.25, 11.0625, 10.5 ], "texture": "#rgzx" }
			}
		},
		{
			"__comment": "Voxels",
			"from": [ 17, 17.5, 11.25 ],
			"to": [ 19, 18.5, 11.75 ],
			"faces": {
				"down": { "uv": [ 12.25, 13.375, 12.75, 13.5 ], "texture": "#rgzx" },
				"up": { "uv": [ 12.75, 13.5, 13.25, 13.375 ], "texture": "#rgzx" },
				"north": { "uv": [ 15.9375, 14.9375, 15.4375, 15.1875 ], "texture": "#rgzx" },
				"south": { "uv": [ 14.4375, 14.9375, 14.9375, 15.1875 ], "texture": "#rgzx" },
				"west": { "uv": [ 9.8125, 9.0625, 9.9375, 9.3125 ], "texture": "#rgzx" },
				"east": { "uv": [ 9.1875, 8, 9.0625, 8.25 ], "texture": "#rgzx" }
			}
		},
		{
			"__comment": "Voxels",
			"from": [ 17, 18.25, 8.5 ],
			"to": [ 19, 20.75, 8.75 ],
			"faces": {
				"down": { "uv": [ 12.25, 13.0625, 12.75, 13.125 ], "texture": "#rgzx" },
				"up": { "uv": [ 11.75, 13.125, 12.25, 13.0625 ], "texture": "#rgzx" },
				"north": { "uv": [ 0.5, 8, 0, 8.625 ], "texture": "#rgzx" },
				"south": { "uv": [ 0.5, 8, 1, 8.625 ], "texture": "#rgzx" },
				"west": { "uv": [ 8.375, 8, 8.4375, 8.625 ], "texture": "#rgzx" },
				"east": { "uv": [ 8.5, 8, 8.4375, 8.625 ], "texture": "#rgzx" }
			}
		},
		{
			"__comment": "Voxels",
			"from": [ 17, 18.25, 8.75 ],
			"to": [ 19, 19.25, 9.25 ],
			"faces": {
				"down": { "uv": [ 12.8125, 14.5625, 13.3125, 14.6875 ], "texture": "#rgzx" },
				"up": { "uv": [ 13.3125, 14.6875, 13.8125, 14.5625 ], "texture": "#rgzx" },
				"north": { "uv": [ 15.8125, 14.6875, 15.3125, 14.9375 ], "texture": "#rgzx" },
				"south": { "uv": [ 9.5625, 14.3125, 10.0625, 14.5625 ], "texture": "#rgzx" },
				"west": { "uv": [ 9.8125, 8.75, 9.9375, 9 ], "texture": "#rgzx" },
				"east": { "uv": [ 9.9375, 8.4375, 9.8125, 8.6875 ], "texture": "#rgzx" }
			}
		},
		{
			"__comment": "Voxels",
			"from": [ 17, 18.25, 11.75 ],
			"to": [ 19, 19.25, 12.5 ],
			"faces": {
				"down": { "uv": [ 6.5, 8, 7, 8.1875 ], "texture": "#rgzx" },
				"up": { "uv": [ 13.6875, 14.3125, 14.1875, 14.125 ], "texture": "#rgzx" },
				"north": { "uv": [ 14.4375, 14.9375, 13.9375, 15.1875 ], "texture": "#rgzx" },
				"south": { "uv": [ 13.8125, 14.6875, 14.3125, 14.9375 ], "texture": "#rgzx" },
				"west": { "uv": [ 10.25, 9.5, 10.4375, 9.75 ], "texture": "#rgzx" },
				"east": { "uv": [ 10.4375, 9.75, 10.25, 10 ], "texture": "#rgzx" }
			}
		},
		{
			"__comment": "Voxels",
			"from": [ 17, 18.5, 11.5 ],
			"to": [ 19, 19.25, 11.75 ],
			"faces": {
				"down": { "uv": [ 14.125, 13.1875, 14.625, 13.25 ], "texture": "#rgzx" },
				"up": { "uv": [ 11.625, 13.25, 12.125, 13.1875 ], "texture": "#rgzx" },
				"north": { "uv": [ 10.4375, 13.8125, 9.9375, 14 ], "texture": "#rgzx" },
				"south": { "uv": [ 11.4375, 13.8125, 11.9375, 14 ], "texture": "#rgzx" },
				"west": { "uv": [ 11.0625, 9.5625, 11.125, 9.75 ], "texture": "#rgzx" },
				"east": { "uv": [ 16, 14.125, 15.9375, 14.3125 ], "texture": "#rgzx" }
			}
		},
		{
			"__comment": "Voxels",
			"from": [ 17, 19.25, 12.25 ],
			"to": [ 19, 20.75, 12.5 ],
			"faces": {
				"down": { "uv": [ 11.125, 13.125, 11.625, 13.1875 ], "texture": "#rgzx" },
				"up": { "uv": [ 15.125, 13.25, 15.625, 13.1875 ], "texture": "#rgzx" },
				"north": { "uv": [ 10.4375, 14.5625, 9.9375, 14.9375 ], "texture": "#rgzx" },
				"south": { "uv": [ 10.4375, 14.5625, 10.9375, 14.9375 ], "texture": "#rgzx" },
				"west": { "uv": [ 10.75, 8.6875, 10.8125, 9.0625 ], "texture": "#rgzx" },
				"east": { "uv": [ 10.875, 8.6875, 10.8125, 9.0625 ], "texture": "#rgzx" }
			}
		},
		{
			"__comment": "Voxels",
			"from": [ 17, 20.75, 7.75 ],
			"to": [ 19, 21.5, 8.25 ],
			"faces": {
				"down": { "uv": [ 13.8125, 14.5625, 14.3125, 14.6875 ], "texture": "#rgzx" },
				"up": { "uv": [ 14.3125, 14.6875, 14.8125, 14.5625 ], "texture": "#rgzx" },
				"north": { "uv": [ 12.9375, 13.8125, 12.4375, 14 ], "texture": "#rgzx" },
				"south": { "uv": [ 11.9375, 13.8125, 12.4375, 14 ], "texture": "#rgzx" },
				"west": { "uv": [ 10.75, 8.5, 10.875, 8.6875 ], "texture": "#rgzx" },
				"east": { "uv": [ 10.875, 8.3125, 10.75, 8.5 ], "texture": "#rgzx" }
			}
		},
		{
			"__comment": "Voxels",
			"from": [ 17, 20.75, 12.75 ],
			"to": [ 19, 21.5, 13.25 ],
			"faces": {
				"down": { "uv": [ 14.8125, 14.5625, 15.3125, 14.6875 ], "texture": "#rgzx" },
				"up": { "uv": [ 15.3125, 14.6875, 15.8125, 14.5625 ], "texture": "#rgzx" },
				"north": { "uv": [ 15.9375, 14.125, 15.4375, 14.3125 ], "texture": "#rgzx" },
				"south": { "uv": [ 14.1875, 14.125, 14.6875, 14.3125 ], "texture": "#rgzx" },
				"west": { "uv": [ 10.75, 8.125, 10.875, 8.3125 ], "texture": "#rgzx" },
				"east": { "uv": [ 11, 12.875, 10.875, 13.0625 ], "texture": "#rgzx" }
			}
		},
		{
			"__comment": "Voxels",
			"from": [ 17, 21.5, 8.75 ],
			"to": [ 19, 21.75, 10 ],
			"faces": {
				"down": { "uv": [ 11.4375, 14.625, 11.9375, 14.9375 ], "texture": "#rgzx" },
				"up": { "uv": [ 10.9375, 14.9375, 11.4375, 14.625 ], "texture": "#rgzx" },
				"north": { "uv": [ 13.625, 13.1875, 13.125, 13.25 ], "texture": "#rgzx" },
				"south": { "uv": [ 15.125, 13.125, 15.625, 13.1875 ], "texture": "#rgzx" },
				"west": { "uv": [ 12.875, 12.75, 13.1875, 12.8125 ], "texture": "#rgzx" },
				"east": { "uv": [ 14.125, 12.75, 13.8125, 12.8125 ], "texture": "#rgzx" }
			}
		},
		{
			"__comment": "Voxels",
			"from": [ 17, 21.5, 11 ],
			"to": [ 19, 22, 11.25 ],
			"faces": {
				"down": { "uv": [ 10.75, 13.0625, 11.25, 13.125 ], "texture": "#rgzx" },
				"up": { "uv": [ 11.25, 13.125, 11.75, 13.0625 ], "texture": "#rgzx" },
				"north": { "uv": [ 13.25, 13.6875, 12.75, 13.8125 ], "texture": "#rgzx" },
				"south": { "uv": [ 13.25, 13.6875, 13.75, 13.8125 ], "texture": "#rgzx" },
				"west": { "uv": [ 11.375, 9.875, 11.4375, 10 ], "texture": "#rgzx" },
				"east": { "uv": [ 11.4375, 10, 11.375, 10.125 ], "texture": "#rgzx" }
			}
		},
		{
			"__comment": "Voxels",
			"from": [ 17, 21.5, 11.25 ],
			"to": [ 19, 21.75, 12.25 ],
			"faces": {
				"down": { "uv": [ 13.3125, 14.6875, 13.8125, 14.9375 ], "texture": "#rgzx" },
				"up": { "uv": [ 12.8125, 14.9375, 13.3125, 14.6875 ], "texture": "#rgzx" },
				"north": { "uv": [ 11.625, 13.1875, 11.125, 13.25 ], "texture": "#rgzx" },
				"south": { "uv": [ 14.8125, 13.8125, 15.3125, 13.875 ], "texture": "#rgzx" },
				"west": { "uv": [ 11.125, 11.0625, 11.375, 11.125 ], "texture": "#rgzx" },
				"east": { "uv": [ 11.375, 10.75, 11.125, 10.8125 ], "texture": "#rgzx" }
			}
		},
		{
			"__comment": "Voxels",
			"from": [ 17, 21.75, 9.75 ],
			"to": [ 19, 22, 10 ],
			"faces": {
				"down": { "uv": [ 12.9375, 13.8125, 13.4375, 13.875 ], "texture": "#rgzx" },
				"up": { "uv": [ 14.9375, 14.375, 15.4375, 14.3125 ], "texture": "#rgzx" },
				"north": { "uv": [ 14.8125, 14.3125, 14.3125, 14.375 ], "texture": "#rgzx" },
				"south": { "uv": [ 11.4375, 14.5625, 11.9375, 14.625 ], "texture": "#rgzx" },
				"west": { "uv": [ 15.9375, 12.5, 16, 12.5625 ], "texture": "#rgzx" },
				"east": { "uv": [ 11.4375, 8, 11.375, 8.0625 ], "texture": "#rgzx" }
			}
		},
		{
			"__comment": "Voxels",
			"from": [ 17, 22, 10.25 ],
			"to": [ 19, 23.5, 10.75 ],
			"faces": {
				"down": { "uv": [ 13.75, 13.6875, 14.25, 13.8125 ], "texture": "#rgzx" },
				"up": { "uv": [ 14.25, 13.8125, 14.75, 13.6875 ], "texture": "#rgzx" },
				"north": { "uv": [ 9.4375, 14.5625, 8.9375, 14.9375 ], "texture": "#rgzx" },
				"south": { "uv": [ 9.4375, 14.5625, 9.9375, 14.9375 ], "texture": "#rgzx" },
				"west": { "uv": [ 10.25, 8.375, 10.375, 8.75 ], "texture": "#rgzx" },
				"east": { "uv": [ 9.9375, 8, 9.8125, 8.375 ], "texture": "#rgzx" }
			}
		},
		{
			"__comment": "Voxels",
			"from": [ 17, 28.5, 10.25 ],
			"to": [ 19, 29.25, 10.75 ],
			"faces": {
				"down": { "uv": [ 14.75, 13.6875, 15.25, 13.8125 ], "texture": "#rgzx" },
				"up": { "uv": [ 15.25, 13.8125, 15.75, 13.6875 ], "texture": "#rgzx" },
				"north": { "uv": [ 10.9375, 13.8125, 10.4375, 14 ], "texture": "#rgzx" },
				"south": { "uv": [ 10.9375, 13.8125, 11.4375, 14 ], "texture": "#rgzx" },
				"west": { "uv": [ 10.875, 12.6875, 11, 12.875 ], "texture": "#rgzx" },
				"east": { "uv": [ 11, 12.5, 10.875, 12.6875 ], "texture": "#rgzx" }
			}
		},
		{
			"__comment": "Voxels",
			"from": [ 17, 29, 10 ],
			"to": [ 19, 29.5, 10.25 ],
			"faces": {
				"down": { "uv": [ 13.625, 13.5, 14.125, 13.5625 ], "texture": "#rgzx" },
				"up": { "uv": [ 14.125, 13.5625, 14.625, 13.5 ], "texture": "#rgzx" },
				"north": { "uv": [ 14.125, 13.5625, 13.625, 13.6875 ], "texture": "#rgzx" },
				"south": { "uv": [ 14.125, 13.5625, 14.625, 13.6875 ], "texture": "#rgzx" },
				"west": { "uv": [ 11.375, 10.25, 11.4375, 10.375 ], "texture": "#rgzx" },
				"east": { "uv": [ 11.4375, 10.375, 11.375, 10.5 ], "texture": "#rgzx" }
			}
		},
		{
			"__comment": "Voxels",
			"from": [ 17, 29, 10.75 ],
			"to": [ 19, 29.5, 11 ],
			"faces": {
				"down": { "uv": [ 13.8125, 15.5, 14.3125, 15.5625 ], "texture": "#rgzx" },
				"up": { "uv": [ 10.9375, 14.625, 11.4375, 14.5625 ], "texture": "#rgzx" },
				"north": { "uv": [ 15.125, 13.5625, 14.625, 13.6875 ], "texture": "#rgzx" },
				"south": { "uv": [ 15.125, 13.5625, 15.625, 13.6875 ], "texture": "#rgzx" },
				"west": { "uv": [ 11.375, 10.5, 11.4375, 10.625 ], "texture": "#rgzx" },
				"east": { "uv": [ 11.4375, 10.625, 11.375, 10.75 ], "texture": "#rgzx" }
			}
		},
		{
			"__comment": "Voxels",
			"from": [ 17, 30, 10 ],
			"to": [ 19, 30.25, 11 ],
			"faces": {
				"down": { "uv": [ 14.3125, 14.6875, 14.8125, 14.9375 ], "texture": "#rgzx" },
				"up": { "uv": [ 14.9375, 15.1875, 15.4375, 14.9375 ], "texture": "#rgzx" },
				"north": { "uv": [ 14.0625, 13.8125, 13.5625, 13.875 ], "texture": "#rgzx" },
				"south": { "uv": [ 14.1875, 13.8125, 14.6875, 13.875 ], "texture": "#rgzx" },
				"west": { "uv": [ 11.125, 9.1875, 11.375, 9.25 ], "texture": "#rgzx" },
				"east": { "uv": [ 11.375, 9.125, 11.125, 9.1875 ], "texture": "#rgzx" }
			}
		},
		{
			"__comment": "Voxels",
			"from": [ 17, 30.25, 10.25 ],
			"to": [ 19, 30.5, 10.75 ],
			"faces": {
				"down": { "uv": [ 10.25, 13.375, 10.75, 13.5 ], "texture": "#rgzx" },
				"up": { "uv": [ 10.75, 13.5, 11.25, 13.375 ], "texture": "#rgzx" },
				"north": { "uv": [ 15.125, 13.5, 14.625, 13.5625 ], "texture": "#rgzx" },
				"south": { "uv": [ 15.125, 13.5, 15.625, 13.5625 ], "texture": "#rgzx" },
				"west": { "uv": [ 14.9375, 12.5, 15.0625, 12.5625 ], "texture": "#rgzx" },
				"east": { "uv": [ 14.9375, 12.5, 14.8125, 12.5625 ], "texture": "#rgzx" }
			}
		},
		{
			"__comment": "Voxels",
			"from": [ 17.25, -6, 10 ],
			"to": [ 18.75, 2.5, 10.25 ],
			"faces": {
				"down": { "uv": [ 4.25, 8, 4.625, 8.0625 ], "texture": "#rgzx" },
				"up": { "uv": [ 5, 8.0625, 5.375, 8 ], "texture": "#rgzx" },
				"north": { "uv": [ 3.875, 8.875, 3.5, 11 ], "texture": "#rgzx" },
				"south": { "uv": [ 3.875, 8.875, 4.25, 11 ], "texture": "#rgzx" },
				"west": { "uv": [ 8.3125, 9.375, 8.375, 11.5 ], "texture": "#rgzx" },
				"east": { "uv": [ 8.3125, 9.375, 8.25, 11.5 ], "texture": "#rgzx" }
			}
		},
		{
			"__comment": "Voxels",
			"from": [ 17.25, -6, 10.25 ],
			"to": [ 18.75, -2, 11 ],
			"faces": {
				"down": { "uv": [ 10.625, 13.5, 11, 13.6875 ], "texture": "#rgzx" },
				"up": { "uv": [ 11, 13.6875, 11.375, 13.5 ], "texture": "#rgzx" },
				"north": { "uv": [ 5, 9, 4.625, 10 ], "texture": "#rgzx" },
				"south": { "uv": [ 4.625, 10, 5, 11 ], "texture": "#rgzx" },
				"west": { "uv": [ 8.75, 14.1875, 8.9375, 15.1875 ], "texture": "#rgzx" },
				"east": { "uv": [ 8.9375, 13.1875, 8.75, 14.1875 ], "texture": "#rgzx" }
			}
		},
		{
			"__comment": "Voxels",
			"from": [ 17.25, -5.75, 9.75 ],
			"to": [ 18.75, 9.5, 10 ],
			"faces": {
				"down": { "uv": [ 5.375, 8, 5.75, 8.0625 ], "texture": "#rgzx" },
				"up": { "uv": [ 11.9375, 14.625, 12.3125, 14.5625 ], "texture": "#rgzx" },
				"north": { "uv": [ 5.375, 12.1875, 5, 16 ], "texture": "#rgzx" },
				"south": { "uv": [ 5.375, 12.1875, 5.75, 16 ], "texture": "#rgzx" },
				"west": { "uv": [ 8.5, 11.6875, 8.5625, 15.5 ], "texture": "#rgzx" },
				"east": { "uv": [ 8.625, 11.6875, 8.5625, 15.5 ], "texture": "#rgzx" }
			}
		},
		{
			"__comment": "Voxels",
			"from": [ 17.25, -5.75, 11 ],
			"to": [ 18.75, 9.5, 11.25 ],
			"faces": {
				"down": { "uv": [ 12.375, 14.5625, 12.75, 14.625 ], "texture": "#rgzx" },
				"up": { "uv": [ 15.625, 13.5625, 16, 13.5 ], "texture": "#rgzx" },
				"north": { "uv": [ 5.75, 8.375, 5.375, 12.1875 ], "texture": "#rgzx" },
				"south": { "uv": [ 5, 8.375, 5.375, 12.1875 ], "texture": "#rgzx" },
				"west": { "uv": [ 8.6875, 11.6875, 8.75, 15.5 ], "texture": "#rgzx" },
				"east": { "uv": [ 8.6875, 11.6875, 8.625, 15.5 ], "texture": "#rgzx" }
			}
		},
		{
			"__comment": "Voxels",
			"from": [ 17.25, -5.5, 9.5 ],
			"to": [ 18.75, 17.5, 9.75 ],
			"faces": {
				"down": { "uv": [ 15.625, 13.1875, 16, 13.25 ], "texture": "#rgzx" },
				"up": { "uv": [ 15.625, 13.1875, 16, 13.125 ], "texture": "#rgzx" },
				"north": { "uv": [ 1.75, 10.25, 1.375, 16 ], "texture": "#rgzx" },
				"south": { "uv": [ 1, 10.25, 1.375, 16 ], "texture": "#rgzx" },
				"west": { "uv": [ 7.625, 10.25, 7.6875, 16 ], "texture": "#rgzx" },
				"east": { "uv": [ 7.625, 10.25, 7.5625, 16 ], "texture": "#rgzx" }
			}
		},
		{
			"__comment": "Voxels",
			"from": [ 17.25, -5.5, 11.25 ],
			"to": [ 18.75, 17.5, 11.5 ],
			"faces": {
				"down": { "uv": [ 13.25, 13.0625, 13.625, 13.125 ], "texture": "#rgzx" },
				"up": { "uv": [ 13.625, 13.125, 14, 13.0625 ], "texture": "#rgzx" },
				"north": { "uv": [ 2.5, 10.25, 2.125, 16 ], "texture": "#rgzx" },
				"south": { "uv": [ 1.75, 10.25, 2.125, 16 ], "texture": "#rgzx" },
				"west": { "uv": [ 7.25, 10.25, 7.3125, 16 ], "texture": "#rgzx" },
				"east": { "uv": [ 8, 10.25, 7.9375, 16 ], "texture": "#rgzx" }
			}
		},
		{
			"__comment": "Voxels",
			"from": [ 17.25, -2.5, 9.25 ],
			"to": [ 18.75, 17.5, 9.5 ],
			"faces": {
				"down": { "uv": [ 14, 13.0625, 14.375, 13.125 ], "texture": "#rgzx" },
				"up": { "uv": [ 14.375, 13.125, 14.75, 13.0625 ], "texture": "#rgzx" },
				"north": { "uv": [ 3.875, 11, 3.5, 16 ], "texture": "#rgzx" },
				"south": { "uv": [ 4.25, 11, 4.625, 16 ], "texture": "#rgzx" },
				"west": { "uv": [ 8.0625, 10.5, 8.125, 15.5 ], "texture": "#rgzx" },
				"east": { "uv": [ 8.0625, 11, 8, 16 ], "texture": "#rgzx" }
			}
		},
		{
			"__comment": "Voxels",
			"from": [ 17.25, -2.5, 11.5 ],
			"to": [ 18.75, 17.5, 11.75 ],
			"faces": {
				"down": { "uv": [ 14.75, 13.0625, 15.125, 13.125 ], "texture": "#rgzx" },
				"up": { "uv": [ 15.125, 13.125, 15.5, 13.0625 ], "texture": "#rgzx" },
				"north": { "uv": [ 5, 11, 4.625, 16 ], "texture": "#rgzx" },
				"south": { "uv": [ 3.875, 11, 4.25, 16 ], "texture": "#rgzx" },
				"west": { "uv": [ 8.1875, 10.5, 8.25, 15.5 ], "texture": "#rgzx" },
				"east": { "uv": [ 8.1875, 10.5, 8.125, 15.5 ], "texture": "#rgzx" }
			}
		},
		{
			"__comment": "Voxels",
			"from": [ 17.25, -2, 10.75 ],
			"to": [ 18.75, 2.5, 11 ],
			"faces": {
				"down": { "uv": [ 15.5, 13.0625, 15.875, 13.125 ], "texture": "#rgzx" },
				"up": { "uv": [ 11, 13.0625, 11.375, 13 ], "texture": "#rgzx" },
				"north": { "uv": [ 4.625, 8.75, 4.25, 9.875 ], "texture": "#rgzx" },
				"south": { "uv": [ 4.25, 9.875, 4.625, 11 ], "texture": "#rgzx" },
				"west": { "uv": [ 8.25, 8.25, 8.3125, 9.375 ], "texture": "#rgzx" },
				"east": { "uv": [ 8.375, 8.25, 8.3125, 9.375 ], "texture": "#rgzx" }
			}
		},
		{
			"__comment": "Voxels",
			"from": [ 17.25, 3.5, 9 ],
			"to": [ 18.75, 18.25, 9.25 ],
			"faces": {
				"down": { "uv": [ 11.375, 13, 11.75, 13.0625 ], "texture": "#rgzx" },
				"up": { "uv": [ 11.75, 13.0625, 12.125, 13 ], "texture": "#rgzx" },
				"north": { "uv": [ 6.5, 12.3125, 6.125, 16 ], "texture": "#rgzx" },
				"south": { "uv": [ 5.75, 12.3125, 6.125, 16 ], "texture": "#rgzx" },
				"west": { "uv": [ 7.75, 8, 7.8125, 11.6875 ], "texture": "#rgzx" },
				"east": { "uv": [ 7.75, 8, 7.6875, 11.6875 ], "texture": "#rgzx" }
			}
		},
		{
			"__comment": "Voxels",
			"from": [ 17.25, 3.5, 11.75 ],
			"to": [ 18.75, 18.25, 12 ],
			"faces": {
				"down": { "uv": [ 12.125, 13, 12.5, 13.0625 ], "texture": "#rgzx" },
				"up": { "uv": [ 12.5, 13.0625, 12.875, 13 ], "texture": "#rgzx" },
				"north": { "uv": [ 6.5, 8.625, 6.125, 12.3125 ], "texture": "#rgzx" },
				"south": { "uv": [ 5.75, 8.625, 6.125, 12.3125 ], "texture": "#rgzx" },
				"west": { "uv": [ 7.8125, 8, 7.875, 11.6875 ], "texture": "#rgzx" },
				"east": { "uv": [ 7.9375, 8, 7.875, 11.6875 ], "texture": "#rgzx" }
			}
		},
		{
			"__comment": "Voxels",
			"from": [ 17.25, 9.5, 8.75 ],
			"to": [ 18.75, 18.25, 9 ],
			"faces": {
				"down": { "uv": [ 12.875, 13, 13.25, 13.0625 ], "texture": "#rgzx" },
				"up": { "uv": [ 13.25, 13.0625, 13.625, 13 ], "texture": "#rgzx" },
				"north": { "uv": [ 2.5, 8.0625, 2.125, 10.25 ], "texture": "#rgzx" },
				"south": { "uv": [ 1.75, 8.0625, 2.125, 10.25 ], "texture": "#rgzx" },
				"west": { "uv": [ 8.125, 8.3125, 8.1875, 10.5 ], "texture": "#rgzx" },
				"east": { "uv": [ 8.0625, 8.8125, 8, 11 ], "texture": "#rgzx" }
			}
		},
		{
			"__comment": "Voxels",
			"from": [ 17.25, 9.5, 12 ],
			"to": [ 18.75, 18.25, 12.25 ],
			"faces": {
				"down": { "uv": [ 13.625, 13, 14, 13.0625 ], "texture": "#rgzx" },
				"up": { "uv": [ 14, 13.0625, 14.375, 13 ], "texture": "#rgzx" },
				"north": { "uv": [ 1.75, 8.0625, 1.375, 10.25 ], "texture": "#rgzx" },
				"south": { "uv": [ 1, 8.0625, 1.375, 10.25 ], "texture": "#rgzx" },
				"west": { "uv": [ 8.1875, 8.3125, 8.25, 10.5 ], "texture": "#rgzx" },
				"east": { "uv": [ 8.125, 8.3125, 8.0625, 10.5 ], "texture": "#rgzx" }
			}
		},
		{
			"__comment": "Voxels",
			"from": [ 17.25, 15.5, 8.5 ],
			"to": [ 18.75, 18.25, 8.75 ],
			"faces": {
				"down": { "uv": [ 14.375, 13, 14.75, 13.0625 ], "texture": "#rgzx" },
				"up": { "uv": [ 14.75, 13.0625, 15.125, 13 ], "texture": "#rgzx" },
				"north": { "uv": [ 4.25, 8.1875, 3.875, 8.875 ], "texture": "#rgzx" },
				"south": { "uv": [ 4.625, 8.3125, 5, 9 ], "texture": "#rgzx" },
				"west": { "uv": [ 10.6875, 12.375, 10.75, 13.0625 ], "texture": "#rgzx" },
				"east": { "uv": [ 10.5625, 11.6875, 10.5, 12.375 ], "texture": "#rgzx" }
			}
		},
		{
			"__comment": "Voxels",
			"from": [ 17.25, 15.5, 12.25 ],
			"to": [ 18.75, 18.25, 12.5 ],
			"faces": {
				"down": { "uv": [ 15.125, 13, 15.5, 13.0625 ], "texture": "#rgzx" },
				"up": { "uv": [ 15.5, 13.0625, 15.875, 13 ], "texture": "#rgzx" },
				"north": { "uv": [ 3.875, 8.1875, 3.5, 8.875 ], "texture": "#rgzx" },
				"south": { "uv": [ 4.25, 8.0625, 4.625, 8.75 ], "texture": "#rgzx" },
				"west": { "uv": [ 10.5, 11, 10.5625, 11.6875 ], "texture": "#rgzx" },
				"east": { "uv": [ 10.5625, 12.375, 10.5, 13.0625 ], "texture": "#rgzx" }
			}
		},
		{
			"__comment": "Voxels",
			"from": [ 17.25, 18.75, 8.25 ],
			"to": [ 18.75, 20.75, 8.5 ],
			"faces": {
				"down": { "uv": [ 11, 12.9375, 11.375, 13 ], "texture": "#rgzx" },
				"up": { "uv": [ 11.375, 13, 11.75, 12.9375 ], "texture": "#rgzx" },
				"north": { "uv": [ 6.125, 8.125, 5.75, 8.625 ], "texture": "#rgzx" },
				"south": { "uv": [ 6.125, 8.125, 6.5, 8.625 ], "texture": "#rgzx" },
				"west": { "uv": [ 10.5, 10, 10.5625, 10.5 ], "texture": "#rgzx" },
				"east": { "uv": [ 10.625, 10, 10.5625, 10.5 ], "texture": "#rgzx" }
			}
		},
		{
			"__comment": "Voxels",
			"from": [ 17.25, 18.75, 12.5 ],
			"to": [ 18.75, 20.75, 12.75 ],
			"faces": {
				"down": { "uv": [ 11.75, 12.9375, 12.125, 13 ], "texture": "#rgzx" },
				"up": { "uv": [ 12.125, 13, 12.5, 12.9375 ], "texture": "#rgzx" },
				"north": { "uv": [ 9.5625, 14.0625, 9.1875, 14.5625 ], "texture": "#rgzx" },
				"south": { "uv": [ 9.1875, 13.5625, 9.5625, 14.0625 ], "texture": "#rgzx" },
				"west": { "uv": [ 10.625, 10, 10.6875, 10.5 ], "texture": "#rgzx" },
				"east": { "uv": [ 10.75, 10, 10.6875, 10.5 ], "texture": "#rgzx" }
			}
		},
		{
			"__comment": "Voxels",
			"from": [ 17.25, 20.75, 7.5 ],
			"to": [ 18.75, 21.5, 7.75 ],
			"faces": {
				"down": { "uv": [ 12.5, 12.9375, 12.875, 13 ], "texture": "#rgzx" },
				"up": { "uv": [ 12.875, 13, 13.25, 12.9375 ], "texture": "#rgzx" },
				"north": { "uv": [ 3.875, 8, 3.5, 8.1875 ], "texture": "#rgzx" },
				"south": { "uv": [ 13.25, 13.5, 13.625, 13.6875 ], "texture": "#rgzx" },
				"west": { "uv": [ 11.1875, 8.25, 11.25, 8.4375 ], "texture": "#rgzx" },
				"east": { "uv": [ 11.1875, 8.25, 11.125, 8.4375 ], "texture": "#rgzx" }
			}
		},
		{
			"__comment": "Voxels",
			"from": [ 17.25, 20.75, 13.25 ],
			"to": [ 18.75, 21.5, 13.5 ],
			"faces": {
				"down": { "uv": [ 13.25, 12.9375, 13.625, 13 ], "texture": "#rgzx" },
				"up": { "uv": [ 13.625, 13, 14, 12.9375 ], "texture": "#rgzx" },
				"north": { "uv": [ 15.8125, 13.8125, 15.4375, 14 ], "texture": "#rgzx" },
				"south": { "uv": [ 10.25, 13.5, 10.625, 13.6875 ], "texture": "#rgzx" },
				"west": { "uv": [ 11.0625, 8, 11.125, 8.1875 ], "texture": "#rgzx" },
				"east": { "uv": [ 11.0625, 8.1875, 11, 8.375 ], "texture": "#rgzx" }
			}
		},
		{
			"__comment": "Voxels",
			"from": [ 17.25, 21.5, 8.5 ],
			"to": [ 18.75, 22, 8.75 ],
			"faces": {
				"down": { "uv": [ 14, 12.9375, 14.375, 13 ], "texture": "#rgzx" },
				"up": { "uv": [ 14.375, 13, 14.75, 12.9375 ], "texture": "#rgzx" },
				"north": { "uv": [ 15.75, 13.25, 15.375, 13.375 ], "texture": "#rgzx" },
				"south": { "uv": [ 10.75, 13.125, 11.125, 13.25 ], "texture": "#rgzx" },
				"west": { "uv": [ 11.375, 10.75, 11.4375, 10.875 ], "texture": "#rgzx" },
				"east": { "uv": [ 11.4375, 10.875, 11.375, 11 ], "texture": "#rgzx" }
			}
		},
		{
			"__comment": "Voxels",
			"from": [ 17.25, 21.5, 12.25 ],
			"to": [ 18.75, 22, 12.5 ],
			"faces": {
				"down": { "uv": [ 14.75, 12.9375, 15.125, 13 ], "texture": "#rgzx" },
				"up": { "uv": [ 15.125, 13, 15.5, 12.9375 ], "texture": "#rgzx" },
				"north": { "uv": [ 6.125, 8, 5.75, 8.125 ], "texture": "#rgzx" },
				"south": { "uv": [ 6.125, 8, 6.5, 8.125 ], "texture": "#rgzx" },
				"west": { "uv": [ 11.375, 11, 11.4375, 11.125 ], "texture": "#rgzx" },
				"east": { "uv": [ 11.4375, 11.125, 11.375, 11.25 ], "texture": "#rgzx" }
			}
		},
		{
			"__comment": "Voxels",
			"from": [ 17.25, 21.75, 8.75 ],
			"to": [ 18.75, 22, 9.75 ],
			"faces": {
				"down": { "uv": [ 9.5625, 13.125, 9.9375, 13.375 ], "texture": "#rgzx" },
				"up": { "uv": [ 9.5625, 13.125, 9.9375, 12.875 ], "texture": "#rgzx" },
				"north": { "uv": [ 15.875, 12.9375, 15.5, 13 ], "texture": "#rgzx" },
				"south": { "uv": [ 11, 12.875, 11.375, 12.9375 ], "texture": "#rgzx" },
				"west": { "uv": [ 11.875, 12.6875, 12.125, 12.75 ], "texture": "#rgzx" },
				"east": { "uv": [ 12.375, 12.6875, 12.125, 12.75 ], "texture": "#rgzx" }
			}
		},
		{
			"__comment": "Voxels",
			"from": [ 17.25, 21.75, 11.25 ],
			"to": [ 18.75, 22.25, 11.5 ],
			"faces": {
				"down": { "uv": [ 11.375, 12.875, 11.75, 12.9375 ], "texture": "#rgzx" },
				"up": { "uv": [ 11.75, 12.9375, 12.125, 12.875 ], "texture": "#rgzx" },
				"north": { "uv": [ 14.375, 13.375, 14, 13.5 ], "texture": "#rgzx" },
				"south": { "uv": [ 14.375, 13.375, 14.75, 13.5 ], "texture": "#rgzx" },
				"west": { "uv": [ 11.375, 11.25, 11.4375, 11.375 ], "texture": "#rgzx" },
				"east": { "uv": [ 11.4375, 11.375, 11.375, 11.5 ], "texture": "#rgzx" }
			}
		},
		{
			"__comment": "Voxels",
			"from": [ 17.25, 21.75, 11.5 ],
			"to": [ 18.75, 22, 12.25 ],
			"faces": {
				"down": { "uv": [ 12.5, 13.5, 12.875, 13.6875 ], "texture": "#rgzx" },
				"up": { "uv": [ 12.875, 13.6875, 13.25, 13.5 ], "texture": "#rgzx" },
				"north": { "uv": [ 12.5, 12.875, 12.125, 12.9375 ], "texture": "#rgzx" },
				"south": { "uv": [ 12.5, 12.875, 12.875, 12.9375 ], "texture": "#rgzx" },
				"west": { "uv": [ 8.75, 8, 8.9375, 8.0625 ], "texture": "#rgzx" },
				"east": { "uv": [ 11.3125, 8.9375, 11.125, 9 ], "texture": "#rgzx" }
			}
		},
		{
			"__comment": "Voxels",
			"from": [ 17.25, 22, 9.5 ],
			"to": [ 18.75, 22.25, 10.25 ],
			"faces": {
				"down": { "uv": [ 12.125, 13.5, 12.5, 13.6875 ], "texture": "#rgzx" },
				"up": { "uv": [ 3.875, 8.1875, 4.25, 8 ], "texture": "#rgzx" },
				"north": { "uv": [ 13.25, 12.875, 12.875, 12.9375 ], "texture": "#rgzx" },
				"south": { "uv": [ 13.25, 12.875, 13.625, 12.9375 ], "texture": "#rgzx" },
				"west": { "uv": [ 11.125, 9, 11.3125, 9.0625 ], "texture": "#rgzx" },
				"east": { "uv": [ 16, 14.5625, 15.8125, 14.625 ], "texture": "#rgzx" }
			}
		},
		{
			"__comment": "Voxels",
			"from": [ 17.25, 22, 10.75 ],
			"to": [ 18.75, 23.75, 11 ],
			"faces": {
				"down": { "uv": [ 13.625, 12.875, 14, 12.9375 ], "texture": "#rgzx" },
				"up": { "uv": [ 14, 12.9375, 14.375, 12.875 ], "texture": "#rgzx" },
				"north": { "uv": [ 9.5625, 9.9375, 9.1875, 10.375 ], "texture": "#rgzx" },
				"south": { "uv": [ 9.1875, 10.375, 9.5625, 10.8125 ], "texture": "#rgzx" },
				"west": { "uv": [ 10.75, 10.1875, 10.8125, 10.625 ], "texture": "#rgzx" },
				"east": { "uv": [ 10.875, 10.625, 10.8125, 11.0625 ], "texture": "#rgzx" }
			}
		},
		{
			"__comment": "Voxels",
			"from": [ 17.25, 22, 11 ],
			"to": [ 18.75, 22.75, 11.25 ],
			"faces": {
				"down": { "uv": [ 14.375, 12.875, 14.75, 12.9375 ], "texture": "#rgzx" },
				"up": { "uv": [ 14.75, 12.9375, 15.125, 12.875 ], "texture": "#rgzx" },
				"north": { "uv": [ 11.75, 13.5, 11.375, 13.6875 ], "texture": "#rgzx" },
				"south": { "uv": [ 11.75, 13.5, 12.125, 13.6875 ], "texture": "#rgzx" },
				"west": { "uv": [ 11.0625, 8.375, 11.125, 8.5625 ], "texture": "#rgzx" },
				"east": { "uv": [ 11.0625, 8.375, 11, 8.5625 ], "texture": "#rgzx" }
			}
		},
		{
			"__comment": "Voxels",
			"from": [ 17.25, 22.25, 9.75 ],
			"to": [ 18.75, 22.75, 10.25 ],
			"faces": {
				"down": { "uv": [ 13.875, 13.25, 14.25, 13.375 ], "texture": "#rgzx" },
				"up": { "uv": [ 14.25, 13.375, 14.625, 13.25 ], "texture": "#rgzx" },
				"north": { "uv": [ 15, 13.25, 14.625, 13.375 ], "texture": "#rgzx" },
				"south": { "uv": [ 15, 13.25, 15.375, 13.375 ], "texture": "#rgzx" },
				"west": { "uv": [ 11, 12.125, 11.125, 12.25 ], "texture": "#rgzx" },
				"east": { "uv": [ 11.125, 12, 11, 12.125 ], "texture": "#rgzx" }
			}
		},
		{
			"__comment": "Voxels",
			"from": [ 17.25, 22.75, 10 ],
			"to": [ 18.75, 23.75, 10.25 ],
			"faces": {
				"down": { "uv": [ 15.125, 12.875, 15.5, 12.9375 ], "texture": "#rgzx" },
				"up": { "uv": [ 15.5, 12.9375, 15.875, 12.875 ], "texture": "#rgzx" },
				"north": { "uv": [ 9.5625, 8.875, 9.1875, 9.125 ], "texture": "#rgzx" },
				"south": { "uv": [ 9.1875, 8.625, 9.5625, 8.875 ], "texture": "#rgzx" },
				"west": { "uv": [ 15.9375, 14.3125, 16, 14.5625 ], "texture": "#rgzx" },
				"east": { "uv": [ 10.5, 9.75, 10.4375, 10 ], "texture": "#rgzx" }
			}
		},
		{
			"__comment": "Voxels",
			"from": [ 17.25, 23.5, 10.25 ],
			"to": [ 18.75, 23.75, 10.75 ],
			"faces": {
				"down": { "uv": [ 14.75, 13.375, 15.125, 13.5 ], "texture": "#rgzx" },
				"up": { "uv": [ 15.125, 13.5, 15.5, 13.375 ], "texture": "#rgzx" },
				"north": { "uv": [ 11.375, 12.8125, 11, 12.875 ], "texture": "#rgzx" },
				"south": { "uv": [ 11.375, 12.8125, 11.75, 12.875 ], "texture": "#rgzx" },
				"west": { "uv": [ 14.0625, 13.8125, 14.1875, 13.875 ], "texture": "#rgzx" },
				"east": { "uv": [ 13.5625, 13.8125, 13.4375, 13.875 ], "texture": "#rgzx" }
			}
		},
		{
			"__comment": "Voxels",
			"from": [ 17.25, 24.75, 10 ],
			"to": [ 18.75, 25.75, 11 ],
			"faces": {
				"down": { "uv": [ 9.5625, 11.75, 9.9375, 12 ], "texture": "#rgzx" },
				"up": { "uv": [ 9.5625, 11.375, 9.9375, 11.125 ], "texture": "#rgzx" },
				"north": { "uv": [ 9.9375, 12, 9.5625, 12.25 ], "texture": "#rgzx" },
				"south": { "uv": [ 9.5625, 12.25, 9.9375, 12.5 ], "texture": "#rgzx" },
				"west": { "uv": [ 10, 9.9375, 10.25, 10.1875 ], "texture": "#rgzx" },
				"east": { "uv": [ 10.25, 9.6875, 10, 9.9375 ], "texture": "#rgzx" }
			}
		},
		{
			"__comment": "Voxels",
			"from": [ 17.25, 26.5, 10 ],
			"to": [ 18.75, 27.5, 11 ],
			"faces": {
				"down": { "uv": [ 9.1875, 8.375, 9.5625, 8.625 ], "texture": "#rgzx" },
				"up": { "uv": [ 9.1875, 8.375, 9.5625, 8.125 ], "texture": "#rgzx" },
				"north": { "uv": [ 15.9375, 14.3125, 15.5625, 14.5625 ], "texture": "#rgzx" },
				"south": { "uv": [ 9.5625, 13.75, 9.9375, 14 ], "texture": "#rgzx" },
				"west": { "uv": [ 10.25, 11.625, 10.5, 11.875 ], "texture": "#rgzx" },
				"east": { "uv": [ 10.5, 11.375, 10.25, 11.625 ], "texture": "#rgzx" }
			}
		},
		{
			"__comment": "Voxels",
			"from": [ 17.25, 28.25, 10.25 ],
			"to": [ 18.75, 28.5, 10.75 ],
			"faces": {
				"down": { "uv": [ 9.1875, 8, 9.5625, 8.125 ], "texture": "#rgzx" },
				"up": { "uv": [ 15.625, 13.6875, 16, 13.5625 ], "texture": "#rgzx" },
				"north": { "uv": [ 12.125, 12.8125, 11.75, 12.875 ], "texture": "#rgzx" },
				"south": { "uv": [ 12.125, 12.8125, 12.5, 12.875 ], "texture": "#rgzx" },
				"west": { "uv": [ 12.4375, 12.4375, 12.5625, 12.5 ], "texture": "#rgzx" },
				"east": { "uv": [ 12.4375, 12.4375, 12.3125, 12.5 ], "texture": "#rgzx" }
			}
		},
		{
			"__comment": "Voxels",
			"from": [ 17.25, 28.5, 10 ],
			"to": [ 18.75, 29, 10.25 ],
			"faces": {
				"down": { "uv": [ 12.5, 12.8125, 12.875, 12.875 ], "texture": "#rgzx" },
				"up": { "uv": [ 12.875, 12.875, 13.25, 12.8125 ], "texture": "#rgzx" },
				"north": { "uv": [ 13.5, 13.25, 13.125, 13.375 ], "texture": "#rgzx" },
				"south": { "uv": [ 13.5, 13.25, 13.875, 13.375 ], "texture": "#rgzx" },
				"west": { "uv": [ 11.375, 9.75, 11.4375, 9.875 ], "texture": "#rgzx" },
				"east": { "uv": [ 11.25, 8.125, 11.1875, 8.25 ], "texture": "#rgzx" }
			}
		},
		{
			"__comment": "Voxels",
			"from": [ 17.25, 28.5, 10.75 ],
			"to": [ 18.75, 29, 11 ],
			"faces": {
				"down": { "uv": [ 13.25, 12.8125, 13.625, 12.875 ], "texture": "#rgzx" },
				"up": { "uv": [ 13.625, 12.875, 14, 12.8125 ], "texture": "#rgzx" },
				"north": { "uv": [ 15.875, 13.375, 15.5, 13.5 ], "texture": "#rgzx" },
				"south": { "uv": [ 10.5, 13.25, 10.875, 13.375 ], "texture": "#rgzx" },
				"west": { "uv": [ 11.375, 11.5, 11.4375, 11.625 ], "texture": "#rgzx" },
				"east": { "uv": [ 11.4375, 11.625, 11.375, 11.75 ], "texture": "#rgzx" }
			}
		},
		{
			"__comment": "Voxels",
			"from": [ 17.25, 29.25, 9.75 ],
			"to": [ 18.75, 30.5, 10 ],
			"faces": {
				"down": { "uv": [ 14, 12.8125, 14.375, 12.875 ], "texture": "#rgzx" },
				"up": { "uv": [ 14.375, 12.875, 14.75, 12.8125 ], "texture": "#rgzx" },
				"north": { "uv": [ 5, 8, 4.625, 8.3125 ], "texture": "#rgzx" },
				"south": { "uv": [ 5, 8.0625, 5.375, 8.375 ], "texture": "#rgzx" },
				"west": { "uv": [ 8.0625, 8, 8.125, 8.3125 ], "texture": "#rgzx" },
				"east": { "uv": [ 10.5, 11.0625, 10.4375, 11.375 ], "texture": "#rgzx" }
			}
		},
		{
			"__comment": "Voxels",
			"from": [ 17.25, 29.25, 11 ],
			"to": [ 18.75, 30.5, 11.25 ],
			"faces": {
				"down": { "uv": [ 14.75, 12.8125, 15.125, 12.875 ], "texture": "#rgzx" },
				"up": { "uv": [ 15.125, 12.875, 15.5, 12.8125 ], "texture": "#rgzx" },
				"north": { "uv": [ 16, 15.1875, 15.625, 15.5 ], "texture": "#rgzx" },
				"south": { "uv": [ 5.375, 8.0625, 5.75, 8.375 ], "texture": "#rgzx" },
				"west": { "uv": [ 8.125, 8, 8.1875, 8.3125 ], "texture": "#rgzx" },
				"east": { "uv": [ 8.25, 8, 8.1875, 8.3125 ], "texture": "#rgzx" }
			}
		},
		{
			"__comment": "Voxels",
			"from": [ 17.25, 30.25, 10 ],
			"to": [ 18.75, 30.5, 10.25 ],
			"faces": {
				"down": { "uv": [ 15.5, 12.8125, 15.875, 12.875 ], "texture": "#rgzx" },
				"up": { "uv": [ 11, 12.8125, 11.375, 12.75 ], "texture": "#rgzx" },
				"north": { "uv": [ 11.75, 12.75, 11.375, 12.8125 ], "texture": "#rgzx" },
				"south": { "uv": [ 11.75, 12.75, 12.125, 12.8125 ], "texture": "#rgzx" },
				"west": { "uv": [ 11.3125, 9, 11.375, 9.0625 ], "texture": "#rgzx" },
				"east": { "uv": [ 11.4375, 9.25, 11.375, 9.3125 ], "texture": "#rgzx" }
			}
		},
		{
			"__comment": "Voxels",
			"from": [ 17.25, 30.25, 10.75 ],
			"to": [ 18.75, 30.5, 11 ],
			"faces": {
				"down": { "uv": [ 12.125, 12.75, 12.5, 12.8125 ], "texture": "#rgzx" },
				"up": { "uv": [ 12.5, 12.8125, 12.875, 12.75 ], "texture": "#rgzx" },
				"north": { "uv": [ 1.375, 8, 1, 8.0625 ], "texture": "#rgzx" },
				"south": { "uv": [ 1.375, 8, 1.75, 8.0625 ], "texture": "#rgzx" },
				"west": { "uv": [ 10.9375, 8.125, 11, 8.1875 ], "texture": "#rgzx" },
				"east": { "uv": [ 11.125, 9.5, 11.0625, 9.5625 ], "texture": "#rgzx" }
			}
		},
		{
			"__comment": "Voxels",
			"from": [ 17.25, 30.5, 10.25 ],
			"to": [ 18.75, 30.75, 10.75 ],
			"faces": {
				"down": { "uv": [ 13.625, 13.375, 14, 13.5 ], "texture": "#rgzx" },
				"up": { "uv": [ 13.25, 13.5, 13.625, 13.375 ], "texture": "#rgzx" },
				"north": { "uv": [ 2.125, 8, 1.75, 8.0625 ], "texture": "#rgzx" },
				"south": { "uv": [ 2.125, 8, 2.5, 8.0625 ], "texture": "#rgzx" },
				"west": { "uv": [ 9.8125, 9, 9.9375, 9.0625 ], "texture": "#rgzx" },
				"east": { "uv": [ 15.5625, 14.3125, 15.4375, 14.375 ], "texture": "#rgzx" }
			}
		},
		{
			"__comment": "Voxels",
			"from": [ 17.5, -6.25, 10 ],
			"to": [ 18.5, -6, 11 ],
			"faces": {
				"down": { "uv": [ 10, 10.1875, 10.25, 10.4375 ], "texture": "#rgzx" },
				"up": { "uv": [ 10, 10.6875, 10.25, 10.4375 ], "texture": "#rgzx" },
				"north": { "uv": [ 11.375, 12.3125, 11.125, 12.375 ], "texture": "#rgzx" },
				"south": { "uv": [ 11.125, 12.25, 11.375, 12.3125 ], "texture": "#rgzx" },
				"west": { "uv": [ 11.125, 12.0625, 11.375, 12.125 ], "texture": "#rgzx" },
				"east": { "uv": [ 11.375, 12, 11.125, 12.0625 ], "texture": "#rgzx" }
			}
		},
		{
			"__comment": "Voxels",
			"from": [ 17.5, -6, 9.75 ],
			"to": [ 18.5, -5.75, 10 ],
			"faces": {
				"down": { "uv": [ 11.125, 11.9375, 11.375, 12 ], "texture": "#rgzx" },
				"up": { "uv": [ 11.125, 11.9375, 11.375, 11.875 ], "texture": "#rgzx" },
				"north": { "uv": [ 11.375, 11.8125, 11.125, 11.875 ], "texture": "#rgzx" },
				"south": { "uv": [ 11.125, 11.75, 11.375, 11.8125 ], "texture": "#rgzx" },
				"west": { "uv": [ 11.375, 8.3125, 11.4375, 8.375 ], "texture": "#rgzx" },
				"east": { "uv": [ 11.4375, 8.375, 11.375, 8.4375 ], "texture": "#rgzx" }
			}
		},
		{
			"__comment": "Voxels",
			"from": [ 17.5, -6, 11 ],
			"to": [ 18.5, -5.75, 11.25 ],
			"faces": {
				"down": { "uv": [ 11.125, 10.5625, 11.375, 10.625 ], "texture": "#rgzx" },
				"up": { "uv": [ 11.125, 10.5625, 11.375, 10.5 ], "texture": "#rgzx" },
				"north": { "uv": [ 11.375, 10.25, 11.125, 10.3125 ], "texture": "#rgzx" },
				"south": { "uv": [ 11.125, 10.1875, 11.375, 10.25 ], "texture": "#rgzx" },
				"west": { "uv": [ 11.375, 9.125, 11.4375, 9.1875 ], "texture": "#rgzx" },
				"east": { "uv": [ 16, 12.5625, 15.9375, 12.625 ], "texture": "#rgzx" }
			}
		},
		{
			"__comment": "Voxels",
			"from": [ 17.5, -5.75, 9.5 ],
			"to": [ 18.5, -5.5, 9.75 ],
			"faces": {
				"down": { "uv": [ 14.375, 12.625, 14.625, 12.6875 ], "texture": "#rgzx" },
				"up": { "uv": [ 14.625, 12.6875, 14.875, 12.625 ], "texture": "#rgzx" },
				"north": { "uv": [ 11.375, 9.5, 11.125, 9.5625 ], "texture": "#rgzx" },
				"south": { "uv": [ 14.125, 12.625, 14.375, 12.6875 ], "texture": "#rgzx" },
				"west": { "uv": [ 11.3125, 8.75, 11.375, 8.8125 ], "texture": "#rgzx" },
				"east": { "uv": [ 11.375, 8.625, 11.3125, 8.6875 ], "texture": "#rgzx" }
			}
		},
		{
			"__comment": "Voxels",
			"from": [ 17.5, -5.75, 11.25 ],
			"to": [ 18.5, -5.5, 11.5 ],
			"faces": {
				"down": { "uv": [ 13.875, 12.625, 14.125, 12.6875 ], "texture": "#rgzx" },
				"up": { "uv": [ 13.625, 12.6875, 13.875, 12.625 ], "texture": "#rgzx" },
				"north": { "uv": [ 13.125, 12.625, 12.875, 12.6875 ], "texture": "#rgzx" },
				"south": { "uv": [ 12.625, 12.625, 12.875, 12.6875 ], "texture": "#rgzx" },
				"west": { "uv": [ 11.375, 9.5625, 11.4375, 9.625 ], "texture": "#rgzx" },
				"east": { "uv": [ 11.4375, 9.5, 11.375, 9.5625 ], "texture": "#rgzx" }
			}
		},
		{
			"__comment": "Voxels",
			"from": [ 17.5, -5.25, 9.25 ],
			"to": [ 18.5, -2.5, 9.5 ],
			"faces": {
				"down": { "uv": [ 11.875, 12.625, 12.125, 12.6875 ], "texture": "#rgzx" },
				"up": { "uv": [ 11.625, 12.6875, 11.875, 12.625 ], "texture": "#rgzx" },
				"north": { "uv": [ 9.4375, 11.5, 9.1875, 12.1875 ], "texture": "#rgzx" },
				"south": { "uv": [ 9.1875, 10.8125, 9.4375, 11.5 ], "texture": "#rgzx" },
				"west": { "uv": [ 10.625, 11.6875, 10.6875, 12.375 ], "texture": "#rgzx" },
				"east": { "uv": [ 10.625, 11.6875, 10.5625, 12.375 ], "texture": "#rgzx" }
			}
		},
		{
			"__comment": "Voxels",
			"from": [ 17.5, -5.25, 11.5 ],
			"to": [ 18.5, -2.5, 11.75 ],
			"faces": {
				"down": { "uv": [ 11.375, 12.625, 11.625, 12.6875 ], "texture": "#rgzx" },
				"up": { "uv": [ 11.125, 12.6875, 11.375, 12.625 ], "texture": "#rgzx" },
				"north": { "uv": [ 9.4375, 12.875, 9.1875, 13.5625 ], "texture": "#rgzx" },
				"south": { "uv": [ 9.1875, 12.1875, 9.4375, 12.875 ], "texture": "#rgzx" },
				"west": { "uv": [ 10.6875, 11, 10.75, 11.6875 ], "texture": "#rgzx" },
				"east": { "uv": [ 10.6875, 11, 10.625, 11.6875 ], "texture": "#rgzx" }
			}
		},
		{
			"__comment": "Voxels",
			"from": [ 17.5, -2.25, 9 ],
			"to": [ 18.5, 3.5, 9.25 ],
			"faces": {
				"down": { "uv": [ 15.125, 12.6875, 15.375, 12.75 ], "texture": "#rgzx" },
				"up": { "uv": [ 14.875, 12.75, 15.125, 12.6875 ], "texture": "#rgzx" },
				"north": { "uv": [ 7.5625, 11.6875, 7.3125, 13.125 ], "texture": "#rgzx" },
				"south": { "uv": [ 7.3125, 10.25, 7.5625, 11.6875 ], "texture": "#rgzx" },
				"west": { "uv": [ 9.875, 9.3125, 9.9375, 10.75 ], "texture": "#rgzx" },
				"east": { "uv": [ 9.875, 9.3125, 9.8125, 10.75 ], "texture": "#rgzx" }
			}
		},
		{
			"__comment": "Voxels",
			"from": [ 17.5, -2.25, 11.75 ],
			"to": [ 18.5, 3.5, 12 ],
			"faces": {
				"down": { "uv": [ 14.625, 12.6875, 14.875, 12.75 ], "texture": "#rgzx" },
				"up": { "uv": [ 14.375, 12.75, 14.625, 12.6875 ], "texture": "#rgzx" },
				"north": { "uv": [ 7.9375, 14.5625, 7.6875, 16 ], "texture": "#rgzx" },
				"south": { "uv": [ 7.3125, 14.5625, 7.5625, 16 ], "texture": "#rgzx" },
				"west": { "uv": [ 8.875, 11.75, 8.9375, 13.1875 ], "texture": "#rgzx" },
				"east": { "uv": [ 8.75, 8.8125, 8.6875, 10.25 ], "texture": "#rgzx" }
			}
		},
		{
			"__comment": "Voxels",
			"from": [ 17.5, 3.75, 8.75 ],
			"to": [ 18.5, 9.5, 9 ],
			"faces": {
				"down": { "uv": [ 13.625, 12.6875, 13.875, 12.75 ], "texture": "#rgzx" },
				"up": { "uv": [ 13.375, 12.75, 13.625, 12.6875 ], "texture": "#rgzx" },
				"north": { "uv": [ 7.5625, 8.8125, 7.3125, 10.25 ], "texture": "#rgzx" },
				"south": { "uv": [ 7.6875, 13.125, 7.9375, 14.5625 ], "texture": "#rgzx" },
				"west": { "uv": [ 8.5, 8.8125, 8.5625, 10.25 ], "texture": "#rgzx" },
				"east": { "uv": [ 8.4375, 8.625, 8.375, 10.0625 ], "texture": "#rgzx" }
			}
		},
		{
			"__comment": "Voxels",
			"from": [ 17.5, 3.75, 12 ],
			"to": [ 18.5, 9.5, 12.25 ],
			"faces": {
				"down": { "uv": [ 15.375, 12.75, 15.625, 12.8125 ], "texture": "#rgzx" },
				"up": { "uv": [ 15.125, 12.8125, 15.375, 12.75 ], "texture": "#rgzx" },
				"north": { "uv": [ 7.9375, 11.6875, 7.6875, 13.125 ], "texture": "#rgzx" },
				"south": { "uv": [ 6.5, 10.0625, 6.75, 11.5 ], "texture": "#rgzx" },
				"west": { "uv": [ 9.625, 9.3125, 9.6875, 10.75 ], "texture": "#rgzx" },
				"east": { "uv": [ 9.625, 9.3125, 9.5625, 10.75 ], "texture": "#rgzx" }
			}
		},
		{
			"__comment": "Voxels",
			"from": [ 17.5, 9.75, 8.5 ],
			"to": [ 18.5, 15.5, 8.75 ],
			"faces": {
				"down": { "uv": [ 14.375, 12.75, 14.625, 12.8125 ], "texture": "#rgzx" },
				"up": { "uv": [ 14.125, 12.8125, 14.375, 12.75 ], "texture": "#rgzx" },
				"north": { "uv": [ 7.5625, 13.125, 7.3125, 14.5625 ], "texture": "#rgzx" },
				"south": { "uv": [ 6.5, 8.625, 6.75, 10.0625 ], "texture": "#rgzx" },
				"west": { "uv": [ 8.5, 10.25, 8.5625, 11.6875 ], "texture": "#rgzx" },
				"east": { "uv": [ 10, 9.5, 9.9375, 10.9375 ], "texture": "#rgzx" }
			}
		},
		{
			"__comment": "Voxels",
			"from": [ 17.5, 9.75, 12.25 ],
			"to": [ 18.5, 15.5, 12.5 ],
			"faces": {
				"down": { "uv": [ 11.125, 12.5625, 11.375, 12.625 ], "texture": "#rgzx" },
				"up": { "uv": [ 11.125, 9.125, 11.375, 9.0625 ], "texture": "#rgzx" },
				"north": { "uv": [ 7, 10.0625, 6.75, 11.5 ], "texture": "#rgzx" },
				"south": { "uv": [ 6.75, 8.625, 7, 10.0625 ], "texture": "#rgzx" },
				"west": { "uv": [ 8.625, 10.25, 8.6875, 11.6875 ], "texture": "#rgzx" },
				"east": { "uv": [ 8.4375, 10.0625, 8.375, 11.5 ], "texture": "#rgzx" }
			}
		},
		{
			"__comment": "Voxels",
			"from": [ 17.5, 15.75, 8.25 ],
			"to": [ 18.5, 18.75, 8.5 ],
			"faces": {
				"down": { "uv": [ 11.125, 9.25, 11.375, 9.3125 ], "texture": "#rgzx" },
				"up": { "uv": [ 11.125, 9.5, 11.375, 9.4375 ], "texture": "#rgzx" },
				"north": { "uv": [ 7.5625, 8.0625, 7.3125, 8.8125 ], "texture": "#rgzx" },
				"south": { "uv": [ 8.9375, 13.8125, 9.1875, 14.5625 ], "texture": "#rgzx" },
				"west": { "uv": [ 8.875, 8.125, 8.9375, 8.875 ], "texture": "#rgzx" },
				"east": { "uv": [ 10, 8.75, 9.9375, 9.5 ], "texture": "#rgzx" }
			}
		},
		{
			"__comment": "Voxels",
			"from": [ 17.5, 15.75, 12.5 ],
			"to": [ 18.5, 18.75, 12.75 ],
			"faces": {
				"down": { "uv": [ 11.125, 9.8125, 11.375, 9.875 ], "texture": "#rgzx" },
				"up": { "uv": [ 11.125, 9.9375, 11.375, 9.875 ], "texture": "#rgzx" },
				"north": { "uv": [ 9.1875, 13.0625, 8.9375, 13.8125 ], "texture": "#rgzx" },
				"south": { "uv": [ 8.9375, 12.3125, 9.1875, 13.0625 ], "texture": "#rgzx" },
				"west": { "uv": [ 9.9375, 8, 10, 8.75 ], "texture": "#rgzx" },
				"east": { "uv": [ 8.75, 8.0625, 8.6875, 8.8125 ], "texture": "#rgzx" }
			}
		},
		{
			"__comment": "Voxels",
			"from": [ 17.5, 19.25, 8 ],
			"to": [ 18.5, 20.75, 8.25 ],
			"faces": {
				"down": { "uv": [ 11.125, 11.625, 11.375, 11.6875 ], "texture": "#rgzx" },
				"up": { "uv": [ 11.125, 11.75, 11.375, 11.6875 ], "texture": "#rgzx" },
				"north": { "uv": [ 9.8125, 11.375, 9.5625, 11.75 ], "texture": "#rgzx" },
				"south": { "uv": [ 9.5625, 12.5, 9.8125, 12.875 ], "texture": "#rgzx" },
				"west": { "uv": [ 10.75, 9.8125, 10.8125, 10.1875 ], "texture": "#rgzx" },
				"east": { "uv": [ 10.875, 9.8125, 10.8125, 10.1875 ], "texture": "#rgzx" }
			}
		},
		{
			"__comment": "Voxels",
			"from": [ 17.5, 19.25, 12.75 ],
			"to": [ 18.5, 20.75, 13 ],
			"faces": {
				"down": { "uv": [ 15.125, 12.625, 15.375, 12.6875 ], "texture": "#rgzx" },
				"up": { "uv": [ 14.875, 12.6875, 15.125, 12.625 ], "texture": "#rgzx" },
				"north": { "uv": [ 9.8125, 13.375, 9.5625, 13.75 ], "texture": "#rgzx" },
				"south": { "uv": [ 9.5625, 10.75, 9.8125, 11.125 ], "texture": "#rgzx" },
				"west": { "uv": [ 10.75, 9.4375, 10.8125, 9.8125 ], "texture": "#rgzx" },
				"east": { "uv": [ 10.875, 9.4375, 10.8125, 9.8125 ], "texture": "#rgzx" }
			}
		},
		{
			"__comment": "Voxels",
			"from": [ 17.5, 20.75, 7.25 ],
			"to": [ 18.5, 21.5, 7.5 ],
			"faces": {
				"down": { "uv": [ 11.125, 12.5, 11.375, 12.5625 ], "texture": "#rgzx" },
				"up": { "uv": [ 11.125, 10.5, 11.375, 10.4375 ], "texture": "#rgzx" },
				"north": { "uv": [ 10.25, 8, 10, 8.1875 ], "texture": "#rgzx" },
				"south": { "uv": [ 10.25, 8.1875, 10.5, 8.375 ], "texture": "#rgzx" },
				"west": { "uv": [ 11, 9.3125, 11.0625, 9.5 ], "texture": "#rgzx" },
				"east": { "uv": [ 11.125, 9.3125, 11.0625, 9.5 ], "texture": "#rgzx" }
			}
		},
		{
			"__comment": "Voxels",
			"from": [ 17.5, 20.75, 13.5 ],
			"to": [ 18.5, 21.5, 13.75 ],
			"faces": {
				"down": { "uv": [ 7.3125, 8, 7.5625, 8.0625 ], "texture": "#rgzx" },
				"up": { "uv": [ 9.5625, 8.0625, 9.8125, 8 ], "texture": "#rgzx" },
				"north": { "uv": [ 10.5, 8, 10.25, 8.1875 ], "texture": "#rgzx" },
				"south": { "uv": [ 10.5, 13.0625, 10.75, 13.25 ], "texture": "#rgzx" },
				"west": { "uv": [ 11.0625, 9.125, 11.125, 9.3125 ], "texture": "#rgzx" },
				"east": { "uv": [ 11.0625, 8.9375, 11, 9.125 ], "texture": "#rgzx" }
			}
		},
		{
			"__comment": "Voxels",
			"from": [ 17.5, 21.5, 8 ],
			"to": [ 18.5, 22, 8.5 ],
			"faces": {
				"down": { "uv": [ 10.5, 9.625, 10.75, 9.75 ], "texture": "#rgzx" },
				"up": { "uv": [ 10.5, 9.375, 10.75, 9.25 ], "texture": "#rgzx" },
				"north": { "uv": [ 10.75, 9.5, 10.5, 9.625 ], "texture": "#rgzx" },
				"south": { "uv": [ 10.5, 9.375, 10.75, 9.5 ], "texture": "#rgzx" },
				"west": { "uv": [ 11, 12.625, 11.125, 12.75 ], "texture": "#rgzx" },
				"east": { "uv": [ 11.125, 12.5, 11, 12.625 ], "texture": "#rgzx" }
			}
		},
		{
			"__comment": "Voxels",
			"from": [ 17.5, 21.5, 12.5 ],
			"to": [ 18.5, 22, 13 ],
			"faces": {
				"down": { "uv": [ 10.5, 8.625, 10.75, 8.75 ], "texture": "#rgzx" },
				"up": { "uv": [ 10.5, 10.625, 10.75, 10.5 ], "texture": "#rgzx" },
				"north": { "uv": [ 10.75, 8, 10.5, 8.125 ], "texture": "#rgzx" },
				"south": { "uv": [ 15.75, 13.6875, 16, 13.8125 ], "texture": "#rgzx" },
				"west": { "uv": [ 11, 12.375, 11.125, 12.5 ], "texture": "#rgzx" },
				"east": { "uv": [ 11.125, 12.25, 11, 12.375 ], "texture": "#rgzx" }
			}
		},
		{
			"__comment": "Voxels",
			"from": [ 17.5, 22, 9.25 ],
			"to": [ 18.5, 22.25, 9.5 ],
			"faces": {
				"down": { "uv": [ 15.625, 12.75, 15.875, 12.8125 ], "texture": "#rgzx" },
				"up": { "uv": [ 11.125, 12.75, 11.375, 12.6875 ], "texture": "#rgzx" },
				"north": { "uv": [ 11.625, 12.6875, 11.375, 12.75 ], "texture": "#rgzx" },
				"south": { "uv": [ 11.625, 12.6875, 11.875, 12.75 ], "texture": "#rgzx" },
				"west": { "uv": [ 8.6875, 8, 8.75, 8.0625 ], "texture": "#rgzx" },
				"east": { "uv": [ 8.9375, 8.0625, 8.875, 8.125 ], "texture": "#rgzx" }
			}
		},
		{
			"__comment": "Voxels",
			"from": [ 17.5, 22, 11.5 ],
			"to": [ 18.5, 22.25, 11.75 ],
			"faces": {
				"down": { "uv": [ 12.375, 12.6875, 12.625, 12.75 ], "texture": "#rgzx" },
				"up": { "uv": [ 12.625, 12.75, 12.875, 12.6875 ], "texture": "#rgzx" },
				"north": { "uv": [ 13.125, 12.6875, 12.875, 12.75 ], "texture": "#rgzx" },
				"south": { "uv": [ 13.125, 12.6875, 13.375, 12.75 ], "texture": "#rgzx" },
				"west": { "uv": [ 12.3125, 14.5625, 12.375, 14.625 ], "texture": "#rgzx" },
				"east": { "uv": [ 12.8125, 14.5625, 12.75, 14.625 ], "texture": "#rgzx" }
			}
		},
		{
			"__comment": "Voxels",
			"from": [ 17.5, 22.75, 9.75 ],
			"to": [ 18.5, 23.25, 10 ],
			"faces": {
				"down": { "uv": [ 13.875, 12.6875, 14.125, 12.75 ], "texture": "#rgzx" },
				"up": { "uv": [ 14.125, 12.75, 14.375, 12.6875 ], "texture": "#rgzx" },
				"north": { "uv": [ 16, 13.25, 15.75, 13.375 ], "texture": "#rgzx" },
				"south": { "uv": [ 10.5, 10.875, 10.75, 11 ], "texture": "#rgzx" },
				"west": { "uv": [ 11.1875, 8, 11.25, 8.125 ], "texture": "#rgzx" },
				"east": { "uv": [ 11.3125, 8, 11.25, 8.125 ], "texture": "#rgzx" }
			}
		},
		{
			"__comment": "Voxels",
			"from": [ 17.5, 22.75, 11 ],
			"to": [ 18.5, 23.25, 11.25 ],
			"faces": {
				"down": { "uv": [ 15.375, 12.6875, 15.625, 12.75 ], "texture": "#rgzx" },
				"up": { "uv": [ 15.625, 12.75, 15.875, 12.6875 ], "texture": "#rgzx" },
				"north": { "uv": [ 10.75, 10.75, 10.5, 10.875 ], "texture": "#rgzx" },
				"south": { "uv": [ 10.5, 10.625, 10.75, 10.75 ], "texture": "#rgzx" },
				"west": { "uv": [ 11.375, 12.375, 11.4375, 12.5 ], "texture": "#rgzx" },
				"east": { "uv": [ 11.4375, 12.25, 11.375, 12.375 ], "texture": "#rgzx" }
			}
		},
		{
			"__comment": "Voxels",
			"from": [ 17.5, 23.75, 10 ],
			"to": [ 18.5, 24.75, 11 ],
			"faces": {
				"down": { "uv": [ 10.25, 12.875, 10.5, 13.125 ], "texture": "#rgzx" },
				"up": { "uv": [ 10.25, 13.375, 10.5, 13.125 ], "texture": "#rgzx" },
				"north": { "uv": [ 10.25, 8.1875, 10, 8.4375 ], "texture": "#rgzx" },
				"south": { "uv": [ 10, 8.4375, 10.25, 8.6875 ], "texture": "#rgzx" },
				"west": { "uv": [ 10, 8.6875, 10.25, 8.9375 ], "texture": "#rgzx" },
				"east": { "uv": [ 10.25, 8.9375, 10, 9.1875 ], "texture": "#rgzx" }
			}
		},
		{
			"__comment": "Voxels",
			"from": [ 17.5, 24.75, 9.75 ],
			"to": [ 18.5, 25.75, 10 ],
			"faces": {
				"down": { "uv": [ 12.125, 12.625, 12.375, 12.6875 ], "texture": "#rgzx" },
				"up": { "uv": [ 12.375, 12.6875, 12.625, 12.625 ], "texture": "#rgzx" },
				"north": { "uv": [ 10.25, 9.1875, 10, 9.4375 ], "texture": "#rgzx" },
				"south": { "uv": [ 10, 9.4375, 10.25, 9.6875 ], "texture": "#rgzx" },
				"west": { "uv": [ 10.4375, 9.5, 10.5, 9.75 ], "texture": "#rgzx" },
				"east": { "uv": [ 11, 8.1875, 10.9375, 8.4375 ], "texture": "#rgzx" }
			}
		},
		{
			"__comment": "Voxels",
			"from": [ 17.5, 24.75, 11 ],
			"to": [ 18.5, 25.75, 11.25 ],
			"faces": {
				"down": { "uv": [ 13.125, 12.625, 13.375, 12.6875 ], "texture": "#rgzx" },
				"up": { "uv": [ 13.375, 12.6875, 13.625, 12.625 ], "texture": "#rgzx" },
				"north": { "uv": [ 10.25, 12.9375, 10, 13.1875 ], "texture": "#rgzx" },
				"south": { "uv": [ 10, 12.6875, 10.25, 12.9375 ], "texture": "#rgzx" },
				"west": { "uv": [ 11, 11.75, 11.0625, 12 ], "texture": "#rgzx" },
				"east": { "uv": [ 11.125, 11.75, 11.0625, 12 ], "texture": "#rgzx" }
			}
		},
		{
			"__comment": "Voxels",
			"from": [ 17.5, 25.75, 10 ],
			"to": [ 18.5, 26.5, 11 ],
			"faces": {
				"down": { "uv": [ 10, 12.4375, 10.25, 12.6875 ], "texture": "#rgzx" },
				"up": { "uv": [ 10, 12.4375, 10.25, 12.1875 ], "texture": "#rgzx" },
				"north": { "uv": [ 10.5, 10.5625, 10.25, 10.75 ], "texture": "#rgzx" },
				"south": { "uv": [ 10.25, 10.375, 10.5, 10.5625 ], "texture": "#rgzx" },
				"west": { "uv": [ 10.25, 10.1875, 10.5, 10.375 ], "texture": "#rgzx" },
				"east": { "uv": [ 10.5, 10, 10.25, 10.1875 ], "texture": "#rgzx" }
			}
		},
		{
			"__comment": "Voxels",
			"from": [ 17.5, 26.5, 9.75 ],
			"to": [ 18.5, 27.5, 10 ],
			"faces": {
				"down": { "uv": [ 15.375, 12.625, 15.625, 12.6875 ], "texture": "#rgzx" },
				"up": { "uv": [ 15.625, 12.6875, 15.875, 12.625 ], "texture": "#rgzx" },
				"north": { "uv": [ 10.25, 11.9375, 10, 12.1875 ], "texture": "#rgzx" },
				"south": { "uv": [ 10, 11.6875, 10.25, 11.9375 ], "texture": "#rgzx" },
				"west": { "uv": [ 11, 11.5, 11.0625, 11.75 ], "texture": "#rgzx" },
				"east": { "uv": [ 11.125, 11.5, 11.0625, 11.75 ], "texture": "#rgzx" }
			}
		},
		{
			"__comment": "Voxels",
			"from": [ 17.5, 26.5, 11 ],
			"to": [ 18.5, 27.5, 11.25 ],
			"faces": {
				"down": { "uv": [ 11.125, 12.4375, 11.375, 12.5 ], "texture": "#rgzx" },
				"up": { "uv": [ 11.125, 12.4375, 11.375, 12.375 ], "texture": "#rgzx" },
				"north": { "uv": [ 10.25, 11.4375, 10, 11.6875 ], "texture": "#rgzx" },
				"south": { "uv": [ 10, 11.1875, 10.25, 11.4375 ], "texture": "#rgzx" },
				"west": { "uv": [ 11, 11.25, 11.0625, 11.5 ], "texture": "#rgzx" },
				"east": { "uv": [ 11.125, 11.25, 11.0625, 11.5 ], "texture": "#rgzx" }
			}
		},
		{
			"__comment": "Voxels",
			"from": [ 17.5, 27.5, 10 ],
			"to": [ 18.5, 28.5, 10.25 ],
			"faces": {
				"down": { "uv": [ 11.125, 12.1875, 11.375, 12.25 ], "texture": "#rgzx" },
				"up": { "uv": [ 11.125, 12.1875, 11.375, 12.125 ], "texture": "#rgzx" },
				"north": { "uv": [ 10.25, 10.9375, 10, 11.1875 ], "texture": "#rgzx" },
				"south": { "uv": [ 10, 10.6875, 10.25, 10.9375 ], "texture": "#rgzx" },
				"west": { "uv": [ 11, 11, 11.0625, 11.25 ], "texture": "#rgzx" },
				"east": { "uv": [ 11.125, 11, 11.0625, 11.25 ], "texture": "#rgzx" }
			}
		},
		{
			"__comment": "Voxels",
			"from": [ 17.5, 27.5, 10.25 ],
			"to": [ 18.5, 28.25, 11 ],
			"faces": {
				"down": { "uv": [ 10.25, 9.3125, 10.5, 9.5 ], "texture": "#rgzx" },
				"up": { "uv": [ 10.25, 9.3125, 10.5, 9.125 ], "texture": "#rgzx" },
				"north": { "uv": [ 10.5, 8.9375, 10.25, 9.125 ], "texture": "#rgzx" },
				"south": { "uv": [ 10.25, 8.75, 10.5, 8.9375 ], "texture": "#rgzx" },
				"west": { "uv": [ 15.8125, 15.5, 16, 15.6875 ], "texture": "#rgzx" },
				"east": { "uv": [ 16, 13.8125, 15.8125, 14 ], "texture": "#rgzx" }
			}
		},
		{
			"__comment": "Voxels",
			"from": [ 17.5, 28.25, 10.75 ],
			"to": [ 18.5, 28.5, 11 ],
			"faces": {
				"down": { "uv": [ 11.125, 11.5625, 11.375, 11.625 ], "texture": "#rgzx" },
				"up": { "uv": [ 11.125, 11.5625, 11.375, 11.5 ], "texture": "#rgzx" },
				"north": { "uv": [ 11.375, 11.4375, 11.125, 11.5 ], "texture": "#rgzx" },
				"south": { "uv": [ 11.125, 11.375, 11.375, 11.4375 ], "texture": "#rgzx" },
				"west": { "uv": [ 11.375, 8.6875, 11.4375, 8.75 ], "texture": "#rgzx" },
				"east": { "uv": [ 11.4375, 8.75, 11.375, 8.8125 ], "texture": "#rgzx" }
			}
		},
		{
			"__comment": "Voxels",
			"from": [ 17.5, 29, 9.75 ],
			"to": [ 18.5, 29.25, 10 ],
			"faces": {
				"down": { "uv": [ 11.125, 11.3125, 11.375, 11.375 ], "texture": "#rgzx" },
				"up": { "uv": [ 11.125, 11.3125, 11.375, 11.25 ], "texture": "#rgzx" },
				"north": { "uv": [ 11.375, 11.1875, 11.125, 11.25 ], "texture": "#rgzx" },
				"south": { "uv": [ 11.125, 11.125, 11.375, 11.1875 ], "texture": "#rgzx" },
				"west": { "uv": [ 11.375, 9, 11.4375, 9.0625 ], "texture": "#rgzx" },
				"east": { "uv": [ 11.4375, 9.1875, 11.375, 9.25 ], "texture": "#rgzx" }
			}
		},
		{
			"__comment": "Voxels",
			"from": [ 17.5, 29, 11 ],
			"to": [ 18.5, 29.25, 11.25 ],
			"faces": {
				"down": { "uv": [ 11.125, 11, 11.375, 11.0625 ], "texture": "#rgzx" },
				"up": { "uv": [ 11.125, 11, 11.375, 10.9375 ], "texture": "#rgzx" },
				"north": { "uv": [ 11.375, 10.875, 11.125, 10.9375 ], "texture": "#rgzx" },
				"south": { "uv": [ 11.125, 10.8125, 11.375, 10.875 ], "texture": "#rgzx" },
				"west": { "uv": [ 11.375, 9.3125, 11.4375, 9.375 ], "texture": "#rgzx" },
				"east": { "uv": [ 11.4375, 9.375, 11.375, 9.4375 ], "texture": "#rgzx" }
			}
		},
		{
			"__comment": "Voxels",
			"from": [ 17.5, 29.25, 9.5 ],
			"to": [ 18.5, 30.5, 9.75 ],
			"faces": {
				"down": { "uv": [ 11.125, 10.6875, 11.375, 10.75 ], "texture": "#rgzx" },
				"up": { "uv": [ 11.125, 10.6875, 11.375, 10.625 ], "texture": "#rgzx" },
				"north": { "uv": [ 9.8125, 9, 9.5625, 9.3125 ], "texture": "#rgzx" },
				"south": { "uv": [ 9.5625, 8.6875, 9.8125, 9 ], "texture": "#rgzx" },
				"west": { "uv": [ 10.4375, 10.75, 10.5, 11.0625 ], "texture": "#rgzx" },
				"east": { "uv": [ 10.9375, 8.4375, 10.875, 8.75 ], "texture": "#rgzx" }
			}
		},
		{
			"__comment": "Voxels",
			"from": [ 17.5, 29.25, 11.25 ],
			"to": [ 18.5, 30.5, 11.5 ],
			"faces": {
				"down": { "uv": [ 11.125, 10.375, 11.375, 10.4375 ], "texture": "#rgzx" },
				"up": { "uv": [ 11.125, 10.375, 11.375, 10.3125 ], "texture": "#rgzx" },
				"north": { "uv": [ 9.8125, 8.0625, 9.5625, 8.375 ], "texture": "#rgzx" },
				"south": { "uv": [ 9.5625, 8.375, 9.8125, 8.6875 ], "texture": "#rgzx" },
				"west": { "uv": [ 10.9375, 8.4375, 11, 8.75 ], "texture": "#rgzx" },
				"east": { "uv": [ 10.9375, 8.125, 10.875, 8.4375 ], "texture": "#rgzx" }
			}
		},
		{
			"__comment": "Voxels",
			"from": [ 17.5, 30.5, 10 ],
			"to": [ 18.5, 30.75, 10.25 ],
			"faces": {
				"down": { "uv": [ 11.125, 10.125, 11.375, 10.1875 ], "texture": "#rgzx" },
				"up": { "uv": [ 11.125, 10.125, 11.375, 10.0625 ], "texture": "#rgzx" },
				"north": { "uv": [ 11.375, 10, 11.125, 10.0625 ], "texture": "#rgzx" },
				"south": { "uv": [ 11.125, 9.9375, 11.375, 10 ], "texture": "#rgzx" },
				"west": { "uv": [ 11.375, 8.4375, 11.4375, 8.5 ], "texture": "#rgzx" },
				"east": { "uv": [ 11.4375, 8.625, 11.375, 8.6875 ], "texture": "#rgzx" }
			}
		},
		{
			"__comment": "Voxels",
			"from": [ 17.5, 30.5, 10.75 ],
			"to": [ 18.5, 30.75, 11 ],
			"faces": {
				"down": { "uv": [ 11.125, 9.75, 11.375, 9.8125 ], "texture": "#rgzx" },
				"up": { "uv": [ 11.125, 9.75, 11.375, 9.6875 ], "texture": "#rgzx" },
				"north": { "uv": [ 11.375, 9.625, 11.125, 9.6875 ], "texture": "#rgzx" },
				"south": { "uv": [ 11.125, 9.5625, 11.375, 9.625 ], "texture": "#rgzx" },
				"west": { "uv": [ 11.375, 9.0625, 11.4375, 9.125 ], "texture": "#rgzx" },
				"east": { "uv": [ 11.375, 8.5625, 11.3125, 8.625 ], "texture": "#rgzx" }
			}
		},
		{
			"__comment": "Voxels",
			"from": [ 17.75, -6.5, 10 ],
			"to": [ 18.25, -6.25, 11 ],
			"faces": {
				"down": { "uv": [ 10.5, 8.125, 10.625, 8.375 ], "texture": "#rgzx" },
				"up": { "uv": [ 10.75, 11.3125, 10.875, 11.0625 ], "texture": "#rgzx" },
				"north": { "uv": [ 11.8125, 12.4375, 11.6875, 12.5 ], "texture": "#rgzx" },
				"south": { "uv": [ 11.5625, 12.4375, 11.6875, 12.5 ], "texture": "#rgzx" },
				"west": { "uv": [ 11.125, 9.375, 11.375, 9.4375 ], "texture": "#rgzx" },
				"east": { "uv": [ 11.375, 9.3125, 11.125, 9.375 ], "texture": "#rgzx" }
			}
		},
		{
			"__comment": "Voxels",
			"from": [ 17.75, -6.25, 9.75 ],
			"to": [ 18.25, -6, 10 ],
			"faces": {
				"down": { "uv": [ 11.4375, 12.4375, 11.5625, 12.5 ], "texture": "#rgzx" },
				"up": { "uv": [ 15.5625, 12.5625, 15.6875, 12.5 ], "texture": "#rgzx" },
				"north": { "uv": [ 15.5625, 12.5, 15.4375, 12.5625 ], "texture": "#rgzx" },
				"south": { "uv": [ 15.0625, 12.5, 15.1875, 12.5625 ], "texture": "#rgzx" },
				"west": { "uv": [ 11.375, 8.0625, 11.4375, 8.125 ], "texture": "#rgzx" },
				"east": { "uv": [ 11.4375, 8.25, 11.375, 8.3125 ], "texture": "#rgzx" }
			}
		},
		{
			"__comment": "Voxels",
			"from": [ 17.75, -6.25, 11 ],
			"to": [ 18.25, -6, 11.25 ],
			"faces": {
				"down": { "uv": [ 14.4375, 12.5, 14.5625, 12.5625 ], "texture": "#rgzx" },
				"up": { "uv": [ 13.8125, 12.5625, 13.9375, 12.5 ], "texture": "#rgzx" },
				"north": { "uv": [ 13.8125, 12.5, 13.6875, 12.5625 ], "texture": "#rgzx" },
				"south": { "uv": [ 13.5625, 12.5, 13.6875, 12.5625 ], "texture": "#rgzx" },
				"west": { "uv": [ 11.375, 8.8125, 11.4375, 8.875 ], "texture": "#rgzx" },
				"east": { "uv": [ 11.4375, 9.4375, 11.375, 9.5 ], "texture": "#rgzx" }
			}
		},
		{
			"__comment": "Voxels",
			"from": [ 17.75, -6, 9.5 ],
			"to": [ 18.25, -5.75, 9.75 ],
			"faces": {
				"down": { "uv": [ 12.5625, 12.5, 12.6875, 12.5625 ], "texture": "#rgzx" },
				"up": { "uv": [ 11.9375, 12.5625, 12.0625, 12.5 ], "texture": "#rgzx" },
				"north": { "uv": [ 11.9375, 12.5, 11.8125, 12.5625 ], "texture": "#rgzx" },
				"south": { "uv": [ 14.4375, 12.5625, 14.5625, 12.625 ], "texture": "#rgzx" },
				"west": { "uv": [ 11.375, 9.6875, 11.4375, 9.75 ], "texture": "#rgzx" },
				"east": { "uv": [ 11.375, 8.5, 11.3125, 8.5625 ], "texture": "#rgzx" }
			}
		},
		{
			"__comment": "Voxels",
			"from": [ 17.75, -6, 11.25 ],
			"to": [ 18.25, -5.75, 11.5 ],
			"faces": {
				"down": { "uv": [ 13.5625, 12.5625, 13.6875, 12.625 ], "texture": "#rgzx" },
				"up": { "uv": [ 13.4375, 12.625, 13.5625, 12.5625 ], "texture": "#rgzx" },
				"north": { "uv": [ 13.4375, 12.5625, 13.3125, 12.625 ], "texture": "#rgzx" },
				"south": { "uv": [ 12.4375, 12.5625, 12.5625, 12.625 ], "texture": "#rgzx" },
				"west": { "uv": [ 11.3125, 8.6875, 11.375, 8.75 ], "texture": "#rgzx" },
				"east": { "uv": [ 11.375, 8.8125, 11.3125, 8.875 ], "texture": "#rgzx" }
			}
		},
		{
			"__comment": "Voxels",
			"from": [ 17.75, -5.5, 9.25 ],
			"to": [ 18.25, -5.25, 9.5 ],
			"faces": {
				"down": { "uv": [ 11.25, 8.25, 11.375, 8.3125 ], "texture": "#rgzx" },
				"up": { "uv": [ 15.875, 12.8125, 16, 12.75 ], "texture": "#rgzx" },
				"north": { "uv": [ 16, 12.8125, 15.875, 12.875 ], "texture": "#rgzx" },
				"south": { "uv": [ 15.875, 12.875, 16, 12.9375 ], "texture": "#rgzx" },
				"west": { "uv": [ 11.3125, 8.875, 11.375, 8.9375 ], "texture": "#rgzx" },
				"east": { "uv": [ 11.375, 8.9375, 11.3125, 9 ], "texture": "#rgzx" }
			}
		},
		{
			"__comment": "Voxels",
			"from": [ 17.75, -5.5, 11.5 ],
			"to": [ 18.25, -5.25, 11.75 ],
			"faces": {
				"down": { "uv": [ 14.6875, 13.8125, 14.8125, 13.875 ], "texture": "#rgzx" },
				"up": { "uv": [ 14.3125, 12.5625, 14.4375, 12.5 ], "texture": "#rgzx" },
				"north": { "uv": [ 14.3125, 12.5, 14.1875, 12.5625 ], "texture": "#rgzx" },
				"south": { "uv": [ 15.4375, 12.5625, 15.5625, 12.625 ], "texture": "#rgzx" },
				"west": { "uv": [ 11.375, 9.625, 11.4375, 9.6875 ], "texture": "#rgzx" },
				"east": { "uv": [ 11.375, 8.4375, 11.3125, 8.5 ], "texture": "#rgzx" }
			}
		},
		{
			"__comment": "Voxels",
			"from": [ 17.75, -5, 9 ],
			"to": [ 18.25, -2.25, 9.25 ],
			"faces": {
				"down": { "uv": [ 14.0625, 12.5625, 14.1875, 12.625 ], "texture": "#rgzx" },
				"up": { "uv": [ 11.5625, 12.625, 11.6875, 12.5625 ], "texture": "#rgzx" },
				"north": { "uv": [ 9.5625, 12.1875, 9.4375, 12.875 ], "texture": "#rgzx" },
				"south": { "uv": [ 9.4375, 11.5, 9.5625, 12.1875 ], "texture": "#rgzx" },
				"west": { "uv": [ 10.6875, 11.6875, 10.75, 12.375 ], "texture": "#rgzx" },
				"east": { "uv": [ 10.625, 11, 10.5625, 11.6875 ], "texture": "#rgzx" }
			}
		},
		{
			"__comment": "Voxels",
			"from": [ 17.75, -5, 11.75 ],
			"to": [ 18.25, -2.25, 12 ],
			"faces": {
				"down": { "uv": [ 11.6875, 12.5625, 11.8125, 12.625 ], "texture": "#rgzx" },
				"up": { "uv": [ 12.0625, 12.625, 12.1875, 12.5625 ], "texture": "#rgzx" },
				"north": { "uv": [ 9.5625, 10.8125, 9.4375, 11.5 ], "texture": "#rgzx" },
				"south": { "uv": [ 9.4375, 12.875, 9.5625, 13.5625 ], "texture": "#rgzx" },
				"west": { "uv": [ 10.5625, 12.375, 10.625, 13.0625 ], "texture": "#rgzx" },
				"east": { "uv": [ 10.6875, 12.375, 10.625, 13.0625 ], "texture": "#rgzx" }
			}
		},
		{
			"__comment": "Voxels",
			"from": [ 17.75, -2, 8.75 ],
			"to": [ 18.25, 3.75, 9 ],
			"faces": {
				"down": { "uv": [ 14.8125, 12.5625, 14.9375, 12.625 ], "texture": "#rgzx" },
				"up": { "uv": [ 14.9375, 12.625, 15.0625, 12.5625 ], "texture": "#rgzx" },
				"north": { "uv": [ 9.1875, 10.875, 9.0625, 12.3125 ], "texture": "#rgzx" },
				"south": { "uv": [ 8.9375, 10.875, 9.0625, 12.3125 ], "texture": "#rgzx" },
				"west": { "uv": [ 8.4375, 10.0625, 8.5, 11.5 ], "texture": "#rgzx" },
				"east": { "uv": [ 8.5, 8.625, 8.4375, 10.0625 ], "texture": "#rgzx" }
			}
		},
		{
			"__comment": "Voxels",
			"from": [ 17.75, -2, 12 ],
			"to": [ 18.25, 3.75, 12.25 ],
			"faces": {
				"down": { "uv": [ 11.5625, 12.5, 11.6875, 12.5625 ], "texture": "#rgzx" },
				"up": { "uv": [ 11.6875, 12.5625, 11.8125, 12.5 ], "texture": "#rgzx" },
				"north": { "uv": [ 7.125, 8, 7, 9.4375 ], "texture": "#rgzx" },
				"south": { "uv": [ 7, 9.4375, 7.125, 10.875 ], "texture": "#rgzx" },
				"west": { "uv": [ 8.5625, 10.25, 8.625, 11.6875 ], "texture": "#rgzx" },
				"east": { "uv": [ 8.625, 8.8125, 8.5625, 10.25 ], "texture": "#rgzx" }
			}
		},
		{
			"__comment": "Voxels",
			"from": [ 17.75, 4, 8.5 ],
			"to": [ 18.25, 9.75, 8.75 ],
			"faces": {
				"down": { "uv": [ 12.8125, 12.4375, 12.9375, 12.5 ], "texture": "#rgzx" },
				"up": { "uv": [ 12.9375, 12.5, 13.0625, 12.4375 ], "texture": "#rgzx" },
				"north": { "uv": [ 9.1875, 9.4375, 9.0625, 10.875 ], "texture": "#rgzx" },
				"south": { "uv": [ 7.125, 9.4375, 7.25, 10.875 ], "texture": "#rgzx" },
				"west": { "uv": [ 8.625, 8.8125, 8.6875, 10.25 ], "texture": "#rgzx" },
				"east": { "uv": [ 8.75, 10.25, 8.6875, 11.6875 ], "texture": "#rgzx" }
			}
		},
		{
			"__comment": "Voxels",
			"from": [ 17.75, 4, 12.25 ],
			"to": [ 18.25, 9.75, 12.5 ],
			"faces": {
				"down": { "uv": [ 15.875, 13.0625, 16, 13.125 ], "texture": "#rgzx" },
				"up": { "uv": [ 15.875, 13.0625, 16, 13 ], "texture": "#rgzx" },
				"north": { "uv": [ 7.25, 8, 7.125, 9.4375 ], "texture": "#rgzx" },
				"south": { "uv": [ 8.75, 11.75, 8.875, 13.1875 ], "texture": "#rgzx" },
				"west": { "uv": [ 8.875, 10.3125, 8.9375, 11.75 ], "texture": "#rgzx" },
				"east": { "uv": [ 8.9375, 8.875, 8.875, 10.3125 ], "texture": "#rgzx" }
			}
		},
		{
			"__comment": "Voxels",
			"from": [ 17.75, 10, 8.25 ],
			"to": [ 18.25, 15.75, 8.5 ],
			"faces": {
				"down": { "uv": [ 15.875, 12.6875, 16, 12.75 ], "texture": "#rgzx" },
				"up": { "uv": [ 15.875, 12.6875, 16, 12.625 ], "texture": "#rgzx" },
				"north": { "uv": [ 9.0625, 8, 8.9375, 9.4375 ], "texture": "#rgzx" },
				"south": { "uv": [ 8.75, 8.875, 8.875, 10.3125 ], "texture": "#rgzx" },
				"west": { "uv": [ 9.6875, 9.3125, 9.75, 10.75 ], "texture": "#rgzx" },
				"east": { "uv": [ 9.8125, 9.3125, 9.75, 10.75 ], "texture": "#rgzx" }
			}
		},
		{
			"__comment": "Voxels",
			"from": [ 17.75, 10, 12.5 ],
			"to": [ 18.25, 15.75, 12.75 ],
			"faces": {
				"down": { "uv": [ 11.8125, 12.5625, 11.9375, 12.625 ], "texture": "#rgzx" },
				"up": { "uv": [ 11.9375, 12.625, 12.0625, 12.5625 ], "texture": "#rgzx" },
				"north": { "uv": [ 9.0625, 9.4375, 8.9375, 10.875 ], "texture": "#rgzx" },
				"south": { "uv": [ 8.75, 10.3125, 8.875, 11.75 ], "texture": "#rgzx" },
				"west": { "uv": [ 9.9375, 12.375, 10, 13.8125 ], "texture": "#rgzx" },
				"east": { "uv": [ 10, 10.9375, 9.9375, 12.375 ], "texture": "#rgzx" }
			}
		},
		{
			"__comment": "Voxels",
			"from": [ 17.75, 16, 8 ],
			"to": [ 18.25, 19.25, 8.25 ],
			"faces": {
				"down": { "uv": [ 12.5625, 12.5625, 12.6875, 12.625 ], "texture": "#rgzx" },
				"up": { "uv": [ 12.6875, 12.625, 12.8125, 12.5625 ], "texture": "#rgzx" },
				"north": { "uv": [ 9.1875, 8.625, 9.0625, 9.4375 ], "texture": "#rgzx" },
				"south": { "uv": [ 9.1875, 9.125, 9.3125, 9.9375 ], "texture": "#rgzx" },
				"west": { "uv": [ 8.5, 8, 8.5625, 8.8125 ], "texture": "#rgzx" },
				"east": { "uv": [ 8.6875, 8, 8.625, 8.8125 ], "texture": "#rgzx" }
			}
		},
		{
			"__comment": "Voxels",
			"from": [ 17.75, 16, 12.75 ],
			"to": [ 18.25, 19.25, 13 ],
			"faces": {
				"down": { "uv": [ 13.0625, 12.5625, 13.1875, 12.625 ], "texture": "#rgzx" },
				"up": { "uv": [ 13.1875, 12.625, 13.3125, 12.5625 ], "texture": "#rgzx" },
				"north": { "uv": [ 9.4375, 9.125, 9.3125, 9.9375 ], "texture": "#rgzx" },
				"south": { "uv": [ 8.75, 8.0625, 8.875, 8.875 ], "texture": "#rgzx" },
				"west": { "uv": [ 8.5625, 8, 8.625, 8.8125 ], "texture": "#rgzx" },
				"east": { "uv": [ 8.0625, 8, 8, 8.8125 ], "texture": "#rgzx" }
			}
		},
		{
			"__comment": "Voxels",
			"from": [ 17.75, 20.5, 7.25 ],
			"to": [ 18.25, 20.75, 8 ],
			"faces": {
				"down": { "uv": [ 10.875, 12.3125, 11, 12.5 ], "texture": "#rgzx" },
				"up": { "uv": [ 10.875, 12.3125, 11, 12.125 ], "texture": "#rgzx" },
				"north": { "uv": [ 13.9375, 12.5625, 13.8125, 12.625 ], "texture": "#rgzx" },
				"south": { "uv": [ 13.9375, 12.5625, 14.0625, 12.625 ], "texture": "#rgzx" },
				"west": { "uv": [ 11.125, 8.875, 11.3125, 8.9375 ], "texture": "#rgzx" },
				"east": { "uv": [ 11.3125, 8.8125, 11.125, 8.875 ], "texture": "#rgzx" }
			}
		},
		{
			"__comment": "Voxels",
			"from": [ 17.75, 20.5, 13 ],
			"to": [ 18.25, 20.75, 13.75 ],
			"faces": {
				"down": { "uv": [ 10.875, 11.9375, 11, 12.125 ], "texture": "#rgzx" },
				"up": { "uv": [ 10.875, 11.9375, 11, 11.75 ], "texture": "#rgzx" },
				"north": { "uv": [ 14.6875, 12.5625, 14.5625, 12.625 ], "texture": "#rgzx" },
				"south": { "uv": [ 14.6875, 12.5625, 14.8125, 12.625 ], "texture": "#rgzx" },
				"west": { "uv": [ 11.125, 8.75, 11.3125, 8.8125 ], "texture": "#rgzx" },
				"east": { "uv": [ 11.3125, 8.6875, 11.125, 8.75 ], "texture": "#rgzx" }
			}
		},
		{
			"__comment": "Voxels",
			"from": [ 17.75, 21.5, 7.25 ],
			"to": [ 18.25, 21.75, 8 ],
			"faces": {
				"down": { "uv": [ 10.875, 11.5625, 11, 11.75 ], "texture": "#rgzx" },
				"up": { "uv": [ 10.875, 11.5625, 11, 11.375 ], "texture": "#rgzx" },
				"north": { "uv": [ 15.1875, 12.5625, 15.0625, 12.625 ], "texture": "#rgzx" },
				"south": { "uv": [ 15.1875, 12.5625, 15.3125, 12.625 ], "texture": "#rgzx" },
				"west": { "uv": [ 11.125, 8.625, 11.3125, 8.6875 ], "texture": "#rgzx" },
				"east": { "uv": [ 11.3125, 8.5625, 11.125, 8.625 ], "texture": "#rgzx" }
			}
		},
		{
			"__comment": "Voxels",
			"from": [ 17.75, 21.5, 13 ],
			"to": [ 18.25, 21.75, 13.75 ],
			"faces": {
				"down": { "uv": [ 10.875, 11.1875, 11, 11.375 ], "texture": "#rgzx" },
				"up": { "uv": [ 10.875, 11.1875, 11, 11 ], "texture": "#rgzx" },
				"north": { "uv": [ 15.9375, 12.5625, 15.8125, 12.625 ], "texture": "#rgzx" },
				"south": { "uv": [ 11.4375, 12.5, 11.5625, 12.5625 ], "texture": "#rgzx" },
				"west": { "uv": [ 11.125, 8.5, 11.3125, 8.5625 ], "texture": "#rgzx" },
				"east": { "uv": [ 11.3125, 8.4375, 11.125, 8.5 ], "texture": "#rgzx" }
			}
		},
		{
			"__comment": "Voxels",
			"from": [ 17.75, 22, 8.75 ],
			"to": [ 18.25, 22.25, 9.25 ],
			"faces": {
				"down": { "uv": [ 10.875, 8, 11, 8.125 ], "texture": "#rgzx" },
				"up": { "uv": [ 10.75, 8.125, 10.875, 8 ], "texture": "#rgzx" },
				"north": { "uv": [ 12.1875, 12.5, 12.0625, 12.5625 ], "texture": "#rgzx" },
				"south": { "uv": [ 12.1875, 12.5, 12.3125, 12.5625 ], "texture": "#rgzx" },
				"west": { "uv": [ 12.3125, 12.5, 12.4375, 12.5625 ], "texture": "#rgzx" },
				"east": { "uv": [ 12.5625, 12.5, 12.4375, 12.5625 ], "texture": "#rgzx" }
			}
		},
		{
			"__comment": "Voxels",
			"from": [ 17.75, 22, 11.75 ],
			"to": [ 18.25, 22.25, 12.25 ],
			"faces": {
				"down": { "uv": [ 15.875, 13.375, 16, 13.5 ], "texture": "#rgzx" },
				"up": { "uv": [ 15.8125, 14.125, 15.9375, 14 ], "texture": "#rgzx" },
				"north": { "uv": [ 12.9375, 12.5, 12.8125, 12.5625 ], "texture": "#rgzx" },
				"south": { "uv": [ 12.9375, 12.5, 13.0625, 12.5625 ], "texture": "#rgzx" },
				"west": { "uv": [ 13.0625, 12.5, 13.1875, 12.5625 ], "texture": "#rgzx" },
				"east": { "uv": [ 13.3125, 12.5, 13.1875, 12.5625 ], "texture": "#rgzx" }
			}
		},
		{
			"__comment": "Voxels",
			"from": [ 17.75, 22.25, 9.5 ],
			"to": [ 18.25, 23.25, 9.75 ],
			"faces": {
				"down": { "uv": [ 13.3125, 12.5, 13.4375, 12.5625 ], "texture": "#rgzx" },
				"up": { "uv": [ 13.4375, 12.5625, 13.5625, 12.5 ], "texture": "#rgzx" },
				"north": { "uv": [ 10.75, 9, 10.625, 9.25 ], "texture": "#rgzx" },
				"south": { "uv": [ 10.625, 8.75, 10.75, 9 ], "texture": "#rgzx" },
				"west": { "uv": [ 15.9375, 14.9375, 16, 15.1875 ], "texture": "#rgzx" },
				"east": { "uv": [ 8.3125, 8, 8.25, 8.25 ], "texture": "#rgzx" }
			}
		},
		{
			"__comment": "Voxels",
			"from": [ 17.75, 22.25, 11.25 ],
			"to": [ 18.25, 23.25, 11.5 ],
			"faces": {
				"down": { "uv": [ 13.9375, 12.5, 14.0625, 12.5625 ], "texture": "#rgzx" },
				"up": { "uv": [ 14.0625, 12.5625, 14.1875, 12.5 ], "texture": "#rgzx" },
				"north": { "uv": [ 10.625, 8.375, 10.5, 8.625 ], "texture": "#rgzx" },
				"south": { "uv": [ 10.625, 8.375, 10.75, 8.625 ], "texture": "#rgzx" },
				"west": { "uv": [ 11, 10, 11.0625, 10.25 ], "texture": "#rgzx" },
				"east": { "uv": [ 11.0625, 10.25, 11, 10.5 ], "texture": "#rgzx" }
			}
		},
		{
			"__comment": "Voxels",
			"from": [ 17.75, 23.25, 9.75 ],
			"to": [ 18.25, 24.75, 10 ],
			"faces": {
				"down": { "uv": [ 14.5625, 12.5, 14.6875, 12.5625 ], "texture": "#rgzx" },
				"up": { "uv": [ 14.6875, 12.5625, 14.8125, 12.5 ], "texture": "#rgzx" },
				"north": { "uv": [ 10.5, 8.375, 10.375, 8.75 ], "texture": "#rgzx" },
				"south": { "uv": [ 9.0625, 8.25, 9.1875, 8.625 ], "texture": "#rgzx" },
				"west": { "uv": [ 10.875, 10.625, 10.9375, 11 ], "texture": "#rgzx" },
				"east": { "uv": [ 11, 10.625, 10.9375, 11 ], "texture": "#rgzx" }
			}
		},
		{
			"__comment": "Voxels",
			"from": [ 17.75, 23.25, 11 ],
			"to": [ 18.25, 24.75, 11.25 ],
			"faces": {
				"down": { "uv": [ 15.1875, 12.5, 15.3125, 12.5625 ], "texture": "#rgzx" },
				"up": { "uv": [ 15.3125, 12.5625, 15.4375, 12.5 ], "texture": "#rgzx" },
				"north": { "uv": [ 9.5625, 9.5625, 9.4375, 9.9375 ], "texture": "#rgzx" },
				"south": { "uv": [ 9.4375, 9.1875, 9.5625, 9.5625 ], "texture": "#rgzx" },
				"west": { "uv": [ 10.875, 10.25, 10.9375, 10.625 ], "texture": "#rgzx" },
				"east": { "uv": [ 11, 10.25, 10.9375, 10.625 ], "texture": "#rgzx" }
			}
		},
		{
			"__comment": "Voxels",
			"from": [ 17.75, 24.75, 9.5 ],
			"to": [ 18.25, 25.75, 9.75 ],
			"faces": {
				"down": { "uv": [ 15.6875, 12.5, 15.8125, 12.5625 ], "texture": "#rgzx" },
				"up": { "uv": [ 15.8125, 12.5625, 15.9375, 12.5 ], "texture": "#rgzx" },
				"north": { "uv": [ 10.75, 8.125, 10.625, 8.375 ], "texture": "#rgzx" },
				"south": { "uv": [ 10.75, 12.8125, 10.875, 13.0625 ], "texture": "#rgzx" },
				"west": { "uv": [ 11, 9.5, 11.0625, 9.75 ], "texture": "#rgzx" },
				"east": { "uv": [ 11.125, 9.75, 11.0625, 10 ], "texture": "#rgzx" }
			}
		},
		{
			"__comment": "Voxels",
			"from": [ 17.75, 24.75, 11.25 ],
			"to": [ 18.25, 25.75, 11.5 ],
			"faces": {
				"down": { "uv": [ 11.8125, 12.4375, 11.9375, 12.5 ], "texture": "#rgzx" },
				"up": { "uv": [ 11.9375, 12.5, 12.0625, 12.4375 ], "texture": "#rgzx" },
				"north": { "uv": [ 10.875, 12.5625, 10.75, 12.8125 ], "texture": "#rgzx" },
				"south": { "uv": [ 10.75, 12.3125, 10.875, 12.5625 ], "texture": "#rgzx" },
				"west": { "uv": [ 11, 9.75, 11.0625, 10 ], "texture": "#rgzx" },
				"east": { "uv": [ 11.125, 10, 11.0625, 10.25 ], "texture": "#rgzx" }
			}
		},
		{
			"__comment": "Voxels",
			"from": [ 17.75, 25.75, 9.75 ],
			"to": [ 18.25, 26.5, 10 ],
			"faces": {
				"down": { "uv": [ 12.0625, 12.4375, 12.1875, 12.5 ], "texture": "#rgzx" },
				"up": { "uv": [ 12.1875, 12.5, 12.3125, 12.4375 ], "texture": "#rgzx" },
				"north": { "uv": [ 11, 10.0625, 10.875, 10.25 ], "texture": "#rgzx" },
				"south": { "uv": [ 10.875, 9.875, 11, 10.0625 ], "texture": "#rgzx" },
				"west": { "uv": [ 11, 9.125, 11.0625, 9.3125 ], "texture": "#rgzx" },
				"east": { "uv": [ 11.125, 8.9375, 11.0625, 9.125 ], "texture": "#rgzx" }
			}
		},
		{
			"__comment": "Voxels",
			"from": [ 17.75, 25.75, 11 ],
			"to": [ 18.25, 26.5, 11.25 ],
			"faces": {
				"down": { "uv": [ 12.5625, 12.4375, 12.6875, 12.5 ], "texture": "#rgzx" },
				"up": { "uv": [ 12.6875, 12.5, 12.8125, 12.4375 ], "texture": "#rgzx" },
				"north": { "uv": [ 11, 9.6875, 10.875, 9.875 ], "texture": "#rgzx" },
				"south": { "uv": [ 10.875, 9.5, 11, 9.6875 ], "texture": "#rgzx" },
				"west": { "uv": [ 11, 8.75, 11.0625, 8.9375 ], "texture": "#rgzx" },
				"east": { "uv": [ 11.125, 8.5625, 11.0625, 8.75 ], "texture": "#rgzx" }
			}
		},
		{
			"__comment": "Voxels",
			"from": [ 17.75, 26.5, 9.5 ],
			"to": [ 18.25, 27.5, 9.75 ],
			"faces": {
				"down": { "uv": [ 13.0625, 12.4375, 13.1875, 12.5 ], "texture": "#rgzx" },
				"up": { "uv": [ 13.1875, 12.5, 13.3125, 12.4375 ], "texture": "#rgzx" },
				"north": { "uv": [ 10.875, 12.0625, 10.75, 12.3125 ], "texture": "#rgzx" },
				"south": { "uv": [ 10.75, 11.8125, 10.875, 12.0625 ], "texture": "#rgzx" },
				"west": { "uv": [ 11.0625, 10.5, 11.125, 10.75 ], "texture": "#rgzx" },
				"east": { "uv": [ 11.0625, 10.5, 11, 10.75 ], "texture": "#rgzx" }
			}
		},
		{
			"__comment": "Voxels",
			"from": [ 17.75, 26.5, 11.25 ],
			"to": [ 18.25, 27.5, 11.5 ],
			"faces": {
				"down": { "uv": [ 13.3125, 12.4375, 13.4375, 12.5 ], "texture": "#rgzx" },
				"up": { "uv": [ 13.4375, 12.5, 13.5625, 12.4375 ], "texture": "#rgzx" },
				"north": { "uv": [ 10.875, 11.5625, 10.75, 11.8125 ], "texture": "#rgzx" },
				"south": { "uv": [ 10.75, 11.3125, 10.875, 11.5625 ], "texture": "#rgzx" },
				"west": { "uv": [ 11.0625, 10.75, 11.125, 11 ], "texture": "#rgzx" },
				"east": { "uv": [ 11.0625, 10.75, 11, 11 ], "texture": "#rgzx" }
			}
		},
		{
			"__comment": "Voxels",
			"from": [ 17.75, 27.5, 9.75 ],
			"to": [ 18.25, 29, 10 ],
			"faces": {
				"down": { "uv": [ 13.5625, 12.4375, 13.6875, 12.5 ], "texture": "#rgzx" },
				"up": { "uv": [ 13.6875, 12.5, 13.8125, 12.4375 ], "texture": "#rgzx" },
				"north": { "uv": [ 9.9375, 13.375, 9.8125, 13.75 ], "texture": "#rgzx" },
				"south": { "uv": [ 9.8125, 12.5, 9.9375, 12.875 ], "texture": "#rgzx" },
				"west": { "uv": [ 10.875, 9.125, 10.9375, 9.5 ], "texture": "#rgzx" },
				"east": { "uv": [ 11, 9.125, 10.9375, 9.5 ], "texture": "#rgzx" }
			}
		},
		{
			"__comment": "Voxels",
			"from": [ 17.75, 27.5, 11 ],
			"to": [ 18.25, 29, 11.25 ],
			"faces": {
				"down": { "uv": [ 9.4375, 9.125, 9.5625, 9.1875 ], "texture": "#rgzx" },
				"up": { "uv": [ 14.8125, 14.375, 14.9375, 14.3125 ], "texture": "#rgzx" },
				"north": { "uv": [ 9.9375, 11.375, 9.8125, 11.75 ], "texture": "#rgzx" },
				"south": { "uv": [ 9.8125, 10.75, 9.9375, 11.125 ], "texture": "#rgzx" },
				"west": { "uv": [ 10.875, 8.75, 10.9375, 9.125 ], "texture": "#rgzx" },
				"east": { "uv": [ 11, 8.75, 10.9375, 9.125 ], "texture": "#rgzx" }
			}
		},
		{
			"__comment": "Voxels",
			"from": [ 17.75, 29, 9.5 ],
			"to": [ 18.25, 29.25, 9.75 ],
			"faces": {
				"down": { "uv": [ 9.8125, 8.6875, 9.9375, 8.75 ], "texture": "#rgzx" },
				"up": { "uv": [ 9.8125, 8.4375, 9.9375, 8.375 ], "texture": "#rgzx" },
				"north": { "uv": [ 15.4375, 13.8125, 15.3125, 13.875 ], "texture": "#rgzx" },
				"south": { "uv": [ 15.875, 12.9375, 16, 13 ], "texture": "#rgzx" },
				"west": { "uv": [ 11.375, 8.9375, 11.4375, 9 ], "texture": "#rgzx" },
				"east": { "uv": [ 11.4375, 8.875, 11.375, 8.9375 ], "texture": "#rgzx" }
			}
		},
		{
			"__comment": "Voxels",
			"from": [ 17.75, 29, 11.25 ],
			"to": [ 18.25, 29.25, 11.5 ],
			"faces": {
				"down": { "uv": [ 11.4375, 12.5625, 11.5625, 12.625 ], "texture": "#rgzx" },
				"up": { "uv": [ 12.1875, 12.625, 12.3125, 12.5625 ], "texture": "#rgzx" },
				"north": { "uv": [ 12.4375, 12.5625, 12.3125, 12.625 ], "texture": "#rgzx" },
				"south": { "uv": [ 12.8125, 12.5625, 12.9375, 12.625 ], "texture": "#rgzx" },
				"west": { "uv": [ 11.375, 8.5625, 11.4375, 8.625 ], "texture": "#rgzx" },
				"east": { "uv": [ 11.4375, 8.5, 11.375, 8.5625 ], "texture": "#rgzx" }
			}
		},
		{
			"__comment": "Voxels",
			"from": [ 17.75, 30.5, 9.75 ],
			"to": [ 18.25, 30.75, 10 ],
			"faces": {
				"down": { "uv": [ 12.9375, 12.5625, 13.0625, 12.625 ], "texture": "#rgzx" },
				"up": { "uv": [ 13.6875, 12.625, 13.8125, 12.5625 ], "texture": "#rgzx" },
				"north": { "uv": [ 14.3125, 12.5625, 14.1875, 12.625 ], "texture": "#rgzx" },
				"south": { "uv": [ 14.3125, 12.5625, 14.4375, 12.625 ], "texture": "#rgzx" },
				"west": { "uv": [ 11.375, 8.1875, 11.4375, 8.25 ], "texture": "#rgzx" },
				"east": { "uv": [ 11.4375, 8.125, 11.375, 8.1875 ], "texture": "#rgzx" }
			}
		},
		{
			"__comment": "Voxels",
			"from": [ 17.75, 30.5, 11 ],
			"to": [ 18.25, 30.75, 11.25 ],
			"faces": {
				"down": { "uv": [ 15.3125, 12.5625, 15.4375, 12.625 ], "texture": "#rgzx" },
				"up": { "uv": [ 15.5625, 12.625, 15.6875, 12.5625 ], "texture": "#rgzx" },
				"north": { "uv": [ 15.8125, 12.5625, 15.6875, 12.625 ], "texture": "#rgzx" },
				"south": { "uv": [ 12.6875, 12.5, 12.8125, 12.5625 ], "texture": "#rgzx" },
				"west": { "uv": [ 13.8125, 12.4375, 13.875, 12.5 ], "texture": "#rgzx" },
				"east": { "uv": [ 13.9375, 12.4375, 13.875, 12.5 ], "texture": "#rgzx" }
			}
		}
	],
	"display": {
		"thirdperson_righthand": {
			"rotation":  [ 180, 180, 0 ],
			"translation":  [ 10, 15, 0 ]
		},
		"thirdperson_lefthand": {
			"rotation":  [ -20, 120, 90 ],
			"translation":  [ -10, 0, 0 ]
		},
		"firstperson_righthand": {
			"rotation":  [ 180, 180, 0 ],
			"translation":  [ 10, 15, 0 ]
		},
		"firstperson_lefthand": {
			"scale":  [ 0.0001, 0.0001, 0.0001 ]
		},
		"gui": {
			"rotation":  [ 90, 45, 90 ],
			"translation":  [ 1, 2, 0 ],
			"scale":  [ 0.5, 0.5, 0.5 ]
		},
		"ground": {
			"translation":  [ -10, 10, -2 ]
		},
		"fixed": {
			"rotation":  [ 90, -45, 90 ],
			"translation":  [ 4, 0, -10 ]
		}
	}
}