{
	"__comment": "Designed by Ling_Meng with Cubik Studio - https://cubik.studio",
	"textures": {
		"cdz": "blocks/cdz"
	},
	"elements": [ 	 
		{
			"__comment": "Voxels",
			"from": [ 6.875, -2.375, 7.25 ],
			"to": [ 9.125, -2.25, 8.125 ],
			"faces": {
				"down": { "uv": [ 6.375, 14.53125, 6.9375, 14.75 ], "texture": "#cdz" },
				"up": { "uv": [ 6.375, 14.96875, 6.9375, 14.75 ], "texture": "#cdz" },
				"north": { "uv": [ 6.5, 11.21875, 5.9375, 11.25 ], "texture": "#cdz" },
				"south": { "uv": [ 5.375, 11.21875, 5.9375, 11.25 ], "texture": "#cdz" },
				"west": { "uv": [ 7.09375, 10.875, 7.3125, 10.90625 ], "texture": "#cdz" },
				"east": { "uv": [ 7.5625, 10.90625, 7.34375, 10.9375 ], "texture": "#cdz" }
			}
		},
		{
			"__comment": "Voxels",
			"from": [ 7, -2.5, 6.375 ],
			"to": [ 7.125, -2.125, 7.25 ],
			"faces": {
				"down": { "uv": [ 5.3125, 8.46875, 5.34375, 8.6875 ], "texture": "#cdz" },
				"up": { "uv": [ 6.6875, 12.59375, 6.71875, 12.375 ], "texture": "#cdz" },
				"north": { "uv": [ 7.96875, 13.40625, 7.9375, 13.5 ], "texture": "#cdz" },
				"south": { "uv": [ 7.96875, 13.8125, 8, 13.90625 ], "texture": "#cdz" },
				"west": { "uv": [ 7.375, 11.375, 7.59375, 11.46875 ], "texture": "#cdz" },
				"east": { "uv": [ 7.59375, 11.28125, 7.375, 11.375 ], "texture": "#cdz" }
			}
		},
		{
			"__comment": "Voxels",
			"from": [ 7, -2.5, 7.25 ],
			"to": [ 9, -2.375, 8.875 ],
			"faces": {
				"down": { "uv": [ 6.5, 15.1875, 7, 15.59375 ], "texture": "#cdz" },
				"up": { "uv": [ 6.5, 16, 7, 15.59375 ], "texture": "#cdz" },
				"north": { "uv": [ 7.5, 11.21875, 7, 11.25 ], "texture": "#cdz" },
				"south": { "uv": [ 6.5, 11.21875, 7, 11.25 ], "texture": "#cdz" },
				"west": { "uv": [ 6.6875, 11.0625, 7.09375, 11.09375 ], "texture": "#cdz" },
				"east": { "uv": [ 6.6875, 11.0625, 6.28125, 11.09375 ], "texture": "#cdz" }
			}
		},
		{
			"__comment": "Voxels",
			"from": [ 7, -2.375, 8.125 ],
			"to": [ 9, -2.125, 8.875 ],
			"faces": {
				"down": { "uv": [ 7.3125, 14.59375, 7.8125, 14.78125 ], "texture": "#cdz" },
				"up": { "uv": [ 7.3125, 14.96875, 7.8125, 14.78125 ], "texture": "#cdz" },
				"north": { "uv": [ 7.59375, 11.75, 7.09375, 11.8125 ], "texture": "#cdz" },
				"south": { "uv": [ 7.09375, 11.8125, 7.59375, 11.875 ], "texture": "#cdz" },
				"west": { "uv": [ 1.8125, 8.46875, 2, 8.53125 ], "texture": "#cdz" },
				"east": { "uv": [ 2.1875, 8.46875, 2, 8.53125 ], "texture": "#cdz" }
			}
		},
		{
			"__comment": "Voxels",
			"from": [ 7, -2.375, 8.875 ],
			"to": [ 9, -2.25, 9 ],
			"faces": {
				"down": { "uv": [ 7.5, 11.21875, 8, 11.25 ], "texture": "#cdz" },
				"up": { "uv": [ 7.125, 11.21875, 7.625, 11.1875 ], "texture": "#cdz" },
				"north": { "uv": [ 7.625, 11.15625, 7.125, 11.1875 ], "texture": "#cdz" },
				"south": { "uv": [ 7.125, 11.125, 7.625, 11.15625 ], "texture": "#cdz" },
				"west": { "uv": [ 5.6875, 10.5, 5.71875, 10.53125 ], "texture": "#cdz" },
				"east": { "uv": [ 5.71875, 10.46875, 5.6875, 10.5 ], "texture": "#cdz" }
			}
		},
		{
			"__comment": "Voxels",
			"from": [ 7, -2.25, 7.25 ],
			"to": [ 9, -2.125, 8.125 ],
			"faces": {
				"down": { "uv": [ 6.375, 14.3125, 6.875, 14.53125 ], "texture": "#cdz" },
				"up": { "uv": [ 6.5, 15.1875, 7, 14.96875 ], "texture": "#cdz" },
				"north": { "uv": [ 5.90625, 11.09375, 5.40625, 11.125 ], "texture": "#cdz" },
				"south": { "uv": [ 6.375, 14.28125, 6.875, 14.3125 ], "texture": "#cdz" },
				"west": { "uv": [ 7.375, 11.25, 7.59375, 11.28125 ], "texture": "#cdz" },
				"east": { "uv": [ 7.5625, 10.875, 7.34375, 10.90625 ], "texture": "#cdz" }
			}
		},
		{
			"__comment": "Voxels",
			"from": [ 7.125, -2.5, 6.5 ],
			"to": [ 9, -2.125, 7.25 ],
			"faces": {
				"down": { "uv": [ 7.3125, 14.40625, 7.78125, 14.59375 ], "texture": "#cdz" },
				"up": { "uv": [ 7, 13.5, 7.46875, 13.3125 ], "texture": "#cdz" },
				"north": { "uv": [ 7.78125, 14.3125, 7.3125, 14.40625 ], "texture": "#cdz" },
				"south": { "uv": [ 7.46875, 13.40625, 7.9375, 13.5 ], "texture": "#cdz" },
				"west": { "uv": [ 4.9375, 11.875, 5.125, 11.96875 ], "texture": "#cdz" },
				"east": { "uv": [ 5.3125, 11.875, 5.125, 11.96875 ], "texture": "#cdz" }
			}
		},
		{
			"__comment": "Voxels",
			"from": [ 7.125, -2.375, 6.375 ],
			"to": [ 9, -2.125, 6.5 ],
			"faces": {
				"down": { "uv": [ 5.90625, 11.09375, 6.375, 11.125 ], "texture": "#cdz" },
				"up": { "uv": [ 7.3125, 14.3125, 7.78125, 14.28125 ], "texture": "#cdz" },
				"north": { "uv": [ 7.5625, 11.6875, 7.09375, 11.75 ], "texture": "#cdz" },
				"south": { "uv": [ 5.25, 11.46875, 5.71875, 11.53125 ], "texture": "#cdz" },
				"west": { "uv": [ 5.28125, 8.46875, 5.3125, 8.53125 ], "texture": "#cdz" },
				"east": { "uv": [ 8, 11.46875, 7.96875, 11.53125 ], "texture": "#cdz" }
			}
		},
		{
			"__comment": "Voxels",
			"from": [ 7.125, -2.25, 8.875 ],
			"to": [ 8.875, -2.125, 9 ],
			"faces": {
				"down": { "uv": [ 7.25, 11.09375, 7.6875, 11.125 ], "texture": "#cdz" },
				"up": { "uv": [ 6.8125, 11.125, 7.25, 11.09375 ], "texture": "#cdz" },
				"north": { "uv": [ 5.875, 11.0625, 5.4375, 11.09375 ], "texture": "#cdz" },
				"south": { "uv": [ 6.375, 11.09375, 6.8125, 11.125 ], "texture": "#cdz" },
				"west": { "uv": [ 5.6875, 10.28125, 5.71875, 10.3125 ], "texture": "#cdz" },
				"east": { "uv": [ 8, 11.3125, 7.96875, 11.34375 ], "texture": "#cdz" }
			}
		},
		{
			"__comment": "Voxels",
			"from": [ 7.25, -2.5, 6.125 ],
			"to": [ 8.75, -2.125, 6.25 ],
			"faces": {
				"down": { "uv": [ 5.46875, 11.03125, 5.84375, 11.0625 ], "texture": "#cdz" },
				"up": { "uv": [ 5.84375, 11.0625, 6.21875, 11.03125 ], "texture": "#cdz" },
				"north": { "uv": [ 6.96875, 11.78125, 6.59375, 11.875 ], "texture": "#cdz" },
				"south": { "uv": [ 6.59375, 11.59375, 6.96875, 11.6875 ], "texture": "#cdz" },
				"west": { "uv": [ 7.96875, 14.96875, 8, 15.0625 ], "texture": "#cdz" },
				"east": { "uv": [ 6.46875, 12.375, 6.4375, 12.46875 ], "texture": "#cdz" }
			}
		},
		{
			"__comment": "Voxels",
			"from": [ 7.25, -2.5, 9.125 ],
			"to": [ 8.75, -2.125, 9.25 ],
			"faces": {
				"down": { "uv": [ 6.21875, 11.03125, 6.59375, 11.0625 ], "texture": "#cdz" },
				"up": { "uv": [ 6.59375, 11.0625, 6.96875, 11.03125 ], "texture": "#cdz" },
				"north": { "uv": [ 6.96875, 11.6875, 6.59375, 11.78125 ], "texture": "#cdz" },
				"south": { "uv": [ 7.46875, 13.3125, 7.84375, 13.40625 ], "texture": "#cdz" },
				"west": { "uv": [ 6.46875, 12.375, 6.5, 12.46875 ], "texture": "#cdz" },
				"east": { "uv": [ 7.96875, 14.96875, 7.9375, 15.0625 ], "texture": "#cdz" }
			}
		},
		{
			"__comment": "Voxels",
			"from": [ 7.25, -2.375, 6 ],
			"to": [ 8.75, -2.25, 6.125 ],
			"faces": {
				"down": { "uv": [ 7.34375, 11.03125, 7.71875, 11.0625 ], "texture": "#cdz" },
				"up": { "uv": [ 6.96875, 11.0625, 7.34375, 11.03125 ], "texture": "#cdz" },
				"north": { "uv": [ 7.875, 11.0625, 7.5, 11.09375 ], "texture": "#cdz" },
				"south": { "uv": [ 7.625, 11.125, 8, 11.15625 ], "texture": "#cdz" },
				"west": { "uv": [ 5.6875, 10.1875, 5.71875, 10.21875 ], "texture": "#cdz" },
				"east": { "uv": [ 5.6875, 9, 5.65625, 9.03125 ], "texture": "#cdz" }
			}
		},
		{
			"__comment": "Voxels",
			"from": [ 7.25, -2.375, 6.25 ],
			"to": [ 8.75, -2.125, 6.375 ],
			"faces": {
				"down": { "uv": [ 7.625, 11.15625, 8, 11.1875 ], "texture": "#cdz" },
				"up": { "uv": [ 7.625, 11.21875, 8, 11.1875 ], "texture": "#cdz" },
				"north": { "uv": [ 6.96875, 11.53125, 6.59375, 11.59375 ], "texture": "#cdz" },
				"south": { "uv": [ 5.71875, 11.46875, 6.09375, 11.53125 ], "texture": "#cdz" },
				"west": { "uv": [ 7.5625, 11.6875, 7.59375, 11.75 ], "texture": "#cdz" },
				"east": { "uv": [ 4.84375, 8.46875, 4.8125, 8.53125 ], "texture": "#cdz" }
			}
		},
		{
			"__comment": "Voxels",
			"from": [ 7.25, -2.375, 9 ],
			"to": [ 8.75, -2.125, 9.125 ],
			"faces": {
				"down": { "uv": [ 5.84375, 10.9375, 6.21875, 10.96875 ], "texture": "#cdz" },
				"up": { "uv": [ 5.46875, 10.96875, 5.84375, 10.9375 ], "texture": "#cdz" },
				"north": { "uv": [ 6.46875, 11.46875, 6.09375, 11.53125 ], "texture": "#cdz" },
				"south": { "uv": [ 6.46875, 11.46875, 6.84375, 11.53125 ], "texture": "#cdz" },
				"west": { "uv": [ 4.78125, 8.46875, 4.8125, 8.53125 ], "texture": "#cdz" },
				"east": { "uv": [ 5.53125, 9.09375, 5.5, 9.15625 ], "texture": "#cdz" }
			}
		},
		{
			"__comment": "Voxels",
			"from": [ 7.375, -2.5, 6.25 ],
			"to": [ 8.625, -2.375, 6.5 ],
			"faces": {
				"down": { "uv": [ 6.84375, 11.46875, 7.15625, 11.53125 ], "texture": "#cdz" },
				"up": { "uv": [ 7.59375, 11.46875, 7.90625, 11.40625 ], "texture": "#cdz" },
				"north": { "uv": [ 6.84375, 10.9375, 6.53125, 10.96875 ], "texture": "#cdz" },
				"south": { "uv": [ 6.84375, 10.9375, 7.15625, 10.96875 ], "texture": "#cdz" },
				"west": { "uv": [ 5.65625, 9.09375, 5.71875, 9.125 ], "texture": "#cdz" },
				"east": { "uv": [ 5.71875, 9.125, 5.65625, 9.15625 ], "texture": "#cdz" }
			}
		},
		{
			"__comment": "Voxels",
			"from": [ 7.375, -2.5, 8.875 ],
			"to": [ 8.625, -2.375, 9.125 ],
			"faces": {
				"down": { "uv": [ 7.46875, 11.46875, 7.78125, 11.53125 ], "texture": "#cdz" },
				"up": { "uv": [ 7.15625, 11.53125, 7.46875, 11.46875 ], "texture": "#cdz" },
				"north": { "uv": [ 6.53125, 10.9375, 6.21875, 10.96875 ], "texture": "#cdz" },
				"south": { "uv": [ 7.6875, 11.09375, 8, 11.125 ], "texture": "#cdz" },
				"west": { "uv": [ 5.65625, 9.34375, 5.71875, 9.375 ], "texture": "#cdz" },
				"east": { "uv": [ 5.71875, 9.375, 5.65625, 9.40625 ], "texture": "#cdz" }
			}
		},
		{
			"__comment": "Voxels",
			"from": [ 7.5, -15.125, 7.375 ],
			"to": [ 8.5, -14.75, 8.125 ],
			"faces": {
				"down": { "uv": [ 7.5625, 13.625, 7.8125, 13.8125 ], "texture": "#cdz" },
				"up": { "uv": [ 7.5625, 15.25, 7.8125, 15.0625 ], "texture": "#cdz" },
				"north": { "uv": [ 7.8125, 14.96875, 7.5625, 15.0625 ], "texture": "#cdz" },
				"south": { "uv": [ 6.25, 14.96875, 6.5, 15.0625 ], "texture": "#cdz" },
				"west": { "uv": [ 6.8125, 11.25, 7, 11.34375 ], "texture": "#cdz" },
				"east": { "uv": [ 5.75, 11.125, 5.5625, 11.21875 ], "texture": "#cdz" }
			}
		},
		{
			"__comment": "Voxels",
			"from": [ 7.5, -15, 8.125 ],
			"to": [ 8.5, -14.75, 8.75 ],
			"faces": {
				"down": { "uv": [ 5.34375, 11.5625, 5.59375, 11.71875 ], "texture": "#cdz" },
				"up": { "uv": [ 5.96875, 11.875, 6.21875, 11.71875 ], "texture": "#cdz" },
				"north": { "uv": [ 8, 12.625, 7.75, 12.6875 ], "texture": "#cdz" },
				"south": { "uv": [ 7.75, 15.25, 8, 15.3125 ], "texture": "#cdz" },
				"west": { "uv": [ 7.84375, 11.59375, 8, 11.65625 ], "texture": "#cdz" },
				"east": { "uv": [ 6.03125, 12.375, 5.875, 12.4375 ], "texture": "#cdz" }
			}
		},
		{
			"__comment": "Voxels",
			"from": [ 7.5, -14.875, 7.25 ],
			"to": [ 8.5, -14.75, 7.375 ],
			"faces": {
				"down": { "uv": [ 6.375, 11.125, 6.625, 11.15625 ], "texture": "#cdz" },
				"up": { "uv": [ 7.40625, 10.96875, 7.65625, 10.9375 ], "texture": "#cdz" },
				"north": { "uv": [ 7.09375, 10.90625, 6.84375, 10.9375 ], "texture": "#cdz" },
				"south": { "uv": [ 6.34375, 10.90625, 6.59375, 10.9375 ], "texture": "#cdz" },
				"west": { "uv": [ 7.96875, 10.78125, 8, 10.8125 ], "texture": "#cdz" },
				"east": { "uv": [ 8, 10.8125, 7.96875, 10.84375 ], "texture": "#cdz" }
			}
		},
		{
			"__comment": "Voxels",
			"from": [ 7.5, -14.875, 8.75 ],
			"to": [ 8.5, -14.5, 8.875 ],
			"faces": {
				"down": { "uv": [ 6.34375, 10.875, 6.59375, 10.90625 ], "texture": "#cdz" },
				"up": { "uv": [ 6.59375, 10.90625, 6.84375, 10.875 ], "texture": "#cdz" },
				"north": { "uv": [ 6.25, 14.96875, 6, 15.0625 ], "texture": "#cdz" },
				"south": { "uv": [ 7.625, 12.375, 7.875, 12.46875 ], "texture": "#cdz" },
				"west": { "uv": [ 4.5, 8.46875, 4.53125, 8.5625 ], "texture": "#cdz" },
				"east": { "uv": [ 8, 13.40625, 7.96875, 13.5 ], "texture": "#cdz" }
			}
		},
		{
			"__comment": "Voxels",
			"from": [ 7.5, -14.75, 8.5 ],
			"to": [ 8.5, -14.625, 8.75 ],
			"faces": {
				"down": { "uv": [ 6.625, 11.15625, 6.875, 11.21875 ], "texture": "#cdz" },
				"up": { "uv": [ 6.375, 11.21875, 6.625, 11.15625 ], "texture": "#cdz" },
				"north": { "uv": [ 7.09375, 10.875, 6.84375, 10.90625 ], "texture": "#cdz" },
				"south": { "uv": [ 7.09375, 10.90625, 7.34375, 10.9375 ], "texture": "#cdz" },
				"west": { "uv": [ 5.65625, 9.03125, 5.71875, 9.0625 ], "texture": "#cdz" },
				"east": { "uv": [ 5.71875, 9.0625, 5.65625, 9.09375 ], "texture": "#cdz" }
			}
		},
		{
			"__comment": "Voxels",
			"from": [ 7.5, -14.625, 8.625 ],
			"to": [ 7.75, -14.5, 8.75 ],
			"faces": {
				"down": { "uv": [ 5.65625, 9.25, 5.71875, 9.28125 ], "texture": "#cdz" },
				"up": { "uv": [ 5.65625, 9.5625, 5.71875, 9.53125 ], "texture": "#cdz" },
				"north": { "uv": [ 5.71875, 9.5625, 5.65625, 9.59375 ], "texture": "#cdz" },
				"south": { "uv": [ 5.65625, 9.59375, 5.71875, 9.625 ], "texture": "#cdz" },
				"west": { "uv": [ 7.96875, 11, 8, 11.03125 ], "texture": "#cdz" },
				"east": { "uv": [ 8, 10.96875, 7.96875, 11 ], "texture": "#cdz" }
			}
		},
		{
			"__comment": "Voxels",
			"from": [ 7.5, -7.375, 8.25 ],
			"to": [ 7.75, -2.5, 8.375 ],
			"faces": {
				"down": { "uv": [ 7.90625, 10.9375, 7.96875, 10.96875 ], "texture": "#cdz" },
				"up": { "uv": [ 5.65625, 9.1875, 5.71875, 9.15625 ], "texture": "#cdz" },
				"north": { "uv": [ 4.4375, 9.84375, 4.375, 11.0625 ], "texture": "#cdz" },
				"south": { "uv": [ 4.3125, 9.84375, 4.375, 11.0625 ], "texture": "#cdz" },
				"west": { "uv": [ 4.25, 8.5, 4.28125, 9.71875 ], "texture": "#cdz" },
				"east": { "uv": [ 4.5625, 8.5625, 4.53125, 9.78125 ], "texture": "#cdz" }
			}
		},
		{
			"__comment": "Voxels",
			"from": [ 7.5, -7.25, 8.125 ],
			"to": [ 8.5, -7, 8.25 ],
			"faces": {
				"down": { "uv": [ 5.84375, 10.90625, 6.09375, 10.9375 ], "texture": "#cdz" },
				"up": { "uv": [ 7.71875, 11.0625, 7.96875, 11.03125 ], "texture": "#cdz" },
				"north": { "uv": [ 6.375, 11.15625, 6.125, 11.21875 ], "texture": "#cdz" },
				"south": { "uv": [ 6.875, 11.15625, 7.125, 11.21875 ], "texture": "#cdz" },
				"west": { "uv": [ 5.5, 9.15625, 5.53125, 9.21875 ], "texture": "#cdz" },
				"east": { "uv": [ 5.4375, 8.46875, 5.40625, 8.53125 ], "texture": "#cdz" }
			}
		},
		{
			"__comment": "Voxels",
			"from": [ 7.5, -7, 8.125 ],
			"to": [ 7.625, -2.5, 8.25 ],
			"faces": {
				"down": { "uv": [ 7.96875, 10.90625, 8, 10.9375 ], "texture": "#cdz" },
				"up": { "uv": [ 7.96875, 10.90625, 8, 10.875 ], "texture": "#cdz" },
				"north": { "uv": [ 5.09375, 9.28125, 5.0625, 10.40625 ], "texture": "#cdz" },
				"south": { "uv": [ 5.125, 10.40625, 5.15625, 11.53125 ], "texture": "#cdz" },
				"west": { "uv": [ 5.09375, 10.40625, 5.125, 11.53125 ], "texture": "#cdz" },
				"east": { "uv": [ 5.125, 9.28125, 5.09375, 10.40625 ], "texture": "#cdz" }
			}
		},
		{
			"__comment": "Voxels",
			"from": [ 7.5, -6.875, 8 ],
			"to": [ 8.5, -6.25, 8.125 ],
			"faces": {
				"down": { "uv": [ 7.65625, 10.9375, 7.90625, 10.96875 ], "texture": "#cdz" },
				"up": { "uv": [ 5.84375, 10.90625, 6.09375, 10.875 ], "texture": "#cdz" },
				"north": { "uv": [ 5.59375, 11.71875, 5.34375, 11.875 ], "texture": "#cdz" },
				"south": { "uv": [ 7.625, 12.46875, 7.875, 12.625 ], "texture": "#cdz" },
				"west": { "uv": [ 5.84375, 12.375, 5.875, 12.53125 ], "texture": "#cdz" },
				"east": { "uv": [ 5.84375, 12.375, 5.8125, 12.53125 ], "texture": "#cdz" }
			}
		},
		{
			"__comment": "Voxels",
			"from": [ 7.5, -6.625, 7.875 ],
			"to": [ 8.5, -2.5, 8 ],
			"faces": {
				"down": { "uv": [ 6.875, 11.125, 7.125, 11.15625 ], "texture": "#cdz" },
				"up": { "uv": [ 6.125, 11.15625, 6.375, 11.125 ], "texture": "#cdz" },
				"north": { "uv": [ 6, 14.96875, 5.75, 16 ], "texture": "#cdz" },
				"south": { "uv": [ 5.5, 14.96875, 5.75, 16 ], "texture": "#cdz" },
				"west": { "uv": [ 5.15625, 10.5, 5.1875, 11.53125 ], "texture": "#cdz" },
				"east": { "uv": [ 5.1875, 9.46875, 5.15625, 10.5 ], "texture": "#cdz" }
			}
		},
		{
			"__comment": "Voxels",
			"from": [ 7.5, -6.25, 7.75 ],
			"to": [ 8.5, -2.5, 7.875 ],
			"faces": {
				"down": { "uv": [ 5.34375, 11.53125, 5.59375, 11.5625 ], "texture": "#cdz" },
				"up": { "uv": [ 6.09375, 10.9375, 6.34375, 10.90625 ], "texture": "#cdz" },
				"north": { "uv": [ 6.5, 15.0625, 6.25, 16 ], "texture": "#cdz" },
				"south": { "uv": [ 6, 15.0625, 6.25, 16 ], "texture": "#cdz" },
				"west": { "uv": [ 5.21875, 10.59375, 5.25, 11.53125 ], "texture": "#cdz" },
				"east": { "uv": [ 5.25, 9.65625, 5.21875, 10.59375 ], "texture": "#cdz" }
			}
		},
		{
			"__comment": "Voxels",
			"from": [ 7.5, -6.25, 8 ],
			"to": [ 7.625, -2.5, 8.125 ],
			"faces": {
				"down": { "uv": [ 5.6875, 10.3125, 5.71875, 10.34375 ], "texture": "#cdz" },
				"up": { "uv": [ 4.21875, 8.5, 4.25, 8.46875 ], "texture": "#cdz" },
				"north": { "uv": [ 5.25, 8.71875, 5.21875, 9.65625 ], "texture": "#cdz" },
				"south": { "uv": [ 5.25, 10.53125, 5.28125, 11.46875 ], "texture": "#cdz" },
				"west": { "uv": [ 5.1875, 9.59375, 5.21875, 10.53125 ], "texture": "#cdz" },
				"east": { "uv": [ 5.21875, 8.65625, 5.1875, 9.59375 ], "texture": "#cdz" }
			}
		},
		{
			"__comment": "Voxels",
			"from": [ 7.5, -2.25, 6 ],
			"to": [ 8.5, -2.125, 6.125 ],
			"faces": {
				"down": { "uv": [ 6.625, 11.125, 6.875, 11.15625 ], "texture": "#cdz" },
				"up": { "uv": [ 7.15625, 10.96875, 7.40625, 10.9375 ], "texture": "#cdz" },
				"north": { "uv": [ 6.34375, 10.875, 6.09375, 10.90625 ], "texture": "#cdz" },
				"south": { "uv": [ 6.59375, 10.90625, 6.84375, 10.9375 ], "texture": "#cdz" },
				"west": { "uv": [ 4.25, 8.46875, 4.28125, 8.5 ], "texture": "#cdz" },
				"east": { "uv": [ 8, 11.40625, 7.96875, 11.4375 ], "texture": "#cdz" }
			}
		},
		{
			"__comment": "Voxels",
			"from": [ 7.625, -15.125, 7.25 ],
			"to": [ 8.375, -14.875, 7.375 ],
			"faces": {
				"down": { "uv": [ 6.09375, 10.75, 6.28125, 10.78125 ], "texture": "#cdz" },
				"up": { "uv": [ 6.28125, 10.78125, 6.46875, 10.75 ], "texture": "#cdz" },
				"north": { "uv": [ 5.84375, 10.96875, 5.65625, 11.03125 ], "texture": "#cdz" },
				"south": { "uv": [ 6.21875, 10.96875, 6.40625, 11.03125 ], "texture": "#cdz" },
				"west": { "uv": [ 7.96875, 11.25, 8, 11.3125 ], "texture": "#cdz" },
				"east": { "uv": [ 8, 11.34375, 7.96875, 11.40625 ], "texture": "#cdz" }
			}
		},
		{
			"__comment": "Voxels",
			"from": [ 7.625, -15, 8.75 ],
			"to": [ 8.375, -14.875, 8.875 ],
			"faces": {
				"down": { "uv": [ 6.46875, 10.75, 6.65625, 10.78125 ], "texture": "#cdz" },
				"up": { "uv": [ 6.65625, 10.78125, 6.84375, 10.75 ], "texture": "#cdz" },
				"north": { "uv": [ 7.03125, 10.75, 6.84375, 10.78125 ], "texture": "#cdz" },
				"south": { "uv": [ 7.03125, 10.75, 7.21875, 10.78125 ], "texture": "#cdz" },
				"west": { "uv": [ 7.96875, 10.9375, 8, 10.96875 ], "texture": "#cdz" },
				"east": { "uv": [ 7.34375, 10.875, 7.3125, 10.90625 ], "texture": "#cdz" }
			}
		},
		{
			"__comment": "Voxels",
			"from": [ 7.625, -14.875, 8.875 ],
			"to": [ 8.375, -14.625, 9 ],
			"faces": {
				"down": { "uv": [ 7.21875, 10.75, 7.40625, 10.78125 ], "texture": "#cdz" },
				"up": { "uv": [ 7.40625, 10.78125, 7.59375, 10.75 ], "texture": "#cdz" },
				"north": { "uv": [ 5.65625, 10.96875, 5.46875, 11.03125 ], "texture": "#cdz" },
				"south": { "uv": [ 6.40625, 10.96875, 6.59375, 11.03125 ], "texture": "#cdz" },
				"west": { "uv": [ 5.125, 8.46875, 5.15625, 8.53125 ], "texture": "#cdz" },
				"east": { "uv": [ 5.15625, 8.53125, 5.125, 8.59375 ], "texture": "#cdz" }
			}
		},
		{
			"__comment": "Voxels",
			"from": [ 7.625, -14.75, 7.25 ],
			"to": [ 8.375, -2.5, 7.75 ],
			"faces": {
				"down": { "uv": [ 5.5, 11.875, 5.6875, 12 ], "texture": "#cdz" },
				"up": { "uv": [ 6.25, 12, 6.4375, 11.875 ], "texture": "#cdz" },
				"north": { "uv": [ 3.5, 8.5, 3.3125, 11.5625 ], "texture": "#cdz" },
				"south": { "uv": [ 3.5, 8.5, 3.6875, 11.5625 ], "texture": "#cdz" },
				"west": { "uv": [ 4.4375, 12.9375, 4.5625, 16 ], "texture": "#cdz" },
				"east": { "uv": [ 4.6875, 12.9375, 4.5625, 16 ], "texture": "#cdz" }
			}
		},
		{
			"__comment": "Voxels",
			"from": [ 7.625, -14.75, 7.75 ],
			"to": [ 8.5, -14.625, 8.5 ],
			"faces": {
				"down": { "uv": [ 7.78125, 14.40625, 8, 14.59375 ], "texture": "#cdz" },
				"up": { "uv": [ 7.75, 12.875, 7.96875, 12.6875 ], "texture": "#cdz" },
				"north": { "uv": [ 7.78125, 10.90625, 7.5625, 10.9375 ], "texture": "#cdz" },
				"south": { "uv": [ 7.5625, 10.875, 7.78125, 10.90625 ], "texture": "#cdz" },
				"west": { "uv": [ 7.59375, 10.75, 7.78125, 10.78125 ], "texture": "#cdz" },
				"east": { "uv": [ 7.96875, 10.75, 7.78125, 10.78125 ], "texture": "#cdz" }
			}
		},
		{
			"__comment": "Voxels",
			"from": [ 7.625, -14.625, 7.75 ],
			"to": [ 8.375, -6.25, 7.875 ],
			"faces": {
				"down": { "uv": [ 5.53125, 10.71875, 5.71875, 10.75 ], "texture": "#cdz" },
				"up": { "uv": [ 5.53125, 10.71875, 5.71875, 10.6875 ], "texture": "#cdz" },
				"north": { "uv": [ 2.9375, 9.40625, 2.75, 11.5 ], "texture": "#cdz" },
				"south": { "uv": [ 2.5625, 9.40625, 2.75, 11.5 ], "texture": "#cdz" },
				"west": { "uv": [ 4.53125, 9.78125, 4.5625, 11.875 ], "texture": "#cdz" },
				"east": { "uv": [ 4.53125, 9.78125, 4.5, 11.875 ], "texture": "#cdz" }
			}
		},
		{
			"__comment": "Voxels",
			"from": [ 7.625, -14.625, 7.875 ],
			"to": [ 8.375, -6.625, 8 ],
			"faces": {
				"down": { "uv": [ 5.53125, 10.65625, 5.71875, 10.6875 ], "texture": "#cdz" },
				"up": { "uv": [ 5.53125, 10.65625, 5.71875, 10.625 ], "texture": "#cdz" },
				"north": { "uv": [ 3.125, 9.5, 2.9375, 11.5 ], "texture": "#cdz" },
				"south": { "uv": [ 3.125, 9.5, 3.3125, 11.5 ], "texture": "#cdz" },
				"west": { "uv": [ 4.5625, 9.875, 4.59375, 11.875 ], "texture": "#cdz" },
				"east": { "uv": [ 4.625, 9.875, 4.59375, 11.875 ], "texture": "#cdz" }
			}
		},
		{
			"__comment": "Voxels",
			"from": [ 7.625, -14.625, 8 ],
			"to": [ 8.375, -6.875, 8.125 ],
			"faces": {
				"down": { "uv": [ 5.53125, 10.59375, 5.71875, 10.625 ], "texture": "#cdz" },
				"up": { "uv": [ 5.53125, 10.59375, 5.71875, 10.5625 ], "texture": "#cdz" },
				"north": { "uv": [ 5.125, 14.0625, 4.9375, 16 ], "texture": "#cdz" },
				"south": { "uv": [ 5.125, 14.0625, 5.3125, 16 ], "texture": "#cdz" },
				"west": { "uv": [ 4.65625, 9.9375, 4.6875, 11.875 ], "texture": "#cdz" },
				"east": { "uv": [ 4.65625, 9.9375, 4.625, 11.875 ], "texture": "#cdz" }
			}
		},
		{
			"__comment": "Voxels",
			"from": [ 7.625, -14.625, 8.125 ],
			"to": [ 8.375, -7.375, 8.375 ],
			"faces": {
				"down": { "uv": [ 6.59375, 10.96875, 6.78125, 11.03125 ], "texture": "#cdz" },
				"up": { "uv": [ 6.78125, 11.03125, 6.96875, 10.96875 ], "texture": "#cdz" },
				"north": { "uv": [ 5.5, 14.1875, 5.3125, 16 ], "texture": "#cdz" },
				"south": { "uv": [ 5.3125, 12.375, 5.5, 14.1875 ], "texture": "#cdz" },
				"west": { "uv": [ 6.5, 12.46875, 6.5625, 14.28125 ], "texture": "#cdz" },
				"east": { "uv": [ 6.5, 12.46875, 6.4375, 14.28125 ], "texture": "#cdz" }
			}
		},
		{
			"__comment": "Voxels",
			"from": [ 7.625, -14.625, 8.375 ],
			"to": [ 8.375, -9.75, 8.5 ],
			"faces": {
				"down": { "uv": [ 0.75, 8.46875, 0.9375, 8.5 ], "texture": "#cdz" },
				"up": { "uv": [ 0.9375, 8.5, 1.125, 8.46875 ], "texture": "#cdz" },
				"north": { "uv": [ 5.6875, 12.53125, 5.5, 13.75 ], "texture": "#cdz" },
				"south": { "uv": [ 5.5, 13.75, 5.6875, 14.96875 ], "texture": "#cdz" },
				"west": { "uv": [ 4.5625, 8.65625, 4.59375, 9.875 ], "texture": "#cdz" },
				"east": { "uv": [ 4.625, 8.65625, 4.59375, 9.875 ], "texture": "#cdz" }
			}
		},
		{
			"__comment": "Voxels",
			"from": [ 7.625, -14.5, 8.5 ],
			"to": [ 7.75, -9.75, 8.625 ],
			"faces": {
				"down": { "uv": [ 5.6875, 8.9375, 5.71875, 8.96875 ], "texture": "#cdz" },
				"up": { "uv": [ 5.65625, 8.9375, 5.6875, 8.90625 ], "texture": "#cdz" },
				"north": { "uv": [ 5.03125, 9.15625, 5, 10.34375 ], "texture": "#cdz" },
				"south": { "uv": [ 5.03125, 10.34375, 5.0625, 11.53125 ], "texture": "#cdz" },
				"west": { "uv": [ 5.03125, 9.15625, 5.0625, 10.34375 ], "texture": "#cdz" },
				"east": { "uv": [ 4.75, 8.84375, 4.71875, 10.03125 ], "texture": "#cdz" }
			}
		},
		{
			"__comment": "Voxels",
			"from": [ 7.625, -14.5, 8.625 ],
			"to": [ 8.375, -14.375, 8.875 ],
			"faces": {
				"down": { "uv": [ 6.96875, 10.96875, 7.15625, 11.03125 ], "texture": "#cdz" },
				"up": { "uv": [ 7.15625, 11.03125, 7.34375, 10.96875 ], "texture": "#cdz" },
				"north": { "uv": [ 3.5, 8.46875, 3.3125, 8.5 ], "texture": "#cdz" },
				"south": { "uv": [ 3.5, 8.46875, 3.6875, 8.5 ], "texture": "#cdz" },
				"west": { "uv": [ 5.65625, 9.625, 5.71875, 9.65625 ], "texture": "#cdz" },
				"east": { "uv": [ 5.71875, 9.65625, 5.65625, 9.6875 ], "texture": "#cdz" }
			}
		},
		{
			"__comment": "Voxels",
			"from": [ 7.625, -7.375, 8.375 ],
			"to": [ 8.25, -2.5, 8.5 ],
			"faces": {
				"down": { "uv": [ 5.53125, 10.34375, 5.6875, 10.375 ], "texture": "#cdz" },
				"up": { "uv": [ 5.53125, 10.34375, 5.6875, 10.3125 ], "texture": "#cdz" },
				"north": { "uv": [ 6.03125, 12.53125, 5.875, 13.75 ], "texture": "#cdz" },
				"south": { "uv": [ 5.875, 13.75, 6.03125, 14.96875 ], "texture": "#cdz" },
				"west": { "uv": [ 4.5, 8.5625, 4.53125, 9.78125 ], "texture": "#cdz" },
				"east": { "uv": [ 4.3125, 8.5, 4.28125, 9.71875 ], "texture": "#cdz" }
			}
		},
		{
			"__comment": "Voxels",
			"from": [ 7.625, -2.125, 6.5 ],
			"to": [ 8.375, -0.625, 7.25 ],
			"faces": {
				"down": { "uv": [ 7.8125, 14.78125, 8, 14.96875 ], "texture": "#cdz" },
				"up": { "uv": [ 7.8125, 14.78125, 8, 14.59375 ], "texture": "#cdz" },
				"north": { "uv": [ 6.625, 12, 6.4375, 12.375 ], "texture": "#cdz" },
				"south": { "uv": [ 6.25, 12, 6.4375, 12.375 ], "texture": "#cdz" },
				"west": { "uv": [ 6.0625, 12, 6.25, 12.375 ], "texture": "#cdz" },
				"east": { "uv": [ 6.0625, 12, 5.875, 12.375 ], "texture": "#cdz" }
			}
		},
		{
			"__comment": "Voxels",
			"from": [ 7.625, -2.125, 7.25 ],
			"to": [ 8.375, -2, 8.875 ],
			"faces": {
				"down": { "uv": [ 5.3125, 11.96875, 5.5, 12.375 ], "texture": "#cdz" },
				"up": { "uv": [ 5.125, 12.375, 5.3125, 11.96875 ], "texture": "#cdz" },
				"north": { "uv": [ 7.1875, 14.96875, 7, 15 ], "texture": "#cdz" },
				"south": { "uv": [ 7.1875, 14.96875, 7.375, 15 ], "texture": "#cdz" },
				"west": { "uv": [ 7.09375, 11.0625, 7.5, 11.09375 ], "texture": "#cdz" },
				"east": { "uv": [ 6.28125, 11.0625, 5.875, 11.09375 ], "texture": "#cdz" }
			}
		},
		{
			"__comment": "Voxels",
			"from": [ 7.625, -2, 7.375 ],
			"to": [ 8.375, 0, 8 ],
			"faces": {
				"down": { "uv": [ 2.5625, 8.46875, 2.75, 8.625 ], "texture": "#cdz" },
				"up": { "uv": [ 7.28125, 11.6875, 7.46875, 11.53125 ], "texture": "#cdz" },
				"north": { "uv": [ 0.5625, 8.46875, 0.375, 8.96875 ], "texture": "#cdz" },
				"south": { "uv": [ 0.5625, 8.46875, 0.75, 8.96875 ], "texture": "#cdz" },
				"west": { "uv": [ 4.4375, 11.875, 4.59375, 12.375 ], "texture": "#cdz" },
				"east": { "uv": [ 4.75, 11.875, 4.59375, 12.375 ], "texture": "#cdz" }
			}
		},
		{
			"__comment": "Voxels",
			"from": [ 7.625, -2, 8.125 ],
			"to": [ 8.375, 28.125, 8.75 ],
			"faces": {
				"down": { "uv": [ 5.96875, 11.5625, 6.15625, 11.71875 ], "texture": "#cdz" },
				"up": { "uv": [ 7.09375, 11.6875, 7.28125, 11.53125 ], "texture": "#cdz" },
				"north": { "uv": [ 0.375, 8.46875, 0.1875, 16 ], "texture": "#cdz" },
				"south": { "uv": [ 0, 8.46875, 0.1875, 16 ], "texture": "#cdz" },
				"west": { "uv": [ 1.28125, 8.46875, 1.4375, 16 ], "texture": "#cdz" },
				"east": { "uv": [ 1.28125, 8.46875, 1.125, 16 ], "texture": "#cdz" }
			}
		},
		{
			"__comment": "Voxels",
			"from": [ 7.625, -2, 8.75 ],
			"to": [ 8.375, -0.25, 8.875 ],
			"faces": {
				"down": { "uv": [ 6.9375, 14.28125, 7.125, 14.3125 ], "texture": "#cdz" },
				"up": { "uv": [ 7.125, 14.3125, 7.3125, 14.28125 ], "texture": "#cdz" },
				"north": { "uv": [ 7.9375, 13.84375, 7.75, 14.28125 ], "texture": "#cdz" },
				"south": { "uv": [ 7.75, 12.875, 7.9375, 13.3125 ], "texture": "#cdz" },
				"west": { "uv": [ 7.9375, 12.875, 7.96875, 13.3125 ], "texture": "#cdz" },
				"east": { "uv": [ 8, 12.875, 7.96875, 13.3125 ], "texture": "#cdz" }
			}
		},
		{
			"__comment": "Voxels",
			"from": [ 7.625, -1.25, 8 ],
			"to": [ 8.375, 26.875, 8.125 ],
			"faces": {
				"down": { "uv": [ 7.75, 13.8125, 7.9375, 13.84375 ], "texture": "#cdz" },
				"up": { "uv": [ 5.96875, 11.5625, 6.15625, 11.53125 ], "texture": "#cdz" },
				"north": { "uv": [ 0.75, 8.96875, 0.5625, 16 ], "texture": "#cdz" },
				"south": { "uv": [ 0.375, 8.96875, 0.5625, 16 ], "texture": "#cdz" },
				"west": { "uv": [ 0.21875, 1.4375, 0.25, 8.46875 ], "texture": "#cdz" },
				"east": { "uv": [ 0.21875, 1.4375, 0.1875, 8.46875 ], "texture": "#cdz" }
			}
		},
		{
			"__comment": "Voxels",
			"from": [ 7.625, -1, 7.25 ],
			"to": [ 8.375, 17, 7.375 ],
			"faces": {
				"down": { "uv": [ 7.78125, 10.90625, 7.96875, 10.9375 ], "texture": "#cdz" },
				"up": { "uv": [ 7.78125, 10.90625, 7.96875, 10.875 ], "texture": "#cdz" },
				"north": { "uv": [ 3.3125, 11.5, 3.125, 16 ], "texture": "#cdz" },
				"south": { "uv": [ 2.75, 11.5, 2.9375, 16 ], "texture": "#cdz" },
				"west": { "uv": [ 0.5, 3.96875, 0.53125, 8.46875 ], "texture": "#cdz" },
				"east": { "uv": [ 0.5625, 3.96875, 0.53125, 8.46875 ], "texture": "#cdz" }
			}
		},
		{
			"__comment": "Voxels",
			"from": [ 7.625, -0.625, 6.625 ],
			"to": [ 8.375, 1.75, 7.25 ],
			"faces": {
				"down": { "uv": [ 2.75, 8.46875, 2.9375, 8.625 ], "texture": "#cdz" },
				"up": { "uv": [ 5.5, 12.53125, 5.6875, 12.375 ], "texture": "#cdz" },
				"north": { "uv": [ 1.125, 8.5, 0.9375, 9.09375 ], "texture": "#cdz" },
				"south": { "uv": [ 0.75, 8.5, 0.9375, 9.09375 ], "texture": "#cdz" },
				"west": { "uv": [ 7.0625, 13.6875, 7.21875, 14.28125 ], "texture": "#cdz" },
				"east": { "uv": [ 7.375, 13.6875, 7.21875, 14.28125 ], "texture": "#cdz" }
			}
		},
		{
			"__comment": "Voxels",
			"from": [ 7.625, 0, 7.5 ],
			"to": [ 8.375, 2.75, 8 ],
			"faces": {
				"down": { "uv": [ 5.6875, 11.875, 5.875, 12 ], "texture": "#cdz" },
				"up": { "uv": [ 5.875, 12, 6.0625, 11.875 ], "texture": "#cdz" },
				"north": { "uv": [ 6.375, 14.28125, 6.1875, 14.96875 ], "texture": "#cdz" },
				"south": { "uv": [ 7.75, 15.3125, 7.9375, 16 ], "texture": "#cdz" },
				"west": { "uv": [ 7.375, 12.625, 7.5, 13.3125 ], "texture": "#cdz" },
				"east": { "uv": [ 7.625, 12.625, 7.5, 13.3125 ], "texture": "#cdz" }
			}
		},
		{
			"__comment": "Voxels",
			"from": [ 7.625, 1.25, 7.375 ],
			"to": [ 8.375, 19, 7.5 ],
			"faces": {
				"down": { "uv": [ 5.53125, 10.84375, 5.71875, 10.875 ], "texture": "#cdz" },
				"up": { "uv": [ 5.71875, 10.875, 5.90625, 10.84375 ], "texture": "#cdz" },
				"north": { "uv": [ 3.5, 11.5625, 3.3125, 16 ], "texture": "#cdz" },
				"south": { "uv": [ 3.5, 11.5625, 3.6875, 16 ], "texture": "#cdz" },
				"west": { "uv": [ 0.5625, 4.03125, 0.59375, 8.46875 ], "texture": "#cdz" },
				"east": { "uv": [ 0.625, 4.03125, 0.59375, 8.46875 ], "texture": "#cdz" }
			}
		},
		{
			"__comment": "Voxels",
			"from": [ 7.625, 1.75, 6.75 ],
			"to": [ 8.375, 4.875, 7.25 ],
			"faces": {
				"down": { "uv": [ 6.4375, 11.875, 6.625, 12 ], "texture": "#cdz" },
				"up": { "uv": [ 6.0625, 12, 6.25, 11.875 ], "texture": "#cdz" },
				"north": { "uv": [ 2.9375, 8.625, 2.75, 9.40625 ], "texture": "#cdz" },
				"south": { "uv": [ 7, 15.21875, 7.1875, 16 ], "texture": "#cdz" },
				"west": { "uv": [ 6.8125, 13.5, 6.9375, 14.28125 ], "texture": "#cdz" },
				"east": { "uv": [ 7.0625, 13.5, 6.9375, 14.28125 ], "texture": "#cdz" }
			}
		},
		{
			"__comment": "Voxels",
			"from": [ 7.625, 2.75, 7.625 ],
			"to": [ 8.375, 22.5, 8 ],
			"faces": {
				"down": { "uv": [ 7.59375, 11.3125, 7.78125, 11.40625 ], "texture": "#cdz" },
				"up": { "uv": [ 7, 11.34375, 7.1875, 11.25 ], "texture": "#cdz" },
				"north": { "uv": [ 2.1875, 11.0625, 2, 16 ], "texture": "#cdz" },
				"south": { "uv": [ 1.8125, 11.0625, 2, 16 ], "texture": "#cdz" },
				"west": { "uv": [ 0, 3.53125, 0.09375, 8.46875 ], "texture": "#cdz" },
				"east": { "uv": [ 0.1875, 3.53125, 0.09375, 8.46875 ], "texture": "#cdz" }
			}
		},
		{
			"__comment": "Voxels",
			"from": [ 7.625, 2.875, 7.5 ],
			"to": [ 8.375, 20.875, 7.625 ],
			"faces": {
				"down": { "uv": [ 5.90625, 10.84375, 6.09375, 10.875 ], "texture": "#cdz" },
				"up": { "uv": [ 6.09375, 10.875, 6.28125, 10.84375 ], "texture": "#cdz" },
				"north": { "uv": [ 3.125, 11.5, 2.9375, 16 ], "texture": "#cdz" },
				"south": { "uv": [ 2.5625, 11.5, 2.75, 16 ], "texture": "#cdz" },
				"west": { "uv": [ 0.4375, 3.96875, 0.46875, 8.46875 ], "texture": "#cdz" },
				"east": { "uv": [ 0.5, 3.96875, 0.46875, 8.46875 ], "texture": "#cdz" }
			}
		},
		{
			"__comment": "Voxels",
			"from": [ 7.625, 3.375, 8.75 ],
			"to": [ 8.375, 31, 8.875 ],
			"faces": {
				"down": { "uv": [ 6.28125, 10.84375, 6.46875, 10.875 ], "texture": "#cdz" },
				"up": { "uv": [ 6.46875, 10.875, 6.65625, 10.84375 ], "texture": "#cdz" },
				"north": { "uv": [ 1.125, 9.09375, 0.9375, 16 ], "texture": "#cdz" },
				"south": { "uv": [ 0.75, 9.09375, 0.9375, 16 ], "texture": "#cdz" },
				"west": { "uv": [ 0.25, 1.5625, 0.28125, 8.46875 ], "texture": "#cdz" },
				"east": { "uv": [ 0.3125, 1.5625, 0.28125, 8.46875 ], "texture": "#cdz" }
			}
		},
		{
			"__comment": "Voxels",
			"from": [ 7.625, 4.875, 6.875 ],
			"to": [ 8.375, 9, 7.25 ],
			"faces": {
				"down": { "uv": [ 5.3125, 11.875, 5.5, 11.96875 ], "texture": "#cdz" },
				"up": { "uv": [ 7.78125, 11.40625, 7.96875, 11.3125 ], "texture": "#cdz" },
				"north": { "uv": [ 3.125, 8.46875, 2.9375, 9.5 ], "texture": "#cdz" },
				"south": { "uv": [ 3.125, 8.46875, 3.3125, 9.5 ], "texture": "#cdz" },
				"west": { "uv": [ 6.90625, 12.46875, 7, 13.5 ], "texture": "#cdz" },
				"east": { "uv": [ 6.90625, 12.46875, 6.8125, 13.5 ], "texture": "#cdz" }
			}
		},
		{
			"__comment": "Voxels",
			"from": [ 7.625, 8.375, 8.875 ],
			"to": [ 8.375, 31.125, 9 ],
			"faces": {
				"down": { "uv": [ 6.65625, 10.84375, 6.84375, 10.875 ], "texture": "#cdz" },
				"up": { "uv": [ 6.84375, 10.875, 7.03125, 10.84375 ], "texture": "#cdz" },
				"north": { "uv": [ 1.625, 10.3125, 1.4375, 16 ], "texture": "#cdz" },
				"south": { "uv": [ 1.625, 10.3125, 1.8125, 16 ], "texture": "#cdz" },
				"west": { "uv": [ 0.3125, 2.78125, 0.34375, 8.46875 ], "texture": "#cdz" },
				"east": { "uv": [ 0.375, 2.78125, 0.34375, 8.46875 ], "texture": "#cdz" }
			}
		},
		{
			"__comment": "Voxels",
			"from": [ 7.625, 9, 7 ],
			"to": [ 8.375, 12.125, 7.25 ],
			"faces": {
				"down": { "uv": [ 7.53125, 10.96875, 7.71875, 11.03125 ], "texture": "#cdz" },
				"up": { "uv": [ 7.34375, 11.03125, 7.53125, 10.96875 ], "texture": "#cdz" },
				"north": { "uv": [ 2.75, 8.625, 2.5625, 9.40625 ], "texture": "#cdz" },
				"south": { "uv": [ 7.1875, 15.21875, 7.375, 16 ], "texture": "#cdz" },
				"west": { "uv": [ 4.84375, 10.6875, 4.90625, 11.46875 ], "texture": "#cdz" },
				"east": { "uv": [ 4.96875, 10.6875, 4.90625, 11.46875 ], "texture": "#cdz" }
			}
		},
		{
			"__comment": "Voxels",
			"from": [ 7.625, 11.625, 9 ],
			"to": [ 8.375, 31.125, 9.125 ],
			"faces": {
				"down": { "uv": [ 7.03125, 10.84375, 7.21875, 10.875 ], "texture": "#cdz" },
				"up": { "uv": [ 7.21875, 10.875, 7.40625, 10.84375 ], "texture": "#cdz" },
				"north": { "uv": [ 2.5625, 11.125, 2.375, 16 ], "texture": "#cdz" },
				"south": { "uv": [ 2.1875, 11.125, 2.375, 16 ], "texture": "#cdz" },
				"west": { "uv": [ 0.375, 3.59375, 0.40625, 8.46875 ], "texture": "#cdz" },
				"east": { "uv": [ 0.4375, 3.59375, 0.40625, 8.46875 ], "texture": "#cdz" }
			}
		},
		{
			"__comment": "Voxels",
			"from": [ 7.625, 12.125, 7.125 ],
			"to": [ 8.375, 14.75, 7.25 ],
			"faces": {
				"down": { "uv": [ 7.40625, 10.84375, 7.59375, 10.875 ], "texture": "#cdz" },
				"up": { "uv": [ 7.59375, 10.875, 7.78125, 10.84375 ], "texture": "#cdz" },
				"north": { "uv": [ 7.125, 14.3125, 6.9375, 14.96875 ], "texture": "#cdz" },
				"south": { "uv": [ 7.125, 14.3125, 7.3125, 14.96875 ], "texture": "#cdz" },
				"west": { "uv": [ 5.3125, 9.28125, 5.34375, 9.9375 ], "texture": "#cdz" },
				"east": { "uv": [ 5.34375, 9.9375, 5.3125, 10.59375 ], "texture": "#cdz" }
			}
		},
		{
			"__comment": "Voxels",
			"from": [ 7.625, 14.25, 9.125 ],
			"to": [ 8.375, 31.125, 9.25 ],
			"faces": {
				"down": { "uv": [ 7.78125, 10.84375, 7.96875, 10.875 ], "texture": "#cdz" },
				"up": { "uv": [ 5.53125, 10.84375, 5.71875, 10.8125 ], "texture": "#cdz" },
				"north": { "uv": [ 3.875, 11.78125, 3.6875, 16 ], "texture": "#cdz" },
				"south": { "uv": [ 3.875, 11.78125, 4.0625, 16 ], "texture": "#cdz" },
				"west": { "uv": [ 0.625, 4.25, 0.65625, 8.46875 ], "texture": "#cdz" },
				"east": { "uv": [ 0.65625, 0.03125, 0.625, 4.25 ], "texture": "#cdz" }
			}
		},
		{
			"__comment": "Voxels",
			"from": [ 7.625, 16.5, 9.25 ],
			"to": [ 8.375, 31, 9.375 ],
			"faces": {
				"down": { "uv": [ 5.71875, 10.8125, 5.90625, 10.84375 ], "texture": "#cdz" },
				"up": { "uv": [ 5.90625, 10.84375, 6.09375, 10.8125 ], "texture": "#cdz" },
				"north": { "uv": [ 4.4375, 12.375, 4.25, 16 ], "texture": "#cdz" },
				"south": { "uv": [ 4.0625, 12.375, 4.25, 16 ], "texture": "#cdz" },
				"west": { "uv": [ 4.09375, 8.75, 4.125, 12.375 ], "texture": "#cdz" },
				"east": { "uv": [ 4.09375, 8.75, 4.0625, 12.375 ], "texture": "#cdz" }
			}
		},
		{
			"__comment": "Voxels",
			"from": [ 7.625, 18.5, 9.375 ],
			"to": [ 8.375, 31, 9.5 ],
			"faces": {
				"down": { "uv": [ 6.09375, 10.8125, 6.28125, 10.84375 ], "texture": "#cdz" },
				"up": { "uv": [ 6.28125, 10.84375, 6.46875, 10.8125 ], "texture": "#cdz" },
				"north": { "uv": [ 3.875, 8.65625, 3.6875, 11.78125 ], "texture": "#cdz" },
				"south": { "uv": [ 3.875, 8.65625, 4.0625, 11.78125 ], "texture": "#cdz" },
				"west": { "uv": [ 4.125, 9.25, 4.15625, 12.375 ], "texture": "#cdz" },
				"east": { "uv": [ 4.1875, 9.25, 4.15625, 12.375 ], "texture": "#cdz" }
			}
		},
		{
			"__comment": "Voxels",
			"from": [ 7.625, 20.375, 9.5 ],
			"to": [ 8.375, 31, 9.625 ],
			"faces": {
				"down": { "uv": [ 6.46875, 10.8125, 6.65625, 10.84375 ], "texture": "#cdz" },
				"up": { "uv": [ 6.65625, 10.84375, 6.84375, 10.8125 ], "texture": "#cdz" },
				"north": { "uv": [ 2.5625, 8.46875, 2.375, 11.125 ], "texture": "#cdz" },
				"south": { "uv": [ 2.1875, 8.46875, 2.375, 11.125 ], "texture": "#cdz" },
				"west": { "uv": [ 4.25, 9.71875, 4.28125, 12.375 ], "texture": "#cdz" },
				"east": { "uv": [ 4.3125, 9.71875, 4.28125, 12.375 ], "texture": "#cdz" }
			}
		},
		{
			"__comment": "Voxels",
			"from": [ 7.625, 22, 9.625 ],
			"to": [ 8.375, 31, 9.75 ],
			"faces": {
				"down": { "uv": [ 6.84375, 10.8125, 7.03125, 10.84375 ], "texture": "#cdz" },
				"up": { "uv": [ 7.03125, 10.84375, 7.21875, 10.8125 ], "texture": "#cdz" },
				"north": { "uv": [ 2, 8.8125, 1.8125, 11.0625 ], "texture": "#cdz" },
				"south": { "uv": [ 2, 8.8125, 2.1875, 11.0625 ], "texture": "#cdz" },
				"west": { "uv": [ 4.4375, 9.625, 4.46875, 11.875 ], "texture": "#cdz" },
				"east": { "uv": [ 4.5, 9.625, 4.46875, 11.875 ], "texture": "#cdz" }
			}
		},
		{
			"__comment": "Voxels",
			"from": [ 7.625, 22.5, 7.75 ],
			"to": [ 8.375, 24, 8 ],
			"faces": {
				"down": { "uv": [ 6.03125, 10.96875, 6.21875, 11.03125 ], "texture": "#cdz" },
				"up": { "uv": [ 5.84375, 11.03125, 6.03125, 10.96875 ], "texture": "#cdz" },
				"north": { "uv": [ 5.875, 12, 5.6875, 12.375 ], "texture": "#cdz" },
				"south": { "uv": [ 5.5, 12, 5.6875, 12.375 ], "texture": "#cdz" },
				"west": { "uv": [ 7.9375, 15.625, 8, 16 ], "texture": "#cdz" },
				"east": { "uv": [ 8, 13.90625, 7.9375, 14.28125 ], "texture": "#cdz" }
			}
		},
		{
			"__comment": "Voxels",
			"from": [ 7.625, 23.625, 9.75 ],
			"to": [ 8.375, 31, 9.875 ],
			"faces": {
				"down": { "uv": [ 7.21875, 10.8125, 7.40625, 10.84375 ], "texture": "#cdz" },
				"up": { "uv": [ 7.40625, 10.84375, 7.59375, 10.8125 ], "texture": "#cdz" },
				"north": { "uv": [ 1.625, 8.46875, 1.4375, 10.3125 ], "texture": "#cdz" },
				"south": { "uv": [ 1.625, 8.46875, 1.8125, 10.3125 ], "texture": "#cdz" },
				"west": { "uv": [ 4.71875, 10.03125, 4.75, 11.875 ], "texture": "#cdz" },
				"east": { "uv": [ 4.71875, 10.03125, 4.6875, 11.875 ], "texture": "#cdz" }
			}
		},
		{
			"__comment": "Voxels",
			"from": [ 7.625, 24, 7.875 ],
			"to": [ 8.375, 25.625, 8 ],
			"faces": {
				"down": { "uv": [ 7.59375, 10.8125, 7.78125, 10.84375 ], "texture": "#cdz" },
				"up": { "uv": [ 7.78125, 10.84375, 7.96875, 10.8125 ], "texture": "#cdz" },
				"north": { "uv": [ 4.9375, 11.96875, 4.75, 12.375 ], "texture": "#cdz" },
				"south": { "uv": [ 4.9375, 11.96875, 5.125, 12.375 ], "texture": "#cdz" },
				"west": { "uv": [ 5.4375, 9.84375, 5.46875, 10.25 ], "texture": "#cdz" },
				"east": { "uv": [ 5.4375, 8.9375, 5.40625, 9.34375 ], "texture": "#cdz" }
			}
		},
		{
			"__comment": "Voxels",
			"from": [ 7.625, 25.125, 9.875 ],
			"to": [ 8.375, 31, 10 ],
			"faces": {
				"down": { "uv": [ 5.53125, 10.78125, 5.71875, 10.8125 ], "texture": "#cdz" },
				"up": { "uv": [ 5.71875, 10.8125, 5.90625, 10.78125 ], "texture": "#cdz" },
				"north": { "uv": [ 5.125, 12.59375, 4.9375, 14.0625 ], "texture": "#cdz" },
				"south": { "uv": [ 5.125, 12.59375, 5.3125, 14.0625 ], "texture": "#cdz" },
				"west": { "uv": [ 4.625, 8.46875, 4.65625, 9.9375 ], "texture": "#cdz" },
				"east": { "uv": [ 4.6875, 8.46875, 4.65625, 9.9375 ], "texture": "#cdz" }
			}
		},
		{
			"__comment": "Voxels",
			"from": [ 7.625, 26.5, 10 ],
			"to": [ 8.375, 31, 10.125 ],
			"faces": {
				"down": { "uv": [ 5.90625, 10.78125, 6.09375, 10.8125 ], "texture": "#cdz" },
				"up": { "uv": [ 6.09375, 10.8125, 6.28125, 10.78125 ], "texture": "#cdz" },
				"north": { "uv": [ 5.875, 13.84375, 5.6875, 14.96875 ], "texture": "#cdz" },
				"south": { "uv": [ 5.6875, 12.71875, 5.875, 13.84375 ], "texture": "#cdz" },
				"west": { "uv": [ 5.0625, 10.40625, 5.09375, 11.53125 ], "texture": "#cdz" },
				"east": { "uv": [ 5.15625, 9.28125, 5.125, 10.40625 ], "texture": "#cdz" }
			}
		},
		{
			"__comment": "Voxels",
			"from": [ 7.625, 27.875, 10.125 ],
			"to": [ 8.375, 30.875, 10.25 ],
			"faces": {
				"down": { "uv": [ 6.28125, 10.78125, 6.46875, 10.8125 ], "texture": "#cdz" },
				"up": { "uv": [ 6.46875, 10.8125, 6.65625, 10.78125 ], "texture": "#cdz" },
				"north": { "uv": [ 7.75, 15.25, 7.5625, 16 ], "texture": "#cdz" },
				"south": { "uv": [ 7.375, 15.25, 7.5625, 16 ], "texture": "#cdz" },
				"west": { "uv": [ 4.125, 8.5, 4.15625, 9.25 ], "texture": "#cdz" },
				"east": { "uv": [ 4.1875, 8.5, 4.15625, 9.25 ], "texture": "#cdz" }
			}
		},
		{
			"__comment": "Voxels",
			"from": [ 7.625, 28.125, 8.25 ],
			"to": [ 8.375, 29, 8.75 ],
			"faces": {
				"down": { "uv": [ 7.78125, 14.28125, 7.96875, 14.40625 ], "texture": "#cdz" },
				"up": { "uv": [ 7.5625, 13.625, 7.75, 13.5 ], "texture": "#cdz" },
				"north": { "uv": [ 7.375, 15, 7.1875, 15.21875 ], "texture": "#cdz" },
				"south": { "uv": [ 4.9375, 12.375, 5.125, 12.59375 ], "texture": "#cdz" },
				"west": { "uv": [ 7.84375, 11.65625, 7.96875, 11.875 ], "texture": "#cdz" },
				"east": { "uv": [ 7.71875, 11.65625, 7.59375, 11.875 ], "texture": "#cdz" }
			}
		},
		{
			"__comment": "Voxels",
			"from": [ 7.625, 29, 8.375 ],
			"to": [ 8.375, 29.875, 8.75 ],
			"faces": {
				"down": { "uv": [ 5.375, 11.125, 5.5625, 11.21875 ], "texture": "#cdz" },
				"up": { "uv": [ 5.9375, 11.21875, 6.125, 11.125 ], "texture": "#cdz" },
				"north": { "uv": [ 5.3125, 12.375, 5.125, 12.59375 ], "texture": "#cdz" },
				"south": { "uv": [ 7, 15, 7.1875, 15.21875 ], "texture": "#cdz" },
				"west": { "uv": [ 7.1875, 11.25, 7.28125, 11.46875 ], "texture": "#cdz" },
				"east": { "uv": [ 7.375, 11.25, 7.28125, 11.46875 ], "texture": "#cdz" }
			}
		},
		{
			"__comment": "Voxels",
			"from": [ 7.625, 29, 10.25 ],
			"to": [ 8.375, 30.875, 10.375 ],
			"faces": {
				"down": { "uv": [ 6.65625, 10.78125, 6.84375, 10.8125 ], "texture": "#cdz" },
				"up": { "uv": [ 6.84375, 10.8125, 7.03125, 10.78125 ], "texture": "#cdz" },
				"north": { "uv": [ 7.75, 13.8125, 7.5625, 14.28125 ], "texture": "#cdz" },
				"south": { "uv": [ 7.375, 13.8125, 7.5625, 14.28125 ], "texture": "#cdz" },
				"west": { "uv": [ 5.28125, 8.53125, 5.3125, 9 ], "texture": "#cdz" },
				"east": { "uv": [ 5.4375, 10.15625, 5.40625, 10.625 ], "texture": "#cdz" }
			}
		},
		{
			"__comment": "Voxels",
			"from": [ 7.625, 29.875, 8.5 ],
			"to": [ 8.375, 30.625, 8.75 ],
			"faces": {
				"down": { "uv": [ 7.78125, 11.25, 7.96875, 11.3125 ], "texture": "#cdz" },
				"up": { "uv": [ 7.71875, 11.03125, 7.90625, 10.96875 ], "texture": "#cdz" },
				"north": { "uv": [ 3.875, 8.46875, 3.6875, 8.65625 ], "texture": "#cdz" },
				"south": { "uv": [ 3.875, 8.46875, 4.0625, 8.65625 ], "texture": "#cdz" },
				"west": { "uv": [ 7.9375, 15.0625, 8, 15.25 ], "texture": "#cdz" },
				"east": { "uv": [ 5.875, 12.53125, 5.8125, 12.71875 ], "texture": "#cdz" }
			}
		},
		{
			"__comment": "Voxels",
			"from": [ 7.625, 30, 10.375 ],
			"to": [ 8.375, 30.5, 10.5 ],
			"faces": {
				"down": { "uv": [ 7.03125, 10.78125, 7.21875, 10.8125 ], "texture": "#cdz" },
				"up": { "uv": [ 7.21875, 10.8125, 7.40625, 10.78125 ], "texture": "#cdz" },
				"north": { "uv": [ 7, 11.34375, 6.8125, 11.46875 ], "texture": "#cdz" },
				"south": { "uv": [ 7, 11.34375, 7.1875, 11.46875 ], "texture": "#cdz" },
				"west": { "uv": [ 7.96875, 14.28125, 8, 14.40625 ], "texture": "#cdz" },
				"east": { "uv": [ 7.78125, 13.5, 7.75, 13.625 ], "texture": "#cdz" }
			}
		},
		{
			"__comment": "Voxels",
			"from": [ 7.625, 30.625, 8.625 ],
			"to": [ 8.375, 30.875, 8.75 ],
			"faces": {
				"down": { "uv": [ 7.78125, 10.78125, 7.96875, 10.8125 ], "texture": "#cdz" },
				"up": { "uv": [ 5.53125, 10.78125, 5.71875, 10.75 ], "texture": "#cdz" },
				"north": { "uv": [ 7.96875, 11.46875, 7.78125, 11.53125 ], "texture": "#cdz" },
				"south": { "uv": [ 7.59375, 11.25, 7.78125, 11.3125 ], "texture": "#cdz" },
				"west": { "uv": [ 5.5, 8.90625, 5.53125, 8.96875 ], "texture": "#cdz" },
				"east": { "uv": [ 5.53125, 8.84375, 5.5, 8.90625 ], "texture": "#cdz" }
			}
		},
		{
			"__comment": "Voxels",
			"from": [ 7.75, -14.75, 7.125 ],
			"to": [ 8.25, -2.5, 7.25 ],
			"faces": {
				"down": { "uv": [ 7.25, 11.875, 7.375, 11.90625 ], "texture": "#cdz" },
				"up": { "uv": [ 7.125, 11.90625, 7.25, 11.875 ], "texture": "#cdz" },
				"north": { "uv": [ 4.9375, 12.9375, 4.8125, 16 ], "texture": "#cdz" },
				"south": { "uv": [ 4.6875, 12.9375, 4.8125, 16 ], "texture": "#cdz" },
				"west": { "uv": [ 4.21875, 9.3125, 4.25, 12.375 ], "texture": "#cdz" },
				"east": { "uv": [ 4.21875, 9.3125, 4.1875, 12.375 ], "texture": "#cdz" }
			}
		},
		{
			"__comment": "Voxels",
			"from": [ 7.75, -14.375, 8.5 ],
			"to": [ 8.375, -9.75, 8.625 ],
			"faces": {
				"down": { "uv": [ 5.53125, 10.1875, 5.6875, 10.21875 ], "texture": "#cdz" },
				"up": { "uv": [ 5.53125, 10.25, 5.6875, 10.21875 ], "texture": "#cdz" },
				"north": { "uv": [ 6.1875, 12.65625, 6.03125, 13.8125 ], "texture": "#cdz" },
				"south": { "uv": [ 6.03125, 13.8125, 6.1875, 14.96875 ], "texture": "#cdz" },
				"west": { "uv": [ 4.4375, 8.46875, 4.46875, 9.625 ], "texture": "#cdz" },
				"east": { "uv": [ 4.5, 8.46875, 4.46875, 9.625 ], "texture": "#cdz" }
			}
		},
		{
			"__comment": "Voxels",
			"from": [ 7.75, -9.75, 8.375 ],
			"to": [ 8.25, -7.375, 8.5 ],
			"faces": {
				"down": { "uv": [ 7.84375, 10.71875, 7.96875, 10.75 ], "texture": "#cdz" },
				"up": { "uv": [ 5.71875, 10.71875, 5.84375, 10.6875 ], "texture": "#cdz" },
				"north": { "uv": [ 4.4375, 8.65625, 4.3125, 9.25 ], "texture": "#cdz" },
				"south": { "uv": [ 4.3125, 9.25, 4.4375, 9.84375 ], "texture": "#cdz" },
				"west": { "uv": [ 5.34375, 10.65625, 5.375, 11.25 ], "texture": "#cdz" },
				"east": { "uv": [ 5.34375, 8.6875, 5.3125, 9.28125 ], "texture": "#cdz" }
			}
		},
		{
			"__comment": "Voxels",
			"from": [ 7.75, -7.375, 8.125 ],
			"to": [ 8.375, -7.25, 8.25 ],
			"faces": {
				"down": { "uv": [ 5.53125, 10.53125, 5.6875, 10.5625 ], "texture": "#cdz" },
				"up": { "uv": [ 5.53125, 10.53125, 5.6875, 10.5 ], "texture": "#cdz" },
				"north": { "uv": [ 5.6875, 10.40625, 5.53125, 10.4375 ], "texture": "#cdz" },
				"south": { "uv": [ 5.53125, 10.375, 5.6875, 10.40625 ], "texture": "#cdz" },
				"west": { "uv": [ 5.65625, 8.9375, 5.6875, 8.96875 ], "texture": "#cdz" },
				"east": { "uv": [ 5.71875, 8.96875, 5.6875, 9 ], "texture": "#cdz" }
			}
		},
		{
			"__comment": "Voxels",
			"from": [ 7.75, -7, 8.125 ],
			"to": [ 8.5, -5.875, 8.375 ],
			"faces": {
				"down": { "uv": [ 5.46875, 10.875, 5.65625, 10.9375 ], "texture": "#cdz" },
				"up": { "uv": [ 5.65625, 10.9375, 5.84375, 10.875 ], "texture": "#cdz" },
				"north": { "uv": [ 2, 8.53125, 1.8125, 8.8125 ], "texture": "#cdz" },
				"south": { "uv": [ 2, 8.53125, 2.1875, 8.8125 ], "texture": "#cdz" },
				"west": { "uv": [ 7.9375, 15.34375, 8, 15.625 ], "texture": "#cdz" },
				"east": { "uv": [ 7.5625, 14.96875, 7.5, 15.25 ], "texture": "#cdz" }
			}
		},
		{
			"__comment": "Voxels",
			"from": [ 7.75, -6.25, 8 ],
			"to": [ 8.5, -5.875, 8.125 ],
			"faces": {
				"down": { "uv": [ 5.71875, 10.75, 5.90625, 10.78125 ], "texture": "#cdz" },
				"up": { "uv": [ 5.90625, 10.78125, 6.09375, 10.75 ], "texture": "#cdz" },
				"north": { "uv": [ 4.9375, 11.875, 4.75, 11.96875 ], "texture": "#cdz" },
				"south": { "uv": [ 5.75, 11.125, 5.9375, 11.21875 ], "texture": "#cdz" },
				"west": { "uv": [ 4.8125, 8.53125, 4.84375, 8.625 ], "texture": "#cdz" },
				"east": { "uv": [ 7, 12.375, 6.96875, 12.46875 ], "texture": "#cdz" }
			}
		},
		{
			"__comment": "Voxels",
			"from": [ 7.75, -2.125, 6.375 ],
			"to": [ 8.25, -0.875, 6.5 ],
			"faces": {
				"down": { "uv": [ 6.3125, 11.25, 6.4375, 11.28125 ], "texture": "#cdz" },
				"up": { "uv": [ 6.4375, 11.28125, 6.5625, 11.25 ], "texture": "#cdz" },
				"north": { "uv": [ 7.5, 13.5, 7.375, 13.8125 ], "texture": "#cdz" },
				"south": { "uv": [ 5.84375, 11.5625, 5.96875, 11.875 ], "texture": "#cdz" },
				"west": { "uv": [ 5.5, 10.5625, 5.53125, 10.875 ], "texture": "#cdz" },
				"east": { "uv": [ 5.53125, 10.25, 5.5, 10.5625 ], "texture": "#cdz" }
			}
		},
		{
			"__comment": "Voxels",
			"from": [ 7.75, -2.125, 8.875 ],
			"to": [ 8.25, -1.25, 9 ],
			"faces": {
				"down": { "uv": [ 5.53125, 10.09375, 5.65625, 10.125 ], "texture": "#cdz" },
				"up": { "uv": [ 5.53125, 10.09375, 5.65625, 10.0625 ], "texture": "#cdz" },
				"north": { "uv": [ 5.6875, 11.25, 5.5625, 11.46875 ], "texture": "#cdz" },
				"south": { "uv": [ 5.6875, 11.25, 5.8125, 11.46875 ], "texture": "#cdz" },
				"west": { "uv": [ 6.75, 12.375, 6.78125, 12.59375 ], "texture": "#cdz" },
				"east": { "uv": [ 5.40625, 8.46875, 5.375, 8.6875 ], "texture": "#cdz" }
			}
		},
		{
			"__comment": "Voxels",
			"from": [ 7.75, -2, 7.25 ],
			"to": [ 8.375, -1.875, 7.375 ],
			"faces": {
				"down": { "uv": [ 7.84375, 11.53125, 8, 11.5625 ], "texture": "#cdz" },
				"up": { "uv": [ 5.53125, 10.5, 5.6875, 10.46875 ], "texture": "#cdz" },
				"north": { "uv": [ 5.6875, 10.28125, 5.53125, 10.3125 ], "texture": "#cdz" },
				"south": { "uv": [ 7.84375, 11.5625, 8, 11.59375 ], "texture": "#cdz" },
				"west": { "uv": [ 5.6875, 10.53125, 5.71875, 10.5625 ], "texture": "#cdz" },
				"east": { "uv": [ 8, 10.75, 7.96875, 10.78125 ], "texture": "#cdz" }
			}
		},
		{
			"__comment": "Voxels",
			"from": [ 7.75, -2, 8 ],
			"to": [ 8.25, -1.25, 8.125 ],
			"faces": {
				"down": { "uv": [ 5.53125, 9.71875, 5.65625, 9.75 ], "texture": "#cdz" },
				"up": { "uv": [ 5.53125, 9.71875, 5.65625, 9.6875 ], "texture": "#cdz" },
				"north": { "uv": [ 6.6875, 11.28125, 6.5625, 11.46875 ], "texture": "#cdz" },
				"south": { "uv": [ 6.6875, 11.28125, 6.8125, 11.46875 ], "texture": "#cdz" },
				"west": { "uv": [ 6.1875, 11.53125, 6.21875, 11.71875 ], "texture": "#cdz" },
				"east": { "uv": [ 5.21875, 8.46875, 5.1875, 8.65625 ], "texture": "#cdz" }
			}
		},
		{
			"__comment": "Voxels",
			"from": [ 7.75, -1.875, 7.25 ],
			"to": [ 8.25, -1, 7.375 ],
			"faces": {
				"down": { "uv": [ 5.53125, 9.40625, 5.65625, 9.4375 ], "texture": "#cdz" },
				"up": { "uv": [ 5.53125, 9.40625, 5.65625, 9.375 ], "texture": "#cdz" },
				"north": { "uv": [ 5.5625, 11.25, 5.4375, 11.46875 ], "texture": "#cdz" },
				"south": { "uv": [ 5.8125, 11.25, 5.9375, 11.46875 ], "texture": "#cdz" },
				"west": { "uv": [ 5.5, 9.21875, 5.53125, 9.4375 ], "texture": "#cdz" },
				"east": { "uv": [ 6.8125, 12.375, 6.78125, 12.59375 ], "texture": "#cdz" }
			}
		},
		{
			"__comment": "Voxels",
			"from": [ 7.75, -0.625, 6.5 ],
			"to": [ 8.25, 1.25, 6.625 ],
			"faces": {
				"down": { "uv": [ 5.53125, 9.15625, 5.65625, 9.1875 ], "texture": "#cdz" },
				"up": { "uv": [ 5.53125, 9.15625, 5.65625, 9.125 ], "texture": "#cdz" },
				"north": { "uv": [ 7, 11.90625, 6.875, 12.375 ], "texture": "#cdz" },
				"south": { "uv": [ 6.75, 11.90625, 6.875, 12.375 ], "texture": "#cdz" },
				"west": { "uv": [ 5.375, 9.15625, 5.40625, 9.625 ], "texture": "#cdz" },
				"east": { "uv": [ 5.40625, 8.6875, 5.375, 9.15625 ], "texture": "#cdz" }
			}
		},
		{
			"__comment": "Voxels",
			"from": [ 7.75, -0.25, 8.75 ],
			"to": [ 8.25, 3.375, 8.875 ],
			"faces": {
				"down": { "uv": [ 5.53125, 8.96875, 5.65625, 9 ], "texture": "#cdz" },
				"up": { "uv": [ 5.53125, 8.96875, 5.65625, 8.9375 ], "texture": "#cdz" },
				"north": { "uv": [ 6.4375, 12.375, 6.3125, 13.28125 ], "texture": "#cdz" },
				"south": { "uv": [ 6.1875, 12.375, 6.3125, 13.28125 ], "texture": "#cdz" },
				"west": { "uv": [ 5.25, 8.71875, 5.28125, 9.625 ], "texture": "#cdz" },
				"east": { "uv": [ 5.3125, 9.65625, 5.28125, 10.5625 ], "texture": "#cdz" }
			}
		},
		{
			"__comment": "Voxels",
			"from": [ 7.75, 0, 7.375 ],
			"to": [ 8.25, 1.25, 7.5 ],
			"faces": {
				"down": { "uv": [ 5.53125, 8.78125, 5.65625, 8.8125 ], "texture": "#cdz" },
				"up": { "uv": [ 5.53125, 8.78125, 5.65625, 8.75 ], "texture": "#cdz" },
				"north": { "uv": [ 7.9375, 13.5, 7.8125, 13.8125 ], "texture": "#cdz" },
				"south": { "uv": [ 6.46875, 11.5625, 6.59375, 11.875 ], "texture": "#cdz" },
				"west": { "uv": [ 7.9375, 13.5, 7.96875, 13.8125 ], "texture": "#cdz" },
				"east": { "uv": [ 8, 13.5, 7.96875, 13.8125 ], "texture": "#cdz" }
			}
		},
		{
			"__comment": "Voxels",
			"from": [ 7.75, 1.75, 6.625 ],
			"to": [ 8.25, 4.375, 6.75 ],
			"faces": {
				"down": { "uv": [ 5.53125, 8.53125, 5.65625, 8.5625 ], "texture": "#cdz" },
				"up": { "uv": [ 5.53125, 8.53125, 5.65625, 8.5 ], "texture": "#cdz" },
				"north": { "uv": [ 4.4375, 11.71875, 4.3125, 12.375 ], "texture": "#cdz" },
				"south": { "uv": [ 4.3125, 11.0625, 4.4375, 11.71875 ], "texture": "#cdz" },
				"west": { "uv": [ 5.28125, 9, 5.3125, 9.65625 ], "texture": "#cdz" },
				"east": { "uv": [ 5.34375, 10.59375, 5.3125, 11.25 ], "texture": "#cdz" }
			}
		},
		{
			"__comment": "Voxels",
			"from": [ 7.75, 2.75, 7.5 ],
			"to": [ 8.25, 2.875, 7.625 ],
			"faces": {
				"down": { "uv": [ 6.21875, 10.71875, 6.34375, 10.75 ], "texture": "#cdz" },
				"up": { "uv": [ 6.34375, 10.75, 6.46875, 10.71875 ], "texture": "#cdz" },
				"north": { "uv": [ 5.96875, 11.53125, 5.84375, 11.5625 ], "texture": "#cdz" },
				"south": { "uv": [ 7.71875, 11.59375, 7.84375, 11.625 ], "texture": "#cdz" },
				"west": { "uv": [ 4.1875, 8.46875, 4.21875, 8.5 ], "texture": "#cdz" },
				"east": { "uv": [ 4.1875, 8.46875, 4.15625, 8.5 ], "texture": "#cdz" }
			}
		},
		{
			"__comment": "Voxels",
			"from": [ 7.75, 4.375, 8.875 ],
			"to": [ 8.25, 8.375, 9 ],
			"faces": {
				"down": { "uv": [ 5.53125, 9.5, 5.65625, 9.53125 ], "texture": "#cdz" },
				"up": { "uv": [ 5.53125, 8.84375, 5.65625, 8.8125 ], "texture": "#cdz" },
				"north": { "uv": [ 6.4375, 13.28125, 6.3125, 14.28125 ], "texture": "#cdz" },
				"south": { "uv": [ 6.1875, 13.28125, 6.3125, 14.28125 ], "texture": "#cdz" },
				"west": { "uv": [ 5.1875, 10.53125, 5.21875, 11.53125 ], "texture": "#cdz" },
				"east": { "uv": [ 5.1875, 8.46875, 5.15625, 9.46875 ], "texture": "#cdz" }
			}
		},
		{
			"__comment": "Voxels",
			"from": [ 7.75, 4.875, 6.75 ],
			"to": [ 8.25, 8.5, 6.875 ],
			"faces": {
				"down": { "uv": [ 7.71875, 11.5625, 7.84375, 11.59375 ], "texture": "#cdz" },
				"up": { "uv": [ 5.53125, 8.65625, 5.65625, 8.625 ], "texture": "#cdz" },
				"north": { "uv": [ 6.6875, 13.375, 6.5625, 14.28125 ], "texture": "#cdz" },
				"south": { "uv": [ 6.5625, 12.46875, 6.6875, 13.375 ], "texture": "#cdz" },
				"west": { "uv": [ 5.25, 9.625, 5.28125, 10.53125 ], "texture": "#cdz" },
				"east": { "uv": [ 5.3125, 10.5625, 5.28125, 11.46875 ], "texture": "#cdz" }
			}
		},
		{
			"__comment": "Voxels",
			"from": [ 7.75, 8.875, 9 ],
			"to": [ 8.25, 11.625, 9.125 ],
			"faces": {
				"down": { "uv": [ 5.53125, 8.65625, 5.65625, 8.6875 ], "texture": "#cdz" },
				"up": { "uv": [ 6.5625, 11.28125, 6.6875, 11.25 ], "texture": "#cdz" },
				"north": { "uv": [ 7.375, 12.625, 7.25, 13.3125 ], "texture": "#cdz" },
				"south": { "uv": [ 7.125, 12.625, 7.25, 13.3125 ], "texture": "#cdz" },
				"west": { "uv": [ 4.96875, 8.46875, 5, 9.15625 ], "texture": "#cdz" },
				"east": { "uv": [ 5.03125, 8.46875, 5, 9.15625 ], "texture": "#cdz" }
			}
		},
		{
			"__comment": "Voxels",
			"from": [ 7.75, 9, 6.875 ],
			"to": [ 8.25, 11.75, 7 ],
			"faces": {
				"down": { "uv": [ 6.71875, 10.71875, 6.84375, 10.75 ], "texture": "#cdz" },
				"up": { "uv": [ 6.84375, 10.75, 6.96875, 10.71875 ], "texture": "#cdz" },
				"north": { "uv": [ 7.125, 12.625, 7, 13.3125 ], "texture": "#cdz" },
				"south": { "uv": [ 7.625, 12.625, 7.75, 13.3125 ], "texture": "#cdz" },
				"west": { "uv": [ 5.03125, 8.46875, 5.0625, 9.15625 ], "texture": "#cdz" },
				"east": { "uv": [ 5.15625, 8.59375, 5.125, 9.28125 ], "texture": "#cdz" }
			}
		},
		{
			"__comment": "Voxels",
			"from": [ 7.75, 12, 9.125 ],
			"to": [ 8.25, 14.25, 9.25 ],
			"faces": {
				"down": { "uv": [ 7.34375, 10.71875, 7.46875, 10.75 ], "texture": "#cdz" },
				"up": { "uv": [ 7.46875, 10.75, 7.59375, 10.71875 ], "texture": "#cdz" },
				"north": { "uv": [ 4.9375, 12.375, 4.8125, 12.9375 ], "texture": "#cdz" },
				"south": { "uv": [ 4.6875, 12.375, 4.8125, 12.9375 ], "texture": "#cdz" },
				"west": { "uv": [ 5.375, 10.5625, 5.40625, 11.125 ], "texture": "#cdz" },
				"east": { "uv": [ 5.375, 8.96875, 5.34375, 9.53125 ], "texture": "#cdz" }
			}
		},
		{
			"__comment": "Voxels",
			"from": [ 7.75, 12.125, 7 ],
			"to": [ 8.25, 14.375, 7.125 ],
			"faces": {
				"down": { "uv": [ 7.59375, 10.71875, 7.71875, 10.75 ], "texture": "#cdz" },
				"up": { "uv": [ 7.71875, 10.75, 7.84375, 10.71875 ], "texture": "#cdz" },
				"north": { "uv": [ 4.5625, 12.375, 4.4375, 12.9375 ], "texture": "#cdz" },
				"south": { "uv": [ 4.5625, 12.375, 4.6875, 12.9375 ], "texture": "#cdz" },
				"west": { "uv": [ 5.34375, 10.09375, 5.375, 10.65625 ], "texture": "#cdz" },
				"east": { "uv": [ 5.375, 9.53125, 5.34375, 10.09375 ], "texture": "#cdz" }
			}
		},
		{
			"__comment": "Voxels",
			"from": [ 7.75, 14.625, 9.25 ],
			"to": [ 8.25, 16.5, 9.375 ],
			"faces": {
				"down": { "uv": [ 7.71875, 11.625, 7.84375, 11.65625 ], "texture": "#cdz" },
				"up": { "uv": [ 6.96875, 10.75, 7.09375, 10.71875 ], "texture": "#cdz" },
				"north": { "uv": [ 6.75, 11.90625, 6.625, 12.375 ], "texture": "#cdz" },
				"south": { "uv": [ 7, 11.90625, 7.125, 12.375 ], "texture": "#cdz" },
				"west": { "uv": [ 5.34375, 8.5, 5.375, 8.96875 ], "texture": "#cdz" },
				"east": { "uv": [ 5.4375, 10.625, 5.40625, 11.09375 ], "texture": "#cdz" }
			}
		},
		{
			"__comment": "Voxels",
			"from": [ 7.75, 14.75, 7.125 ],
			"to": [ 8.25, 16.625, 7.25 ],
			"faces": {
				"down": { "uv": [ 6.875, 11.875, 7, 11.90625 ], "texture": "#cdz" },
				"up": { "uv": [ 7, 11.90625, 7.125, 11.875 ], "texture": "#cdz" },
				"north": { "uv": [ 7.25, 11.90625, 7.125, 12.375 ], "texture": "#cdz" },
				"south": { "uv": [ 7.25, 11.90625, 7.375, 12.375 ], "texture": "#cdz" },
				"west": { "uv": [ 5.375, 10.09375, 5.40625, 10.5625 ], "texture": "#cdz" },
				"east": { "uv": [ 5.40625, 9.625, 5.375, 10.09375 ], "texture": "#cdz" }
			}
		},
		{
			"__comment": "Voxels",
			"from": [ 7.75, 16.875, 9.375 ],
			"to": [ 8.25, 18.5, 9.5 ],
			"faces": {
				"down": { "uv": [ 4.84375, 8.46875, 4.96875, 8.5 ], "texture": "#cdz" },
				"up": { "uv": [ 5.59375, 11.5625, 5.71875, 11.53125 ], "texture": "#cdz" },
				"north": { "uv": [ 7.75, 11.96875, 7.625, 12.375 ], "texture": "#cdz" },
				"south": { "uv": [ 7.75, 11.96875, 7.875, 12.375 ], "texture": "#cdz" },
				"west": { "uv": [ 5.40625, 9.34375, 5.4375, 9.75 ], "texture": "#cdz" },
				"east": { "uv": [ 5.46875, 10.65625, 5.4375, 11.0625 ], "texture": "#cdz" }
			}
		},
		{
			"__comment": "Voxels",
			"from": [ 7.75, 17, 7.25 ],
			"to": [ 8.25, 18.625, 7.375 ],
			"faces": {
				"down": { "uv": [ 6.46875, 11.53125, 6.59375, 11.5625 ], "texture": "#cdz" },
				"up": { "uv": [ 7.46875, 11.5625, 7.59375, 11.53125 ], "texture": "#cdz" },
				"north": { "uv": [ 8, 11.96875, 7.875, 12.375 ], "texture": "#cdz" },
				"south": { "uv": [ 4.84375, 11.46875, 4.96875, 11.875 ], "texture": "#cdz" },
				"west": { "uv": [ 5.40625, 9.75, 5.4375, 10.15625 ], "texture": "#cdz" },
				"east": { "uv": [ 5.4375, 8.53125, 5.40625, 8.9375 ], "texture": "#cdz" }
			}
		},
		{
			"__comment": "Voxels",
			"from": [ 7.75, 18.75, 9.5 ],
			"to": [ 8.25, 20.375, 9.625 ],
			"faces": {
				"down": { "uv": [ 7.71875, 11.53125, 7.84375, 11.5625 ], "texture": "#cdz" },
				"up": { "uv": [ 5.9375, 11.28125, 6.0625, 11.25 ], "texture": "#cdz" },
				"north": { "uv": [ 7.5, 11.96875, 7.375, 12.375 ], "texture": "#cdz" },
				"south": { "uv": [ 7.5, 11.96875, 7.625, 12.375 ], "texture": "#cdz" },
				"west": { "uv": [ 5.4375, 10.25, 5.46875, 10.65625 ], "texture": "#cdz" },
				"east": { "uv": [ 5.46875, 9.4375, 5.4375, 9.84375 ], "texture": "#cdz" }
			}
		},
		{
			"__comment": "Voxels",
			"from": [ 7.75, 19, 7.375 ],
			"to": [ 8.25, 20.5, 7.5 ],
			"faces": {
				"down": { "uv": [ 6.0625, 11.25, 6.1875, 11.28125 ], "texture": "#cdz" },
				"up": { "uv": [ 6.1875, 11.28125, 6.3125, 11.25 ], "texture": "#cdz" },
				"north": { "uv": [ 4.96875, 9.9375, 4.84375, 10.3125 ], "texture": "#cdz" },
				"south": { "uv": [ 4.84375, 10.3125, 4.96875, 10.6875 ], "texture": "#cdz" },
				"west": { "uv": [ 4.6875, 8.46875, 4.71875, 8.84375 ], "texture": "#cdz" },
				"east": { "uv": [ 4.75, 8.46875, 4.71875, 8.84375 ], "texture": "#cdz" }
			}
		},
		{
			"__comment": "Voxels",
			"from": [ 7.75, 20.625, 9.625 ],
			"to": [ 8.25, 22, 9.75 ],
			"faces": {
				"down": { "uv": [ 6.6875, 11.25, 6.8125, 11.28125 ], "texture": "#cdz" },
				"up": { "uv": [ 7.875, 11.09375, 8, 11.0625 ], "texture": "#cdz" },
				"north": { "uv": [ 5.34375, 11.53125, 5.21875, 11.875 ], "texture": "#cdz" },
				"south": { "uv": [ 5.09375, 11.53125, 5.21875, 11.875 ], "texture": "#cdz" },
				"west": { "uv": [ 5.46875, 9.5, 5.5, 9.84375 ], "texture": "#cdz" },
				"east": { "uv": [ 5.5, 10.1875, 5.46875, 10.53125 ], "texture": "#cdz" }
			}
		},
		{
			"__comment": "Voxels",
			"from": [ 7.75, 20.875, 7.5 ],
			"to": [ 8.25, 22.25, 7.625 ],
			"faces": {
				"down": { "uv": [ 5.53125, 10.03125, 5.65625, 10.0625 ], "texture": "#cdz" },
				"up": { "uv": [ 5.53125, 10.03125, 5.65625, 10 ], "texture": "#cdz" },
				"north": { "uv": [ 5.09375, 11.53125, 4.96875, 11.875 ], "texture": "#cdz" },
				"south": { "uv": [ 4.84375, 8.5625, 4.96875, 8.90625 ], "texture": "#cdz" },
				"west": { "uv": [ 5.46875, 10.53125, 5.5, 10.875 ], "texture": "#cdz" },
				"east": { "uv": [ 5.46875, 8.75, 5.4375, 9.09375 ], "texture": "#cdz" }
			}
		},
		{
			"__comment": "Voxels",
			"from": [ 7.75, 22.375, 9.75 ],
			"to": [ 8.25, 23.625, 9.875 ],
			"faces": {
				"down": { "uv": [ 5.53125, 9.90625, 5.65625, 9.9375 ], "texture": "#cdz" },
				"up": { "uv": [ 5.53125, 9.90625, 5.65625, 9.875 ], "texture": "#cdz" },
				"north": { "uv": [ 5.84375, 11.5625, 5.71875, 11.875 ], "texture": "#cdz" },
				"south": { "uv": [ 5.59375, 11.5625, 5.71875, 11.875 ], "texture": "#cdz" },
				"west": { "uv": [ 5.46875, 8.5, 5.5, 8.8125 ], "texture": "#cdz" },
				"east": { "uv": [ 5.53125, 9.9375, 5.5, 10.25 ], "texture": "#cdz" }
			}
		},
		{
			"__comment": "Voxels",
			"from": [ 7.75, 22.5, 7.625 ],
			"to": [ 8.25, 23.875, 7.75 ],
			"faces": {
				"down": { "uv": [ 5.53125, 9.84375, 5.65625, 9.875 ], "texture": "#cdz" },
				"up": { "uv": [ 5.53125, 9.84375, 5.65625, 9.8125 ], "texture": "#cdz" },
				"north": { "uv": [ 4.96875, 9.59375, 4.84375, 9.9375 ], "texture": "#cdz" },
				"south": { "uv": [ 5.6875, 12.375, 5.8125, 12.71875 ], "texture": "#cdz" },
				"west": { "uv": [ 5.46875, 9.15625, 5.5, 9.5 ], "texture": "#cdz" },
				"east": { "uv": [ 5.5, 8.8125, 5.46875, 9.15625 ], "texture": "#cdz" }
			}
		},
		{
			"__comment": "Voxels",
			"from": [ 7.75, 23.875, 9.875 ],
			"to": [ 8.25, 25.125, 10 ],
			"faces": {
				"down": { "uv": [ 5.53125, 9.65625, 5.65625, 9.6875 ], "texture": "#cdz" },
				"up": { "uv": [ 5.53125, 9.65625, 5.65625, 9.625 ], "texture": "#cdz" },
				"north": { "uv": [ 6.46875, 11.5625, 6.34375, 11.875 ], "texture": "#cdz" },
				"south": { "uv": [ 6.21875, 11.5625, 6.34375, 11.875 ], "texture": "#cdz" },
				"west": { "uv": [ 7.5, 13.5, 7.53125, 13.8125 ], "texture": "#cdz" },
				"east": { "uv": [ 7.5625, 13.5, 7.53125, 13.8125 ], "texture": "#cdz" }
			}
		},
		{
			"__comment": "Voxels",
			"from": [ 7.75, 24, 7.75 ],
			"to": [ 8.25, 25.375, 7.875 ],
			"faces": {
				"down": { "uv": [ 6.625, 11.875, 6.75, 11.90625 ], "texture": "#cdz" },
				"up": { "uv": [ 5.53125, 9.46875, 5.65625, 9.4375 ], "texture": "#cdz" },
				"north": { "uv": [ 4.96875, 9.25, 4.84375, 9.59375 ], "texture": "#cdz" },
				"south": { "uv": [ 4.84375, 8.90625, 4.96875, 9.25 ], "texture": "#cdz" },
				"west": { "uv": [ 5.46875, 9.84375, 5.5, 10.1875 ], "texture": "#cdz" },
				"east": { "uv": [ 5.46875, 9.09375, 5.4375, 9.4375 ], "texture": "#cdz" }
			}
		},
		{
			"__comment": "Voxels",
			"from": [ 7.75, 25.375, 10 ],
			"to": [ 8.25, 26.5, 10.125 ],
			"faces": {
				"down": { "uv": [ 5.53125, 9.28125, 5.65625, 9.3125 ], "texture": "#cdz" },
				"up": { "uv": [ 5.53125, 9.28125, 5.65625, 9.25 ], "texture": "#cdz" },
				"north": { "uv": [ 7.9375, 14.96875, 7.8125, 15.25 ], "texture": "#cdz" },
				"south": { "uv": [ 6.96875, 11.59375, 7.09375, 11.875 ], "texture": "#cdz" },
				"west": { "uv": [ 4.09375, 8.46875, 4.125, 8.75 ], "texture": "#cdz" },
				"east": { "uv": [ 5.46875, 8.46875, 5.4375, 8.75 ], "texture": "#cdz" }
			}
		},
		{
			"__comment": "Voxels",
			"from": [ 7.75, 25.625, 7.875 ],
			"to": [ 8.25, 26.625, 8 ],
			"faces": {
				"down": { "uv": [ 5.53125, 9.09375, 5.65625, 9.125 ], "texture": "#cdz" },
				"up": { "uv": [ 5.53125, 9.09375, 5.65625, 9.0625 ], "texture": "#cdz" },
				"north": { "uv": [ 8, 12.375, 7.875, 12.625 ], "texture": "#cdz" },
				"south": { "uv": [ 7, 12.375, 7.125, 12.625 ], "texture": "#cdz" },
				"west": { "uv": [ 6.875, 14.28125, 6.90625, 14.53125 ], "texture": "#cdz" },
				"east": { "uv": [ 6.9375, 14.28125, 6.90625, 14.53125 ], "texture": "#cdz" }
			}
		},
		{
			"__comment": "Voxels",
			"from": [ 7.75, 26.75, 10.125 ],
			"to": [ 8.25, 27.875, 10.25 ],
			"faces": {
				"down": { "uv": [ 5.53125, 9.03125, 5.65625, 9.0625 ], "texture": "#cdz" },
				"up": { "uv": [ 5.53125, 9.03125, 5.65625, 9 ], "texture": "#cdz" },
				"north": { "uv": [ 7.5, 14.96875, 7.375, 15.25 ], "texture": "#cdz" },
				"south": { "uv": [ 6.03125, 12.375, 6.15625, 12.65625 ], "texture": "#cdz" },
				"west": { "uv": [ 6.15625, 12.375, 6.1875, 12.65625 ], "texture": "#cdz" },
				"east": { "uv": [ 4.09375, 8.46875, 4.0625, 8.75 ], "texture": "#cdz" }
			}
		},
		{
			"__comment": "Voxels",
			"from": [ 7.75, 26.875, 8 ],
			"to": [ 8.25, 27.875, 8.125 ],
			"faces": {
				"down": { "uv": [ 5.53125, 8.875, 5.65625, 8.90625 ], "texture": "#cdz" },
				"up": { "uv": [ 5.53125, 8.875, 5.65625, 8.84375 ], "texture": "#cdz" },
				"north": { "uv": [ 7.625, 12.375, 7.5, 12.625 ], "texture": "#cdz" },
				"south": { "uv": [ 7.375, 12.375, 7.5, 12.625 ], "texture": "#cdz" },
				"west": { "uv": [ 5.21875, 8.46875, 5.25, 8.71875 ], "texture": "#cdz" },
				"east": { "uv": [ 5.28125, 8.46875, 5.25, 8.71875 ], "texture": "#cdz" }
			}
		},
		{
			"__comment": "Voxels",
			"from": [ 7.75, 28, 10.25 ],
			"to": [ 8.25, 29, 10.375 ],
			"faces": {
				"down": { "uv": [ 5.53125, 8.71875, 5.65625, 8.75 ], "texture": "#cdz" },
				"up": { "uv": [ 5.53125, 8.71875, 5.65625, 8.6875 ], "texture": "#cdz" },
				"north": { "uv": [ 7.375, 12.375, 7.25, 12.625 ], "texture": "#cdz" },
				"south": { "uv": [ 7.125, 12.375, 7.25, 12.625 ], "texture": "#cdz" },
				"west": { "uv": [ 5.5, 9.6875, 5.53125, 9.9375 ], "texture": "#cdz" },
				"east": { "uv": [ 5.53125, 9.4375, 5.5, 9.6875 ], "texture": "#cdz" }
			}
		},
		{
			"__comment": "Voxels",
			"from": [ 7.75, 28.125, 8.125 ],
			"to": [ 8.25, 28.875, 8.25 ],
			"faces": {
				"down": { "uv": [ 5.53125, 8.59375, 5.65625, 8.625 ], "texture": "#cdz" },
				"up": { "uv": [ 5.53125, 8.59375, 5.65625, 8.5625 ], "texture": "#cdz" },
				"north": { "uv": [ 7.1875, 13.5, 7.0625, 13.6875 ], "texture": "#cdz" },
				"south": { "uv": [ 7.21875, 13.5, 7.34375, 13.6875 ], "texture": "#cdz" },
				"west": { "uv": [ 7.1875, 13.5, 7.21875, 13.6875 ], "texture": "#cdz" },
				"east": { "uv": [ 7.375, 13.5, 7.34375, 13.6875 ], "texture": "#cdz" }
			}
		},
		{
			"__comment": "Voxels",
			"from": [ 7.75, 29, 8.25 ],
			"to": [ 8.25, 29.75, 8.375 ],
			"faces": {
				"down": { "uv": [ 5.84375, 10.71875, 5.96875, 10.75 ], "texture": "#cdz" },
				"up": { "uv": [ 5.96875, 10.75, 6.09375, 10.71875 ], "texture": "#cdz" },
				"north": { "uv": [ 4.4375, 8.46875, 4.3125, 8.65625 ], "texture": "#cdz" },
				"south": { "uv": [ 5.9375, 11.28125, 6.0625, 11.46875 ], "texture": "#cdz" },
				"west": { "uv": [ 7.96875, 12.6875, 8, 12.875 ], "texture": "#cdz" },
				"east": { "uv": [ 4.59375, 8.46875, 4.5625, 8.65625 ], "texture": "#cdz" }
			}
		},
		{
			"__comment": "Voxels",
			"from": [ 7.75, 29.125, 10.375 ],
			"to": [ 8.25, 30, 10.5 ],
			"faces": {
				"down": { "uv": [ 6.75, 11.875, 6.875, 11.90625 ], "texture": "#cdz" },
				"up": { "uv": [ 5.71875, 11.5625, 5.84375, 11.53125 ], "texture": "#cdz" },
				"north": { "uv": [ 5.4375, 11.25, 5.3125, 11.46875 ], "texture": "#cdz" },
				"south": { "uv": [ 7.71875, 11.65625, 7.84375, 11.875 ], "texture": "#cdz" },
				"west": { "uv": [ 6.71875, 12.375, 6.75, 12.59375 ], "texture": "#cdz" },
				"east": { "uv": [ 8, 11.65625, 7.96875, 11.875 ], "texture": "#cdz" }
			}
		},
		{
			"__comment": "Voxels",
			"from": [ 7.75, 29.875, 8.375 ],
			"to": [ 8.25, 30.625, 8.5 ],
			"faces": {
				"down": { "uv": [ 5.53125, 10.125, 5.65625, 10.15625 ], "texture": "#cdz" },
				"up": { "uv": [ 5.53125, 9.5625, 5.65625, 9.53125 ], "texture": "#cdz" },
				"north": { "uv": [ 6.1875, 11.28125, 6.0625, 11.46875 ], "texture": "#cdz" },
				"south": { "uv": [ 6.1875, 11.28125, 6.3125, 11.46875 ], "texture": "#cdz" },
				"west": { "uv": [ 4.59375, 8.46875, 4.625, 8.65625 ], "texture": "#cdz" },
				"east": { "uv": [ 6.1875, 11.53125, 6.15625, 11.71875 ], "texture": "#cdz" }
			}
		},
		{
			"__comment": "Voxels",
			"from": [ 7.75, 30.125, 10.5 ],
			"to": [ 8.25, 30.5, 10.625 ],
			"faces": {
				"down": { "uv": [ 5.53125, 8.46875, 5.65625, 8.5 ], "texture": "#cdz" },
				"up": { "uv": [ 5.71875, 10.75, 5.84375, 10.71875 ], "texture": "#cdz" },
				"north": { "uv": [ 6.6875, 12.375, 6.5625, 12.46875 ], "texture": "#cdz" },
				"south": { "uv": [ 7.375, 11.875, 7.5, 11.96875 ], "texture": "#cdz" },
				"west": { "uv": [ 7.78125, 13.53125, 7.8125, 13.625 ], "texture": "#cdz" },
				"east": { "uv": [ 6.53125, 12.375, 6.5, 12.46875 ], "texture": "#cdz" }
			}
		},
		{
			"__comment": "Voxels",
			"from": [ 7.75, 30.5, 10.375 ],
			"to": [ 8.25, 30.875, 10.5 ],
			"faces": {
				"down": { "uv": [ 6.09375, 10.71875, 6.21875, 10.75 ], "texture": "#cdz" },
				"up": { "uv": [ 5.53125, 10.1875, 5.65625, 10.15625 ], "texture": "#cdz" },
				"north": { "uv": [ 7.625, 11.875, 7.5, 11.96875 ], "texture": "#cdz" },
				"south": { "uv": [ 7.625, 11.875, 7.75, 11.96875 ], "texture": "#cdz" },
				"west": { "uv": [ 7.9375, 13.8125, 7.96875, 13.90625 ], "texture": "#cdz" },
				"east": { "uv": [ 6.5625, 12.375, 6.53125, 12.46875 ], "texture": "#cdz" }
			}
		},
		{
			"__comment": "Voxels",
			"from": [ 7.75, 30.625, 8.5 ],
			"to": [ 8.25, 30.875, 8.625 ],
			"faces": {
				"down": { "uv": [ 5.53125, 8.90625, 5.65625, 8.9375 ], "texture": "#cdz" },
				"up": { "uv": [ 5.53125, 9.21875, 5.65625, 9.1875 ], "texture": "#cdz" },
				"north": { "uv": [ 7.09375, 11.53125, 6.96875, 11.59375 ], "texture": "#cdz" },
				"south": { "uv": [ 4.84375, 8.5, 4.96875, 8.5625 ], "texture": "#cdz" },
				"west": { "uv": [ 5.5, 9.03125, 5.53125, 9.09375 ], "texture": "#cdz" },
				"east": { "uv": [ 5.53125, 8.96875, 5.5, 9.03125 ], "texture": "#cdz" }
			}
		},
		{
			"__comment": "Voxels",
			"from": [ 7.75, 30.875, 8.625 ],
			"to": [ 8.25, 31, 8.75 ],
			"faces": {
				"down": { "uv": [ 5.53125, 9.21875, 5.65625, 9.25 ], "texture": "#cdz" },
				"up": { "uv": [ 5.53125, 9.34375, 5.65625, 9.3125 ], "texture": "#cdz" },
				"north": { "uv": [ 5.65625, 9.34375, 5.53125, 9.375 ], "texture": "#cdz" },
				"south": { "uv": [ 5.53125, 9.46875, 5.65625, 9.5 ], "texture": "#cdz" },
				"west": { "uv": [ 5.34375, 8.46875, 5.375, 8.5 ], "texture": "#cdz" },
				"east": { "uv": [ 8, 11.03125, 7.96875, 11.0625 ], "texture": "#cdz" }
			}
		},
		{
			"__comment": "Voxels",
			"from": [ 7.75, 30.875, 10.125 ],
			"to": [ 8.25, 31, 10.375 ],
			"faces": {
				"down": { "uv": [ 7.46875, 11.625, 7.59375, 11.6875 ], "texture": "#cdz" },
				"up": { "uv": [ 7.46875, 11.625, 7.59375, 11.5625 ], "texture": "#cdz" },
				"north": { "uv": [ 5.65625, 9.5625, 5.53125, 9.59375 ], "texture": "#cdz" },
				"south": { "uv": [ 5.53125, 9.59375, 5.65625, 9.625 ], "texture": "#cdz" },
				"west": { "uv": [ 5.65625, 9.21875, 5.71875, 9.25 ], "texture": "#cdz" },
				"east": { "uv": [ 5.71875, 9.1875, 5.65625, 9.21875 ], "texture": "#cdz" }
			}
		},
		{
			"__comment": "Voxels",
			"from": [ 7.75, 31, 8.75 ],
			"to": [ 8.25, 31.125, 8.875 ],
			"faces": {
				"down": { "uv": [ 5.53125, 9.75, 5.65625, 9.78125 ], "texture": "#cdz" },
				"up": { "uv": [ 5.53125, 9.8125, 5.65625, 9.78125 ], "texture": "#cdz" },
				"north": { "uv": [ 5.65625, 9.9375, 5.53125, 9.96875 ], "texture": "#cdz" },
				"south": { "uv": [ 5.53125, 9.96875, 5.65625, 10 ], "texture": "#cdz" },
				"west": { "uv": [ 5.6875, 10.4375, 5.71875, 10.46875 ], "texture": "#cdz" },
				"east": { "uv": [ 5.71875, 10.40625, 5.6875, 10.4375 ], "texture": "#cdz" }
			}
		},
		{
			"__comment": "Voxels",
			"from": [ 7.75, 31, 9.25 ],
			"to": [ 8.25, 31.125, 10 ],
			"faces": {
				"down": { "uv": [ 6.3125, 11.28125, 6.4375, 11.46875 ], "texture": "#cdz" },
				"up": { "uv": [ 6.4375, 11.46875, 6.5625, 11.28125 ], "texture": "#cdz" },
				"north": { "uv": [ 6.46875, 11.53125, 6.34375, 11.5625 ], "texture": "#cdz" },
				"south": { "uv": [ 6.21875, 11.53125, 6.34375, 11.5625 ], "texture": "#cdz" },
				"west": { "uv": [ 7.40625, 10.78125, 7.59375, 10.8125 ], "texture": "#cdz" },
				"east": { "uv": [ 7.78125, 10.78125, 7.59375, 10.8125 ], "texture": "#cdz" }
			}
		},
		{
			"__comment": "Voxels",
			"from": [ 7.75, 31.125, 8.875 ],
			"to": [ 8.25, 31.25, 9.125 ],
			"faces": {
				"down": { "uv": [ 7.59375, 11.59375, 7.71875, 11.65625 ], "texture": "#cdz" },
				"up": { "uv": [ 7.59375, 11.59375, 7.71875, 11.53125 ], "texture": "#cdz" },
				"north": { "uv": [ 6.59375, 10.71875, 6.46875, 10.75 ], "texture": "#cdz" },
				"south": { "uv": [ 6.59375, 10.71875, 6.71875, 10.75 ], "texture": "#cdz" },
				"west": { "uv": [ 7.9375, 15.3125, 8, 15.34375 ], "texture": "#cdz" },
				"east": { "uv": [ 7.96875, 11.40625, 7.90625, 11.4375 ], "texture": "#cdz" }
			}
		},
		{
			"__comment": "Voxels",
			"from": [ 7.875, -9.25, 7 ],
			"to": [ 8.125, -2.5, 7.125 ],
			"faces": {
				"down": { "uv": [ 7.90625, 11, 7.96875, 11.03125 ], "texture": "#cdz" },
				"up": { "uv": [ 7.90625, 11, 7.96875, 10.96875 ], "texture": "#cdz" },
				"north": { "uv": [ 6.8125, 12.59375, 6.75, 14.28125 ], "texture": "#cdz" },
				"south": { "uv": [ 6.6875, 12.59375, 6.75, 14.28125 ], "texture": "#cdz" },
				"west": { "uv": [ 4.75, 10.1875, 4.78125, 11.875 ], "texture": "#cdz" },
				"east": { "uv": [ 4.78125, 8.5, 4.75, 10.1875 ], "texture": "#cdz" }
			}
		},
		{
			"__comment": "Voxels",
			"from": [ 7.875, -5.875, 8 ],
			"to": [ 8.5, -5.75, 8.375 ],
			"faces": {
				"down": { "uv": [ 5.875, 12.4375, 6.03125, 12.53125 ], "texture": "#cdz" },
				"up": { "uv": [ 7.84375, 13.40625, 8, 13.3125 ], "texture": "#cdz" },
				"north": { "uv": [ 5.6875, 10.25, 5.53125, 10.28125 ], "texture": "#cdz" },
				"south": { "uv": [ 5.53125, 10.4375, 5.6875, 10.46875 ], "texture": "#cdz" },
				"west": { "uv": [ 7.90625, 11.4375, 8, 11.46875 ], "texture": "#cdz" },
				"east": { "uv": [ 6.90625, 12.4375, 6.8125, 12.46875 ], "texture": "#cdz" }
			}
		},
		{
			"__comment": "Voxels",
			"from": [ 7.875, -2.375, 9.25 ],
			"to": [ 8.125, -2.25, 9.375 ],
			"faces": {
				"down": { "uv": [ 5.65625, 10.15625, 5.71875, 10.1875 ], "texture": "#cdz" },
				"up": { "uv": [ 5.65625, 10.15625, 5.71875, 10.125 ], "texture": "#cdz" },
				"north": { "uv": [ 5.71875, 10.09375, 5.65625, 10.125 ], "texture": "#cdz" },
				"south": { "uv": [ 5.65625, 10.0625, 5.71875, 10.09375 ], "texture": "#cdz" },
				"west": { "uv": [ 5.6875, 10.375, 5.71875, 10.40625 ], "texture": "#cdz" },
				"east": { "uv": [ 5.71875, 10.34375, 5.6875, 10.375 ], "texture": "#cdz" }
			}
		},
		{
			"__comment": "Voxels",
			"from": [ 7.875, 30.875, 10.375 ],
			"to": [ 8.125, 31, 10.5 ],
			"faces": {
				"down": { "uv": [ 5.65625, 10.03125, 5.71875, 10.0625 ], "texture": "#cdz" },
				"up": { "uv": [ 5.65625, 10.03125, 5.71875, 10 ], "texture": "#cdz" },
				"north": { "uv": [ 5.71875, 9.96875, 5.65625, 10 ], "texture": "#cdz" },
				"south": { "uv": [ 5.65625, 9.9375, 5.71875, 9.96875 ], "texture": "#cdz" },
				"west": { "uv": [ 5.6875, 9, 5.71875, 9.03125 ], "texture": "#cdz" },
				"east": { "uv": [ 5.6875, 8.96875, 5.65625, 9 ], "texture": "#cdz" }
			}
		},
		{
			"__comment": "Voxels",
			"from": [ 7.875, 31, 8.625 ],
			"to": [ 8.125, 31.125, 8.75 ],
			"faces": {
				"down": { "uv": [ 5.65625, 9.90625, 5.71875, 9.9375 ], "texture": "#cdz" },
				"up": { "uv": [ 5.65625, 9.90625, 5.71875, 9.875 ], "texture": "#cdz" },
				"north": { "uv": [ 5.71875, 9.84375, 5.65625, 9.875 ], "texture": "#cdz" },
				"south": { "uv": [ 5.65625, 9.8125, 5.71875, 9.84375 ], "texture": "#cdz" },
				"west": { "uv": [ 7.78125, 13.5, 7.8125, 13.53125 ], "texture": "#cdz" },
				"east": { "uv": [ 4.15625, 8.46875, 4.125, 8.5 ], "texture": "#cdz" }
			}
		},
		{
			"__comment": "Voxels",
			"from": [ 7.875, 31.125, 8.75 ],
			"to": [ 8.125, 31.25, 8.875 ],
			"faces": {
				"down": { "uv": [ 5.65625, 9.78125, 5.71875, 9.8125 ], "texture": "#cdz" },
				"up": { "uv": [ 5.65625, 9.78125, 5.71875, 9.75 ], "texture": "#cdz" },
				"north": { "uv": [ 5.71875, 9.71875, 5.65625, 9.75 ], "texture": "#cdz" },
				"south": { "uv": [ 5.65625, 9.6875, 5.71875, 9.71875 ], "texture": "#cdz" },
				"west": { "uv": [ 4.28125, 8.46875, 4.3125, 8.5 ], "texture": "#cdz" },
				"east": { "uv": [ 4.78125, 8.46875, 4.75, 8.5 ], "texture": "#cdz" }
			}
		},
		{
			"__comment": "Voxels",
			"from": [ 8, -7.375, 8.25 ],
			"to": [ 8.5, -7, 8.375 ],
			"faces": {
				"down": { "uv": [ 7.09375, 10.71875, 7.21875, 10.75 ], "texture": "#cdz" },
				"up": { "uv": [ 7.21875, 10.75, 7.34375, 10.71875 ], "texture": "#cdz" },
				"north": { "uv": [ 7.875, 11.875, 7.75, 11.96875 ], "texture": "#cdz" },
				"south": { "uv": [ 7.875, 11.875, 8, 11.96875 ], "texture": "#cdz" },
				"west": { "uv": [ 6.90625, 12.375, 6.9375, 12.46875 ], "texture": "#cdz" },
				"east": { "uv": [ 6.96875, 12.375, 6.9375, 12.46875 ], "texture": "#cdz" }
			}
		},
		{
			"__comment": "Voxels",
			"from": [ 8.25, -14.625, 8.625 ],
			"to": [ 8.5, -14.5, 8.75 ],
			"faces": {
				"down": { "uv": [ 5.65625, 9.5, 5.71875, 9.53125 ], "texture": "#cdz" },
				"up": { "uv": [ 5.65625, 9.5, 5.71875, 9.46875 ], "texture": "#cdz" },
				"north": { "uv": [ 5.71875, 9.4375, 5.65625, 9.46875 ], "texture": "#cdz" },
				"south": { "uv": [ 5.65625, 9.40625, 5.71875, 9.4375 ], "texture": "#cdz" },
				"west": { "uv": [ 5.46875, 8.46875, 5.5, 8.5 ], "texture": "#cdz" },
				"east": { "uv": [ 5.53125, 8.6875, 5.5, 8.71875 ], "texture": "#cdz" }
			}
		},
		{
			"__comment": "Voxels",
			"from": [ 8.25, -14.5, 8.5 ],
			"to": [ 8.375, -14.375, 8.625 ],
			"faces": {
				"down": { "uv": [ 5.5, 8.65625, 5.53125, 8.6875 ], "texture": "#cdz" },
				"up": { "uv": [ 5.5, 8.65625, 5.53125, 8.625 ], "texture": "#cdz" },
				"north": { "uv": [ 5.53125, 8.59375, 5.5, 8.625 ], "texture": "#cdz" },
				"south": { "uv": [ 5.5, 8.5625, 5.53125, 8.59375 ], "texture": "#cdz" },
				"west": { "uv": [ 5.5, 8.53125, 5.53125, 8.5625 ], "texture": "#cdz" },
				"east": { "uv": [ 5.53125, 8.5, 5.5, 8.53125 ], "texture": "#cdz" }
			}
		},
		{
			"__comment": "Voxels",
			"from": [ 8.25, -7.25, 8.375 ],
			"to": [ 8.375, -2.5, 8.5 ],
			"faces": {
				"down": { "uv": [ 5.5, 8.46875, 5.53125, 8.5 ], "texture": "#cdz" },
				"up": { "uv": [ 7.96875, 10.875, 8, 10.84375 ], "texture": "#cdz" },
				"north": { "uv": [ 4.71875, 8.84375, 4.6875, 10.03125 ], "texture": "#cdz" },
				"south": { "uv": [ 5, 10.34375, 5.03125, 11.53125 ], "texture": "#cdz" },
				"west": { "uv": [ 4.96875, 9.15625, 5, 10.34375 ], "texture": "#cdz" },
				"east": { "uv": [ 5, 10.34375, 4.96875, 11.53125 ], "texture": "#cdz" }
			}
		},
		{
			"__comment": "Voxels",
			"from": [ 8.25, -5.75, 8.25 ],
			"to": [ 8.5, -2.5, 8.375 ],
			"faces": {
				"down": { "uv": [ 5.65625, 9.3125, 5.71875, 9.34375 ], "texture": "#cdz" },
				"up": { "uv": [ 5.65625, 9.3125, 5.71875, 9.28125 ], "texture": "#cdz" },
				"north": { "uv": [ 4.84375, 11.0625, 4.78125, 11.875 ], "texture": "#cdz" },
				"south": { "uv": [ 4.78125, 10.25, 4.84375, 11.0625 ], "texture": "#cdz" },
				"west": { "uv": [ 5.0625, 8.46875, 5.09375, 9.28125 ], "texture": "#cdz" },
				"east": { "uv": [ 4.21875, 8.5, 4.1875, 9.3125 ], "texture": "#cdz" }
			}
		},
		{
			"__comment": "Voxels",
			"from": [ 8.375, -14.75, 7.375 ],
			"to": [ 8.5, -14.625, 7.75 ],
			"faces": {
				"down": { "uv": [ 4.53125, 8.46875, 4.5625, 8.5625 ], "texture": "#cdz" },
				"up": { "uv": [ 4.78125, 8.625, 4.8125, 8.53125 ], "texture": "#cdz" },
				"north": { "uv": [ 5.71875, 10.25, 5.6875, 10.28125 ], "texture": "#cdz" },
				"south": { "uv": [ 5.6875, 10.21875, 5.71875, 10.25 ], "texture": "#cdz" },
				"west": { "uv": [ 6.8125, 12.40625, 6.90625, 12.4375 ], "texture": "#cdz" },
				"east": { "uv": [ 6.90625, 12.375, 6.8125, 12.40625 ], "texture": "#cdz" }
			}
		},
		{
			"__comment": "Voxels",
			"from": [ 8.375, -5.75, 8 ],
			"to": [ 8.5, -2.5, 8.25 ],
			"faces": {
				"down": { "uv": [ 5.5, 8.78125, 5.53125, 8.84375 ], "texture": "#cdz" },
				"up": { "uv": [ 5.5, 8.78125, 5.53125, 8.71875 ], "texture": "#cdz" },
				"north": { "uv": [ 4.25, 8.5, 4.21875, 9.3125 ], "texture": "#cdz" },
				"south": { "uv": [ 5.09375, 8.46875, 5.125, 9.28125 ], "texture": "#cdz" },
				"west": { "uv": [ 4.78125, 9.4375, 4.84375, 10.25 ], "texture": "#cdz" },
				"east": { "uv": [ 4.84375, 8.625, 4.78125, 9.4375 ], "texture": "#cdz" }
			}
		},
		{
			"__comment": "Voxels",
			"from": [ 8.875, -2.5, 6.375 ],
			"to": [ 9, -2.375, 6.5 ],
			"faces": {
				"down": { "uv": [ 5.6875, 8.90625, 5.71875, 8.9375 ], "texture": "#cdz" },
				"up": { "uv": [ 5.65625, 8.90625, 5.6875, 8.875 ], "texture": "#cdz" },
				"north": { "uv": [ 5.71875, 8.875, 5.6875, 8.90625 ], "texture": "#cdz" },
				"south": { "uv": [ 5.65625, 8.84375, 5.6875, 8.875 ], "texture": "#cdz" },
				"west": { "uv": [ 5.6875, 8.84375, 5.71875, 8.875 ], "texture": "#cdz" },
				"east": { "uv": [ 5.6875, 8.8125, 5.65625, 8.84375 ], "texture": "#cdz" }
			}
		}
	],
	"display": {
		"thirdperson_righthand": {
			"translation":  [ 0, 8, 2 ],
			"scale":  [ 0.5, 0.7, 0.5 ]
		},
		"thirdperson_lefthand": {
			"rotation":  [ 0, 0, 180 ],
			"translation":  [ -1.5, -13, 2 ],
			"scale":  [ 0.5, 0.7, 0.5 ]
		},
		"firstperson_righthand": {
			"translation":  [ 0, 8, 2 ],
			"scale":  [ 0.5, 0.7, 0.5 ]
		},
		"firstperson_lefthand": {
			"rotation":  [ 0, 0, 180 ],
			"translation":  [ -1.5, -13, 2 ],
			"scale":  [ 0.5, 0.7, 0.5 ]
		},
		"gui": {
			"rotation":  [ 90, -135, 90 ],
			"scale":  [ 0.3, 0.47, 0.3 ]
		},
		"ground": {
			"translation":  [ 0, 14, 0 ],
			"scale":  [ 0.5, 0.7, 0.5 ]
		},
		"fixed": {
			"rotation":  [ 90, 0, 90 ],
			"scale":  [ 0.5, 0.7, 0.5 ]
		}
	}
}