{
	"__comment": "Designed by Ling_Meng with Cubik Studio - https://cubik.studio",
	"textures": {
		"yf": "blocks/yf"
	},
	"elements": [ 	 
		{
			"__comment": "Voxels",
			"from": [ 7.125, -1.75, 7.625 ],
			"to": [ 8.375, -1.375, 8.625 ],
			"faces": {
				"down": { "uv": [ 6.4375, 15.5, 7.0625, 16 ], "texture": "#yf" },
				"up": { "uv": [ 5.8125, 16, 6.4375, 15.5 ], "texture": "#yf" },
				"north": { "uv": [ 7.0625, 15.3125, 6.4375, 15.5 ], "texture": "#yf" },
				"south": { "uv": [ 5.8125, 15.3125, 6.4375, 15.5 ], "texture": "#yf" },
				"west": { "uv": [ 7.4375, 15.25, 7.9375, 15.4375 ], "texture": "#yf" },
				"east": { "uv": [ 2.125, 11.3125, 1.625, 11.5 ], "texture": "#yf" }
			}
		},
		{
			"__comment": "Voxels",
			"from": [ 7.125, -1.625, 7.25 ],
			"to": [ 8.875, -1.375, 7.625 ],
			"faces": {
				"down": { "uv": [ 3.25, 11.125, 4.125, 11.3125 ], "texture": "#yf" },
				"up": { "uv": [ 4.125, 11.3125, 5, 11.125 ], "texture": "#yf" },
				"north": { "uv": [ 6.75, 11.1875, 5.875, 11.3125 ], "texture": "#yf" },
				"south": { "uv": [ 5, 11.1875, 5.875, 11.3125 ], "texture": "#yf" },
				"west": { "uv": [ 7.8125, 12.8125, 8, 12.9375 ], "texture": "#yf" },
				"east": { "uv": [ 8, 12.9375, 7.8125, 13.0625 ], "texture": "#yf" }
			}
		},
		{
			"__comment": "Voxels",
			"from": [ 7.125, -1.625, 8.625 ],
			"to": [ 8.875, -1.5, 8.75 ],
			"faces": {
				"down": { "uv": [ 5, 11.125, 5.875, 11.1875 ], "texture": "#yf" },
				"up": { "uv": [ 5.875, 11.1875, 6.75, 11.125 ], "texture": "#yf" },
				"north": { "uv": [ 5.4375, 11.0625, 4.5625, 11.125 ], "texture": "#yf" },
				"south": { "uv": [ 4.5625, 11, 5.4375, 11.0625 ], "texture": "#yf" },
				"west": { "uv": [ 0.5, 0, 0.5625, 0.0625 ], "texture": "#yf" },
				"east": { "uv": [ 8, 12.125, 7.9375, 12.1875 ], "texture": "#yf" }
			}
		},
		{
			"__comment": "Voxels",
			"from": [ 7.25, -1.75, 8.625 ],
			"to": [ 8.75, -1.625, 8.75 ],
			"faces": {
				"down": { "uv": [ 4.5625, 10.875, 5.3125, 10.9375 ], "texture": "#yf" },
				"up": { "uv": [ 3.8125, 10.9375, 4.5625, 10.875 ], "texture": "#yf" },
				"north": { "uv": [ 6.1875, 11, 5.4375, 11.0625 ], "texture": "#yf" },
				"south": { "uv": [ 6.1875, 11.0625, 6.9375, 11.125 ], "texture": "#yf" },
				"west": { "uv": [ 7.9375, 12.25, 8, 12.3125 ], "texture": "#yf" },
				"east": { "uv": [ 0.625, 0, 0.5625, 0.0625 ], "texture": "#yf" }
			}
		},
		{
			"__comment": "Voxels",
			"from": [ 7.25, -1.625, 7.125 ],
			"to": [ 8.75, -1.375, 7.25 ],
			"faces": {
				"down": { "uv": [ 6.9375, 11.0625, 7.6875, 11.125 ], "texture": "#yf" },
				"up": { "uv": [ 6.9375, 11.0625, 7.6875, 11 ], "texture": "#yf" },
				"north": { "uv": [ 4.5625, 11, 3.8125, 11.125 ], "texture": "#yf" },
				"south": { "uv": [ 6.75, 11.1875, 7.5, 11.3125 ], "texture": "#yf" },
				"west": { "uv": [ 7.9375, 12.6875, 8, 12.8125 ], "texture": "#yf" },
				"east": { "uv": [ 8, 12.5625, 7.9375, 12.6875 ], "texture": "#yf" }
			}
		},
		{
			"__comment": "Voxels",
			"from": [ 7.25, -1.625, 8.75 ],
			"to": [ 8.75, -1.5, 8.875 ],
			"faces": {
				"down": { "uv": [ 6.75, 11.125, 7.5, 11.1875 ], "texture": "#yf" },
				"up": { "uv": [ 6.0625, 11, 6.8125, 10.9375 ], "texture": "#yf" },
				"north": { "uv": [ 5.3125, 10.9375, 4.5625, 11 ], "texture": "#yf" },
				"south": { "uv": [ 5.3125, 10.9375, 6.0625, 11 ], "texture": "#yf" },
				"west": { "uv": [ 7.9375, 11.9375, 8, 12 ], "texture": "#yf" },
				"east": { "uv": [ 8, 12, 7.9375, 12.0625 ], "texture": "#yf" }
			}
		},
		{
			"__comment": "Voxels",
			"from": [ 7.25, -1.5, 8.625 ],
			"to": [ 8.75, -1.375, 8.75 ],
			"faces": {
				"down": { "uv": [ 6.1875, 11, 6.9375, 11.0625 ], "texture": "#yf" },
				"up": { "uv": [ 3.8125, 11, 4.5625, 10.9375 ], "texture": "#yf" },
				"north": { "uv": [ 7.5625, 10.9375, 6.8125, 11 ], "texture": "#yf" },
				"south": { "uv": [ 5.4375, 11.0625, 6.1875, 11.125 ], "texture": "#yf" },
				"west": { "uv": [ 0.3125, 0, 0.375, 0.0625 ], "texture": "#yf" },
				"east": { "uv": [ 7.875, 11.3125, 7.8125, 11.375 ], "texture": "#yf" }
			}
		},
		{
			"__comment": "Voxels",
			"from": [ 7.5, -1.75, 8.75 ],
			"to": [ 8.5, -1.625, 8.875 ],
			"faces": {
				"down": { "uv": [ 3.8125, 10.8125, 4.3125, 10.875 ], "texture": "#yf" },
				"up": { "uv": [ 7.3125, 10.9375, 7.8125, 10.875 ], "texture": "#yf" },
				"north": { "uv": [ 5.3125, 10.8125, 4.8125, 10.875 ], "texture": "#yf" },
				"south": { "uv": [ 5.3125, 10.875, 5.8125, 10.9375 ], "texture": "#yf" },
				"west": { "uv": [ 7.9375, 11.5, 8, 11.5625 ], "texture": "#yf" },
				"east": { "uv": [ 8, 12.1875, 7.9375, 12.25 ], "texture": "#yf" }
			}
		},
		{
			"__comment": "Voxels",
			"from": [ 7.5, -1.625, 7 ],
			"to": [ 8.5, -1.375, 7.125 ],
			"faces": {
				"down": { "uv": [ 6.8125, 10.875, 7.3125, 10.9375 ], "texture": "#yf" },
				"up": { "uv": [ 4.3125, 10.875, 4.8125, 10.8125 ], "texture": "#yf" },
				"north": { "uv": [ 7.8125, 11.3125, 7.3125, 11.4375 ], "texture": "#yf" },
				"south": { "uv": [ 7.3125, 11.4375, 7.8125, 11.5625 ], "texture": "#yf" },
				"west": { "uv": [ 7.125, 12.875, 7.1875, 13 ], "texture": "#yf" },
				"east": { "uv": [ 7.125, 12.875, 7.0625, 13 ], "texture": "#yf" }
			}
		},
		{
			"__comment": "Voxels",
			"from": [ 7.5, -1.625, 8.875 ],
			"to": [ 8.5, -1.5, 9 ],
			"faces": {
				"down": { "uv": [ 5.3125, 10.8125, 5.8125, 10.875 ], "texture": "#yf" },
				"up": { "uv": [ 6.4375, 15.3125, 6.9375, 15.25 ], "texture": "#yf" },
				"north": { "uv": [ 8, 11.25, 7.5, 11.3125 ], "texture": "#yf" },
				"south": { "uv": [ 7.5, 11.1875, 8, 11.25 ], "texture": "#yf" },
				"west": { "uv": [ 7.9375, 12.3125, 8, 12.375 ], "texture": "#yf" },
				"east": { "uv": [ 0.5, 0.0625, 0.4375, 0.125 ], "texture": "#yf" }
			}
		},
		{
			"__comment": "Voxels",
			"from": [ 7.5, -1.5, 8.75 ],
			"to": [ 8.5, -1.375, 8.875 ],
			"faces": {
				"down": { "uv": [ 7.5, 11.125, 8, 11.1875 ], "texture": "#yf" },
				"up": { "uv": [ 5.8125, 10.9375, 6.3125, 10.875 ], "texture": "#yf" },
				"north": { "uv": [ 6.8125, 10.875, 6.3125, 10.9375 ], "texture": "#yf" },
				"south": { "uv": [ 5.8125, 15.25, 6.3125, 15.3125 ], "texture": "#yf" },
				"west": { "uv": [ 0.5, 0.0625, 0.5625, 0.125 ], "texture": "#yf" },
				"east": { "uv": [ 8, 12.0625, 7.9375, 12.125 ], "texture": "#yf" }
			}
		},
		{
			"__comment": "Voxels",
			"from": [ 7.625, -13.25, 7.375 ],
			"to": [ 8.375, -11.125, 8.5 ],
			"faces": {
				"down": { "uv": [ 7.0625, 15.4375, 7.4375, 16 ], "texture": "#yf" },
				"up": { "uv": [ 7.4375, 16, 7.8125, 15.4375 ], "texture": "#yf" },
				"north": { "uv": [ 4.3125, 14.1875, 3.9375, 15.25 ], "texture": "#yf" },
				"south": { "uv": [ 3.9375, 13.125, 4.3125, 14.1875 ], "texture": "#yf" },
				"west": { "uv": [ 1.625, 13.875, 2.1875, 14.9375 ], "texture": "#yf" },
				"east": { "uv": [ 2.1875, 14.9375, 1.625, 16 ], "texture": "#yf" }
			}
		},
		{
			"__comment": "Voxels",
			"from": [ 7.625, -11.125, 7.5 ],
			"to": [ 8.375, -1.625, 7.625 ],
			"faces": {
				"down": { "uv": [ 7.5625, 10.9375, 7.9375, 11 ], "texture": "#yf" },
				"up": { "uv": [ 3.9375, 11.375, 4.3125, 11.3125 ], "texture": "#yf" },
				"north": { "uv": [ 0.375, 1.8125, 0, 6.5625 ], "texture": "#yf" },
				"south": { "uv": [ 0, 6.5625, 0.375, 11.3125 ], "texture": "#yf" },
				"west": { "uv": [ 1.3125, 0.8125, 1.375, 5.5625 ], "texture": "#yf" },
				"east": { "uv": [ 1.4375, 6.5625, 1.375, 11.3125 ], "texture": "#yf" }
			}
		},
		{
			"__comment": "Voxels",
			"from": [ 7.625, -11.125, 7.625 ],
			"to": [ 8.375, -1.75, 8.5 ],
			"faces": {
				"down": { "uv": [ 7.3125, 12.375, 7.6875, 12.8125 ], "texture": "#yf" },
				"up": { "uv": [ 7.3125, 12.375, 7.6875, 11.9375 ], "texture": "#yf" },
				"north": { "uv": [ 1.25, 11.3125, 0.875, 16 ], "texture": "#yf" },
				"south": { "uv": [ 1.25, 11.3125, 1.625, 16 ], "texture": "#yf" },
				"west": { "uv": [ 0.4375, 11.3125, 0.875, 16 ], "texture": "#yf" },
				"east": { "uv": [ 0.4375, 11.3125, 0, 16 ], "texture": "#yf" }
			}
		},
		{
			"__comment": "Voxels",
			"from": [ 7.75, -13.375, 8.375 ],
			"to": [ 8.25, -13.25, 8.5 ],
			"faces": {
				"down": { "uv": [ 6.8125, 10.8125, 7.0625, 10.875 ], "texture": "#yf" },
				"up": { "uv": [ 6.0625, 10.875, 6.3125, 10.8125 ], "texture": "#yf" },
				"north": { "uv": [ 6.0625, 10.8125, 5.8125, 10.875 ], "texture": "#yf" },
				"south": { "uv": [ 7.6875, 11, 7.9375, 11.0625 ], "texture": "#yf" },
				"west": { "uv": [ 0.125, 0, 0.1875, 0.0625 ], "texture": "#yf" },
				"east": { "uv": [ 0.625, 0.0625, 0.5625, 0.125 ], "texture": "#yf" }
			}
		},
		{
			"__comment": "Voxels",
			"from": [ 7.75, -13.25, 7.25 ],
			"to": [ 8.25, -11.25, 7.375 ],
			"faces": {
				"down": { "uv": [ 0.625, 0.1875, 0.875, 0.25 ], "texture": "#yf" },
				"up": { "uv": [ 7.75, 11.625, 8, 11.5625 ], "texture": "#yf" },
				"north": { "uv": [ 6.9375, 11.8125, 6.6875, 12.8125 ], "texture": "#yf" },
				"south": { "uv": [ 6.4375, 11.8125, 6.6875, 12.8125 ], "texture": "#yf" },
				"west": { "uv": [ 2.0625, 6.625, 2.125, 7.625 ], "texture": "#yf" },
				"east": { "uv": [ 2.0625, 6.625, 2, 7.625 ], "texture": "#yf" }
			}
		},
		{
			"__comment": "Voxels",
			"from": [ 7.75, -13.25, 8.5 ],
			"to": [ 8.25, -1.75, 8.625 ],
			"faces": {
				"down": { "uv": [ 7.75, 11.8125, 8, 11.875 ], "texture": "#yf" },
				"up": { "uv": [ 7.75, 11.8125, 8, 11.75 ], "texture": "#yf" },
				"north": { "uv": [ 0.625, 5.5625, 0.375, 11.3125 ], "texture": "#yf" },
				"south": { "uv": [ 0.625, 5.5625, 0.875, 11.3125 ], "texture": "#yf" },
				"west": { "uv": [ 1.25, 5.5625, 1.3125, 11.3125 ], "texture": "#yf" },
				"east": { "uv": [ 1.375, 5.5625, 1.3125, 11.3125 ], "texture": "#yf" }
			}
		},
		{
			"__comment": "Voxels",
			"from": [ 7.75, -11.125, 7.375 ],
			"to": [ 8.25, -1.625, 7.5 ],
			"faces": {
				"down": { "uv": [ 6.9375, 11.3125, 7.1875, 11.375 ], "texture": "#yf" },
				"up": { "uv": [ 6.4375, 11.375, 6.6875, 11.3125 ], "texture": "#yf" },
				"north": { "uv": [ 0.625, 0.8125, 0.375, 5.5625 ], "texture": "#yf" },
				"south": { "uv": [ 0.625, 0.8125, 0.875, 5.5625 ], "texture": "#yf" },
				"west": { "uv": [ 1.25, 0.8125, 1.3125, 5.5625 ], "texture": "#yf" },
				"east": { "uv": [ 1.5, 6.5625, 1.4375, 11.3125 ], "texture": "#yf" }
			}
		},
		{
			"__comment": "Voxels",
			"from": [ 7.75, -1.75, 8.875 ],
			"to": [ 8.25, -1.625, 9 ],
			"faces": {
				"down": { "uv": [ 7.5625, 12.8125, 7.8125, 12.875 ], "texture": "#yf" },
				"up": { "uv": [ 0.625, 0.125, 0.875, 0.0625 ], "texture": "#yf" },
				"north": { "uv": [ 0.875, 0, 0.625, 0.0625 ], "texture": "#yf" },
				"south": { "uv": [ 7.0625, 10.8125, 7.3125, 10.875 ], "texture": "#yf" },
				"west": { "uv": [ 0.375, 0, 0.4375, 0.0625 ], "texture": "#yf" },
				"east": { "uv": [ 0.5, 0, 0.4375, 0.0625 ], "texture": "#yf" }
			}
		},
		{
			"__comment": "Voxels",
			"from": [ 7.75, -1.625, 6.875 ],
			"to": [ 8.25, -1.375, 7 ],
			"faces": {
				"down": { "uv": [ 6.5625, 10.8125, 6.8125, 10.875 ], "texture": "#yf" },
				"up": { "uv": [ 6.3125, 10.875, 6.5625, 10.8125 ], "texture": "#yf" },
				"north": { "uv": [ 7.1875, 11.375, 6.9375, 11.5 ], "texture": "#yf" },
				"south": { "uv": [ 7.6875, 12.6875, 7.9375, 12.8125 ], "texture": "#yf" },
				"west": { "uv": [ 7.4375, 13, 7.5, 13.125 ], "texture": "#yf" },
				"east": { "uv": [ 7.5625, 13, 7.5, 13.125 ], "texture": "#yf" }
			}
		},
		{
			"__comment": "Voxels",
			"from": [ 7.75, -1.625, 9 ],
			"to": [ 8.25, -1.5, 9.125 ],
			"faces": {
				"down": { "uv": [ 7.75, 11.875, 8, 11.9375 ], "texture": "#yf" },
				"up": { "uv": [ 7.75, 11.75, 8, 11.6875 ], "texture": "#yf" },
				"north": { "uv": [ 7.9375, 12.375, 7.6875, 12.4375 ], "texture": "#yf" },
				"south": { "uv": [ 7.6875, 11.0625, 7.9375, 11.125 ], "texture": "#yf" },
				"west": { "uv": [ 7.9375, 12.375, 8, 12.4375 ], "texture": "#yf" },
				"east": { "uv": [ 0.3125, 0, 0.25, 0.0625 ], "texture": "#yf" }
			}
		},
		{
			"__comment": "Voxels",
			"from": [ 7.75, -1.5, 8.875 ],
			"to": [ 8.25, -1.375, 9 ],
			"faces": {
				"down": { "uv": [ 0.625, 0.125, 0.875, 0.1875 ], "texture": "#yf" },
				"up": { "uv": [ 7.75, 11.6875, 8, 11.625 ], "texture": "#yf" },
				"north": { "uv": [ 6.9375, 11.3125, 6.6875, 11.375 ], "texture": "#yf" },
				"south": { "uv": [ 7.3125, 10.8125, 7.5625, 10.875 ], "texture": "#yf" },
				"west": { "uv": [ 0.1875, 0, 0.25, 0.0625 ], "texture": "#yf" },
				"east": { "uv": [ 0.4375, 0.0625, 0.375, 0.125 ], "texture": "#yf" }
			}
		},
		{
			"__comment": "Voxels",
			"from": [ 7.875, -1.375, 7.375 ],
			"to": [ 8.125, 0.125, 8.5 ],
			"faces": {
				"down": { "uv": [ 5.6875, 11.4375, 5.8125, 12 ], "texture": "#yf" },
				"up": { "uv": [ 5.6875, 12.5625, 5.8125, 12 ], "texture": "#yf" },
				"north": { "uv": [ 4.4375, 11.4375, 4.3125, 12.1875 ], "texture": "#yf" },
				"south": { "uv": [ 4.9375, 11.625, 5.0625, 12.375 ], "texture": "#yf" },
				"west": { "uv": [ 4.25, 15.25, 4.8125, 16 ], "texture": "#yf" },
				"east": { "uv": [ 4.25, 15.25, 3.6875, 16 ], "texture": "#yf" }
			}
		},
		{
			"__comment": "Voxels",
			"from": [ 7.875, -1.375, 8.5 ],
			"to": [ 8.125, 0, 8.625 ],
			"faces": {
				"down": { "uv": [ 5.9375, 11.3125, 6.0625, 11.375 ], "texture": "#yf" },
				"up": { "uv": [ 5.8125, 11.375, 5.9375, 11.3125 ], "texture": "#yf" },
				"north": { "uv": [ 3.8125, 11.3125, 3.6875, 12 ], "texture": "#yf" },
				"south": { "uv": [ 3.8125, 11.3125, 3.9375, 12 ], "texture": "#yf" },
				"west": { "uv": [ 0.5625, 0.125, 0.625, 0.8125 ], "texture": "#yf" },
				"east": { "uv": [ 0.5625, 0.125, 0.5, 0.8125 ], "texture": "#yf" }
			}
		},
		{
			"__comment": "Voxels",
			"from": [ 7.875, 0.125, 7.5 ],
			"to": [ 8.125, 1.625, 8.5 ],
			"faces": {
				"down": { "uv": [ 7.875, 13.9375, 8, 14.4375 ], "texture": "#yf" },
				"up": { "uv": [ 7.875, 15.25, 8, 14.75 ], "texture": "#yf" },
				"north": { "uv": [ 4.9375, 11.625, 4.8125, 12.375 ], "texture": "#yf" },
				"south": { "uv": [ 4.5625, 11.5, 4.6875, 12.25 ], "texture": "#yf" },
				"west": { "uv": [ 5.3125, 15.25, 5.8125, 16 ], "texture": "#yf" },
				"east": { "uv": [ 5.3125, 15.25, 4.8125, 16 ], "texture": "#yf" }
			}
		},
		{
			"__comment": "Voxels",
			"from": [ 7.875, 1.375, 8.5 ],
			"to": [ 8.125, 13.25, 8.625 ],
			"faces": {
				"down": { "uv": [ 5.5625, 11.3125, 5.6875, 11.375 ], "texture": "#yf" },
				"up": { "uv": [ 5.5625, 11.4375, 5.6875, 11.375 ], "texture": "#yf" },
				"north": { "uv": [ 1, 5.375, 0.875, 11.3125 ], "texture": "#yf" },
				"south": { "uv": [ 1, 5.375, 1.125, 11.3125 ], "texture": "#yf" },
				"west": { "uv": [ 1.1875, 5.375, 1.25, 11.3125 ], "texture": "#yf" },
				"east": { "uv": [ 1.1875, 5.375, 1.125, 11.3125 ], "texture": "#yf" }
			}
		},
		{
			"__comment": "Voxels",
			"from": [ 7.875, 1.625, 7.625 ],
			"to": [ 8.125, 4, 8.5 ],
			"faces": {
				"down": { "uv": [ 3.5625, 11.3125, 3.6875, 11.75 ], "texture": "#yf" },
				"up": { "uv": [ 5.0625, 11.75, 5.1875, 11.3125 ], "texture": "#yf" },
				"north": { "uv": [ 2.1875, 11.5, 2.0625, 12.6875 ], "texture": "#yf" },
				"south": { "uv": [ 2.0625, 12.6875, 2.1875, 13.875 ], "texture": "#yf" },
				"west": { "uv": [ 1.625, 11.5, 2.0625, 12.6875 ], "texture": "#yf" },
				"east": { "uv": [ 2.0625, 12.6875, 1.625, 13.875 ], "texture": "#yf" }
			}
		},
		{
			"__comment": "Voxels",
			"from": [ 7.875, 4, 7.75 ],
			"to": [ 8.125, 5.75, 8.5 ],
			"faces": {
				"down": { "uv": [ 6.9375, 11.6875, 7.0625, 12.0625 ], "texture": "#yf" },
				"up": { "uv": [ 7.0625, 12.0625, 7.1875, 11.6875 ], "texture": "#yf" },
				"north": { "uv": [ 3.0625, 11.4375, 2.9375, 12.3125 ], "texture": "#yf" },
				"south": { "uv": [ 3.0625, 11.4375, 3.1875, 12.3125 ], "texture": "#yf" },
				"west": { "uv": [ 3.9375, 12.25, 4.3125, 13.125 ], "texture": "#yf" },
				"east": { "uv": [ 4.3125, 11.375, 3.9375, 12.25 ], "texture": "#yf" }
			}
		},
		{
			"__comment": "Voxels",
			"from": [ 7.875, 4.375, 8.625 ],
			"to": [ 8.125, 14.25, 8.75 ],
			"faces": {
				"down": { "uv": [ 4.3125, 11.3125, 4.4375, 11.375 ], "texture": "#yf" },
				"up": { "uv": [ 4.3125, 11.4375, 4.4375, 11.375 ], "texture": "#yf" },
				"north": { "uv": [ 1.125, 0.4375, 1, 5.375 ], "texture": "#yf" },
				"south": { "uv": [ 0.875, 0.4375, 1, 5.375 ], "texture": "#yf" },
				"west": { "uv": [ 1.125, 0.4375, 1.1875, 5.375 ], "texture": "#yf" },
				"east": { "uv": [ 1.25, 0.4375, 1.1875, 5.375 ], "texture": "#yf" }
			}
		},
		{
			"__comment": "Voxels",
			"from": [ 7.875, 5.75, 7.875 ],
			"to": [ 8.125, 7.375, 8.5 ],
			"faces": {
				"down": { "uv": [ 2.3125, 11.3125, 2.4375, 11.625 ], "texture": "#yf" },
				"up": { "uv": [ 2.1875, 11.625, 2.3125, 11.3125 ], "texture": "#yf" },
				"north": { "uv": [ 3.5625, 11.75, 3.4375, 12.5625 ], "texture": "#yf" },
				"south": { "uv": [ 3.5625, 11.75, 3.6875, 12.5625 ], "texture": "#yf" },
				"west": { "uv": [ 7.5625, 14.4375, 7.875, 15.25 ], "texture": "#yf" },
				"east": { "uv": [ 7.875, 13.625, 7.5625, 14.4375 ], "texture": "#yf" }
			}
		},
		{
			"__comment": "Voxels",
			"from": [ 7.875, 6.375, 8.75 ],
			"to": [ 8.125, 15.125, 8.875 ],
			"faces": {
				"down": { "uv": [ 3.3125, 11.3125, 3.4375, 11.375 ], "texture": "#yf" },
				"up": { "uv": [ 3.1875, 11.375, 3.3125, 11.3125 ], "texture": "#yf" },
				"north": { "uv": [ 2.3125, 11.625, 2.1875, 16 ], "texture": "#yf" },
				"south": { "uv": [ 2.3125, 11.625, 2.4375, 16 ], "texture": "#yf" },
				"west": { "uv": [ 1.5625, 6.9375, 1.625, 11.3125 ], "texture": "#yf" },
				"east": { "uv": [ 1.5625, 6.9375, 1.5, 11.3125 ], "texture": "#yf" }
			}
		},
		{
			"__comment": "Voxels",
			"from": [ 7.875, 7.375, 8 ],
			"to": [ 8.125, 8.875, 8.5 ],
			"faces": {
				"down": { "uv": [ 4.9375, 11.375, 5.0625, 11.625 ], "texture": "#yf" },
				"up": { "uv": [ 4.8125, 11.625, 4.9375, 11.375 ], "texture": "#yf" },
				"north": { "uv": [ 4.5625, 11.4375, 4.4375, 12.1875 ], "texture": "#yf" },
				"south": { "uv": [ 4.6875, 11.5, 4.8125, 12.25 ], "texture": "#yf" },
				"west": { "uv": [ 7.5625, 12.875, 7.8125, 13.625 ], "texture": "#yf" },
				"east": { "uv": [ 7.1875, 12.0625, 6.9375, 12.8125 ], "texture": "#yf" }
			}
		},
		{
			"__comment": "Voxels",
			"from": [ 7.875, 7.875, 8.875 ],
			"to": [ 8.125, 16, 9 ],
			"faces": {
				"down": { "uv": [ 7.8125, 11.9375, 7.9375, 12 ], "texture": "#yf" },
				"up": { "uv": [ 7.8125, 12.0625, 7.9375, 12 ], "texture": "#yf" },
				"north": { "uv": [ 2.5625, 11.9375, 2.4375, 16 ], "texture": "#yf" },
				"south": { "uv": [ 2.5625, 11.9375, 2.6875, 16 ], "texture": "#yf" },
				"west": { "uv": [ 1.6875, 7.25, 1.75, 11.3125 ], "texture": "#yf" },
				"east": { "uv": [ 1.6875, 7.25, 1.625, 11.3125 ], "texture": "#yf" }
			}
		},
		{
			"__comment": "Voxels",
			"from": [ 7.875, 8.875, 8.125 ],
			"to": [ 8.125, 10, 8.5 ],
			"faces": {
				"down": { "uv": [ 6.1875, 11.4375, 6.3125, 11.625 ], "texture": "#yf" },
				"up": { "uv": [ 7.3125, 15.4375, 7.4375, 15.25 ], "texture": "#yf" },
				"north": { "uv": [ 6.3125, 11.625, 6.1875, 12.1875 ], "texture": "#yf" },
				"south": { "uv": [ 6.1875, 12.1875, 6.3125, 12.75 ], "texture": "#yf" },
				"west": { "uv": [ 7.8125, 15.4375, 8, 16 ], "texture": "#yf" },
				"east": { "uv": [ 8, 13.0625, 7.8125, 13.625 ], "texture": "#yf" }
			}
		},
		{
			"__comment": "Voxels",
			"from": [ 7.875, 9.25, 9 ],
			"to": [ 8.125, 16.875, 9.125 ],
			"faces": {
				"down": { "uv": [ 2.4375, 11.3125, 2.5625, 11.375 ], "texture": "#yf" },
				"up": { "uv": [ 2.5625, 11.375, 2.6875, 11.3125 ], "texture": "#yf" },
				"north": { "uv": [ 2.9375, 12.1875, 2.8125, 16 ], "texture": "#yf" },
				"south": { "uv": [ 2.6875, 12.1875, 2.8125, 16 ], "texture": "#yf" },
				"west": { "uv": [ 1.875, 7.5, 1.9375, 11.3125 ], "texture": "#yf" },
				"east": { "uv": [ 2, 7.5, 1.9375, 11.3125 ], "texture": "#yf" }
			}
		},
		{
			"__comment": "Voxels",
			"from": [ 7.875, 10, 8.25 ],
			"to": [ 8.125, 11.125, 8.5 ],
			"faces": {
				"down": { "uv": [ 2.9375, 11.3125, 3.0625, 11.4375 ], "texture": "#yf" },
				"up": { "uv": [ 3.0625, 11.4375, 3.1875, 11.3125 ], "texture": "#yf" },
				"north": { "uv": [ 5.5625, 11.9375, 5.4375, 12.5 ], "texture": "#yf" },
				"south": { "uv": [ 5.4375, 11.375, 5.5625, 11.9375 ], "texture": "#yf" },
				"west": { "uv": [ 5.5625, 12, 5.6875, 12.5625 ], "texture": "#yf" },
				"east": { "uv": [ 5.6875, 11.4375, 5.5625, 12 ], "texture": "#yf" }
			}
		},
		{
			"__comment": "Voxels",
			"from": [ 7.875, 10.375, 9.125 ],
			"to": [ 8.125, 17.75, 9.25 ],
			"faces": {
				"down": { "uv": [ 6.3125, 15.25, 6.4375, 15.3125 ], "texture": "#yf" },
				"up": { "uv": [ 6.9375, 15.3125, 7.0625, 15.25 ], "texture": "#yf" },
				"north": { "uv": [ 3.1875, 12.3125, 3.0625, 16 ], "texture": "#yf" },
				"south": { "uv": [ 2.9375, 12.3125, 3.0625, 16 ], "texture": "#yf" },
				"west": { "uv": [ 2.0625, 7.625, 2.125, 11.3125 ], "texture": "#yf" },
				"east": { "uv": [ 2.0625, 7.625, 2, 11.3125 ], "texture": "#yf" }
			}
		},
		{
			"__comment": "Voxels",
			"from": [ 7.875, 11.125, 8.375 ],
			"to": [ 8.125, 12.25, 8.5 ],
			"faces": {
				"down": { "uv": [ 4.4375, 11.375, 4.5625, 11.4375 ], "texture": "#yf" },
				"up": { "uv": [ 4.4375, 11.375, 4.5625, 11.3125 ], "texture": "#yf" },
				"north": { "uv": [ 2.5625, 11.375, 2.4375, 11.9375 ], "texture": "#yf" },
				"south": { "uv": [ 2.5625, 11.375, 2.6875, 11.9375 ], "texture": "#yf" },
				"west": { "uv": [ 0.625, 0.25, 0.6875, 0.8125 ], "texture": "#yf" },
				"east": { "uv": [ 0.75, 0.25, 0.6875, 0.8125 ], "texture": "#yf" }
			}
		},
		{
			"__comment": "Voxels",
			"from": [ 7.875, 11.625, 9.25 ],
			"to": [ 8.125, 18.625, 9.375 ],
			"faces": {
				"down": { "uv": [ 4.8125, 11.3125, 4.9375, 11.375 ], "texture": "#yf" },
				"up": { "uv": [ 4.9375, 11.375, 5.0625, 11.3125 ], "texture": "#yf" },
				"north": { "uv": [ 3.3125, 12.5, 3.1875, 16 ], "texture": "#yf" },
				"south": { "uv": [ 3.3125, 12.5, 3.4375, 16 ], "texture": "#yf" },
				"west": { "uv": [ 2.1875, 7.8125, 2.25, 11.3125 ], "texture": "#yf" },
				"east": { "uv": [ 2.1875, 7.8125, 2.125, 11.3125 ], "texture": "#yf" }
			}
		},
		{
			"__comment": "Voxels",
			"from": [ 7.875, 12.625, 9.375 ],
			"to": [ 8.125, 19.5, 9.5 ],
			"faces": {
				"down": { "uv": [ 5.3125, 11.3125, 5.4375, 11.375 ], "texture": "#yf" },
				"up": { "uv": [ 5.4375, 11.375, 5.5625, 11.3125 ], "texture": "#yf" },
				"north": { "uv": [ 3.5625, 12.5625, 3.4375, 16 ], "texture": "#yf" },
				"south": { "uv": [ 3.5625, 12.5625, 3.6875, 16 ], "texture": "#yf" },
				"west": { "uv": [ 2.25, 7.875, 2.3125, 11.3125 ], "texture": "#yf" },
				"east": { "uv": [ 2.375, 7.875, 2.3125, 11.3125 ], "texture": "#yf" }
			}
		},
		{
			"__comment": "Voxels",
			"from": [ 7.875, 13.75, 9.5 ],
			"to": [ 8.125, 20.25, 9.625 ],
			"faces": {
				"down": { "uv": [ 5.6875, 11.375, 5.8125, 11.4375 ], "texture": "#yf" },
				"up": { "uv": [ 5.6875, 11.375, 5.8125, 11.3125 ], "texture": "#yf" },
				"north": { "uv": [ 3.8125, 12, 3.6875, 15.25 ], "texture": "#yf" },
				"south": { "uv": [ 3.8125, 12, 3.9375, 15.25 ], "texture": "#yf" },
				"west": { "uv": [ 2.375, 8.0625, 2.4375, 11.3125 ], "texture": "#yf" },
				"east": { "uv": [ 2.5, 8.0625, 2.4375, 11.3125 ], "texture": "#yf" }
			}
		},
		{
			"__comment": "Voxels",
			"from": [ 7.875, 14.75, 9.625 ],
			"to": [ 8.125, 20.875, 9.75 ],
			"faces": {
				"down": { "uv": [ 6.0625, 11.375, 6.1875, 11.4375 ], "texture": "#yf" },
				"up": { "uv": [ 7.8125, 11.5625, 7.9375, 11.5 ], "texture": "#yf" },
				"north": { "uv": [ 4.5625, 12.1875, 4.4375, 15.25 ], "texture": "#yf" },
				"south": { "uv": [ 4.3125, 12.1875, 4.4375, 15.25 ], "texture": "#yf" },
				"west": { "uv": [ 2.5, 8.25, 2.5625, 11.3125 ], "texture": "#yf" },
				"east": { "uv": [ 2.625, 8.25, 2.5625, 11.3125 ], "texture": "#yf" }
			}
		},
		{
			"__comment": "Voxels",
			"from": [ 7.875, 15.625, 9.75 ],
			"to": [ 8.125, 21.625, 9.875 ],
			"faces": {
				"down": { "uv": [ 7.8125, 12.0625, 7.9375, 12.125 ], "texture": "#yf" },
				"up": { "uv": [ 7.8125, 12.1875, 7.9375, 12.125 ], "texture": "#yf" },
				"north": { "uv": [ 4.6875, 12.25, 4.5625, 15.25 ], "texture": "#yf" },
				"south": { "uv": [ 4.6875, 12.25, 4.8125, 15.25 ], "texture": "#yf" },
				"west": { "uv": [ 2.6875, 8.3125, 2.75, 11.3125 ], "texture": "#yf" },
				"east": { "uv": [ 2.6875, 8.3125, 2.625, 11.3125 ], "texture": "#yf" }
			}
		},
		{
			"__comment": "Voxels",
			"from": [ 7.875, 16.625, 9.875 ],
			"to": [ 8.125, 22.375, 10 ],
			"faces": {
				"down": { "uv": [ 7.875, 13.8125, 8, 13.875 ], "texture": "#yf" },
				"up": { "uv": [ 7.875, 13.9375, 8, 13.875 ], "texture": "#yf" },
				"north": { "uv": [ 5.0625, 12.375, 4.9375, 15.25 ], "texture": "#yf" },
				"south": { "uv": [ 4.8125, 12.375, 4.9375, 15.25 ], "texture": "#yf" },
				"west": { "uv": [ 2.8125, 8.4375, 2.875, 11.3125 ], "texture": "#yf" },
				"east": { "uv": [ 2.8125, 8.4375, 2.75, 11.3125 ], "texture": "#yf" }
			}
		},
		{
			"__comment": "Voxels",
			"from": [ 7.875, 17.5, 10 ],
			"to": [ 8.125, 23.125, 10.125 ],
			"faces": {
				"down": { "uv": [ 7.875, 14.5625, 8, 14.625 ], "texture": "#yf" },
				"up": { "uv": [ 7.875, 14.6875, 8, 14.625 ], "texture": "#yf" },
				"north": { "uv": [ 5.1875, 12.4375, 5.0625, 15.25 ], "texture": "#yf" },
				"south": { "uv": [ 5.1875, 12.4375, 5.3125, 15.25 ], "texture": "#yf" },
				"west": { "uv": [ 2.9375, 8.5, 3, 11.3125 ], "texture": "#yf" },
				"east": { "uv": [ 2.9375, 8.5, 2.875, 11.3125 ], "texture": "#yf" }
			}
		},
		{
			"__comment": "Voxels",
			"from": [ 7.875, 18.375, 10.125 ],
			"to": [ 8.125, 23.875, 10.25 ],
			"faces": {
				"down": { "uv": [ 7.3125, 12.8125, 7.4375, 12.875 ], "texture": "#yf" },
				"up": { "uv": [ 7.3125, 13.0625, 7.4375, 13 ], "texture": "#yf" },
				"north": { "uv": [ 5.4375, 12.5, 5.3125, 15.25 ], "texture": "#yf" },
				"south": { "uv": [ 5.4375, 12.5, 5.5625, 15.25 ], "texture": "#yf" },
				"west": { "uv": [ 3.0625, 8.5625, 3.125, 11.3125 ], "texture": "#yf" },
				"east": { "uv": [ 3.0625, 8.5625, 3, 11.3125 ], "texture": "#yf" }
			}
		},
		{
			"__comment": "Voxels",
			"from": [ 7.875, 19.125, 10.25 ],
			"to": [ 8.125, 24.5, 10.375 ],
			"faces": {
				"down": { "uv": [ 7.1875, 12.875, 7.3125, 12.9375 ], "texture": "#yf" },
				"up": { "uv": [ 7.1875, 13, 7.3125, 12.9375 ], "texture": "#yf" },
				"north": { "uv": [ 5.6875, 12.5625, 5.5625, 15.25 ], "texture": "#yf" },
				"south": { "uv": [ 5.6875, 12.5625, 5.8125, 15.25 ], "texture": "#yf" },
				"west": { "uv": [ 3.1875, 8.625, 3.25, 11.3125 ], "texture": "#yf" },
				"east": { "uv": [ 3.1875, 8.625, 3.125, 11.3125 ], "texture": "#yf" }
			}
		},
		{
			"__comment": "Voxels",
			"from": [ 7.875, 20, 10.375 ],
			"to": [ 8.125, 25.125, 10.5 ],
			"faces": {
				"down": { "uv": [ 6.9375, 12.875, 7.0625, 12.9375 ], "texture": "#yf" },
				"up": { "uv": [ 6.8125, 12.9375, 6.9375, 12.875 ], "texture": "#yf" },
				"north": { "uv": [ 6.0625, 12.6875, 5.9375, 15.25 ], "texture": "#yf" },
				"south": { "uv": [ 5.8125, 12.6875, 5.9375, 15.25 ], "texture": "#yf" },
				"west": { "uv": [ 3.3125, 8.5625, 3.375, 11.125 ], "texture": "#yf" },
				"east": { "uv": [ 3.3125, 8.5625, 3.25, 11.125 ], "texture": "#yf" }
			}
		},
		{
			"__comment": "Voxels",
			"from": [ 7.875, 20.75, 10.5 ],
			"to": [ 8.125, 25.75, 10.625 ],
			"faces": {
				"down": { "uv": [ 7.875, 13.625, 8, 13.6875 ], "texture": "#yf" },
				"up": { "uv": [ 6.6875, 12.9375, 6.8125, 12.875 ], "texture": "#yf" },
				"north": { "uv": [ 6.3125, 12.75, 6.1875, 15.25 ], "texture": "#yf" },
				"south": { "uv": [ 6.0625, 12.75, 6.1875, 15.25 ], "texture": "#yf" },
				"west": { "uv": [ 3.375, 8.625, 3.4375, 11.125 ], "texture": "#yf" },
				"east": { "uv": [ 3.5, 8.625, 3.4375, 11.125 ], "texture": "#yf" }
			}
		},
		{
			"__comment": "Voxels",
			"from": [ 7.875, 21.5, 10.625 ],
			"to": [ 8.125, 26.375, 10.75 ],
			"faces": {
				"down": { "uv": [ 7.8125, 12.1875, 7.9375, 12.25 ], "texture": "#yf" },
				"up": { "uv": [ 6.0625, 11.375, 6.1875, 11.3125 ], "texture": "#yf" },
				"north": { "uv": [ 6.4375, 12.8125, 6.3125, 15.25 ], "texture": "#yf" },
				"south": { "uv": [ 6.4375, 12.8125, 6.5625, 15.25 ], "texture": "#yf" },
				"west": { "uv": [ 3.5, 8.6875, 3.5625, 11.125 ], "texture": "#yf" },
				"east": { "uv": [ 3.625, 8.6875, 3.5625, 11.125 ], "texture": "#yf" }
			}
		},
		{
			"__comment": "Voxels",
			"from": [ 7.875, 22.375, 10.75 ],
			"to": [ 8.125, 27, 10.875 ],
			"faces": {
				"down": { "uv": [ 6.1875, 11.375, 6.3125, 11.4375 ], "texture": "#yf" },
				"up": { "uv": [ 6.1875, 11.375, 6.3125, 11.3125 ], "texture": "#yf" },
				"north": { "uv": [ 6.8125, 12.9375, 6.6875, 15.25 ], "texture": "#yf" },
				"south": { "uv": [ 6.5625, 12.9375, 6.6875, 15.25 ], "texture": "#yf" },
				"west": { "uv": [ 3.625, 8.8125, 3.6875, 11.125 ], "texture": "#yf" },
				"east": { "uv": [ 3.75, 8.8125, 3.6875, 11.125 ], "texture": "#yf" }
			}
		},
		{
			"__comment": "Voxels",
			"from": [ 7.875, 23, 10.875 ],
			"to": [ 8.125, 27.5, 11 ],
			"faces": {
				"down": { "uv": [ 6.5625, 12.875, 6.6875, 12.9375 ], "texture": "#yf" },
				"up": { "uv": [ 6.5625, 12.875, 6.6875, 12.8125 ], "texture": "#yf" },
				"north": { "uv": [ 6.9375, 13, 6.8125, 15.25 ], "texture": "#yf" },
				"south": { "uv": [ 6.9375, 13, 7.0625, 15.25 ], "texture": "#yf" },
				"west": { "uv": [ 3.6875, 6.5625, 3.75, 8.8125 ], "texture": "#yf" },
				"east": { "uv": [ 3.6875, 6.5625, 3.625, 8.8125 ], "texture": "#yf" }
			}
		},
		{
			"__comment": "Voxels",
			"from": [ 7.875, 23.75, 11 ],
			"to": [ 8.125, 28.125, 11.125 ],
			"faces": {
				"down": { "uv": [ 6.6875, 12.8125, 6.8125, 12.875 ], "texture": "#yf" },
				"up": { "uv": [ 6.8125, 13, 6.9375, 12.9375 ], "texture": "#yf" },
				"north": { "uv": [ 7.3125, 13.0625, 7.1875, 15.25 ], "texture": "#yf" },
				"south": { "uv": [ 7.0625, 13.0625, 7.1875, 15.25 ], "texture": "#yf" },
				"west": { "uv": [ 3.75, 6.75, 3.8125, 8.9375 ], "texture": "#yf" },
				"east": { "uv": [ 3.8125, 8.9375, 3.75, 11.125 ], "texture": "#yf" }
			}
		},
		{
			"__comment": "Voxels",
			"from": [ 7.875, 24.375, 11.125 ],
			"to": [ 8.125, 28.625, 11.25 ],
			"faces": {
				"down": { "uv": [ 6.8125, 12.8125, 6.9375, 12.875 ], "texture": "#yf" },
				"up": { "uv": [ 6.9375, 13, 7.0625, 12.9375 ], "texture": "#yf" },
				"north": { "uv": [ 7.5625, 13.125, 7.4375, 15.25 ], "texture": "#yf" },
				"south": { "uv": [ 7.3125, 13.125, 7.4375, 15.25 ], "texture": "#yf" },
				"west": { "uv": [ 3.5, 6.5625, 3.5625, 8.6875 ], "texture": "#yf" },
				"east": { "uv": [ 3.625, 6.5625, 3.5625, 8.6875 ], "texture": "#yf" }
			}
		},
		{
			"__comment": "Voxels",
			"from": [ 7.875, 25.125, 11.25 ],
			"to": [ 8.125, 29, 11.375 ],
			"faces": {
				"down": { "uv": [ 6.9375, 12.8125, 7.0625, 12.875 ], "texture": "#yf" },
				"up": { "uv": [ 7.0625, 13.0625, 7.1875, 13 ], "texture": "#yf" },
				"north": { "uv": [ 1.875, 7.4375, 1.75, 9.375 ], "texture": "#yf" },
				"south": { "uv": [ 1.75, 9.375, 1.875, 11.3125 ], "texture": "#yf" },
				"west": { "uv": [ 2.875, 6.5625, 2.9375, 8.5 ], "texture": "#yf" },
				"east": { "uv": [ 3, 6.5625, 2.9375, 8.5 ], "texture": "#yf" }
			}
		},
		{
			"__comment": "Voxels",
			"from": [ 7.875, 25.75, 11.375 ],
			"to": [ 8.125, 29.25, 11.5 ],
			"faces": {
				"down": { "uv": [ 7.0625, 12.8125, 7.1875, 12.875 ], "texture": "#yf" },
				"up": { "uv": [ 7.1875, 13.0625, 7.3125, 13 ], "texture": "#yf" },
				"north": { "uv": [ 0.25, 0.0625, 0.125, 1.8125 ], "texture": "#yf" },
				"south": { "uv": [ 0, 0.0625, 0.125, 1.8125 ], "texture": "#yf" },
				"west": { "uv": [ 0.25, 0.0625, 0.3125, 1.8125 ], "texture": "#yf" },
				"east": { "uv": [ 0.375, 0.0625, 0.3125, 1.8125 ], "texture": "#yf" }
			}
		},
		{
			"__comment": "Voxels",
			"from": [ 7.875, 26.5, 11.5 ],
			"to": [ 8.125, 29.5, 11.625 ],
			"faces": {
				"down": { "uv": [ 7.1875, 12.8125, 7.3125, 12.875 ], "texture": "#yf" },
				"up": { "uv": [ 7.3125, 13.125, 7.4375, 13.0625 ], "texture": "#yf" },
				"north": { "uv": [ 6.4375, 11.3125, 6.3125, 12.8125 ], "texture": "#yf" },
				"south": { "uv": [ 7.1875, 11.3125, 7.3125, 12.8125 ], "texture": "#yf" },
				"west": { "uv": [ 2.4375, 6.5625, 2.5, 8.0625 ], "texture": "#yf" },
				"east": { "uv": [ 2.4375, 6.5625, 2.375, 8.0625 ], "texture": "#yf" }
			}
		},
		{
			"__comment": "Voxels",
			"from": [ 7.875, 27, 11.625 ],
			"to": [ 8.125, 29.625, 11.75 ],
			"faces": {
				"down": { "uv": [ 7.3125, 12.9375, 7.4375, 13 ], "texture": "#yf" },
				"up": { "uv": [ 7.3125, 12.9375, 7.4375, 12.875 ], "texture": "#yf" },
				"north": { "uv": [ 5.9375, 11.375, 5.8125, 12.6875 ], "texture": "#yf" },
				"south": { "uv": [ 5.9375, 11.375, 6.0625, 12.6875 ], "texture": "#yf" },
				"west": { "uv": [ 6.0625, 11.4375, 6.125, 12.75 ], "texture": "#yf" },
				"east": { "uv": [ 6.1875, 11.4375, 6.125, 12.75 ], "texture": "#yf" }
			}
		},
		{
			"__comment": "Voxels",
			"from": [ 7.875, 27.625, 11.75 ],
			"to": [ 8.125, 29.875, 11.875 ],
			"faces": {
				"down": { "uv": [ 7.4375, 12.9375, 7.5625, 13 ], "texture": "#yf" },
				"up": { "uv": [ 7.4375, 12.9375, 7.5625, 12.875 ], "texture": "#yf" },
				"north": { "uv": [ 3.3125, 11.375, 3.1875, 12.5 ], "texture": "#yf" },
				"south": { "uv": [ 3.3125, 11.375, 3.4375, 12.5 ], "texture": "#yf" },
				"west": { "uv": [ 5.375, 11.375, 5.4375, 12.5 ], "texture": "#yf" },
				"east": { "uv": [ 5.375, 11.375, 5.3125, 12.5 ], "texture": "#yf" }
			}
		},
		{
			"__comment": "Voxels",
			"from": [ 7.875, 28.25, 11.875 ],
			"to": [ 8.125, 30, 12 ],
			"faces": {
				"down": { "uv": [ 7.4375, 12.8125, 7.5625, 12.875 ], "texture": "#yf" },
				"up": { "uv": [ 7.875, 14.75, 8, 14.6875 ], "texture": "#yf" },
				"north": { "uv": [ 2.9375, 11.3125, 2.8125, 12.1875 ], "texture": "#yf" },
				"south": { "uv": [ 2.6875, 11.3125, 2.8125, 12.1875 ], "texture": "#yf" },
				"west": { "uv": [ 1.8125, 6.5625, 1.875, 7.4375 ], "texture": "#yf" },
				"east": { "uv": [ 1.8125, 6.5625, 1.75, 7.4375 ], "texture": "#yf" }
			}
		},
		{
			"__comment": "Voxels",
			"from": [ 7.875, 28.75, 12 ],
			"to": [ 8.125, 30.125, 12.125 ],
			"faces": {
				"down": { "uv": [ 7.875, 14.5, 8, 14.5625 ], "texture": "#yf" },
				"up": { "uv": [ 7.875, 14.5, 8, 14.4375 ], "texture": "#yf" },
				"north": { "uv": [ 5.3125, 11.75, 5.1875, 12.4375 ], "texture": "#yf" },
				"south": { "uv": [ 5.0625, 11.75, 5.1875, 12.4375 ], "texture": "#yf" },
				"west": { "uv": [ 0.4375, 0.125, 0.5, 0.8125 ], "texture": "#yf" },
				"east": { "uv": [ 0.4375, 0.125, 0.375, 0.8125 ], "texture": "#yf" }
			}
		},
		{
			"__comment": "Voxels",
			"from": [ 7.875, 29.375, 12.125 ],
			"to": [ 8.125, 30.25, 12.25 ],
			"faces": {
				"down": { "uv": [ 7.875, 13.75, 8, 13.8125 ], "texture": "#yf" },
				"up": { "uv": [ 7.875, 13.75, 8, 13.6875 ], "texture": "#yf" },
				"north": { "uv": [ 5.3125, 11.3125, 5.1875, 11.75 ], "texture": "#yf" },
				"south": { "uv": [ 3.4375, 11.3125, 3.5625, 11.75 ], "texture": "#yf" },
				"west": { "uv": [ 7.6875, 11.9375, 7.75, 12.375 ], "texture": "#yf" },
				"east": { "uv": [ 7.8125, 11.9375, 7.75, 12.375 ], "texture": "#yf" }
			}
		},
		{
			"__comment": "Voxels",
			"from": [ 7.875, 29.875, 12.25 ],
			"to": [ 8.125, 30.25, 12.375 ],
			"faces": {
				"down": { "uv": [ 7.8125, 12.3125, 7.9375, 12.375 ], "texture": "#yf" },
				"up": { "uv": [ 7.8125, 12.3125, 7.9375, 12.25 ], "texture": "#yf" },
				"north": { "uv": [ 4.6875, 11.3125, 4.5625, 11.5 ], "texture": "#yf" },
				"south": { "uv": [ 4.6875, 11.3125, 4.8125, 11.5 ], "texture": "#yf" },
				"west": { "uv": [ 2.125, 11.3125, 2.1875, 11.5 ], "texture": "#yf" },
				"east": { "uv": [ 8, 15.25, 7.9375, 15.4375 ], "texture": "#yf" }
			}
		},
		{
			"__comment": "Voxels",
			"from": [ 8.375, -1.75, 7.75 ],
			"to": [ 8.875, -1.375, 8.625 ],
			"faces": {
				"down": { "uv": [ 6.4375, 11.375, 6.6875, 11.8125 ], "texture": "#yf" },
				"up": { "uv": [ 6.6875, 11.8125, 6.9375, 11.375 ], "texture": "#yf" },
				"north": { "uv": [ 7.1875, 11.5, 6.9375, 11.6875 ], "texture": "#yf" },
				"south": { "uv": [ 7.0625, 15.25, 7.3125, 15.4375 ], "texture": "#yf" },
				"west": { "uv": [ 7.3125, 11.75, 7.75, 11.9375 ], "texture": "#yf" },
				"east": { "uv": [ 7.75, 11.5625, 7.3125, 11.75 ], "texture": "#yf" }
			}
		},
		{
			"__comment": "Voxels",
			"from": [ 8.375, -1.625, 7.625 ],
			"to": [ 8.875, -1.375, 7.75 ],
			"faces": {
				"down": { "uv": [ 7.5625, 10.8125, 7.8125, 10.875 ], "texture": "#yf" },
				"up": { "uv": [ 3.8125, 10.8125, 4.0625, 10.75 ], "texture": "#yf" },
				"north": { "uv": [ 7.9375, 12.4375, 7.6875, 12.5625 ], "texture": "#yf" },
				"south": { "uv": [ 7.6875, 12.5625, 7.9375, 12.6875 ], "texture": "#yf" },
				"west": { "uv": [ 7.9375, 12.4375, 8, 12.5625 ], "texture": "#yf" },
				"east": { "uv": [ 7.875, 11.375, 7.8125, 11.5 ], "texture": "#yf" }
			}
		},
		{
			"__comment": "Voxels",
			"from": [ 8.625, -1.75, 7.625 ],
			"to": [ 8.875, -1.625, 7.75 ],
			"faces": {
				"down": { "uv": [ 7.875, 11.4375, 8, 11.5 ], "texture": "#yf" },
				"up": { "uv": [ 7.875, 11.4375, 8, 11.375 ], "texture": "#yf" },
				"north": { "uv": [ 8, 11.3125, 7.875, 11.375 ], "texture": "#yf" },
				"south": { "uv": [ 0, 0, 0.125, 0.0625 ], "texture": "#yf" },
				"west": { "uv": [ 0.75, 0.75, 0.8125, 0.8125 ], "texture": "#yf" },
				"east": { "uv": [ 0.875, 0.75, 0.8125, 0.8125 ], "texture": "#yf" }
			}
		}
	],
	"display": {
		"thirdperson_righthand": {
			"translation":  [ 0, 12, 2 ]
		},
		"thirdperson_lefthand": {
			"rotation":  [ 0, 0, 180 ],
			"translation":  [ -1.5, -15, 2 ]
		},
		"firstperson_righthand": {
			"translation":  [ 0, 12, 2 ]
		},
		"firstperson_lefthand": {
			"rotation":  [ 0, 0, 180 ],
			"translation":  [ -1.5, -15, 2 ]
		},
		"gui": {
			"rotation":  [ 90, -140, 90 ],
			"translation":  [ 0.5, -1, 0 ],
			"scale":  [ 0.5, 0.5, 0.5 ]
		},
		"ground": {
			"translation":  [ 0, 18, 0 ]
		},
		"fixed": {
			"rotation":  [ 90, 0, 90 ]
		}
	}
}