{
	"__comment": "Designed by Ling_Meng with Cubik Studio - https://cubik.studio",
	"textures": {
		"cj": "blocks/cj"
	},
	"elements": [ 	 
		{
			"__comment": "Voxels",
			"from": [ 6.5, -5.5, 6.75 ],
			"to": [ 8.5, -5, 8.25 ],
			"faces": {
				"down": { "uv": [ 5, 14.5, 6, 15.25 ], "texture": "#cj" },
				"up": { "uv": [ 5, 16, 6, 15.25 ], "texture": "#cj" },
				"north": { "uv": [ 7.75, 14, 6.75, 14.25 ], "texture": "#cj" },
				"south": { "uv": [ 6.75, 14.25, 7.75, 14.5 ], "texture": "#cj" },
				"west": { "uv": [ 8.5, 15.75, 9.25, 16 ], "texture": "#cj" },
				"east": { "uv": [ 8.5, 12.5, 7.75, 12.75 ], "texture": "#cj" }
			}
		},
		{
			"__comment": "Voxels",
			"from": [ 6.5, -5.25, 6.25 ],
			"to": [ 8.5, -5, 6.75 ],
			"faces": {
				"down": { "uv": [ 6.75, 14.5, 7.75, 14.75 ], "texture": "#cj" },
				"up": { "uv": [ 6.75, 15.5, 7.75, 15.25 ], "texture": "#cj" },
				"north": { "uv": [ 10.25, 15.625, 9.25, 15.75 ], "texture": "#cj" },
				"south": { "uv": [ 9.25, 15.75, 10.25, 15.875 ], "texture": "#cj" },
				"west": { "uv": [ 1.75, 1.125, 2, 1.25 ], "texture": "#cj" },
				"east": { "uv": [ 1.75, 0.75, 1.5, 0.875 ], "texture": "#cj" }
			}
		},
		{
			"__comment": "Voxels",
			"from": [ 6.5, -5.25, 8.25 ],
			"to": [ 8.5, -5, 8.75 ],
			"faces": {
				"down": { "uv": [ 6.75, 14.75, 7.75, 15 ], "texture": "#cj" },
				"up": { "uv": [ 6.75, 15.25, 7.75, 15 ], "texture": "#cj" },
				"north": { "uv": [ 10.25, 15.875, 9.25, 16 ], "texture": "#cj" },
				"south": { "uv": [ 9.25, 15.25, 10.25, 15.375 ], "texture": "#cj" },
				"west": { "uv": [ 1.5, 0.5, 1.75, 0.625 ], "texture": "#cj" },
				"east": { "uv": [ 2, 3.125, 1.75, 3.25 ], "texture": "#cj" }
			}
		},
		{
			"__comment": "Voxels",
			"from": [ 6.5, -4.75, 7.25 ],
			"to": [ 8.5, -4.25, 7.75 ],
			"faces": {
				"down": { "uv": [ 6.75, 15.5, 7.75, 15.75 ], "texture": "#cj" },
				"up": { "uv": [ 6.75, 16, 7.75, 15.75 ], "texture": "#cj" },
				"north": { "uv": [ 7.75, 13.5, 6.75, 13.75 ], "texture": "#cj" },
				"south": { "uv": [ 6.75, 13.75, 7.75, 14 ], "texture": "#cj" },
				"west": { "uv": [ 1, 2.25, 1.25, 2.5 ], "texture": "#cj" },
				"east": { "uv": [ 1.25, 2, 1, 2.25 ], "texture": "#cj" }
			}
		},
		{
			"__comment": "Voxels",
			"from": [ 6.75, -5.75, 7 ],
			"to": [ 8.25, -5.5, 8 ],
			"faces": {
				"down": { "uv": [ 5, 13.125, 5.75, 13.625 ], "texture": "#cj" },
				"up": { "uv": [ 5, 13.125, 5.75, 12.625 ], "texture": "#cj" },
				"north": { "uv": [ 10, 14, 9.25, 14.125 ], "texture": "#cj" },
				"south": { "uv": [ 9.25, 13.875, 10, 14 ], "texture": "#cj" },
				"west": { "uv": [ 10.25, 14.25, 10.75, 14.375 ], "texture": "#cj" },
				"east": { "uv": [ 10.75, 14.125, 10.25, 14.25 ], "texture": "#cj" }
			}
		},
		{
			"__comment": "Voxels",
			"from": [ 6.75, -5.5, 6.5 ],
			"to": [ 8.25, -5.25, 6.75 ],
			"faces": {
				"down": { "uv": [ 9.25, 13.5, 10, 13.625 ], "texture": "#cj" },
				"up": { "uv": [ 9.25, 13.5, 10, 13.375 ], "texture": "#cj" },
				"north": { "uv": [ 10, 13.25, 9.25, 13.375 ], "texture": "#cj" },
				"south": { "uv": [ 9.25, 13.125, 10, 13.25 ], "texture": "#cj" },
				"west": { "uv": [ 2.125, 4.875, 2.25, 5 ], "texture": "#cj" },
				"east": { "uv": [ 2.125, 4.875, 2, 5 ], "texture": "#cj" }
			}
		},
		{
			"__comment": "Voxels",
			"from": [ 6.75, -5.5, 8.25 ],
			"to": [ 8.25, -5.25, 8.5 ],
			"faces": {
				"down": { "uv": [ 9.25, 12.75, 10, 12.875 ], "texture": "#cj" },
				"up": { "uv": [ 9.25, 12.75, 10, 12.625 ], "texture": "#cj" },
				"north": { "uv": [ 10, 12.5, 9.25, 12.625 ], "texture": "#cj" },
				"south": { "uv": [ 10.25, 15.875, 11, 16 ], "texture": "#cj" },
				"west": { "uv": [ 2.125, 5, 2.25, 5.125 ], "texture": "#cj" },
				"east": { "uv": [ 2.25, 5.25, 2.125, 5.375 ], "texture": "#cj" }
			}
		},
		{
			"__comment": "Voxels",
			"from": [ 6.75, -5.25, 5.5 ],
			"to": [ 8.25, -5, 6.25 ],
			"faces": {
				"down": { "uv": [ 6, 15.625, 6.75, 16 ], "texture": "#cj" },
				"up": { "uv": [ 6, 15.625, 6.75, 15.25 ], "texture": "#cj" },
				"north": { "uv": [ 11, 15.125, 10.25, 15.25 ], "texture": "#cj" },
				"south": { "uv": [ 10.25, 15.5, 11, 15.625 ], "texture": "#cj" },
				"west": { "uv": [ 11.5, 13.75, 11.875, 13.875 ], "texture": "#cj" },
				"east": { "uv": [ 11.875, 13.375, 11.5, 13.5 ], "texture": "#cj" }
			}
		},
		{
			"__comment": "Voxels",
			"from": [ 6.75, -5.25, 8.75 ],
			"to": [ 8.25, -5, 9.5 ],
			"faces": {
				"down": { "uv": [ 6, 14.875, 6.75, 15.25 ], "texture": "#cj" },
				"up": { "uv": [ 6, 14.875, 6.75, 14.5 ], "texture": "#cj" },
				"north": { "uv": [ 11, 15.375, 10.25, 15.5 ], "texture": "#cj" },
				"south": { "uv": [ 10.25, 15.25, 11, 15.375 ], "texture": "#cj" },
				"west": { "uv": [ 11.5, 13.625, 11.875, 13.75 ], "texture": "#cj" },
				"east": { "uv": [ 11.875, 13.5, 11.5, 13.625 ], "texture": "#cj" }
			}
		},
		{
			"__comment": "Voxels",
			"from": [ 6.75, -5, 7.25 ],
			"to": [ 8.25, -4.75, 7.75 ],
			"faces": {
				"down": { "uv": [ 8.5, 14.75, 9.25, 15 ], "texture": "#cj" },
				"up": { "uv": [ 8.5, 15.75, 9.25, 15.5 ], "texture": "#cj" },
				"north": { "uv": [ 11, 14.875, 10.25, 15 ], "texture": "#cj" },
				"south": { "uv": [ 10.25, 14.75, 11, 14.875 ], "texture": "#cj" },
				"west": { "uv": [ 1.75, 3, 2, 3.125 ], "texture": "#cj" },
				"east": { "uv": [ 2, 2.875, 1.75, 3 ], "texture": "#cj" }
			}
		},
		{
			"__comment": "Voxels",
			"from": [ 6.75, -4.75, 7 ],
			"to": [ 8.25, -4.25, 7.25 ],
			"faces": {
				"down": { "uv": [ 10.25, 14.375, 11, 14.5 ], "texture": "#cj" },
				"up": { "uv": [ 5, 12.625, 5.75, 12.5 ], "texture": "#cj" },
				"north": { "uv": [ 9.25, 15.25, 8.5, 15.5 ], "texture": "#cj" },
				"south": { "uv": [ 8.5, 15, 9.25, 15.25 ], "texture": "#cj" },
				"west": { "uv": [ 1.75, 2.375, 1.875, 2.625 ], "texture": "#cj" },
				"east": { "uv": [ 2, 2.375, 1.875, 2.625 ], "texture": "#cj" }
			}
		},
		{
			"__comment": "Voxels",
			"from": [ 6.75, -4.75, 7.75 ],
			"to": [ 8.25, -4.25, 8 ],
			"faces": {
				"down": { "uv": [ 9.25, 14.25, 10, 14.375 ], "texture": "#cj" },
				"up": { "uv": [ 9.25, 14.25, 10, 14.125 ], "texture": "#cj" },
				"north": { "uv": [ 6.75, 12.5, 6, 12.75 ], "texture": "#cj" },
				"south": { "uv": [ 6.75, 13.25, 7.5, 13.5 ], "texture": "#cj" },
				"west": { "uv": [ 1.75, 2.125, 1.875, 2.375 ], "texture": "#cj" },
				"east": { "uv": [ 2, 2.125, 1.875, 2.375 ], "texture": "#cj" }
			}
		},
		{
			"__comment": "Voxels",
			"from": [ 6.75, -4.25, 6.5 ],
			"to": [ 8.25, -3.75, 7 ],
			"faces": {
				"down": { "uv": [ 7.75, 15.5, 8.5, 15.75 ], "texture": "#cj" },
				"up": { "uv": [ 7.75, 15.5, 8.5, 15.25 ], "texture": "#cj" },
				"north": { "uv": [ 8.5, 15, 7.75, 15.25 ], "texture": "#cj" },
				"south": { "uv": [ 7.75, 14.75, 8.5, 15 ], "texture": "#cj" },
				"west": { "uv": [ 1.25, 3, 1.5, 3.25 ], "texture": "#cj" },
				"east": { "uv": [ 1.5, 2.75, 1.25, 3 ], "texture": "#cj" }
			}
		},
		{
			"__comment": "Voxels",
			"from": [ 6.75, -4.25, 7.25 ],
			"to": [ 8.25, -4, 7.75 ],
			"faces": {
				"down": { "uv": [ 7.75, 14.25, 8.5, 14.5 ], "texture": "#cj" },
				"up": { "uv": [ 7.75, 14.25, 8.5, 14 ], "texture": "#cj" },
				"north": { "uv": [ 10, 12.875, 9.25, 13 ], "texture": "#cj" },
				"south": { "uv": [ 10.25, 15.75, 11, 15.875 ], "texture": "#cj" },
				"west": { "uv": [ 1.75, 2, 2, 2.125 ], "texture": "#cj" },
				"east": { "uv": [ 2, 0.875, 1.75, 1 ], "texture": "#cj" }
			}
		},
		{
			"__comment": "Voxels",
			"from": [ 6.75, -4.25, 8 ],
			"to": [ 8.25, -3.75, 8.5 ],
			"faces": {
				"down": { "uv": [ 7.75, 15.75, 8.5, 16 ], "texture": "#cj" },
				"up": { "uv": [ 7.75, 14.75, 8.5, 14.5 ], "texture": "#cj" },
				"north": { "uv": [ 8.5, 13.75, 7.75, 14 ], "texture": "#cj" },
				"south": { "uv": [ 7.75, 13.125, 8.5, 13.375 ], "texture": "#cj" },
				"west": { "uv": [ 1, 1.25, 1.25, 1.5 ], "texture": "#cj" },
				"east": { "uv": [ 1.5, 2, 1.25, 2.25 ], "texture": "#cj" }
			}
		},
		{
			"__comment": "Voxels",
			"from": [ 6.75, -4, 6.25 ],
			"to": [ 8.25, -3.75, 6.5 ],
			"faces": {
				"down": { "uv": [ 10.25, 15, 11, 15.125 ], "texture": "#cj" },
				"up": { "uv": [ 10.25, 14.75, 11, 14.625 ], "texture": "#cj" },
				"north": { "uv": [ 11, 14.5, 10.25, 14.625 ], "texture": "#cj" },
				"south": { "uv": [ 9.25, 14.375, 10, 14.5 ], "texture": "#cj" },
				"west": { "uv": [ 2, 5.25, 2.125, 5.375 ], "texture": "#cj" },
				"east": { "uv": [ 2.25, 5.375, 2.125, 5.5 ], "texture": "#cj" }
			}
		},
		{
			"__comment": "Voxels",
			"from": [ 6.75, -4, 8.5 ],
			"to": [ 8.25, -3.75, 8.75 ],
			"faces": {
				"down": { "uv": [ 9.25, 13.75, 10, 13.875 ], "texture": "#cj" },
				"up": { "uv": [ 9.25, 13.75, 10, 13.625 ], "texture": "#cj" },
				"north": { "uv": [ 10, 13, 9.25, 13.125 ], "texture": "#cj" },
				"south": { "uv": [ 10.25, 15.625, 11, 15.75 ], "texture": "#cj" },
				"west": { "uv": [ 2, 5.375, 2.125, 5.5 ], "texture": "#cj" },
				"east": { "uv": [ 2.125, 4.75, 2, 4.875 ], "texture": "#cj" }
			}
		},
		{
			"__comment": "Voxels",
			"from": [ 7, -12.75, 7.25 ],
			"to": [ 8, -5.75, 7.75 ],
			"faces": {
				"down": { "uv": [ 8.5, 13.75, 9, 14 ], "texture": "#cj" },
				"up": { "uv": [ 8.5, 13, 9, 12.75 ], "texture": "#cj" },
				"north": { "uv": [ 4, 12.5, 3.5, 16 ], "texture": "#cj" },
				"south": { "uv": [ 3, 12.5, 3.5, 16 ], "texture": "#cj" },
				"west": { "uv": [ 0.25, 2.5, 0.5, 6 ], "texture": "#cj" },
				"east": { "uv": [ 0.25, 2.5, 0, 6 ], "texture": "#cj" }
			}
		},
		{
			"__comment": "Voxels",
			"from": [ 7, -6, 7 ],
			"to": [ 8, -5.75, 7.25 ],
			"faces": {
				"down": { "uv": [ 10.25, 13.5, 10.75, 13.625 ], "texture": "#cj" },
				"up": { "uv": [ 11, 14.625, 11.5, 14.5 ], "texture": "#cj" },
				"north": { "uv": [ 11.5, 14.625, 11, 14.75 ], "texture": "#cj" },
				"south": { "uv": [ 11, 15.125, 11.5, 15.25 ], "texture": "#cj" },
				"west": { "uv": [ 2, 3.875, 2.125, 4 ], "texture": "#cj" },
				"east": { "uv": [ 2.25, 4, 2.125, 4.125 ], "texture": "#cj" }
			}
		},
		{
			"__comment": "Voxels",
			"from": [ 7, -6, 7.75 ],
			"to": [ 8, -5.75, 8 ],
			"faces": {
				"down": { "uv": [ 11, 15.75, 11.5, 15.875 ], "texture": "#cj" },
				"up": { "uv": [ 11, 16, 11.5, 15.875 ], "texture": "#cj" },
				"north": { "uv": [ 10.75, 12.75, 10.25, 12.875 ], "texture": "#cj" },
				"south": { "uv": [ 10.25, 12.875, 10.75, 13 ], "texture": "#cj" },
				"west": { "uv": [ 2, 4.375, 2.125, 4.5 ], "texture": "#cj" },
				"east": { "uv": [ 2.25, 4.625, 2.125, 4.75 ], "texture": "#cj" }
			}
		},
		{
			"__comment": "Voxels",
			"from": [ 7, -5.75, 6.75 ],
			"to": [ 8, -5.5, 7 ],
			"faces": {
				"down": { "uv": [ 10.25, 13, 10.75, 13.125 ], "texture": "#cj" },
				"up": { "uv": [ 10.25, 13.375, 10.75, 13.25 ], "texture": "#cj" },
				"north": { "uv": [ 10.75, 13.375, 10.25, 13.5 ], "texture": "#cj" },
				"south": { "uv": [ 11.5, 14.75, 12, 14.875 ], "texture": "#cj" },
				"west": { "uv": [ 2.125, 3.5, 2.25, 3.625 ], "texture": "#cj" },
				"east": { "uv": [ 2.25, 5.125, 2.125, 5.25 ], "texture": "#cj" }
			}
		},
		{
			"__comment": "Voxels",
			"from": [ 7, -5.75, 8 ],
			"to": [ 8, -5.5, 8.25 ],
			"faces": {
				"down": { "uv": [ 10.25, 13.625, 10.75, 13.75 ], "texture": "#cj" },
				"up": { "uv": [ 10.25, 14, 10.75, 13.875 ], "texture": "#cj" },
				"north": { "uv": [ 10.75, 14, 10.25, 14.125 ], "texture": "#cj" },
				"south": { "uv": [ 11.5, 14.125, 12, 14.25 ], "texture": "#cj" },
				"west": { "uv": [ 2.125, 3.75, 2.25, 3.875 ], "texture": "#cj" },
				"east": { "uv": [ 2.125, 4, 2, 4.125 ], "texture": "#cj" }
			}
		},
		{
			"__comment": "Voxels",
			"from": [ 7, -5.25, 5 ],
			"to": [ 8, -5, 5.5 ],
			"faces": {
				"down": { "uv": [ 8.5, 12.5, 9, 12.75 ], "texture": "#cj" },
				"up": { "uv": [ 8.5, 13.25, 9, 13 ], "texture": "#cj" },
				"north": { "uv": [ 12, 14.25, 11.5, 14.375 ], "texture": "#cj" },
				"south": { "uv": [ 11.5, 14.5, 12, 14.625 ], "texture": "#cj" },
				"west": { "uv": [ 1.5, 2.375, 1.75, 2.5 ], "texture": "#cj" },
				"east": { "uv": [ 2.25, 6, 2, 6.125 ], "texture": "#cj" }
			}
		},
		{
			"__comment": "Voxels",
			"from": [ 7, -5.25, 9.5 ],
			"to": [ 8, -5, 10 ],
			"faces": {
				"down": { "uv": [ 8.5, 13.25, 9, 13.5 ], "texture": "#cj" },
				"up": { "uv": [ 9.25, 15.25, 9.75, 15 ], "texture": "#cj" },
				"north": { "uv": [ 11.5, 12.75, 11, 12.875 ], "texture": "#cj" },
				"south": { "uv": [ 11, 14.125, 11.5, 14.25 ], "texture": "#cj" },
				"west": { "uv": [ 2, 6.125, 2.25, 6.25 ], "texture": "#cj" },
				"east": { "uv": [ 2.25, 6.5, 2, 6.625 ], "texture": "#cj" }
			}
		},
		{
			"__comment": "Voxels",
			"from": [ 7, -5, 5.5 ],
			"to": [ 8, -4.75, 7.25 ],
			"faces": {
				"down": { "uv": [ 4, 13.125, 4.5, 14 ], "texture": "#cj" },
				"up": { "uv": [ 5.5, 14.5, 6, 13.625 ], "texture": "#cj" },
				"north": { "uv": [ 12, 15, 11.5, 15.125 ], "texture": "#cj" },
				"south": { "uv": [ 11.5, 15.875, 12, 16 ], "texture": "#cj" },
				"west": { "uv": [ 9.25, 14.875, 10.125, 15 ], "texture": "#cj" },
				"east": { "uv": [ 10.125, 14.5, 9.25, 14.625 ], "texture": "#cj" }
			}
		},
		{
			"__comment": "Voxels",
			"from": [ 7, -5, 7.75 ],
			"to": [ 8, -4.75, 9.5 ],
			"faces": {
				"down": { "uv": [ 5, 13.625, 5.5, 14.5 ], "texture": "#cj" },
				"up": { "uv": [ 4.5, 14, 5, 13.125 ], "texture": "#cj" },
				"north": { "uv": [ 11.5, 12.625, 11, 12.75 ], "texture": "#cj" },
				"south": { "uv": [ 9.75, 15, 10.25, 15.125 ], "texture": "#cj" },
				"west": { "uv": [ 9.25, 14.625, 10.125, 14.75 ], "texture": "#cj" },
				"east": { "uv": [ 10.125, 14.75, 9.25, 14.875 ], "texture": "#cj" }
			}
		},
		{
			"__comment": "Voxels",
			"from": [ 7, -4.75, 6.5 ],
			"to": [ 8, -4.5, 7 ],
			"faces": {
				"down": { "uv": [ 8.5, 14, 9, 14.25 ], "texture": "#cj" },
				"up": { "uv": [ 8.5, 13.75, 9, 13.5 ], "texture": "#cj" },
				"north": { "uv": [ 10.25, 15.125, 9.75, 15.25 ], "texture": "#cj" },
				"south": { "uv": [ 11.5, 14.875, 12, 15 ], "texture": "#cj" },
				"west": { "uv": [ 2, 7.125, 2.25, 7.25 ], "texture": "#cj" },
				"east": { "uv": [ 2, 0.25, 1.75, 0.375 ], "texture": "#cj" }
			}
		},
		{
			"__comment": "Voxels",
			"from": [ 7, -4.75, 8 ],
			"to": [ 8, -4.25, 8.25 ],
			"faces": {
				"down": { "uv": [ 11, 12.5, 11.5, 12.625 ], "texture": "#cj" },
				"up": { "uv": [ 11, 14, 11.5, 13.875 ], "texture": "#cj" },
				"north": { "uv": [ 9.75, 15.375, 9.25, 15.625 ], "texture": "#cj" },
				"south": { "uv": [ 9.75, 15.375, 10.25, 15.625 ], "texture": "#cj" },
				"west": { "uv": [ 1.875, 0.375, 2, 0.625 ], "texture": "#cj" },
				"east": { "uv": [ 1.875, 0.375, 1.75, 0.625 ], "texture": "#cj" }
			}
		},
		{
			"__comment": "Voxels",
			"from": [ 7, -4.75, 8.25 ],
			"to": [ 8, -4.5, 8.5 ],
			"faces": {
				"down": { "uv": [ 11, 12.875, 11.5, 13 ], "texture": "#cj" },
				"up": { "uv": [ 11, 13.125, 11.5, 13 ], "texture": "#cj" },
				"north": { "uv": [ 11.5, 13.125, 11, 13.25 ], "texture": "#cj" },
				"south": { "uv": [ 11, 13.75, 11.5, 13.875 ], "texture": "#cj" },
				"west": { "uv": [ 2, 4.25, 2.125, 4.375 ], "texture": "#cj" },
				"east": { "uv": [ 2.25, 5.5, 2.125, 5.625 ], "texture": "#cj" }
			}
		},
		{
			"__comment": "Voxels",
			"from": [ 7, -4.5, 6.75 ],
			"to": [ 8, -4.25, 7 ],
			"faces": {
				"down": { "uv": [ 11, 14.75, 11.5, 14.875 ], "texture": "#cj" },
				"up": { "uv": [ 11, 15.375, 11.5, 15.25 ], "texture": "#cj" },
				"north": { "uv": [ 11.5, 15.375, 11, 15.5 ], "texture": "#cj" },
				"south": { "uv": [ 11.5, 14.375, 12, 14.5 ], "texture": "#cj" },
				"west": { "uv": [ 2, 5.625, 2.125, 5.75 ], "texture": "#cj" },
				"east": { "uv": [ 2.25, 5.625, 2.125, 5.75 ], "texture": "#cj" }
			}
		},
		{
			"__comment": "Voxels",
			"from": [ 7, -4.25, 6.25 ],
			"to": [ 8, -4, 6.5 ],
			"faces": {
				"down": { "uv": [ 10.25, 13.125, 10.75, 13.25 ], "texture": "#cj" },
				"up": { "uv": [ 10.25, 13.875, 10.75, 13.75 ], "texture": "#cj" },
				"north": { "uv": [ 10.75, 12.625, 10.25, 12.75 ], "texture": "#cj" },
				"south": { "uv": [ 10.25, 12.5, 10.75, 12.625 ], "texture": "#cj" },
				"west": { "uv": [ 2, 5, 2.125, 5.125 ], "texture": "#cj" },
				"east": { "uv": [ 2.125, 5.125, 2, 5.25 ], "texture": "#cj" }
			}
		},
		{
			"__comment": "Voxels",
			"from": [ 7, -4.25, 7 ],
			"to": [ 8, -3.5, 7.25 ],
			"faces": {
				"down": { "uv": [ 11, 15.625, 11.5, 15.75 ], "texture": "#cj" },
				"up": { "uv": [ 11, 15.625, 11.5, 15.5 ], "texture": "#cj" },
				"north": { "uv": [ 8.25, 12.75, 7.75, 13.125 ], "texture": "#cj" },
				"south": { "uv": [ 6, 12.75, 6.5, 13.125 ], "texture": "#cj" },
				"west": { "uv": [ 1.25, 0.5, 1.375, 0.875 ], "texture": "#cj" },
				"east": { "uv": [ 1.5, 0.5, 1.375, 0.875 ], "texture": "#cj" }
			}
		},
		{
			"__comment": "Voxels",
			"from": [ 7, -4.25, 7.75 ],
			"to": [ 8, -3.5, 8 ],
			"faces": {
				"down": { "uv": [ 11, 15, 11.5, 15.125 ], "texture": "#cj" },
				"up": { "uv": [ 11, 15, 11.5, 14.875 ], "texture": "#cj" },
				"north": { "uv": [ 7.25, 12.875, 6.75, 13.25 ], "texture": "#cj" },
				"south": { "uv": [ 7.75, 13.375, 8.25, 13.75 ], "texture": "#cj" },
				"west": { "uv": [ 1.25, 0.125, 1.375, 0.5 ], "texture": "#cj" },
				"east": { "uv": [ 1.5, 0.125, 1.375, 0.5 ], "texture": "#cj" }
			}
		},
		{
			"__comment": "Voxels",
			"from": [ 7, -4.25, 8.5 ],
			"to": [ 8, -4, 8.75 ],
			"faces": {
				"down": { "uv": [ 11, 14.375, 11.5, 14.5 ], "texture": "#cj" },
				"up": { "uv": [ 11, 14.375, 11.5, 14.25 ], "texture": "#cj" },
				"north": { "uv": [ 4.5, 12.5, 4, 12.625 ], "texture": "#cj" },
				"south": { "uv": [ 11, 14, 11.5, 14.125 ], "texture": "#cj" },
				"west": { "uv": [ 2, 3.75, 2.125, 3.875 ], "texture": "#cj" },
				"east": { "uv": [ 2.25, 3.875, 2.125, 4 ], "texture": "#cj" }
			}
		},
		{
			"__comment": "Voxels",
			"from": [ 7, -4, 5.25 ],
			"to": [ 8, -3.75, 6.25 ],
			"faces": {
				"down": { "uv": [ 6, 14, 6.5, 14.5 ], "texture": "#cj" },
				"up": { "uv": [ 6, 14, 6.5, 13.5 ], "texture": "#cj" },
				"north": { "uv": [ 11.5, 13.625, 11, 13.75 ], "texture": "#cj" },
				"south": { "uv": [ 11, 13.5, 11.5, 13.625 ], "texture": "#cj" },
				"west": { "uv": [ 11, 13.375, 11.5, 13.5 ], "texture": "#cj" },
				"east": { "uv": [ 11.5, 13.25, 11, 13.375 ], "texture": "#cj" }
			}
		},
		{
			"__comment": "Voxels",
			"from": [ 7, -4, 7.25 ],
			"to": [ 8, 0, 7.75 ],
			"faces": {
				"down": { "uv": [ 8.5, 14.25, 9, 14.5 ], "texture": "#cj" },
				"up": { "uv": [ 8.5, 14.75, 9, 14.5 ], "texture": "#cj" },
				"north": { "uv": [ 4.5, 14, 4, 16 ], "texture": "#cj" },
				"south": { "uv": [ 4.5, 14, 5, 16 ], "texture": "#cj" },
				"west": { "uv": [ 0.25, 0.5, 0.5, 2.5 ], "texture": "#cj" },
				"east": { "uv": [ 0.25, 0.5, 0, 2.5 ], "texture": "#cj" }
			}
		},
		{
			"__comment": "Voxels",
			"from": [ 7, -4, 8.75 ],
			"to": [ 8, -3.75, 9.75 ],
			"faces": {
				"down": { "uv": [ 4, 12.625, 4.5, 13.125 ], "texture": "#cj" },
				"up": { "uv": [ 4.5, 13.125, 5, 12.625 ], "texture": "#cj" },
				"north": { "uv": [ 12, 15.75, 11.5, 15.875 ], "texture": "#cj" },
				"south": { "uv": [ 11.5, 15.625, 12, 15.75 ], "texture": "#cj" },
				"west": { "uv": [ 11.5, 15.5, 12, 15.625 ], "texture": "#cj" },
				"east": { "uv": [ 12, 15.375, 11.5, 15.5 ], "texture": "#cj" }
			}
		},
		{
			"__comment": "Voxels",
			"from": [ 7, -3.75, 6.75 ],
			"to": [ 8, -3, 7 ],
			"faces": {
				"down": { "uv": [ 11.5, 15.25, 12, 15.375 ], "texture": "#cj" },
				"up": { "uv": [ 11.5, 15.25, 12, 15.125 ], "texture": "#cj" },
				"north": { "uv": [ 7.75, 12.5, 7.25, 12.875 ], "texture": "#cj" },
				"south": { "uv": [ 7.25, 12.875, 7.75, 13.25 ], "texture": "#cj" },
				"west": { "uv": [ 1.5, 2.875, 1.625, 3.25 ], "texture": "#cj" },
				"east": { "uv": [ 1.75, 2.875, 1.625, 3.25 ], "texture": "#cj" }
			}
		},
		{
			"__comment": "Voxels",
			"from": [ 7, -3.75, 8 ],
			"to": [ 8, -3, 8.25 ],
			"faces": {
				"down": { "uv": [ 11.5, 14.625, 12, 14.75 ], "texture": "#cj" },
				"up": { "uv": [ 4.5, 12.625, 5, 12.5 ], "texture": "#cj" },
				"north": { "uv": [ 7.25, 12.5, 6.75, 12.875 ], "texture": "#cj" },
				"south": { "uv": [ 6, 13.125, 6.5, 13.5 ], "texture": "#cj" },
				"west": { "uv": [ 1.25, 0.875, 1.375, 1.25 ], "texture": "#cj" },
				"east": { "uv": [ 1.5, 0.875, 1.375, 1.25 ], "texture": "#cj" }
			}
		},
		{
			"__comment": "Voxels",
			"from": [ 7.25, -13.25, 7.25 ],
			"to": [ 7.75, -12.75, 7.75 ],
			"faces": {
				"down": { "uv": [ 1, 0.75, 1.25, 1 ], "texture": "#cj" },
				"up": { "uv": [ 1, 0.75, 1.25, 0.5 ], "texture": "#cj" },
				"north": { "uv": [ 1.25, 0.25, 1, 0.5 ], "texture": "#cj" },
				"south": { "uv": [ 1, 0, 1.25, 0.25 ], "texture": "#cj" },
				"west": { "uv": [ 1.25, 2.5, 1.5, 2.75 ], "texture": "#cj" },
				"east": { "uv": [ 1.5, 2.25, 1.25, 2.5 ], "texture": "#cj" }
			}
		},
		{
			"__comment": "Voxels",
			"from": [ 7.25, -12.75, 7 ],
			"to": [ 7.75, -6, 7.25 ],
			"faces": {
				"down": { "uv": [ 2, 7, 2.25, 7.125 ], "texture": "#cj" },
				"up": { "uv": [ 2, 7, 2.25, 6.875 ], "texture": "#cj" },
				"north": { "uv": [ 1.5, 3.25, 1.25, 6.625 ], "texture": "#cj" },
				"south": { "uv": [ 0.5, 2.625, 0.75, 6 ], "texture": "#cj" },
				"west": { "uv": [ 1.5, 3.25, 1.625, 6.625 ], "texture": "#cj" },
				"east": { "uv": [ 1.875, 3.25, 1.75, 6.625 ], "texture": "#cj" }
			}
		},
		{
			"__comment": "Voxels",
			"from": [ 7.25, -12.75, 7.75 ],
			"to": [ 7.75, -6, 8 ],
			"faces": {
				"down": { "uv": [ 2, 6.375, 2.25, 6.5 ], "texture": "#cj" },
				"up": { "uv": [ 2, 6.375, 2.25, 6.25 ], "texture": "#cj" },
				"north": { "uv": [ 1.25, 3.25, 1, 6.625 ], "texture": "#cj" },
				"south": { "uv": [ 0.75, 2.625, 1, 6 ], "texture": "#cj" },
				"west": { "uv": [ 1.875, 3.25, 2, 6.625 ], "texture": "#cj" },
				"east": { "uv": [ 1.75, 3.25, 1.625, 6.625 ], "texture": "#cj" }
			}
		},
		{
			"__comment": "Voxels",
			"from": [ 7.25, -5, 5.25 ],
			"to": [ 7.75, -4.75, 5.5 ],
			"faces": {
				"down": { "uv": [ 2, 5.875, 2.25, 6 ], "texture": "#cj" },
				"up": { "uv": [ 2, 5.875, 2.25, 5.75 ], "texture": "#cj" },
				"north": { "uv": [ 0.25, 0, 0, 0.125 ], "texture": "#cj" },
				"south": { "uv": [ 0.25, 0, 0.5, 0.125 ], "texture": "#cj" },
				"west": { "uv": [ 2.125, 4.125, 2.25, 4.25 ], "texture": "#cj" },
				"east": { "uv": [ 2.125, 4.5, 2, 4.625 ], "texture": "#cj" }
			}
		},
		{
			"__comment": "Voxels",
			"from": [ 7.25, -5, 9.5 ],
			"to": [ 7.75, -4.75, 9.75 ],
			"faces": {
				"down": { "uv": [ 1.25, 0, 1.5, 0.125 ], "texture": "#cj" },
				"up": { "uv": [ 1.5, 2.875, 1.75, 2.75 ], "texture": "#cj" },
				"north": { "uv": [ 1.75, 2.625, 1.5, 2.75 ], "texture": "#cj" },
				"south": { "uv": [ 1.5, 2.5, 1.75, 2.625 ], "texture": "#cj" },
				"west": { "uv": [ 2.125, 4.5, 2.25, 4.625 ], "texture": "#cj" },
				"east": { "uv": [ 2.25, 4.375, 2.125, 4.5 ], "texture": "#cj" }
			}
		},
		{
			"__comment": "Voxels",
			"from": [ 7.25, -4.75, 6.25 ],
			"to": [ 8, -4.5, 6.5 ],
			"faces": {
				"down": { "uv": [ 12, 15.625, 12.375, 15.75 ], "texture": "#cj" },
				"up": { "uv": [ 12, 15.875, 12.375, 15.75 ], "texture": "#cj" },
				"north": { "uv": [ 12.375, 15.875, 12, 16 ], "texture": "#cj" },
				"south": { "uv": [ 11.5, 12.5, 11.875, 12.625 ], "texture": "#cj" },
				"west": { "uv": [ 2, 3.625, 2.125, 3.75 ], "texture": "#cj" },
				"east": { "uv": [ 2.125, 5.5, 2, 5.625 ], "texture": "#cj" }
			}
		},
		{
			"__comment": "Voxels",
			"from": [ 7.25, -4.75, 8.5 ],
			"to": [ 8, -4.5, 8.75 ],
			"faces": {
				"down": { "uv": [ 11.5, 12.625, 11.875, 12.75 ], "texture": "#cj" },
				"up": { "uv": [ 11.5, 12.875, 11.875, 12.75 ], "texture": "#cj" },
				"north": { "uv": [ 11.875, 12.875, 11.5, 13 ], "texture": "#cj" },
				"south": { "uv": [ 11.5, 13, 11.875, 13.125 ], "texture": "#cj" },
				"west": { "uv": [ 2.125, 4.75, 2.25, 4.875 ], "texture": "#cj" },
				"east": { "uv": [ 2.125, 4.625, 2, 4.75 ], "texture": "#cj" }
			}
		},
		{
			"__comment": "Voxels",
			"from": [ 7.25, -4.25, 6 ],
			"to": [ 7.75, -4, 6.25 ],
			"faces": {
				"down": { "uv": [ 1.5, 2.25, 1.75, 2.375 ], "texture": "#cj" },
				"up": { "uv": [ 1.5, 2.25, 1.75, 2.125 ], "texture": "#cj" },
				"north": { "uv": [ 1.75, 2, 1.5, 2.125 ], "texture": "#cj" },
				"south": { "uv": [ 1.5, 1.875, 1.75, 2 ], "texture": "#cj" },
				"west": { "uv": [ 2.125, 4.25, 2.25, 4.375 ], "texture": "#cj" },
				"east": { "uv": [ 2.125, 4.125, 2, 4.25 ], "texture": "#cj" }
			}
		},
		{
			"__comment": "Voxels",
			"from": [ 7.25, -4.25, 8.75 ],
			"to": [ 7.75, -4, 9 ],
			"faces": {
				"down": { "uv": [ 1.5, 1.75, 1.75, 1.875 ], "texture": "#cj" },
				"up": { "uv": [ 1.5, 1.75, 1.75, 1.625 ], "texture": "#cj" },
				"north": { "uv": [ 1.75, 1.5, 1.5, 1.625 ], "texture": "#cj" },
				"south": { "uv": [ 1.5, 1.375, 1.75, 1.5 ], "texture": "#cj" },
				"west": { "uv": [ 2.125, 3.625, 2.25, 3.75 ], "texture": "#cj" },
				"east": { "uv": [ 2.125, 3.5, 2, 3.625 ], "texture": "#cj" }
			}
		},
		{
			"__comment": "Voxels",
			"from": [ 7.25, -4, 4.5 ],
			"to": [ 7.75, -3.75, 5.25 ],
			"faces": {
				"down": { "uv": [ 0, 0.125, 0.25, 0.5 ], "texture": "#cj" },
				"up": { "uv": [ 0.25, 0.5, 0.5, 0.125 ], "texture": "#cj" },
				"north": { "uv": [ 1.75, 1.25, 1.5, 1.375 ], "texture": "#cj" },
				"south": { "uv": [ 1.5, 1.125, 1.75, 1.25 ], "texture": "#cj" },
				"west": { "uv": [ 11.5, 13.125, 11.875, 13.25 ], "texture": "#cj" },
				"east": { "uv": [ 11.875, 13.25, 11.5, 13.375 ], "texture": "#cj" }
			}
		},
		{
			"__comment": "Voxels",
			"from": [ 7.25, -4, 9.75 ],
			"to": [ 7.75, -3.75, 10.5 ],
			"faces": {
				"down": { "uv": [ 1, 2.875, 1.25, 3.25 ], "texture": "#cj" },
				"up": { "uv": [ 1, 2.875, 1.25, 2.5 ], "texture": "#cj" },
				"north": { "uv": [ 1.75, 1, 1.5, 1.125 ], "texture": "#cj" },
				"south": { "uv": [ 1.5, 0.875, 1.75, 1 ], "texture": "#cj" },
				"west": { "uv": [ 11.5, 13.875, 11.875, 14 ], "texture": "#cj" },
				"east": { "uv": [ 11.875, 14, 11.5, 14.125 ], "texture": "#cj" }
			}
		},
		{
			"__comment": "Voxels",
			"from": [ 7.25, -3.75, 5.5 ],
			"to": [ 7.75, -3.5, 6 ],
			"faces": {
				"down": { "uv": [ 1, 1.75, 1.25, 2 ], "texture": "#cj" },
				"up": { "uv": [ 1.25, 1.5, 1.5, 1.25 ], "texture": "#cj" },
				"north": { "uv": [ 1.75, 0.625, 1.5, 0.75 ], "texture": "#cj" },
				"south": { "uv": [ 1.75, 1, 2, 1.125 ], "texture": "#cj" },
				"west": { "uv": [ 1.5, 0.375, 1.75, 0.5 ], "texture": "#cj" },
				"east": { "uv": [ 1.75, 0.25, 1.5, 0.375 ], "texture": "#cj" }
			}
		},
		{
			"__comment": "Voxels",
			"from": [ 7.25, -3.75, 6.5 ],
			"to": [ 7.75, -2, 6.75 ],
			"faces": {
				"down": { "uv": [ 1.5, 0.125, 1.75, 0.25 ], "texture": "#cj" },
				"up": { "uv": [ 1.5, 0.125, 1.75, 0 ], "texture": "#cj" },
				"north": { "uv": [ 1, 1.75, 0.75, 2.625 ], "texture": "#cj" },
				"south": { "uv": [ 0.5, 1.75, 0.75, 2.625 ], "texture": "#cj" },
				"west": { "uv": [ 0.75, 0, 0.875, 0.875 ], "texture": "#cj" },
				"east": { "uv": [ 1, 0.875, 0.875, 1.75 ], "texture": "#cj" }
			}
		},
		{
			"__comment": "Voxels",
			"from": [ 7.25, -3.75, 8.25 ],
			"to": [ 7.75, -2, 8.5 ],
			"faces": {
				"down": { "uv": [ 1.75, 2.75, 2, 2.875 ], "texture": "#cj" },
				"up": { "uv": [ 1.75, 2.75, 2, 2.625 ], "texture": "#cj" },
				"north": { "uv": [ 0.75, 0, 0.5, 0.875 ], "texture": "#cj" },
				"south": { "uv": [ 0.5, 0.875, 0.75, 1.75 ], "texture": "#cj" },
				"west": { "uv": [ 0.75, 0.875, 0.875, 1.75 ], "texture": "#cj" },
				"east": { "uv": [ 1, 0, 0.875, 0.875 ], "texture": "#cj" }
			}
		},
		{
			"__comment": "Voxels",
			"from": [ 7.25, -3.75, 9 ],
			"to": [ 7.75, -3.5, 9.5 ],
			"faces": {
				"down": { "uv": [ 1, 1.5, 1.25, 1.75 ], "texture": "#cj" },
				"up": { "uv": [ 1, 1.25, 1.25, 1 ], "texture": "#cj" },
				"north": { "uv": [ 2, 1.875, 1.75, 2 ], "texture": "#cj" },
				"south": { "uv": [ 1.75, 1.75, 2, 1.875 ], "texture": "#cj" },
				"west": { "uv": [ 1.75, 1.625, 2, 1.75 ], "texture": "#cj" },
				"east": { "uv": [ 2, 1.5, 1.75, 1.625 ], "texture": "#cj" }
			}
		},
		{
			"__comment": "Voxels",
			"from": [ 7.25, -3.5, 7 ],
			"to": [ 7.75, 16.5, 7.25 ],
			"faces": {
				"down": { "uv": [ 1.75, 1.375, 2, 1.5 ], "texture": "#cj" },
				"up": { "uv": [ 1.75, 1.375, 2, 1.25 ], "texture": "#cj" },
				"north": { "uv": [ 0.25, 6, 0, 16 ], "texture": "#cj" },
				"south": { "uv": [ 0.25, 6, 0.5, 16 ], "texture": "#cj" },
				"west": { "uv": [ 3.375, 2.5, 3.5, 12.5 ], "texture": "#cj" },
				"east": { "uv": [ 3.25, 2.5, 3.125, 12.5 ], "texture": "#cj" }
			}
		},
		{
			"__comment": "Voxels",
			"from": [ 7.25, -3.5, 7.75 ],
			"to": [ 7.75, 16.5, 8 ],
			"faces": {
				"down": { "uv": [ 1.75, 0.75, 2, 0.875 ], "texture": "#cj" },
				"up": { "uv": [ 1.75, 0.75, 2, 0.625 ], "texture": "#cj" },
				"north": { "uv": [ 0.75, 6, 0.5, 16 ], "texture": "#cj" },
				"south": { "uv": [ 0.75, 6, 1, 16 ], "texture": "#cj" },
				"west": { "uv": [ 3, 2.5, 3.125, 12.5 ], "texture": "#cj" },
				"east": { "uv": [ 3.375, 2.5, 3.25, 12.5 ], "texture": "#cj" }
			}
		},
		{
			"__comment": "Voxels",
			"from": [ 7.25, -3, 6.75 ],
			"to": [ 7.75, 15.75, 7 ],
			"faces": {
				"down": { "uv": [ 1.75, 0.125, 2, 0.25 ], "texture": "#cj" },
				"up": { "uv": [ 1.75, 0.125, 2, 0 ], "texture": "#cj" },
				"north": { "uv": [ 1.75, 6.625, 1.5, 16 ], "texture": "#cj" },
				"south": { "uv": [ 1.75, 6.625, 2, 16 ], "texture": "#cj" },
				"west": { "uv": [ 3.5, 3.125, 3.625, 12.5 ], "texture": "#cj" },
				"east": { "uv": [ 4, 3.125, 3.875, 12.5 ], "texture": "#cj" }
			}
		},
		{
			"__comment": "Voxels",
			"from": [ 7.25, -3, 8 ],
			"to": [ 7.75, 15.75, 8.25 ],
			"faces": {
				"down": { "uv": [ 2, 6.75, 2.25, 6.875 ], "texture": "#cj" },
				"up": { "uv": [ 2, 6.75, 2.25, 6.625 ], "texture": "#cj" },
				"north": { "uv": [ 1.5, 6.625, 1.25, 16 ], "texture": "#cj" },
				"south": { "uv": [ 1, 6.625, 1.25, 16 ], "texture": "#cj" },
				"west": { "uv": [ 3.75, 3.125, 3.875, 12.5 ], "texture": "#cj" },
				"east": { "uv": [ 3.75, 3.125, 3.625, 12.5 ], "texture": "#cj" }
			}
		},
		{
			"__comment": "Voxels",
			"from": [ 7.25, 0, 7.25 ],
			"to": [ 7.75, 17.5, 7.75 ],
			"faces": {
				"down": { "uv": [ 1.25, 1.75, 1.5, 2 ], "texture": "#cj" },
				"up": { "uv": [ 1.25, 1.75, 1.5, 1.5 ], "texture": "#cj" },
				"north": { "uv": [ 2.25, 7.25, 2, 16 ], "texture": "#cj" },
				"south": { "uv": [ 2.25, 7.25, 2.5, 16 ], "texture": "#cj" },
				"west": { "uv": [ 2.75, 7.25, 3, 16 ], "texture": "#cj" },
				"east": { "uv": [ 2.75, 7.25, 2.5, 16 ], "texture": "#cj" }
			}
		}
	],
	"display": {
		"thirdperson_righthand": {
			"translation":  [ 1, 14, 2 ]
		},
		"thirdperson_lefthand": {
			"rotation":  [ -40, 50, -90 ],
			"translation":  [ 0, -10, 6 ]
		},
		"firstperson_righthand": {
			"translation":  [ 1, 14, 2 ]
		},
		"firstperson_lefthand": {
			"scale":  [ 0.0001, 0.0001, 0.0001 ]
		},
		"gui": {
			"rotation":  [ 90, 45, -90 ],
			"translation":  [ 3, 2.5, 0 ],
			"scale":  [ 0.7, 0.7, 0.7 ]
		},
		"ground": {
			"translation":  [ 0, 17, 0 ]
		},
		"fixed": {
			"rotation":  [ 0, 90, 0 ],
			"translation":  [ 0, 5, -2 ]
		}
	}
}