{
	"__comment": "Designed by Ling_Meng with Cubik Studio - https://cubik.studio",
	"textures": {
		"hr": "blocks/hr"
	},
	"elements": [ 	 
		{
			"__comment": "Voxels",
			"from": [ 7.625, 1.75, 7.625 ],
			"to": [ 8.375, 3.375, 7.75 ],
			"faces": {
				"down": { "uv": [ 8.9375, 15.8125, 9.3125, 15.875 ], "texture": "#hr" },
				"up": { "uv": [ 8.9375, 14.9375, 9.3125, 14.875 ], "texture": "#hr" },
				"north": { "uv": [ 7.5, 14.375, 7.125, 15.1875 ], "texture": "#hr" },
				"south": { "uv": [ 7.125, 13.5625, 7.5, 14.375 ], "texture": "#hr" },
				"west": { "uv": [ 2.9375, 1.3125, 3, 2.125 ], "texture": "#hr" },
				"east": { "uv": [ 3.0625, 1.3125, 3, 2.125 ], "texture": "#hr" }
			}
		},
		{
			"__comment": "Voxels",
			"from": [ 7.625, 1.75, 8.25 ],
			"to": [ 8.375, 3.375, 8.375 ],
			"faces": {
				"down": { "uv": [ 8.9375, 15.0625, 9.3125, 15.125 ], "texture": "#hr" },
				"up": { "uv": [ 8.9375, 15.1875, 9.3125, 15.125 ], "texture": "#hr" },
				"north": { "uv": [ 7.5, 15.1875, 7.125, 16 ], "texture": "#hr" },
				"south": { "uv": [ 7.125, 12.75, 7.5, 13.5625 ], "texture": "#hr" },
				"west": { "uv": [ 2.9375, 0.5, 3, 1.3125 ], "texture": "#hr" },
				"east": { "uv": [ 3.125, 1.3125, 3.0625, 2.125 ], "texture": "#hr" }
			}
		},
		{
			"__comment": "Voxels",
			"from": [ 7.625, 1.875, 7.75 ],
			"to": [ 8.375, 3.375, 7.875 ],
			"faces": {
				"down": { "uv": [ 8.9375, 15.3125, 9.3125, 15.375 ], "texture": "#hr" },
				"up": { "uv": [ 8.9375, 15.4375, 9.3125, 15.375 ], "texture": "#hr" },
				"north": { "uv": [ 4.25, 12.625, 3.875, 13.375 ], "texture": "#hr" },
				"south": { "uv": [ 4.25, 12.625, 4.625, 13.375 ], "texture": "#hr" },
				"west": { "uv": [ 3, 4.5, 3.0625, 5.25 ], "texture": "#hr" },
				"east": { "uv": [ 3.0625, 0.5625, 3, 1.3125 ], "texture": "#hr" }
			}
		},
		{
			"__comment": "Voxels",
			"from": [ 7.625, 1.875, 8.125 ],
			"to": [ 8.375, 8.625, 8.25 ],
			"faces": {
				"down": { "uv": [ 8.9375, 15.25, 9.3125, 15.3125 ], "texture": "#hr" },
				"up": { "uv": [ 8.9375, 14.6875, 9.3125, 14.625 ], "texture": "#hr" },
				"north": { "uv": [ 3.875, 12.625, 3.5, 16 ], "texture": "#hr" },
				"south": { "uv": [ 3.125, 12.625, 3.5, 16 ], "texture": "#hr" },
				"west": { "uv": [ 1.9375, 3.9375, 2, 7.3125 ], "texture": "#hr" },
				"east": { "uv": [ 1.75, 3.9375, 1.6875, 7.3125 ], "texture": "#hr" }
			}
		},
		{
			"__comment": "Voxels",
			"from": [ 7.625, 1.875, 8.375 ],
			"to": [ 8.375, 3.375, 8.5 ],
			"faces": {
				"down": { "uv": [ 8.9375, 15.5625, 9.3125, 15.625 ], "texture": "#hr" },
				"up": { "uv": [ 8.9375, 15.6875, 9.3125, 15.625 ], "texture": "#hr" },
				"north": { "uv": [ 7.875, 14.5, 7.5, 15.25 ], "texture": "#hr" },
				"south": { "uv": [ 7.5, 15.25, 7.875, 16 ], "texture": "#hr" },
				"west": { "uv": [ 3.0625, 4.5, 3.125, 5.25 ], "texture": "#hr" },
				"east": { "uv": [ 3.125, 0.5625, 3.0625, 1.3125 ], "texture": "#hr" }
			}
		},
		{
			"__comment": "Voxels",
			"from": [ 7.625, 2, 7.5 ],
			"to": [ 8.375, 3.25, 7.625 ],
			"faces": {
				"down": { "uv": [ 8.9375, 15.6875, 9.3125, 15.75 ], "texture": "#hr" },
				"up": { "uv": [ 8.9375, 15.8125, 9.3125, 15.75 ], "texture": "#hr" },
				"north": { "uv": [ 8.25, 14, 7.875, 14.625 ], "texture": "#hr" },
				"south": { "uv": [ 7.875, 13.375, 8.25, 14 ], "texture": "#hr" },
				"west": { "uv": [ 5.75, 13.1875, 5.8125, 13.8125 ], "texture": "#hr" },
				"east": { "uv": [ 2.9375, 0.375, 2.875, 1 ], "texture": "#hr" }
			}
		},
		{
			"__comment": "Voxels",
			"from": [ 7.625, 2, 7.875 ],
			"to": [ 8.375, 3.375, 8.125 ],
			"faces": {
				"down": { "uv": [ 7.125, 12.625, 7.5, 12.75 ], "texture": "#hr" },
				"up": { "uv": [ 7.5, 12.8125, 7.875, 12.6875 ], "texture": "#hr" },
				"north": { "uv": [ 7.875, 13.8125, 7.5, 14.5 ], "texture": "#hr" },
				"south": { "uv": [ 7.5, 13.125, 7.875, 13.8125 ], "texture": "#hr" },
				"west": { "uv": [ 2, 0, 2.125, 0.6875 ], "texture": "#hr" },
				"east": { "uv": [ 2.3125, 0.0625, 2.1875, 0.75 ], "texture": "#hr" }
			}
		},
		{
			"__comment": "Voxels",
			"from": [ 7.625, 2, 8.5 ],
			"to": [ 8.375, 3.375, 8.625 ],
			"faces": {
				"down": { "uv": [ 8.9375, 14.75, 9.3125, 14.8125 ], "texture": "#hr" },
				"up": { "uv": [ 8.9375, 14.875, 9.3125, 14.8125 ], "texture": "#hr" },
				"north": { "uv": [ 8.25, 15.3125, 7.875, 16 ], "texture": "#hr" },
				"south": { "uv": [ 7.875, 14.625, 8.25, 15.3125 ], "texture": "#hr" },
				"west": { "uv": [ 5.625, 13.125, 5.6875, 13.8125 ], "texture": "#hr" },
				"east": { "uv": [ 2.1875, 0, 2.125, 0.6875 ], "texture": "#hr" }
			}
		},
		{
			"__comment": "Voxels",
			"from": [ 7.625, 2.125, 6.875 ],
			"to": [ 8.375, 2.625, 7.5 ],
			"faces": {
				"down": { "uv": [ 8.25, 14.5, 8.625, 14.8125 ], "texture": "#hr" },
				"up": { "uv": [ 7.5, 13.125, 7.875, 12.8125 ], "texture": "#hr" },
				"north": { "uv": [ 8.625, 13.75, 8.25, 14 ], "texture": "#hr" },
				"south": { "uv": [ 8.25, 13.5, 8.625, 13.75 ], "texture": "#hr" },
				"west": { "uv": [ 8.25, 13.25, 8.5625, 13.5 ], "texture": "#hr" },
				"east": { "uv": [ 8.5625, 13, 8.25, 13.25 ], "texture": "#hr" }
			}
		},
		{
			"__comment": "Voxels",
			"from": [ 7.625, 2.25, 6.75 ],
			"to": [ 8.375, 2.875, 6.875 ],
			"faces": {
				"down": { "uv": [ 8.9375, 15.5, 9.3125, 15.5625 ], "texture": "#hr" },
				"up": { "uv": [ 8.9375, 15.5, 9.3125, 15.4375 ], "texture": "#hr" },
				"north": { "uv": [ 8.625, 15.125, 8.25, 15.4375 ], "texture": "#hr" },
				"south": { "uv": [ 8.25, 14.8125, 8.625, 15.125 ], "texture": "#hr" },
				"west": { "uv": [ 6.0625, 13.5, 6.125, 13.8125 ], "texture": "#hr" },
				"east": { "uv": [ 6.1875, 13.5, 6.125, 13.8125 ], "texture": "#hr" }
			}
		},
		{
			"__comment": "Voxels",
			"from": [ 7.625, 2.25, 8.625 ],
			"to": [ 8.375, 3.375, 8.75 ],
			"faces": {
				"down": { "uv": [ 8.9375, 15.1875, 9.3125, 15.25 ], "texture": "#hr" },
				"up": { "uv": [ 8.9375, 15.0625, 9.3125, 15 ], "texture": "#hr" },
				"north": { "uv": [ 8.625, 15.4375, 8.25, 16 ], "texture": "#hr" },
				"south": { "uv": [ 7.875, 12.8125, 8.25, 13.375 ], "texture": "#hr" },
				"west": { "uv": [ 5.9375, 13.25, 6, 13.8125 ], "texture": "#hr" },
				"east": { "uv": [ 6.0625, 13.25, 6, 13.8125 ], "texture": "#hr" }
			}
		},
		{
			"__comment": "Voxels",
			"from": [ 7.625, 2.625, 6.875 ],
			"to": [ 7.75, 2.875, 7.5 ],
			"faces": {
				"down": { "uv": [ 6.1875, 13.5, 6.25, 13.8125 ], "texture": "#hr" },
				"up": { "uv": [ 6.25, 13.8125, 6.3125, 13.5 ], "texture": "#hr" },
				"north": { "uv": [ 8.625, 13.375, 8.5625, 13.5 ], "texture": "#hr" },
				"south": { "uv": [ 7.0625, 13.5625, 7.125, 13.6875 ], "texture": "#hr" },
				"west": { "uv": [ 8.625, 15.5, 8.9375, 15.625 ], "texture": "#hr" },
				"east": { "uv": [ 8.9375, 15.125, 8.625, 15.25 ], "texture": "#hr" }
			}
		},
		{
			"__comment": "Voxels",
			"from": [ 7.625, 2.875, 7 ],
			"to": [ 8.375, 3, 7.5 ],
			"faces": {
				"down": { "uv": [ 8.25, 14, 8.625, 14.25 ], "texture": "#hr" },
				"up": { "uv": [ 8.25, 14.5, 8.625, 14.25 ], "texture": "#hr" },
				"north": { "uv": [ 9.3125, 14.9375, 8.9375, 15 ], "texture": "#hr" },
				"south": { "uv": [ 8.9375, 14.6875, 9.3125, 14.75 ], "texture": "#hr" },
				"west": { "uv": [ 6.125, 12.9375, 6.375, 13 ], "texture": "#hr" },
				"east": { "uv": [ 6.625, 13.625, 6.375, 13.6875 ], "texture": "#hr" }
			}
		},
		{
			"__comment": "Voxels",
			"from": [ 7.625, 3, 7.25 ],
			"to": [ 8.375, 3.125, 7.5 ],
			"faces": {
				"down": { "uv": [ 7.875, 12.6875, 8.25, 12.8125 ], "texture": "#hr" },
				"up": { "uv": [ 8.25, 12.75, 8.625, 12.625 ], "texture": "#hr" },
				"north": { "uv": [ 7.875, 12.625, 7.5, 12.6875 ], "texture": "#hr" },
				"south": { "uv": [ 7.875, 12.625, 8.25, 12.6875 ], "texture": "#hr" },
				"west": { "uv": [ 6.625, 12.625, 6.75, 12.6875 ], "texture": "#hr" },
				"east": { "uv": [ 6.625, 12.625, 6.5, 12.6875 ], "texture": "#hr" }
			}
		},
		{
			"__comment": "Voxels",
			"from": [ 7.625, 3.375, 8 ],
			"to": [ 8.375, 8.625, 8.125 ],
			"faces": {
				"down": { "uv": [ 8.9375, 15.9375, 9.3125, 16 ], "texture": "#hr" },
				"up": { "uv": [ 8.9375, 15.9375, 9.3125, 15.875 ], "texture": "#hr" },
				"north": { "uv": [ 4.625, 13.375, 4.25, 16 ], "texture": "#hr" },
				"south": { "uv": [ 3.875, 13.375, 4.25, 16 ], "texture": "#hr" },
				"west": { "uv": [ 2.875, 4.5, 2.9375, 7.125 ], "texture": "#hr" },
				"east": { "uv": [ 3, 4.5, 2.9375, 7.125 ], "texture": "#hr" }
			}
		},
		{
			"__comment": "Voxels",
			"from": [ 7.75, -2.5, 7.75 ],
			"to": [ 8.25, 1.875, 8.25 ],
			"faces": {
				"down": { "uv": [ 0.5, 0.0625, 0.75, 0.3125 ], "texture": "#hr" },
				"up": { "uv": [ 0.75, 0.3125, 1, 0.0625 ], "texture": "#hr" },
				"north": { "uv": [ 6.625, 13.8125, 6.375, 16 ], "texture": "#hr" },
				"south": { "uv": [ 6.125, 13.8125, 6.375, 16 ], "texture": "#hr" },
				"west": { "uv": [ 5.875, 13.8125, 6.125, 16 ], "texture": "#hr" },
				"east": { "uv": [ 5.875, 13.8125, 5.625, 16 ], "texture": "#hr" }
			}
		},
		{
			"__comment": "Voxels",
			"from": [ 7.75, -2.5, 8.25 ],
			"to": [ 8.25, 1.75, 8.375 ],
			"faces": {
				"down": { "uv": [ 6.375, 13.0625, 6.625, 13.125 ], "texture": "#hr" },
				"up": { "uv": [ 6.625, 13.0625, 6.875, 13 ], "texture": "#hr" },
				"north": { "uv": [ 7.125, 13.875, 6.875, 16 ], "texture": "#hr" },
				"south": { "uv": [ 6.625, 13.875, 6.875, 16 ], "texture": "#hr" },
				"west": { "uv": [ 2.8125, 0.375, 2.875, 2.5 ], "texture": "#hr" },
				"east": { "uv": [ 2.8125, 0.375, 2.75, 2.5 ], "texture": "#hr" }
			}
		},
		{
			"__comment": "Voxels",
			"from": [ 7.75, -2, 7.625 ],
			"to": [ 8.25, 1.75, 7.75 ],
			"faces": {
				"down": { "uv": [ 6.625, 12.9375, 6.875, 13 ], "texture": "#hr" },
				"up": { "uv": [ 6.625, 13.25, 6.875, 13.1875 ], "texture": "#hr" },
				"north": { "uv": [ 1.5, 0.125, 1.25, 2 ], "texture": "#hr" },
				"south": { "uv": [ 1, 0.125, 1.25, 2 ], "texture": "#hr" },
				"west": { "uv": [ 1.9375, 2.0625, 2, 3.9375 ], "texture": "#hr" },
				"east": { "uv": [ 1.75, 2.0625, 1.6875, 3.9375 ], "texture": "#hr" }
			}
		},
		{
			"__comment": "Voxels",
			"from": [ 7.75, -1.875, 8.375 ],
			"to": [ 8.25, -0.875, 8.5 ],
			"faces": {
				"down": { "uv": [ 6.625, 13.25, 6.875, 13.3125 ], "texture": "#hr" },
				"up": { "uv": [ 6.625, 13.875, 6.875, 13.8125 ], "texture": "#hr" },
				"north": { "uv": [ 2, 0.125, 1.75, 0.625 ], "texture": "#hr" },
				"south": { "uv": [ 1.5, 0.125, 1.75, 0.625 ], "texture": "#hr" },
				"west": { "uv": [ 3.0625, 3.0625, 3.125, 3.5625 ], "texture": "#hr" },
				"east": { "uv": [ 2.9375, 4, 2.875, 4.5 ], "texture": "#hr" }
			}
		},
		{
			"__comment": "Voxels",
			"from": [ 7.75, 1.75, 8.375 ],
			"to": [ 8.25, 1.875, 8.5 ],
			"faces": {
				"down": { "uv": [ 6.875, 13.75, 7.125, 13.8125 ], "texture": "#hr" },
				"up": { "uv": [ 6.875, 13.875, 7.125, 13.8125 ], "texture": "#hr" },
				"north": { "uv": [ 6.875, 12.8125, 6.625, 12.875 ], "texture": "#hr" },
				"south": { "uv": [ 6.625, 12.875, 6.875, 12.9375 ], "texture": "#hr" },
				"west": { "uv": [ 8.875, 14.375, 8.9375, 14.4375 ], "texture": "#hr" },
				"east": { "uv": [ 8.9375, 14, 8.875, 14.0625 ], "texture": "#hr" }
			}
		},
		{
			"__comment": "Voxels",
			"from": [ 7.75, 1.875, 7.5 ],
			"to": [ 8.25, 2, 7.625 ],
			"faces": {
				"down": { "uv": [ 6.625, 13.0625, 6.875, 13.125 ], "texture": "#hr" },
				"up": { "uv": [ 6.625, 13.1875, 6.875, 13.125 ], "texture": "#hr" },
				"north": { "uv": [ 6.875, 13.3125, 6.625, 13.375 ], "texture": "#hr" },
				"south": { "uv": [ 6.625, 13.375, 6.875, 13.4375 ], "texture": "#hr" },
				"west": { "uv": [ 8.75, 13.4375, 8.8125, 13.5 ], "texture": "#hr" },
				"east": { "uv": [ 5.875, 13.1875, 5.8125, 13.25 ], "texture": "#hr" }
			}
		},
		{
			"__comment": "Voxels",
			"from": [ 7.75, 1.875, 7.875 ],
			"to": [ 8.25, 2, 8.125 ],
			"faces": {
				"down": { "uv": [ 5.875, 12.875, 6.125, 13 ], "texture": "#hr" },
				"up": { "uv": [ 5.625, 12.8125, 5.875, 12.6875 ], "texture": "#hr" },
				"north": { "uv": [ 6.875, 13.6875, 6.625, 13.75 ], "texture": "#hr" },
				"south": { "uv": [ 6.625, 13.75, 6.875, 13.8125 ], "texture": "#hr" },
				"west": { "uv": [ 8.625, 14.5625, 8.75, 14.625 ], "texture": "#hr" },
				"east": { "uv": [ 8.875, 14.625, 8.75, 14.6875 ], "texture": "#hr" }
			}
		},
		{
			"__comment": "Voxels",
			"from": [ 7.75, 1.875, 8.5 ],
			"to": [ 8.25, 2, 8.625 ],
			"faces": {
				"down": { "uv": [ 6.375, 12.8125, 6.625, 12.875 ], "texture": "#hr" },
				"up": { "uv": [ 6.125, 12.9375, 6.375, 12.875 ], "texture": "#hr" },
				"north": { "uv": [ 6.625, 12.9375, 6.375, 13 ], "texture": "#hr" },
				"south": { "uv": [ 6.375, 13, 6.625, 13.0625 ], "texture": "#hr" },
				"west": { "uv": [ 7.0625, 12.625, 7.125, 12.6875 ], "texture": "#hr" },
				"east": { "uv": [ 8.9375, 14.625, 8.875, 14.6875 ], "texture": "#hr" }
			}
		},
		{
			"__comment": "Voxels",
			"from": [ 7.75, 2, 7.375 ],
			"to": [ 8.25, 2.125, 7.5 ],
			"faces": {
				"down": { "uv": [ 6.375, 13.25, 6.625, 13.3125 ], "texture": "#hr" },
				"up": { "uv": [ 6.375, 13.375, 6.625, 13.3125 ], "texture": "#hr" },
				"north": { "uv": [ 6.625, 13.375, 6.375, 13.4375 ], "texture": "#hr" },
				"south": { "uv": [ 6.375, 13.4375, 6.625, 13.5 ], "texture": "#hr" },
				"west": { "uv": [ 8.875, 14.4375, 8.9375, 14.5 ], "texture": "#hr" },
				"east": { "uv": [ 8.9375, 14.3125, 8.875, 14.375 ], "texture": "#hr" }
			}
		},
		{
			"__comment": "Voxels",
			"from": [ 7.75, 2.125, 6.75 ],
			"to": [ 8.25, 2.25, 6.875 ],
			"faces": {
				"down": { "uv": [ 6.375, 13.6875, 6.625, 13.75 ], "texture": "#hr" },
				"up": { "uv": [ 6.375, 13.8125, 6.625, 13.75 ], "texture": "#hr" },
				"north": { "uv": [ 5.875, 12.625, 5.625, 12.6875 ], "texture": "#hr" },
				"south": { "uv": [ 0, 0, 0.25, 0.0625 ], "texture": "#hr" },
				"west": { "uv": [ 8.875, 14.1875, 8.9375, 14.25 ], "texture": "#hr" },
				"east": { "uv": [ 8.9375, 13.625, 8.875, 13.6875 ], "texture": "#hr" }
			}
		},
		{
			"__comment": "Voxels",
			"from": [ 7.75, 2.125, 8.625 ],
			"to": [ 8.25, 2.25, 8.75 ],
			"faces": {
				"down": { "uv": [ 6.125, 13.1875, 6.375, 13.25 ], "texture": "#hr" },
				"up": { "uv": [ 6.125, 12.8125, 6.375, 12.75 ], "texture": "#hr" },
				"north": { "uv": [ 6.375, 13.25, 6.125, 13.3125 ], "texture": "#hr" },
				"south": { "uv": [ 6.125, 13.3125, 6.375, 13.375 ], "texture": "#hr" },
				"west": { "uv": [ 8.625, 13.5625, 8.6875, 13.625 ], "texture": "#hr" },
				"east": { "uv": [ 8.75, 13.5625, 8.6875, 13.625 ], "texture": "#hr" }
			}
		},
		{
			"__comment": "Voxels",
			"from": [ 7.75, 2.25, 8.75 ],
			"to": [ 8.25, 2.5, 8.875 ],
			"faces": {
				"down": { "uv": [ 5.125, 12.625, 5.375, 12.6875 ], "texture": "#hr" },
				"up": { "uv": [ 4.875, 12.6875, 5.125, 12.625 ], "texture": "#hr" },
				"north": { "uv": [ 6.125, 12.75, 5.875, 12.875 ], "texture": "#hr" },
				"south": { "uv": [ 1.5, 0, 1.75, 0.125 ], "texture": "#hr" },
				"west": { "uv": [ 8.5625, 13.125, 8.625, 13.25 ], "texture": "#hr" },
				"east": { "uv": [ 8.625, 13.25, 8.5625, 13.375 ], "texture": "#hr" }
			}
		},
		{
			"__comment": "Voxels",
			"from": [ 7.75, 2.375, 8.875 ],
			"to": [ 8.25, 2.625, 9.125 ],
			"faces": {
				"down": { "uv": [ 1.25, 0, 1.5, 0.125 ], "texture": "#hr" },
				"up": { "uv": [ 5.875, 12.75, 6.125, 12.625 ], "texture": "#hr" },
				"north": { "uv": [ 2, 0, 1.75, 0.125 ], "texture": "#hr" },
				"south": { "uv": [ 1, 0, 1.25, 0.125 ], "texture": "#hr" },
				"west": { "uv": [ 6, 13.125, 6.125, 13.25 ], "texture": "#hr" },
				"east": { "uv": [ 3.0625, 0.0625, 2.9375, 0.1875 ], "texture": "#hr" }
			}
		},
		{
			"__comment": "Voxels",
			"from": [ 7.75, 2.5, 8.75 ],
			"to": [ 7.875, 20.625, 8.875 ],
			"faces": {
				"down": { "uv": [ 8.8125, 13.5, 8.875, 13.5625 ], "texture": "#hr" },
				"up": { "uv": [ 6.3125, 13.5625, 6.375, 13.5 ], "texture": "#hr" },
				"north": { "uv": [ 3.625, 3.5625, 3.5625, 12.625 ], "texture": "#hr" },
				"south": { "uv": [ 3.375, 3.5625, 3.4375, 12.625 ], "texture": "#hr" },
				"west": { "uv": [ 3.4375, 3.5625, 3.5, 12.625 ], "texture": "#hr" },
				"east": { "uv": [ 3.5625, 3.5625, 3.5, 12.625 ], "texture": "#hr" }
			}
		},
		{
			"__comment": "Voxels",
			"from": [ 7.75, 2.5, 9.125 ],
			"to": [ 8.25, 3.875, 9.25 ],
			"faces": {
				"down": { "uv": [ 6.125, 12.8125, 6.375, 12.875 ], "texture": "#hr" },
				"up": { "uv": [ 5.375, 12.6875, 5.625, 12.625 ], "texture": "#hr" },
				"north": { "uv": [ 0.25, 0.0625, 0, 0.75 ], "texture": "#hr" },
				"south": { "uv": [ 0.25, 0.0625, 0.5, 0.75 ], "texture": "#hr" },
				"west": { "uv": [ 2.3125, 0.0625, 2.375, 0.75 ], "texture": "#hr" },
				"east": { "uv": [ 5.75, 13.125, 5.6875, 13.8125 ], "texture": "#hr" }
			}
		},
		{
			"__comment": "Voxels",
			"from": [ 7.75, 2.625, 7.375 ],
			"to": [ 8.375, 2.875, 7.5 ],
			"faces": {
				"down": { "uv": [ 8.625, 14.9375, 8.9375, 15 ], "texture": "#hr" },
				"up": { "uv": [ 8.625, 14.9375, 8.9375, 14.875 ], "texture": "#hr" },
				"north": { "uv": [ 8.9375, 15, 8.625, 15.125 ], "texture": "#hr" },
				"south": { "uv": [ 8.625, 15.625, 8.9375, 15.75 ], "texture": "#hr" },
				"west": { "uv": [ 8.6875, 13.9375, 8.75, 14.0625 ], "texture": "#hr" },
				"east": { "uv": [ 8.6875, 13.9375, 8.625, 14.0625 ], "texture": "#hr" }
			}
		},
		{
			"__comment": "Voxels",
			"from": [ 7.75, 2.625, 8.875 ],
			"to": [ 7.875, 20.5, 9.125 ],
			"faces": {
				"down": { "uv": [ 8.625, 14.0625, 8.6875, 14.1875 ], "texture": "#hr" },
				"up": { "uv": [ 8.5625, 12.875, 8.625, 12.75 ], "texture": "#hr" },
				"north": { "uv": [ 3.6875, 3.6875, 3.625, 12.625 ], "texture": "#hr" },
				"south": { "uv": [ 3.9375, 3.6875, 4, 12.625 ], "texture": "#hr" },
				"west": { "uv": [ 3.125, 3.6875, 3.25, 12.625 ], "texture": "#hr" },
				"east": { "uv": [ 3.375, 3.6875, 3.25, 12.625 ], "texture": "#hr" }
			}
		},
		{
			"__comment": "Voxels",
			"from": [ 7.75, 2.625, 9.25 ],
			"to": [ 8.25, 3.75, 9.375 ],
			"faces": {
				"down": { "uv": [ 6.875, 12.875, 7.125, 12.9375 ], "texture": "#hr" },
				"up": { "uv": [ 6.875, 13, 7.125, 12.9375 ], "texture": "#hr" },
				"north": { "uv": [ 1, 0.3125, 0.75, 0.875 ], "texture": "#hr" },
				"south": { "uv": [ 0.5, 0.3125, 0.75, 0.875 ], "texture": "#hr" },
				"west": { "uv": [ 5.875, 13.25, 5.9375, 13.8125 ], "texture": "#hr" },
				"east": { "uv": [ 5.875, 13.25, 5.8125, 13.8125 ], "texture": "#hr" }
			}
		},
		{
			"__comment": "Voxels",
			"from": [ 7.75, 2.75, 6.875 ],
			"to": [ 8.375, 2.875, 7.375 ],
			"faces": {
				"down": { "uv": [ 8.625, 15.75, 8.9375, 16 ], "texture": "#hr" },
				"up": { "uv": [ 8.25, 13, 8.5625, 12.75 ], "texture": "#hr" },
				"north": { "uv": [ 8.9375, 14.8125, 8.625, 14.875 ], "texture": "#hr" },
				"south": { "uv": [ 8.625, 14.75, 8.9375, 14.8125 ], "texture": "#hr" },
				"west": { "uv": [ 6.875, 13.6875, 7.125, 13.75 ], "texture": "#hr" },
				"east": { "uv": [ 0.75, 0, 0.5, 0.0625 ], "texture": "#hr" }
			}
		},
		{
			"__comment": "Voxels",
			"from": [ 7.75, 2.875, 6.875 ],
			"to": [ 8.25, 3, 7 ],
			"faces": {
				"down": { "uv": [ 6.125, 13.125, 6.375, 13.1875 ], "texture": "#hr" },
				"up": { "uv": [ 0.25, 0.0625, 0.5, 0 ], "texture": "#hr" },
				"north": { "uv": [ 7.125, 13.5, 6.875, 13.5625 ], "texture": "#hr" },
				"south": { "uv": [ 6.875, 13.4375, 7.125, 13.5 ], "texture": "#hr" },
				"west": { "uv": [ 2.125, 0.6875, 2.1875, 0.75 ], "texture": "#hr" },
				"east": { "uv": [ 7.125, 12.6875, 7.0625, 12.75 ], "texture": "#hr" }
			}
		},
		{
			"__comment": "Voxels",
			"from": [ 7.75, 3, 7.125 ],
			"to": [ 8.25, 3.125, 7.25 ],
			"faces": {
				"down": { "uv": [ 6.875, 13.3125, 7.125, 13.375 ], "texture": "#hr" },
				"up": { "uv": [ 6.875, 13.3125, 7.125, 13.25 ], "texture": "#hr" },
				"north": { "uv": [ 7.125, 13.1875, 6.875, 13.25 ], "texture": "#hr" },
				"south": { "uv": [ 6.875, 13.125, 7.125, 13.1875 ], "texture": "#hr" },
				"west": { "uv": [ 8.875, 14.25, 8.9375, 14.3125 ], "texture": "#hr" },
				"east": { "uv": [ 8.875, 13.4375, 8.8125, 13.5 ], "texture": "#hr" }
			}
		},
		{
			"__comment": "Voxels",
			"from": [ 7.75, 3.125, 7.375 ],
			"to": [ 8.25, 5, 7.5 ],
			"faces": {
				"down": { "uv": [ 6.875, 13.0625, 7.125, 13.125 ], "texture": "#hr" },
				"up": { "uv": [ 6.875, 13.0625, 7.125, 13 ], "texture": "#hr" },
				"north": { "uv": [ 5.625, 12.8125, 5.375, 13.75 ], "texture": "#hr" },
				"south": { "uv": [ 5.125, 12.8125, 5.375, 13.75 ], "texture": "#hr" },
				"west": { "uv": [ 3, 2.125, 3.0625, 3.0625 ], "texture": "#hr" },
				"east": { "uv": [ 3.125, 2.125, 3.0625, 3.0625 ], "texture": "#hr" }
			}
		},
		{
			"__comment": "Voxels",
			"from": [ 7.75, 3.25, 7.5 ],
			"to": [ 8.25, 9.5, 7.625 ],
			"faces": {
				"down": { "uv": [ 6.875, 12.8125, 7.125, 12.875 ], "texture": "#hr" },
				"up": { "uv": [ 6.875, 12.8125, 7.125, 12.75 ], "texture": "#hr" },
				"north": { "uv": [ 5.125, 12.875, 4.875, 16 ], "texture": "#hr" },
				"south": { "uv": [ 4.625, 12.875, 4.875, 16 ], "texture": "#hr" },
				"west": { "uv": [ 2.8125, 4, 2.875, 7.125 ], "texture": "#hr" },
				"east": { "uv": [ 2.8125, 4, 2.75, 7.125 ], "texture": "#hr" }
			}
		},
		{
			"__comment": "Voxels",
			"from": [ 7.75, 3.375, 7.625 ],
			"to": [ 8.25, 13.875, 8 ],
			"faces": {
				"down": { "uv": [ 4.625, 12.6875, 4.875, 12.875 ], "texture": "#hr" },
				"up": { "uv": [ 4.875, 12.875, 5.125, 12.6875 ], "texture": "#hr" },
				"north": { "uv": [ 1.5, 2, 1.25, 7.25 ], "texture": "#hr" },
				"south": { "uv": [ 1, 2, 1.25, 7.25 ], "texture": "#hr" },
				"west": { "uv": [ 1.75, 2.0625, 1.9375, 7.3125 ], "texture": "#hr" },
				"east": { "uv": [ 1.6875, 2.0625, 1.5, 7.3125 ], "texture": "#hr" }
			}
		},
		{
			"__comment": "Voxels",
			"from": [ 7.75, 3.375, 8.25 ],
			"to": [ 8.25, 21.125, 8.375 ],
			"faces": {
				"down": { "uv": [ 0.75, 0, 1, 0.0625 ], "texture": "#hr" },
				"up": { "uv": [ 4.625, 12.6875, 4.875, 12.625 ], "texture": "#hr" },
				"north": { "uv": [ 0.5, 7.125, 0.25, 16 ], "texture": "#hr" },
				"south": { "uv": [ 0, 7.125, 0.25, 16 ], "texture": "#hr" },
				"west": { "uv": [ 4.0625, 3.75, 4.125, 12.625 ], "texture": "#hr" },
				"east": { "uv": [ 4.1875, 3.75, 4.125, 12.625 ], "texture": "#hr" }
			}
		},
		{
			"__comment": "Voxels",
			"from": [ 7.75, 3.375, 8.375 ],
			"to": [ 8.25, 21, 8.5 ],
			"faces": {
				"down": { "uv": [ 6.125, 13.4375, 6.375, 13.5 ], "texture": "#hr" },
				"up": { "uv": [ 6.125, 13.4375, 6.375, 13.375 ], "texture": "#hr" },
				"north": { "uv": [ 1, 7.1875, 0.75, 16 ], "texture": "#hr" },
				"south": { "uv": [ 0.5, 7.1875, 0.75, 16 ], "texture": "#hr" },
				"west": { "uv": [ 4.3125, 3.8125, 4.375, 12.625 ], "texture": "#hr" },
				"east": { "uv": [ 4.3125, 3.8125, 4.25, 12.625 ], "texture": "#hr" }
			}
		},
		{
			"__comment": "Voxels",
			"from": [ 7.75, 3.375, 8.5 ],
			"to": [ 8.25, 20.875, 8.625 ],
			"faces": {
				"down": { "uv": [ 6.125, 13.0625, 6.375, 13.125 ], "texture": "#hr" },
				"up": { "uv": [ 6.125, 13.0625, 6.375, 13 ], "texture": "#hr" },
				"north": { "uv": [ 1.5, 7.25, 1.25, 16 ], "texture": "#hr" },
				"south": { "uv": [ 1, 7.25, 1.25, 16 ], "texture": "#hr" },
				"west": { "uv": [ 4.375, 3.875, 4.4375, 12.625 ], "texture": "#hr" },
				"east": { "uv": [ 4.5, 3.875, 4.4375, 12.625 ], "texture": "#hr" }
			}
		},
		{
			"__comment": "Voxels",
			"from": [ 7.75, 3.375, 8.625 ],
			"to": [ 8.25, 20.75, 8.75 ],
			"faces": {
				"down": { "uv": [ 6.125, 12.6875, 6.375, 12.75 ], "texture": "#hr" },
				"up": { "uv": [ 6.125, 12.6875, 6.375, 12.625 ], "texture": "#hr" },
				"north": { "uv": [ 2, 7.3125, 1.75, 16 ], "texture": "#hr" },
				"south": { "uv": [ 1.5, 7.3125, 1.75, 16 ], "texture": "#hr" },
				"west": { "uv": [ 4.5625, 3.9375, 4.625, 12.625 ], "texture": "#hr" },
				"east": { "uv": [ 4.5625, 3.9375, 4.5, 12.625 ], "texture": "#hr" }
			}
		},
		{
			"__comment": "Voxels",
			"from": [ 7.75, 8.625, 8 ],
			"to": [ 8.25, 21.375, 8.125 ],
			"faces": {
				"down": { "uv": [ 6.375, 13.5625, 6.625, 13.625 ], "texture": "#hr" },
				"up": { "uv": [ 6.375, 13.5625, 6.625, 13.5 ], "texture": "#hr" },
				"north": { "uv": [ 0.5, 0.75, 0.25, 7.125 ], "texture": "#hr" },
				"south": { "uv": [ 0, 0.75, 0.25, 7.125 ], "texture": "#hr" },
				"west": { "uv": [ 2.0625, 0.6875, 2.125, 7.0625 ], "texture": "#hr" },
				"east": { "uv": [ 2.0625, 0.6875, 2, 7.0625 ], "texture": "#hr" }
			}
		},
		{
			"__comment": "Voxels",
			"from": [ 7.75, 8.625, 8.125 ],
			"to": [ 8.25, 21.25, 8.25 ],
			"faces": {
				"down": { "uv": [ 6.375, 13.1875, 6.625, 13.25 ], "texture": "#hr" },
				"up": { "uv": [ 6.375, 13.1875, 6.625, 13.125 ], "texture": "#hr" },
				"north": { "uv": [ 0.75, 0.875, 0.5, 7.1875 ], "texture": "#hr" },
				"south": { "uv": [ 0.75, 0.875, 1, 7.1875 ], "texture": "#hr" },
				"west": { "uv": [ 2.1875, 0.75, 2.25, 7.0625 ], "texture": "#hr" },
				"east": { "uv": [ 2.1875, 0.75, 2.125, 7.0625 ], "texture": "#hr" }
			}
		},
		{
			"__comment": "Voxels",
			"from": [ 7.75, 13.875, 7.75 ],
			"to": [ 8.25, 18.375, 8 ],
			"faces": {
				"down": { "uv": [ 5.125, 12.6875, 5.375, 12.8125 ], "texture": "#hr" },
				"up": { "uv": [ 5.375, 12.8125, 5.625, 12.6875 ], "texture": "#hr" },
				"north": { "uv": [ 5.375, 13.75, 5.125, 16 ], "texture": "#hr" },
				"south": { "uv": [ 5.375, 13.75, 5.625, 16 ], "texture": "#hr" },
				"west": { "uv": [ 2.25, 4.8125, 2.375, 7.0625 ], "texture": "#hr" },
				"east": { "uv": [ 2.375, 2.5625, 2.25, 4.8125 ], "texture": "#hr" }
			}
		},
		{
			"__comment": "Voxels",
			"from": [ 7.75, 18.375, 7.875 ],
			"to": [ 8.25, 21.25, 8 ],
			"faces": {
				"down": { "uv": [ 6.625, 13.625, 6.875, 13.6875 ], "texture": "#hr" },
				"up": { "uv": [ 6.625, 13.625, 6.875, 13.5625 ], "texture": "#hr" },
				"north": { "uv": [ 1.75, 0.625, 1.5, 2.0625 ], "texture": "#hr" },
				"south": { "uv": [ 1.75, 0.625, 2, 2.0625 ], "texture": "#hr" },
				"west": { "uv": [ 3, 3.0625, 3.0625, 4.5 ], "texture": "#hr" },
				"east": { "uv": [ 3, 3.0625, 2.9375, 4.5 ], "texture": "#hr" }
			}
		},
		{
			"__comment": "Voxels",
			"from": [ 7.875, -2.75, 7.625 ],
			"to": [ 8.125, -2, 7.75 ],
			"faces": {
				"down": { "uv": [ 8.75, 14.5625, 8.875, 14.625 ], "texture": "#hr" },
				"up": { "uv": [ 8.625, 14.5, 8.75, 14.4375 ], "texture": "#hr" },
				"north": { "uv": [ 2.875, 0, 2.75, 0.375 ], "texture": "#hr" },
				"south": { "uv": [ 2.5625, 0.0625, 2.6875, 0.4375 ], "texture": "#hr" },
				"west": { "uv": [ 2.6875, 0.0625, 2.75, 0.4375 ], "texture": "#hr" },
				"east": { "uv": [ 2.9375, 0, 2.875, 0.375 ], "texture": "#hr" }
			}
		},
		{
			"__comment": "Voxels",
			"from": [ 7.875, -2.75, 7.75 ],
			"to": [ 8.125, -2.5, 8.375 ],
			"faces": {
				"down": { "uv": [ 2.9375, 0.1875, 3.0625, 0.5 ], "texture": "#hr" },
				"up": { "uv": [ 5.625, 13.125, 5.75, 12.8125 ], "texture": "#hr" },
				"north": { "uv": [ 6.625, 12.6875, 6.5, 12.8125 ], "texture": "#hr" },
				"south": { "uv": [ 6.625, 12.6875, 6.75, 12.8125 ], "texture": "#hr" },
				"west": { "uv": [ 8.625, 15.375, 8.9375, 15.5 ], "texture": "#hr" },
				"east": { "uv": [ 8.9375, 15.25, 8.625, 15.375 ], "texture": "#hr" }
			}
		},
		{
			"__comment": "Voxels",
			"from": [ 7.875, -2.125, 8.375 ],
			"to": [ 8.125, -1.875, 8.5 ],
			"faces": {
				"down": { "uv": [ 8.75, 13.625, 8.875, 13.6875 ], "texture": "#hr" },
				"up": { "uv": [ 8.75, 14.5, 8.875, 14.4375 ], "texture": "#hr" },
				"north": { "uv": [ 6.875, 12.6875, 6.75, 12.8125 ], "texture": "#hr" },
				"south": { "uv": [ 6.875, 13.5625, 7, 13.6875 ], "texture": "#hr" },
				"west": { "uv": [ 8.5625, 13, 8.625, 13.125 ], "texture": "#hr" },
				"east": { "uv": [ 8.625, 12.875, 8.5625, 13 ], "texture": "#hr" }
			}
		},
		{
			"__comment": "Voxels",
			"from": [ 7.875, -1.625, 7.5 ],
			"to": [ 8.125, -1, 7.625 ],
			"faces": {
				"down": { "uv": [ 8.75, 14.3125, 8.875, 14.375 ], "texture": "#hr" },
				"up": { "uv": [ 8.75, 13.9375, 8.875, 13.875 ], "texture": "#hr" },
				"north": { "uv": [ 2.5, 0, 2.375, 0.3125 ], "texture": "#hr" },
				"south": { "uv": [ 2.25, 0.75, 2.375, 1.0625 ], "texture": "#hr" },
				"west": { "uv": [ 2.5, 0, 2.5625, 0.3125 ], "texture": "#hr" },
				"east": { "uv": [ 3.125, 0.1875, 3.0625, 0.5 ], "texture": "#hr" }
			}
		},
		{
			"__comment": "Voxels",
			"from": [ 7.875, 1.625, 8.375 ],
			"to": [ 8.125, 1.75, 8.5 ],
			"faces": {
				"down": { "uv": [ 8.625, 14.25, 8.75, 14.3125 ], "texture": "#hr" },
				"up": { "uv": [ 8.75, 14.25, 8.875, 14.1875 ], "texture": "#hr" },
				"north": { "uv": [ 8.8125, 14.125, 8.6875, 14.1875 ], "texture": "#hr" },
				"south": { "uv": [ 8.8125, 14.0625, 8.9375, 14.125 ], "texture": "#hr" },
				"west": { "uv": [ 8.875, 13.5, 8.9375, 13.5625 ], "texture": "#hr" },
				"east": { "uv": [ 8.9375, 13.6875, 8.875, 13.75 ], "texture": "#hr" }
			}
		},
		{
			"__comment": "Voxels",
			"from": [ 7.875, 1.75, 8.5 ],
			"to": [ 8.125, 1.875, 8.625 ],
			"faces": {
				"down": { "uv": [ 8.75, 14, 8.875, 14.0625 ], "texture": "#hr" },
				"up": { "uv": [ 8.75, 13.875, 8.875, 13.8125 ], "texture": "#hr" },
				"north": { "uv": [ 8.75, 13.625, 8.625, 13.6875 ], "texture": "#hr" },
				"south": { "uv": [ 6.75, 12.625, 6.875, 12.6875 ], "texture": "#hr" },
				"west": { "uv": [ 8.875, 14.5625, 8.9375, 14.625 ], "texture": "#hr" },
				"east": { "uv": [ 8.9375, 14.5, 8.875, 14.5625 ], "texture": "#hr" }
			}
		},
		{
			"__comment": "Voxels",
			"from": [ 7.875, 1.875, 8.625 ],
			"to": [ 8.125, 2.125, 8.75 ],
			"faces": {
				"down": { "uv": [ 3, 0.5, 3.125, 0.5625 ], "texture": "#hr" },
				"up": { "uv": [ 5.75, 13.1875, 5.875, 13.125 ], "texture": "#hr" },
				"north": { "uv": [ 6.5, 12.6875, 6.375, 12.8125 ], "texture": "#hr" },
				"south": { "uv": [ 6, 13, 6.125, 13.125 ], "texture": "#hr" },
				"west": { "uv": [ 3.0625, 0.0625, 3.125, 0.1875 ], "texture": "#hr" },
				"east": { "uv": [ 7.0625, 13.5625, 7, 13.6875 ], "texture": "#hr" }
			}
		},
		{
			"__comment": "Voxels",
			"from": [ 7.875, 2.625, 6.875 ],
			"to": [ 8.125, 2.75, 7.375 ],
			"faces": {
				"down": { "uv": [ 5.875, 13, 6, 13.25 ], "texture": "#hr" },
				"up": { "uv": [ 5.75, 13.125, 5.875, 12.875 ], "texture": "#hr" },
				"north": { "uv": [ 5.875, 12.8125, 5.75, 12.875 ], "texture": "#hr" },
				"south": { "uv": [ 6.375, 12.625, 6.5, 12.6875 ], "texture": "#hr" },
				"west": { "uv": [ 6.625, 13.4375, 6.875, 13.5 ], "texture": "#hr" },
				"east": { "uv": [ 6.875, 13.5, 6.625, 13.5625 ], "texture": "#hr" }
			}
		},
		{
			"__comment": "Voxels",
			"from": [ 7.875, 2.625, 9 ],
			"to": [ 8.25, 20.5, 9.125 ],
			"faces": {
				"down": { "uv": [ 6.875, 12.625, 7.0625, 12.6875 ], "texture": "#hr" },
				"up": { "uv": [ 6.875, 12.75, 7.0625, 12.6875 ], "texture": "#hr" },
				"north": { "uv": [ 2.375, 7.0625, 2.1875, 16 ], "texture": "#hr" },
				"south": { "uv": [ 2.375, 7.0625, 2.5625, 16 ], "texture": "#hr" },
				"west": { "uv": [ 3.8125, 3.6875, 3.875, 12.625 ], "texture": "#hr" },
				"east": { "uv": [ 3.8125, 3.6875, 3.75, 12.625 ], "texture": "#hr" }
			}
		},
		{
			"__comment": "Voxels",
			"from": [ 7.875, 2.75, 8.75 ],
			"to": [ 8.25, 20.625, 8.875 ],
			"faces": {
				"down": { "uv": [ 8.625, 14.6875, 8.8125, 14.75 ], "texture": "#hr" },
				"up": { "uv": [ 2.9375, 0.0625, 3.125, 0 ], "texture": "#hr" },
				"north": { "uv": [ 2.75, 7.0625, 2.5625, 16 ], "texture": "#hr" },
				"south": { "uv": [ 2, 7.0625, 2.1875, 16 ], "texture": "#hr" },
				"west": { "uv": [ 3.6875, 3.6875, 3.75, 12.625 ], "texture": "#hr" },
				"east": { "uv": [ 3.9375, 3.6875, 3.875, 12.625 ], "texture": "#hr" }
			}
		},
		{
			"__comment": "Voxels",
			"from": [ 7.875, 2.75, 8.875 ],
			"to": [ 8.25, 20.5, 9 ],
			"faces": {
				"down": { "uv": [ 2.5625, 0, 2.75, 0.0625 ], "texture": "#hr" },
				"up": { "uv": [ 2.1875, 0.0625, 2.375, 0 ], "texture": "#hr" },
				"north": { "uv": [ 2.9375, 7.125, 2.75, 16 ], "texture": "#hr" },
				"south": { "uv": [ 2.9375, 7.125, 3.125, 16 ], "texture": "#hr" },
				"west": { "uv": [ 4, 3.75, 4.0625, 12.625 ], "texture": "#hr" },
				"east": { "uv": [ 4.25, 3.75, 4.1875, 12.625 ], "texture": "#hr" }
			}
		},
		{
			"__comment": "Voxels",
			"from": [ 7.875, 3.125, 7.25 ],
			"to": [ 8.125, 5, 7.375 ],
			"faces": {
				"down": { "uv": [ 8.8125, 14.6875, 8.9375, 14.75 ], "texture": "#hr" },
				"up": { "uv": [ 8.625, 14.6875, 8.75, 14.625 ], "texture": "#hr" },
				"north": { "uv": [ 3.125, 5.25, 3, 6.1875 ], "texture": "#hr" },
				"south": { "uv": [ 3, 6.1875, 3.125, 7.125 ], "texture": "#hr" },
				"west": { "uv": [ 2.9375, 2.125, 3, 3.0625 ], "texture": "#hr" },
				"east": { "uv": [ 3.125, 3.5625, 3.0625, 4.5 ], "texture": "#hr" }
			}
		},
		{
			"__comment": "Voxels",
			"from": [ 7.875, 5, 7.375 ],
			"to": [ 8.125, 9.5, 7.5 ],
			"faces": {
				"down": { "uv": [ 8.625, 14.5, 8.75, 14.5625 ], "texture": "#hr" },
				"up": { "uv": [ 8.75, 14.5625, 8.875, 14.5 ], "texture": "#hr" },
				"north": { "uv": [ 2.5, 0.3125, 2.375, 2.5625 ], "texture": "#hr" },
				"south": { "uv": [ 2.5625, 4.8125, 2.6875, 7.0625 ], "texture": "#hr" },
				"west": { "uv": [ 2.5, 0.3125, 2.5625, 2.5625 ], "texture": "#hr" },
				"east": { "uv": [ 2.75, 4.8125, 2.6875, 7.0625 ], "texture": "#hr" }
			}
		},
		{
			"__comment": "Voxels",
			"from": [ 7.875, 9.5, 7.5 ],
			"to": [ 8.125, 13.875, 7.625 ],
			"faces": {
				"down": { "uv": [ 8.75, 14.375, 8.875, 14.4375 ], "texture": "#hr" },
				"up": { "uv": [ 8.625, 14.375, 8.75, 14.3125 ], "texture": "#hr" },
				"north": { "uv": [ 2.6875, 2.625, 2.5625, 4.8125 ], "texture": "#hr" },
				"south": { "uv": [ 2.5625, 0.4375, 2.6875, 2.625 ], "texture": "#hr" },
				"west": { "uv": [ 2.6875, 2.625, 2.75, 4.8125 ], "texture": "#hr" },
				"east": { "uv": [ 2.75, 0.4375, 2.6875, 2.625 ], "texture": "#hr" }
			}
		},
		{
			"__comment": "Voxels",
			"from": [ 7.875, 13.875, 7.625 ],
			"to": [ 8.125, 18.375, 7.75 ],
			"faces": {
				"down": { "uv": [ 8.75, 14.25, 8.875, 14.3125 ], "texture": "#hr" },
				"up": { "uv": [ 8.625, 14.25, 8.75, 14.1875 ], "texture": "#hr" },
				"north": { "uv": [ 2.5, 2.5625, 2.375, 4.8125 ], "texture": "#hr" },
				"south": { "uv": [ 2.375, 4.8125, 2.5, 7.0625 ], "texture": "#hr" },
				"west": { "uv": [ 2.5, 2.5625, 2.5625, 4.8125 ], "texture": "#hr" },
				"east": { "uv": [ 2.5625, 4.8125, 2.5, 7.0625 ], "texture": "#hr" }
			}
		},
		{
			"__comment": "Voxels",
			"from": [ 7.875, 18.375, 7.75 ],
			"to": [ 8.125, 21.375, 7.875 ],
			"faces": {
				"down": { "uv": [ 8.6875, 14.0625, 8.8125, 14.125 ], "texture": "#hr" },
				"up": { "uv": [ 8.8125, 14.1875, 8.9375, 14.125 ], "texture": "#hr" },
				"north": { "uv": [ 2.375, 1.0625, 2.25, 2.5625 ], "texture": "#hr" },
				"south": { "uv": [ 2.75, 2.5, 2.875, 4 ], "texture": "#hr" },
				"west": { "uv": [ 2.875, 1, 2.9375, 2.5 ], "texture": "#hr" },
				"east": { "uv": [ 2.9375, 2.5, 2.875, 4 ], "texture": "#hr" }
			}
		},
		{
			"__comment": "Voxels",
			"from": [ 7.875, 21.25, 7.875 ],
			"to": [ 8.125, 21.375, 8 ],
			"faces": {
				"down": { "uv": [ 8.75, 13.9375, 8.875, 14 ], "texture": "#hr" },
				"up": { "uv": [ 8.625, 13.9375, 8.75, 13.875 ], "texture": "#hr" },
				"north": { "uv": [ 8.75, 14.375, 8.625, 14.4375 ], "texture": "#hr" },
				"south": { "uv": [ 8.625, 13.8125, 8.75, 13.875 ], "texture": "#hr" },
				"west": { "uv": [ 8.875, 13.9375, 8.9375, 14 ], "texture": "#hr" },
				"east": { "uv": [ 8.9375, 13.875, 8.875, 13.9375 ], "texture": "#hr" }
			}
		},
		{
			"__comment": "Voxels",
			"from": [ 8.125, 2.5, 8.75 ],
			"to": [ 8.25, 2.75, 8.875 ],
			"faces": {
				"down": { "uv": [ 8.875, 13.8125, 8.9375, 13.875 ], "texture": "#hr" },
				"up": { "uv": [ 8.875, 13.8125, 8.9375, 13.75 ], "texture": "#hr" },
				"north": { "uv": [ 8.6875, 13.6875, 8.625, 13.8125 ], "texture": "#hr" },
				"south": { "uv": [ 8.6875, 13.6875, 8.75, 13.8125 ], "texture": "#hr" },
				"west": { "uv": [ 8.75, 13.6875, 8.8125, 13.8125 ], "texture": "#hr" },
				"east": { "uv": [ 8.875, 13.6875, 8.8125, 13.8125 ], "texture": "#hr" }
			}
		},
		{
			"__comment": "Voxels",
			"from": [ 8.125, 2.625, 8.875 ],
			"to": [ 8.25, 2.75, 9 ],
			"faces": {
				"down": { "uv": [ 8.75, 13.5625, 8.8125, 13.625 ], "texture": "#hr" },
				"up": { "uv": [ 8.8125, 13.625, 8.875, 13.5625 ], "texture": "#hr" },
				"north": { "uv": [ 8.9375, 13.5625, 8.875, 13.625 ], "texture": "#hr" },
				"south": { "uv": [ 8.625, 13.5, 8.6875, 13.5625 ], "texture": "#hr" },
				"west": { "uv": [ 8.6875, 13.5, 8.75, 13.5625 ], "texture": "#hr" },
				"east": { "uv": [ 8.8125, 13.5, 8.75, 13.5625 ], "texture": "#hr" }
			}
		},
		{
			"__comment": "Voxels",
			"from": [ 8.25, 2.625, 6.875 ],
			"to": [ 8.375, 2.75, 7.375 ],
			"faces": {
				"down": { "uv": [ 6.0625, 13.25, 6.125, 13.5 ], "texture": "#hr" },
				"up": { "uv": [ 6.3125, 13.8125, 6.375, 13.5625 ], "texture": "#hr" },
				"north": { "uv": [ 8.6875, 13.4375, 8.625, 13.5 ], "texture": "#hr" },
				"south": { "uv": [ 8.6875, 13.4375, 8.75, 13.5 ], "texture": "#hr" },
				"west": { "uv": [ 6.375, 12.875, 6.625, 12.9375 ], "texture": "#hr" },
				"east": { "uv": [ 7.125, 13.375, 6.875, 13.4375 ], "texture": "#hr" }
			}
		}
	],
	"display": {
		"thirdperson_righthand": {
			"translation":  [ 0, 6, 1 ]
		},
		"thirdperson_lefthand": {
			"translation":  [ 0, 6, 1 ]
		},
		"firstperson_righthand": {
			"translation":  [ 0, 6, 1 ]
		},
		"firstperson_lefthand": {
			"translation":  [ 0, 6, 1 ]
		},
		"gui": {
			"rotation":  [ 90, -135, 90 ],
			"scale":  [ 0.7, 0.7, 0.7 ]
		},
		"ground": {
			"translation":  [ 0, 7, 0 ]
		},
		"fixed": {
			"rotation":  [ 90, 0, 90 ]
		}
	}
}