{
  "FGO1": {
    "sounds": [
      "FGO1"
    ]
  },
  "FGO2": {
    "sounds": [
      "FGO2"
    ]
  },
  "FGO3": {
    "sounds": [
      "FGO3"
    ]
  },
  "FGO4": {
    "sounds": [
      "FGO4"
    ]
  },
  "FGO5": {
    "sounds": [
      "FGO5"
    ]
  },
  "FGO6": {
    "sounds": [
      "FGO6"
    ]
  },
  "FGO7": {
    "sounds": [
      "FGO7"
    ]
  },
  "island1": {
    "sounds": [
      "island1"
    ]
  },
  "island2": {
    "sounds": [
      "island2"
    ]
  },
  "OldMemory": {
    "sounds": [
      "OldMemory"
    ]
  },
  "yzk1": {
    "sounds": [
      "yzk1"
    ]
  },
  "yzk2": {
    "sounds": [
      "yzk2"
    ]
  },
  "gddxl": {
    "sounds": [
      "gddxl"
    ]
  }
}